Unnamed: 0,CustomerID,Age,Gender,Income,CampaignChannel,CampaignType,AdSpend,ClickThroughRate,ConversionRate,WebsiteVisits,PagesPerVisit,TimeOnSite,SocialShares,EmailOpens,EmailClicks,PreviousPurchases,LoyaltyPoints,Conversion
0,8000,56,Female,136912,Social Media,Awareness,6497.87,0.04,0.09,0,2.4,7.4,19,6,9,4,688,1
1,8001,69,Male,41760,Email,Retention,3898.67,0.16,0.18,42,2.92,5.35,5,2,7,2,3459,1
2,8002,46,Female,88456,PPC,Awareness,1546.43,0.28,0.08,2,8.22,13.79,0,11,2,8,2337,1
3,8003,32,Female,44085,PPC,Conversion,539.53,0.14,0.09,47,4.54,14.69,89,2,2,0,2463,1
4,8004,60,Female,83964,PPC,Conversion,1678.04,0.25,0.11,0,2.05,13.99,6,6,6,8,4345,1
5,8005,25,Female,42925,Social Media,Awareness,9579.39,0.15,0.16,6,2.13,7.75,95,5,8,0,3316,1
6,8006,38,Female,25615,Referral,Awareness,7302.9,0.04,0.06,42,1.75,10.7,54,14,3,6,930,1
7,8007,56,Female,57083,Social Media,Conversion,5324.28,0.05,0.19,48,2.63,2.99,96,9,3,0,2983,1
8,8008,36,Female,140788,Email,Retention,9421.25,0.02,0.11,13,5.47,14.29,73,4,8,5,460,1
9,8009,40,Male,130764,Social Media,Awareness,6229.19,0.07,0.17,22,1.14,4.61,14,8,4,8,3789,1
10,8010,28,Male,88319,PPC,Retention,7283.89,0.27,0.11,47,2.05,3.29,94,16,5,6,1987,1
11,8011,28,Male,29605,SEO,Awareness,2898.25,0.2,0.16,16,9.16,1.37,23,18,6,5,2403,1
12,8012,41,Male,131093,Email,Conversion,5930.92,0.22,0.02,13,8.89,8.48,28,16,5,4,2946,1
13,8013,53,Male,64608,SEO,Awareness,1520.42,0.19,0.16,8,8.5,14.25,81,8,1,2,2818,1
14,8014,57,Male,148788,Email,Awareness,4104.38,0.12,0.11,20,7.36,2.47,70,16,8,1,3247,1
15,8015,41,Female,39192,Email,Awareness,429.08,0.07,0.1,44,6.95,2.25,33,0,1,1,4474,0
16,8016,20,Female,23331,PPC,Conversion,2244.62,0.28,0.03,1,3.48,4.45,77,7,8,8,3252,1
17,8017,39,Female,71330,Social Media,Conversion,841.2,0.16,0.15,31,4.01,10.15,83,18,5,2,3463,1
18,8018,19,Female,117392,PPC,Conversion,3939.01,0.15,0.03,7,3.12,8.44,92,8,4,6,2222,1
19,8019,41,Female,69949,PPC,Consideration,8446.05,0.3,0.05,35,9.82,1.9,36,7,7,3,3644,1
20,8020,61,Female,88382,PPC,Consideration,3841.55,0.12,0.03,25,6.71,6.91,41,5,1,6,1651,1
21,8021,47,Female,119233,SEO,Consideration,8333.23,0.26,0.01,36,9.69,1.47,63,14,0,5,2586,1
22,8022,55,Male,57586,Email,Consideration,6599.33,0.26,0.14,14,3.45,12.85,94,14,6,9,1989,1
23,8023,19,Female,72243,Referral,Conversion,5144.34,0.08,0.06,33,6.59,2.05,18,5,5,3,1417,1
24,8024,38,Female,120566,Social Media,Awareness,2445.23,0.04,0.04,20,7.83,7.33,22,14,3,2,1563,1
25,8025,50,Female,144213,PPC,Conversion,9229.35,0.29,0.07,22,1.85,7.9,70,17,3,3,2227,1
26,8026,29,Male,78618,Email,Consideration,636.59,0.13,0.1,8,7.0,8.19,5,5,5,1,129,0
27,8027,39,Male,98311,Social Media,Retention,6920.24,0.01,0.11,39,2.52,9.33,98,17,6,1,2688,1
28,8028,61,Female,27549,Referral,Retention,6250.27,0.15,0.08,25,3.95,10.67,92,17,1,3,68,1
29,8029,42,Female,138168,Referral,Conversion,4466.31,0.19,0.1,42,7.45,0.56,54,18,6,2,3079,1
30,8030,66,Male,72494,PPC,Awareness,2479.18,0.24,0.09,21,4.96,0.95,76,19,9,4,1011,1
31,8031,44,Male,107973,Referral,Consideration,4363.89,0.28,0.17,12,9.29,9.37,38,12,6,0,911,1
32,8032,59,Female,43958,Referral,Awareness,8740.45,0.28,0.02,24,3.17,3.14,24,10,5,6,4683,1
33,8033,45,Female,109779,Social Media,Awareness,8383.98,0.28,0.17,6,2.38,12.56,97,14,2,3,467,1
34,8034,33,Male,127713,Social Media,Awareness,9419.67,0.02,0.06,26,4.03,9.6,82,5,7,5,653,1
35,8035,32,Female,127960,PPC,Consideration,3147.15,0.22,0.15,14,8.67,14.72,3,10,0,1,2429,1
36,8036,64,Male,114520,Email,Conversion,3932.33,0.08,0.09,11,8.63,11.06,87,3,7,3,1066,1
37,8037,68,Male,122478,PPC,Consideration,285.39,0.06,0.07,44,4.32,1.82,32,14,6,4,257,1
38,8038,61,Female,149203,SEO,Consideration,9435.2,0.24,0.13,32,8.29,2.98,65,15,1,5,4709,1
39,8039,69,Male,141835,Referral,Conversion,3360.96,0.13,0.16,20,1.7,1.17,1,13,0,0,2885,1
40,8040,20,Female,57538,Email,Conversion,4101.22,0.28,0.1,24,1.07,11.25,13,4,7,3,1476,1
41,8041,54,Female,25833,Social Media,Conversion,9087.27,0.02,0.1,39,8.78,2.34,49,14,3,1,3243,1
42,8042,68,Female,142893,SEO,Retention,5313.32,0.24,0.02,46,8.87,10.12,10,9,9,9,3513,1
43,8043,24,Male,43386,SEO,Retention,5705.13,0.05,0.19,21,2.29,8.55,33,5,9,0,913,0
44,8044,38,Male,136981,Referral,Conversion,1844.71,0.06,0.17,13,3.68,9.68,37,15,8,8,2136,1
45,8045,26,Male,120349,Social Media,Awareness,5036.73,0.15,0.09,7,8.66,7.88,91,15,3,0,284,1
46,8046,56,Female,119341,Email,Retention,9190.27,0.12,0.16,23,1.75,0.69,38,18,7,1,4275,1
47,8047,35,Female,91778,Social Media,Consideration,5631.31,0.15,0.07,2,8.77,4.17,21,2,7,8,3388,1
48,8048,21,Female,114240,Referral,Consideration,2625.65,0.28,0.15,11,6.17,13.33,41,19,0,7,883,1
49,8049,42,Female,127955,SEO,Retention,408.69,0.2,0.11,46,6.92,13.97,96,17,4,9,3404,1
50,8050,31,Female,44832,Referral,Consideration,3429.39,0.09,0.1,21,6.35,1.91,94,18,3,9,4788,1
51,8051,67,Female,97857,PPC,Conversion,5768.65,0.06,0.02,15,6.24,14.31,56,1,3,9,4720,1
52,8052,26,Male,58930,SEO,Consideration,521.87,0.13,0.19,6,2.67,10.22,77,8,8,3,2124,1
53,8053,43,Male,52407,Referral,Retention,6136.95,0.14,0.17,17,3.12,13.88,37,0,2,1,3219,1
54,8054,19,Female,24073,Email,Awareness,5281.8,0.18,0.16,44,6.22,6.32,8,3,7,7,4930,1
55,8055,37,Male,37667,Email,Consideration,7856.01,0.09,0.07,22,4.61,1.98,87,3,8,2,1977,1
56,8056,45,Male,36035,Email,Consideration,385.99,0.23,0.07,25,5.87,4.89,28,5,7,9,3851,1
57,8057,64,Female,26732,PPC,Awareness,7830.39,0.04,0.12,37,3.28,10.5,68,5,3,0,336,1
58,8058,24,Female,75097,Social Media,Retention,5256.68,0.17,0.17,1,5.17,12.03,41,18,1,1,465,1
59,8059,61,Male,23487,Email,Awareness,3768.24,0.19,0.19,1,2.29,1.23,59,7,9,3,3434,1
60,8060,25,Female,120488,PPC,Consideration,9657.29,0.07,0.06,21,1.35,7.56,38,7,6,0,1035,1
61,8061,64,Female,77702,Email,Retention,1685.18,0.25,0.13,37,9.56,1.43,90,19,2,5,2604,1
62,8062,52,Female,146671,PPC,Conversion,5459.12,0.19,0.15,41,7.51,13.02,71,12,5,3,716,1
63,8063,31,Male,114961,Email,Retention,3277.72,0.2,0.05,27,5.48,7.41,92,8,2,5,3979,1
64,8064,34,Male,132194,Social Media,Retention,5322.12,0.15,0.09,16,5.96,13.76,59,18,3,4,824,1
65,8065,53,Female,105107,Referral,Conversion,5567.53,0.27,0.05,47,5.6,1.64,52,6,1,3,125,1
66,8066,67,Female,49075,Email,Retention,985.54,0.21,0.14,17,9.09,5.29,75,19,4,6,643,1
67,8067,57,Female,127721,Referral,Consideration,6645.24,0.12,0.17,1,7.96,10.31,7,7,9,6,4051,1
68,8068,21,Female,91031,Email,Consideration,6381.37,0.08,0.18,34,3.93,4.76,20,10,6,3,4280,1
69,8069,19,Male,104217,Social Media,Consideration,7717.73,0.03,0.14,14,2.96,12.7,55,2,1,3,3849,1
70,8070,23,Male,34781,Referral,Consideration,997.52,0.06,0.08,14,1.6,14.81,47,16,4,3,1328,1
71,8071,59,Female,59865,PPC,Conversion,3042.86,0.3,0.14,43,2.33,4.58,46,4,5,7,558,1
72,8072,21,Male,28469,Email,Consideration,6536.09,0.13,0.17,44,5.41,5.74,8,5,5,4,2761,1
73,8073,46,Male,65167,Email,Retention,1453.64,0.27,0.13,33,2.82,14.53,77,14,1,4,2918,1
74,8074,35,Female,144866,PPC,Awareness,6808.22,0.06,0.09,49,3.81,5.69,0,8,1,8,3483,1
75,8075,43,Male,101738,Social Media,Conversion,684.36,0.13,0.18,14,2.2,8.56,54,18,1,9,11,1
76,8076,61,Male,39928,SEO,Conversion,3415.82,0.29,0.17,17,9.31,11.65,30,5,2,5,2751,1
77,8077,51,Female,96521,Email,Awareness,8482.44,0.04,0.18,12,1.3,6.86,79,7,1,3,1964,1
78,8078,27,Male,59599,PPC,Consideration,7765.48,0.18,0.18,37,4.17,5.9,90,11,8,6,4031,1
79,8079,53,Male,36775,SEO,Consideration,6483.13,0.28,0.08,7,3.32,7.69,10,15,9,7,65,1
80,8080,31,Female,86504,Email,Retention,8717.54,0.29,0.17,15,1.07,11.8,65,19,4,6,1998,1
81,8081,48,Female,95918,Referral,Consideration,7121.77,0.26,0.12,19,9.36,5.03,59,2,8,5,590,1
82,8082,65,Male,90687,PPC,Consideration,5241.81,0.26,0.02,25,3.82,5.59,30,15,7,1,220,1
83,8083,32,Female,46804,Referral,Retention,9799.2,0.2,0.13,34,5.52,3.24,49,14,4,4,4394,1
84,8084,25,Male,129122,Social Media,Consideration,6979.08,0.07,0.1,16,6.24,10.67,59,10,6,5,928,1
85,8085,31,Female,52259,SEO,Awareness,6053.54,0.22,0.06,25,6.49,13.54,87,5,1,1,1884,1
86,8086,40,Female,145725,PPC,Consideration,4147.82,0.29,0.19,17,5.14,3.19,61,1,9,8,1530,1
87,8087,57,Female,106284,Email,Awareness,9033.88,0.16,0.02,43,6.34,1.0,38,6,9,9,932,1
88,8088,38,Female,105227,Email,Awareness,3027.52,0.09,0.19,6,7.77,6.03,2,15,6,3,3472,1
89,8089,33,Male,117556,SEO,Awareness,191.27,0.18,0.04,43,9.57,6.45,57,0,4,4,3242,1
90,8090,62,Male,63560,Referral,Consideration,2047.73,0.21,0.08,34,6.91,9.87,67,12,5,4,3897,1
91,8091,35,Female,47256,Referral,Consideration,1184.22,0.07,0.09,11,5.16,1.74,29,3,8,6,1288,1
92,8092,64,Male,26125,PPC,Conversion,3258.04,0.22,0.15,46,5.0,12.41,66,0,7,8,2324,1
93,8093,41,Male,24370,PPC,Retention,8276.2,0.18,0.05,48,7.39,8.82,67,4,1,8,2368,1
94,8094,43,Female,24838,Referral,Retention,6550.14,0.19,0.2,43,6.64,8.42,57,15,9,5,3006,1
95,8095,42,Female,134479,PPC,Conversion,1772.91,0.1,0.15,40,4.78,5.09,76,18,5,8,72,1
96,8096,62,Female,77429,Referral,Awareness,7909.34,0.06,0.16,0,4.02,5.8,52,11,0,3,3482,1
97,8097,58,Male,23134,SEO,Retention,5091.78,0.19,0.03,24,9.94,1.3,13,8,7,4,205,1
98,8098,46,Female,130995,PPC,Conversion,5175.87,0.18,0.1,15,7.9,11.43,9,5,0,4,2595,1
99,8099,32,Male,63199,Referral,Awareness,3684.91,0.11,0.19,14,2.86,9.27,77,8,1,4,3514,1
100,8100,62,Male,97092,PPC,Conversion,8659.7,0.1,0.06,10,3.63,14.66,80,1,3,0,2398,1
101,8101,18,Female,144925,Email,Consideration,3251.44,0.11,0.04,36,9.04,5.63,21,0,9,6,4525,1
102,8102,42,Male,53822,Email,Consideration,1031.98,0.15,0.1,38,6.95,10.16,62,9,1,5,1506,1
103,8103,24,Male,113513,Social Media,Awareness,3097.02,0.29,0.19,2,3.8,13.83,60,2,4,2,1821,1
104,8104,26,Female,40113,Referral,Awareness,7182.0,0.23,0.1,44,4.28,10.82,45,17,6,7,272,1
105,8105,41,Male,83594,Social Media,Consideration,6610.06,0.26,0.09,44,4.41,1.08,36,11,6,5,360,1
106,8106,18,Male,116102,Referral,Retention,1961.37,0.16,0.13,41,2.68,9.67,20,14,9,8,4403,1
107,8107,61,Male,22669,PPC,Retention,1206.66,0.16,0.19,38,5.6,8.41,88,13,4,6,3502,1
108,8108,25,Female,69427,Referral,Consideration,6642.57,0.07,0.02,19,7.89,7.74,2,9,2,7,2395,1
109,8109,41,Female,101617,Email,Retention,6796.13,0.22,0.04,22,6.08,8.52,18,5,4,8,2647,1
110,8110,28,Female,32938,PPC,Consideration,3724.88,0.13,0.04,14,6.9,7.18,31,19,3,5,3426,1
111,8111,68,Female,25717,Email,Conversion,8443.73,0.23,0.03,17,6.36,10.53,78,19,5,7,603,1
112,8112,34,Female,97818,PPC,Conversion,9784.23,0.13,0.07,38,1.53,0.72,23,11,0,1,3469,1
113,8113,25,Female,67659,Referral,Conversion,2135.89,0.04,0.05,34,2.69,3.23,72,8,0,0,4643,0
114,8114,52,Male,127601,Referral,Retention,5812.98,0.06,0.11,28,4.15,5.8,73,3,7,8,162,1
115,8115,52,Male,84575,Email,Conversion,152.93,0.25,0.07,19,9.0,7.06,47,3,5,9,1669,1
116,8116,50,Female,99737,SEO,Awareness,7159.24,0.09,0.09,41,4.14,2.39,95,1,8,5,1981,1
117,8117,22,Male,36289,Referral,Awareness,4201.39,0.09,0.19,14,3.94,12.39,57,6,9,9,4669,1
118,8118,59,Female,44406,SEO,Conversion,2013.37,0.28,0.04,31,1.73,13.98,39,10,0,9,2597,1
119,8119,56,Female,142688,PPC,Awareness,7547.0,0.2,0.08,11,9.75,11.39,6,15,6,2,4820,1
120,8120,58,Female,116822,SEO,Conversion,8125.42,0.04,0.06,47,8.01,13.97,45,9,0,2,3803,1
121,8121,45,Female,32873,Email,Conversion,1200.55,0.05,0.11,11,7.89,11.28,90,14,6,7,3336,1
122,8122,24,Female,145812,Social Media,Consideration,505.86,0.09,0.15,24,4.45,6.9,14,1,6,2,4108,1
123,8123,26,Male,102048,Social Media,Conversion,3407.38,0.18,0.17,33,1.71,6.2,84,11,7,9,3310,1
124,8124,25,Female,114463,Email,Awareness,6297.31,0.23,0.11,7,3.37,2.91,73,14,4,5,4974,1
125,8125,29,Female,43461,Social Media,Retention,7954.85,0.09,0.17,23,8.68,1.75,86,10,7,5,3606,1
126,8126,51,Female,40710,Email,Conversion,5506.02,0.26,0.16,44,2.62,3.68,4,9,9,4,4652,1
127,8127,50,Male,105488,Referral,Consideration,5849.41,0.04,0.04,0,9.05,8.22,58,2,4,6,2863,1
128,8128,65,Male,33448,SEO,Awareness,8018.6,0.07,0.06,24,5.82,2.46,69,7,8,3,596,1
129,8129,40,Male,35198,Social Media,Consideration,5335.55,0.29,0.14,33,7.43,14.29,21,19,7,9,1084,1
130,8130,41,Female,93158,Referral,Conversion,6150.43,0.05,0.2,13,5.08,3.67,27,19,6,5,2530,1
131,8131,54,Female,126384,Social Media,Conversion,5210.55,0.27,0.08,35,9.39,12.59,53,4,6,0,3755,1
132,8132,52,Male,87938,PPC,Conversion,8816.54,0.21,0.05,5,3.16,12.37,18,10,2,2,458,1
133,8133,61,Female,70799,Email,Conversion,2431.61,0.03,0.18,44,6.15,2.55,13,11,5,6,40,1
134,8134,57,Male,121860,Email,Awareness,2713.54,0.15,0.05,8,1.62,10.81,47,19,5,8,2601,1
135,8135,39,Female,114003,Referral,Retention,1366.82,0.16,0.14,47,5.32,12.45,6,10,4,0,819,1
136,8136,44,Female,54961,PPC,Conversion,8212.72,0.28,0.02,0,9.75,13.32,78,5,1,3,3124,1
137,8137,52,Male,63007,SEO,Consideration,4176.6,0.13,0.01,8,1.79,14.33,31,7,9,6,3120,1
138,8138,18,Female,85470,PPC,Awareness,3544.15,0.14,0.1,23,5.56,13.99,21,12,6,9,189,1
139,8139,52,Female,72256,PPC,Awareness,9815.35,0.04,0.13,38,6.42,5.01,45,14,4,8,2995,1
140,8140,54,Female,40739,SEO,Awareness,9275.35,0.2,0.04,17,9.39,4.38,84,1,1,7,2856,1
141,8141,64,Female,104054,SEO,Consideration,9722.68,0.07,0.16,47,3.68,6.26,82,5,3,1,2962,1
142,8142,31,Female,78186,PPC,Retention,1508.76,0.03,0.03,38,5.53,7.24,12,19,0,1,1913,0
143,8143,20,Male,46547,Social Media,Consideration,8923.39,0.3,0.11,17,9.88,3.89,21,1,7,8,1910,1
144,8144,18,Female,114472,Social Media,Consideration,3354.23,0.09,0.07,40,7.92,1.75,9,14,4,1,318,0
145,8145,22,Female,105823,PPC,Consideration,225.3,0.05,0.15,27,8.29,10.02,43,0,7,9,4579,1
146,8146,43,Female,138301,Social Media,Conversion,3973.85,0.21,0.16,1,8.02,3.03,23,10,0,6,4662,1
147,8147,31,Male,126887,SEO,Conversion,5141.04,0.25,0.02,36,5.64,13.77,58,7,7,9,3096,1
148,8148,56,Male,71431,SEO,Consideration,1171.38,0.03,0.05,40,4.91,4.67,61,8,4,8,2876,1
149,8149,44,Male,45476,Social Media,Consideration,5423.01,0.04,0.18,35,3.29,3.37,71,14,6,7,252,1
150,8150,26,Male,98411,SEO,Conversion,8212.69,0.04,0.09,47,5.19,3.32,71,4,2,4,4,1
151,8151,32,Male,30686,Email,Conversion,3838.74,0.02,0.1,23,1.18,4.7,54,8,2,1,3395,0
152,8152,32,Female,37536,SEO,Retention,3591.18,0.2,0.04,34,1.87,9.38,48,3,8,5,2692,1
153,8153,43,Male,54062,PPC,Consideration,3454.22,0.18,0.2,5,3.59,14.69,49,9,6,6,3824,1
154,8154,59,Male,68216,Referral,Awareness,9238.64,0.2,0.19,16,4.0,7.55,18,3,5,9,399,1
155,8155,30,Female,45041,Social Media,Retention,582.71,0.16,0.01,29,7.37,9.2,81,4,3,6,858,1
156,8156,68,Male,51653,Social Media,Awareness,4506.25,0.25,0.11,7,2.54,12.72,57,18,4,4,2699,1
157,8157,49,Male,41673,SEO,Retention,2719.53,0.17,0.18,41,8.16,5.34,96,12,7,9,4216,1
158,8158,56,Male,30367,SEO,Consideration,8948.69,0.28,0.09,9,8.21,3.11,47,10,0,8,2497,1
159,8159,66,Male,39629,Referral,Awareness,1050.92,0.15,0.09,15,6.28,6.79,92,11,1,5,2503,1
160,8160,69,Female,140756,Referral,Conversion,4173.28,0.24,0.08,37,5.42,5.12,95,13,2,9,2986,1
161,8161,49,Male,131641,PPC,Retention,4127.48,0.13,0.02,25,5.21,13.06,71,12,4,8,225,1
162,8162,21,Female,108636,Email,Awareness,8895.1,0.14,0.16,30,4.78,14.68,95,3,7,7,3180,1
163,8163,47,Female,92190,PPC,Retention,2233.39,0.26,0.1,7,1.8,10.48,11,12,4,9,3224,1
164,8164,54,Female,45063,Social Media,Consideration,6484.46,0.04,0.11,34,6.9,9.98,85,4,4,8,4269,1
165,8165,40,Female,39322,SEO,Awareness,1430.62,0.17,0.06,33,6.2,10.86,19,8,5,0,1775,1
166,8166,56,Female,104546,PPC,Awareness,9544.36,0.22,0.16,9,1.14,7.28,44,0,8,1,4941,1
167,8167,62,Female,135637,SEO,Awareness,5970.85,0.23,0.16,39,2.82,9.62,25,11,8,7,927,1
168,8168,32,Male,32693,SEO,Retention,6299.94,0.18,0.12,43,4.93,1.53,80,16,8,5,412,1
169,8169,60,Male,29241,PPC,Conversion,4394.36,0.14,0.18,11,9.11,7.66,97,0,4,0,3631,1
170,8170,46,Female,49778,PPC,Conversion,3488.6,0.09,0.03,40,9.91,5.32,30,18,5,9,3666,1
171,8171,53,Male,122379,Referral,Conversion,2205.5,0.27,0.16,26,7.76,1.27,81,4,6,0,3396,1
172,8172,30,Male,32651,Email,Consideration,6079.48,0.12,0.12,18,7.74,8.4,58,11,2,0,3426,1
173,8173,49,Female,45966,Referral,Awareness,9550.16,0.24,0.05,25,4.74,5.72,2,11,0,2,3060,1
174,8174,24,Female,29275,Email,Conversion,3661.93,0.02,0.04,14,6.14,9.06,17,10,1,8,3550,1
175,8175,68,Male,65606,PPC,Conversion,8843.25,0.08,0.07,30,3.1,7.94,83,15,3,5,3789,1
176,8176,39,Female,21658,Email,Awareness,1572.89,0.11,0.17,45,7.64,4.51,20,16,8,1,2545,1
177,8177,45,Male,114499,Social Media,Consideration,9367.65,0.2,0.16,36,1.54,8.33,56,2,0,7,3047,1
178,8178,19,Female,92468,Referral,Retention,3569.81,0.1,0.13,17,4.76,5.99,98,10,5,9,1407,1
179,8179,59,Male,34248,Referral,Retention,3859.3,0.02,0.03,28,8.48,13.86,41,16,3,2,409,1
180,8180,62,Male,44437,Referral,Retention,4682.14,0.06,0.19,43,9.82,5.95,61,0,5,0,3031,1
181,8181,23,Female,59727,SEO,Awareness,7210.62,0.09,0.07,26,7.27,1.08,29,14,1,9,126,1
182,8182,45,Female,38201,SEO,Consideration,7224.57,0.06,0.13,37,2.78,11.57,60,8,1,5,315,1
183,8183,45,Female,61150,PPC,Awareness,4847.93,0.07,0.16,19,6.14,14.47,35,17,6,3,1148,1
184,8184,61,Female,135148,PPC,Retention,5279.21,0.23,0.04,20,6.04,2.96,54,0,4,5,2248,1
185,8185,61,Male,109891,SEO,Conversion,397.1,0.13,0.13,28,9.69,14.61,3,5,5,7,3438,1
186,8186,37,Female,34999,Referral,Conversion,3112.54,0.13,0.02,42,8.56,9.45,14,1,3,3,4419,1
187,8187,47,Male,140703,SEO,Conversion,3525.57,0.29,0.03,14,1.44,12.79,70,4,0,3,855,0
188,8188,28,Male,26376,Email,Retention,5631.4,0.14,0.15,21,2.98,7.36,95,2,7,5,1886,1
189,8189,45,Male,71673,Referral,Consideration,5627.17,0.28,0.04,22,8.58,9.53,96,4,0,1,4203,1
190,8190,42,Female,23476,SEO,Retention,7128.01,0.1,0.09,3,9.75,12.7,56,7,7,2,1278,1
191,8191,56,Female,137393,PPC,Awareness,7198.57,0.13,0.06,23,3.65,14.75,62,5,0,1,3056,1
192,8192,50,Female,89902,SEO,Consideration,2428.59,0.12,0.09,13,7.22,3.18,76,10,9,8,1032,1
193,8193,18,Female,134510,Social Media,Conversion,7724.85,0.17,0.02,36,3.77,13.53,63,10,9,3,1552,1
194,8194,44,Male,111269,SEO,Consideration,294.08,0.18,0.15,20,1.37,10.18,16,10,3,2,1529,1
195,8195,69,Female,97994,Referral,Consideration,7190.0,0.08,0.03,42,8.47,14.23,52,7,5,1,50,1
196,8196,30,Female,82878,SEO,Retention,1110.4,0.24,0.17,38,7.65,5.11,39,5,0,0,844,0
197,8197,58,Male,118331,PPC,Consideration,7323.52,0.15,0.14,12,1.48,4.02,69,15,8,1,523,1
198,8198,20,Female,40615,Email,Retention,5318.47,0.01,0.09,18,2.31,5.8,49,19,6,3,882,1
199,8199,56,Male,31164,Social Media,Awareness,4428.82,0.18,0.17,25,10.0,13.33,67,19,0,3,2141,1
200,8200,23,Female,59316,Referral,Consideration,6937.6,0.24,0.05,35,6.86,7.16,14,2,9,6,3012,1
201,8201,25,Female,88560,PPC,Consideration,460.07,0.08,0.06,43,8.2,14.3,71,7,1,2,1764,1
202,8202,44,Female,49559,Social Media,Consideration,2312.36,0.02,0.04,45,4.5,4.01,33,12,4,6,2956,1
203,8203,26,Male,82968,SEO,Conversion,6202.76,0.24,0.08,32,5.66,3.7,29,9,2,3,1014,1
204,8204,54,Male,86800,Social Media,Retention,8487.43,0.29,0.2,39,6.58,10.34,86,7,0,8,780,1
205,8205,50,Male,29047,Email,Retention,3872.97,0.03,0.04,15,8.25,4.73,72,9,4,6,155,0
206,8206,68,Male,64985,Social Media,Conversion,2661.74,0.28,0.17,18,4.05,2.37,23,12,7,1,4216,1
207,8207,59,Male,92123,Social Media,Retention,5235.49,0.11,0.13,36,7.05,5.95,7,2,0,8,4398,1
208,8208,61,Female,26577,SEO,Awareness,6260.92,0.28,0.01,13,7.98,4.36,56,3,5,8,446,1
209,8209,41,Female,103171,SEO,Conversion,4259.02,0.2,0.19,43,8.25,6.49,69,15,0,1,3419,1
210,8210,32,Female,131100,Referral,Retention,8779.44,0.27,0.19,43,5.49,3.2,24,2,7,7,1404,1
211,8211,49,Female,23870,SEO,Awareness,5282.04,0.24,0.19,29,5.26,14.38,76,8,4,6,3153,1
212,8212,49,Male,54094,Social Media,Retention,454.65,0.02,0.11,30,1.94,12.12,33,18,2,0,2301,0
213,8213,41,Female,75329,Email,Conversion,2308.23,0.03,0.05,19,5.48,12.69,24,11,7,0,1720,1
214,8214,58,Male,29217,SEO,Retention,4561.41,0.16,0.08,43,7.32,4.82,17,5,9,7,2906,1
215,8215,69,Female,135049,Referral,Awareness,7007.48,0.05,0.13,42,9.29,12.92,72,3,7,9,2689,1
216,8216,66,Female,103138,Referral,Awareness,2275.55,0.14,0.08,46,2.13,9.07,96,13,2,4,4126,1
217,8217,66,Female,86141,Social Media,Awareness,9764.95,0.29,0.14,6,9.72,1.32,69,0,6,8,3798,1
218,8218,69,Male,42343,SEO,Retention,3253.73,0.1,0.16,41,3.11,2.72,13,7,0,2,2072,1
219,8219,29,Female,148307,SEO,Conversion,5371.55,0.15,0.05,36,2.58,6.97,5,18,2,2,3106,1
220,8220,56,Female,70822,Referral,Retention,287.77,0.12,0.09,46,2.03,6.21,81,15,6,7,1749,1
221,8221,19,Male,33003,SEO,Consideration,8860.42,0.19,0.19,1,9.91,12.03,89,7,2,4,3873,1
222,8222,20,Female,128793,Social Media,Conversion,7909.46,0.07,0.06,21,6.05,13.17,35,4,6,0,2220,1
223,8223,66,Female,79538,Email,Consideration,2035.03,0.09,0.08,12,3.44,13.04,35,7,2,8,534,1
224,8224,54,Female,52089,Social Media,Retention,9339.04,0.26,0.02,45,3.86,5.94,74,16,2,1,3945,1
225,8225,66,Male,73595,SEO,Conversion,3226.81,0.25,0.07,37,9.55,9.72,17,5,1,6,2138,1
226,8226,34,Male,103197,Social Media,Consideration,6952.64,0.24,0.08,30,9.1,7.71,14,2,4,7,3657,1
227,8227,66,Male,102318,PPC,Retention,8207.87,0.23,0.03,0,4.15,13.39,93,19,0,3,783,1
228,8228,19,Male,50029,PPC,Conversion,7435.05,0.14,0.01,46,1.57,13.39,88,10,3,2,3651,1
229,8229,19,Male,99023,SEO,Awareness,9184.07,0.22,0.12,42,8.5,1.28,15,12,3,0,625,1
230,8230,45,Male,71324,SEO,Awareness,8656.32,0.12,0.07,12,9.23,8.8,75,18,9,9,397,1
231,8231,40,Female,71962,Email,Awareness,9946.65,0.04,0.01,16,8.54,7.8,13,19,2,6,3919,1
232,8232,54,Female,133037,Social Media,Consideration,1907.85,0.12,0.17,3,9.22,11.67,46,2,4,6,3182,1
233,8233,49,Male,59042,Email,Consideration,3117.14,0.06,0.12,42,6.18,3.34,53,18,3,8,3922,1
234,8234,50,Male,107601,SEO,Retention,6398.64,0.12,0.04,30,8.56,10.58,57,19,7,5,4473,1
235,8235,18,Female,96380,SEO,Awareness,7357.17,0.1,0.17,32,9.5,11.21,76,6,7,3,2690,1
236,8236,36,Male,104859,Referral,Consideration,5392.59,0.18,0.06,13,9.01,0.89,29,10,9,0,2345,1
237,8237,19,Female,110933,Email,Awareness,831.89,0.11,0.05,20,6.28,6.75,99,8,0,5,1206,1
238,8238,61,Female,65957,SEO,Retention,8431.79,0.21,0.18,21,7.72,14.69,45,14,7,1,4289,1
239,8239,43,Female,102864,PPC,Conversion,9612.66,0.16,0.04,4,7.49,4.86,15,11,8,9,1747,1
240,8240,49,Female,146358,Referral,Consideration,4114.62,0.28,0.18,36,8.23,13.33,0,11,3,8,2612,1
241,8241,23,Female,63739,Social Media,Consideration,2325.64,0.04,0.16,31,3.06,9.01,40,5,7,6,4505,1
242,8242,49,Female,58733,Referral,Conversion,291.21,0.21,0.07,2,1.02,4.8,92,16,8,0,4114,1
243,8243,21,Male,65389,Social Media,Consideration,2449.26,0.21,0.02,40,5.59,12.62,26,17,1,3,4468,1
244,8244,28,Female,49715,PPC,Retention,7029.2,0.29,0.03,12,7.89,14.86,76,8,8,4,3953,1
245,8245,34,Female,59116,Social Media,Consideration,9124.73,0.12,0.03,10,2.13,11.26,61,10,5,2,110,1
246,8246,55,Male,76922,Email,Consideration,1025.78,0.1,0.18,49,5.8,1.39,80,18,8,8,865,1
247,8247,41,Male,76251,Social Media,Conversion,5577.27,0.06,0.09,41,3.83,1.26,27,9,7,8,2351,1
248,8248,22,Male,81794,Social Media,Retention,6985.76,0.09,0.02,37,8.54,7.63,19,10,3,8,1719,1
249,8249,69,Female,37580,Referral,Awareness,2836.17,0.16,0.12,23,1.9,0.59,54,5,6,1,156,0
250,8250,51,Male,135900,PPC,Awareness,5741.98,0.25,0.05,8,8.63,10.3,50,8,2,2,1588,1
251,8251,23,Male,20823,Social Media,Conversion,7180.96,0.09,0.05,12,6.5,0.74,68,15,0,9,1817,1
252,8252,39,Male,148001,Email,Retention,8393.42,0.06,0.04,21,9.28,14.61,87,2,3,6,2976,1
253,8253,28,Female,112008,Referral,Conversion,4579.75,0.09,0.15,17,9.42,13.27,72,15,3,5,1732,1
254,8254,65,Male,27084,PPC,Conversion,7503.79,0.04,0.01,9,8.28,12.32,96,17,4,7,3689,1
255,8255,33,Female,97991,PPC,Awareness,3087.65,0.28,0.09,46,5.77,12.28,33,18,3,0,2632,1
256,8256,50,Female,30607,SEO,Retention,2209.16,0.26,0.03,11,2.28,12.6,26,15,8,7,474,1
257,8257,26,Female,102455,Email,Retention,1954.41,0.1,0.12,29,3.03,6.8,96,3,4,0,3193,1
258,8258,23,Female,132540,Referral,Conversion,3652.84,0.08,0.08,46,4.76,11.98,37,4,4,5,2234,1
259,8259,33,Male,104930,Referral,Awareness,455.21,0.27,0.02,45,7.56,5.82,28,9,7,7,1498,1
260,8260,46,Male,134540,Email,Retention,2901.62,0.01,0.1,18,5.9,12.8,34,18,6,9,3545,1
261,8261,20,Female,96355,PPC,Conversion,6557.01,0.18,0.12,18,4.94,9.46,19,18,1,6,3300,1
262,8262,37,Male,142225,Social Media,Consideration,6514.4,0.28,0.06,9,5.3,5.7,18,2,0,2,3202,1
263,8263,53,Male,31969,Email,Awareness,828.18,0.16,0.16,0,7.67,11.31,4,7,0,6,3769,1
264,8264,36,Female,83059,Referral,Retention,2945.41,0.01,0.08,6,1.31,4.02,24,18,0,2,916,0
265,8265,43,Male,37333,Email,Retention,5738.62,0.07,0.15,10,4.98,14.49,92,16,9,2,3069,1
266,8266,20,Female,97236,PPC,Retention,3253.67,0.28,0.12,3,6.15,10.14,25,0,5,4,1636,1
267,8267,36,Male,147182,SEO,Awareness,4238.08,0.01,0.18,35,6.3,6.32,50,12,4,1,1447,1
268,8268,37,Female,117328,SEO,Conversion,7156.83,0.12,0.11,20,6.57,8.49,65,10,8,0,4807,1
269,8269,49,Female,118847,Social Media,Consideration,191.74,0.24,0.05,21,1.48,11.19,60,11,5,3,2629,1
270,8270,24,Female,56668,Social Media,Retention,2836.3,0.25,0.17,9,6.02,12.06,14,1,9,3,4152,1
271,8271,69,Male,31945,PPC,Awareness,1509.49,0.15,0.16,22,5.95,14.64,44,9,9,3,2693,1
272,8272,58,Female,122528,Social Media,Retention,1363.33,0.08,0.19,4,8.69,3.53,5,8,4,9,4470,1
273,8273,50,Female,66526,SEO,Conversion,9594.5,0.18,0.03,47,7.84,7.81,57,15,6,9,1722,1
274,8274,57,Female,67717,PPC,Consideration,3827.95,0.09,0.12,11,1.28,1.83,0,3,4,8,3878,0
275,8275,56,Male,79426,PPC,Retention,5318.18,0.08,0.1,29,6.0,1.69,72,15,0,2,3197,1
276,8276,35,Female,121170,PPC,Awareness,7364.84,0.24,0.14,32,7.22,2.01,42,3,8,5,1604,1
277,8277,57,Female,104166,Email,Conversion,569.73,0.05,0.2,36,6.22,4.26,15,6,3,6,3401,1
278,8278,18,Female,136524,Social Media,Consideration,2486.12,0.01,0.11,17,7.09,10.6,13,14,4,6,563,1
279,8279,28,Female,126572,Referral,Awareness,8338.26,0.11,0.14,3,2.05,12.99,73,10,3,4,1894,1
280,8280,45,Male,110480,SEO,Retention,8633.71,0.15,0.08,26,2.52,6.82,18,9,5,1,3109,1
281,8281,42,Female,108896,Social Media,Awareness,3792.21,0.21,0.07,46,6.24,8.55,50,9,8,1,3654,1
282,8282,67,Female,98349,SEO,Consideration,3811.13,0.24,0.07,22,8.21,3.49,7,5,0,8,2414,1
283,8283,40,Female,135036,Social Media,Conversion,7593.28,0.2,0.02,5,1.23,11.97,47,19,3,0,1609,1
284,8284,48,Female,24601,Referral,Conversion,3021.2,0.19,0.06,6,4.93,13.38,11,4,9,0,184,1
285,8285,47,Female,32930,SEO,Retention,1259.23,0.2,0.04,18,9.93,7.54,69,19,2,7,3718,1
286,8286,59,Female,24333,Referral,Retention,2649.6,0.09,0.1,45,7.89,2.83,34,0,2,6,3377,0
287,8287,52,Male,90935,SEO,Retention,3934.71,0.12,0.1,14,5.05,0.57,69,14,7,8,1863,1
288,8288,24,Male,140384,Email,Retention,616.83,0.19,0.16,47,1.88,8.28,5,13,7,5,295,1
289,8289,33,Female,37839,Email,Consideration,4838.93,0.03,0.11,21,4.23,7.72,98,3,6,2,4135,1
290,8290,43,Female,71337,SEO,Retention,7426.07,0.1,0.1,31,2.39,13.92,10,11,9,1,4697,1
291,8291,65,Male,60204,SEO,Awareness,5186.08,0.13,0.05,14,9.29,1.03,37,14,4,6,3949,1
292,8292,69,Male,40195,Referral,Consideration,811.76,0.16,0.17,5,7.17,2.66,90,16,1,0,4347,0
293,8293,66,Male,47848,PPC,Consideration,4457.48,0.15,0.03,5,8.7,3.37,25,15,4,7,3664,1
294,8294,19,Female,109229,SEO,Retention,7118.16,0.22,0.2,5,9.08,8.43,27,14,3,7,1192,1
295,8295,18,Male,133251,Social Media,Consideration,675.16,0.15,0.1,11,6.46,4.63,71,7,7,8,184,1
296,8296,65,Female,132265,Social Media,Awareness,692.49,0.27,0.05,1,1.06,3.48,88,11,5,8,2086,0
297,8297,29,Female,149703,Social Media,Consideration,3768.95,0.12,0.08,24,6.0,7.96,82,17,0,8,4761,1
298,8298,22,Female,60854,Email,Consideration,2030.14,0.16,0.01,3,8.22,1.09,79,13,4,6,2142,1
299,8299,54,Female,121986,Referral,Awareness,9354.33,0.01,0.04,5,3.83,14.64,49,1,7,2,4402,1
300,8300,49,Female,70998,Email,Awareness,5855.3,0.1,0.07,41,9.35,12.98,57,11,0,9,4678,1
301,8301,26,Male,87390,Social Media,Consideration,2944.52,0.26,0.12,36,9.97,4.44,25,1,0,5,2105,1
302,8302,58,Female,51558,SEO,Conversion,7077.29,0.11,0.03,37,5.94,5.37,43,17,2,5,4118,1
303,8303,52,Female,22985,Social Media,Consideration,3811.8,0.08,0.14,13,5.78,4.07,14,3,0,1,297,0
304,8304,36,Female,81794,SEO,Awareness,1407.94,0.17,0.17,46,6.9,13.96,75,8,5,3,859,1
305,8305,65,Male,63585,Referral,Awareness,2448.6,0.03,0.12,18,6.1,9.97,23,7,4,1,935,1
306,8306,33,Male,104814,PPC,Awareness,6463.2,0.16,0.07,6,2.44,8.06,76,6,4,2,701,1
307,8307,20,Male,60264,SEO,Conversion,613.57,0.1,0.03,17,3.44,7.87,58,12,2,6,2828,1
308,8308,37,Male,53326,Email,Awareness,2799.62,0.12,0.01,43,2.82,2.91,56,11,1,7,3241,0
309,8309,41,Female,104816,Social Media,Retention,2162.28,0.24,0.15,7,1.65,14.46,16,11,0,0,3649,0
310,8310,50,Male,79261,Social Media,Retention,2091.24,0.2,0.13,27,2.26,13.76,76,12,1,7,2602,1
311,8311,41,Female,54022,Social Media,Conversion,6859.35,0.14,0.1,20,9.75,14.31,80,18,9,7,560,1
312,8312,69,Male,35667,SEO,Awareness,8275.59,0.18,0.03,34,5.99,4.72,0,3,8,6,1675,1
313,8313,28,Male,38065,Referral,Awareness,7187.08,0.23,0.05,46,2.13,7.41,10,1,9,6,1269,1
314,8314,66,Female,134382,SEO,Retention,6492.71,0.23,0.16,9,7.42,8.02,19,12,4,2,2087,1
315,8315,25,Male,148145,Email,Retention,9172.87,0.06,0.1,27,5.29,7.6,30,10,7,8,4987,1
316,8316,53,Male,107191,Social Media,Consideration,678.08,0.1,0.19,18,3.02,0.78,98,6,2,2,507,0
317,8317,55,Female,30006,SEO,Conversion,1758.08,0.11,0.2,43,9.49,12.58,38,8,4,6,2907,1
318,8318,57,Female,91819,Social Media,Consideration,4202.63,0.06,0.16,34,3.02,11.32,62,6,6,7,1655,1
319,8319,37,Male,127158,Email,Conversion,3787.27,0.01,0.06,27,1.88,7.38,5,2,1,1,4095,0
320,8320,52,Female,65076,PPC,Awareness,4238.71,0.06,0.05,45,2.85,4.38,98,2,2,3,4227,0
321,8321,65,Female,88861,PPC,Awareness,2143.9,0.24,0.06,48,9.21,9.71,27,0,2,3,4187,1
322,8322,42,Female,116319,PPC,Conversion,1580.08,0.17,0.2,2,8.72,2.51,50,0,8,6,3625,1
323,8323,52,Male,70393,Social Media,Consideration,5141.01,0.11,0.07,38,9.05,14.96,52,19,0,5,2268,1
324,8324,42,Male,23143,SEO,Retention,9287.72,0.19,0.14,26,9.25,2.32,43,13,8,9,2928,1
325,8325,46,Male,121341,Social Media,Conversion,3980.5,0.22,0.19,16,1.7,1.35,64,1,0,5,1301,1
326,8326,35,Male,77505,Referral,Conversion,529.2,0.11,0.17,14,7.4,9.38,79,10,9,5,4163,1
327,8327,63,Female,32417,SEO,Conversion,7091.06,0.15,0.12,41,6.98,7.22,11,9,6,8,1607,1
328,8328,35,Female,51300,Email,Awareness,2981.94,0.03,0.04,38,9.94,10.93,27,14,3,3,4166,1
329,8329,19,Female,112062,PPC,Conversion,2526.44,0.18,0.04,21,7.43,2.36,78,10,9,9,2439,1
330,8330,52,Male,48896,SEO,Awareness,3310.15,0.11,0.1,19,8.13,5.77,71,7,7,1,4625,1
331,8331,33,Female,136469,SEO,Retention,7265.77,0.14,0.19,26,7.43,7.76,67,0,0,1,2107,1
332,8332,58,Male,122979,PPC,Retention,8206.31,0.13,0.18,34,6.59,6.98,94,5,0,8,4552,1
333,8333,53,Female,70629,Email,Consideration,5921.76,0.19,0.04,46,5.98,8.95,29,19,5,3,444,1
334,8334,50,Female,47606,Social Media,Awareness,3292.54,0.18,0.06,4,9.72,1.98,34,7,4,9,739,1
335,8335,21,Female,59916,Social Media,Retention,3173.73,0.13,0.12,1,9.43,7.8,5,18,4,8,542,1
336,8336,50,Female,81330,SEO,Retention,1330.65,0.01,0.1,40,4.94,8.54,84,16,1,0,4558,1
337,8337,31,Male,27551,PPC,Consideration,9339.68,0.19,0.03,49,3.56,13.27,29,13,1,1,3824,1
338,8338,38,Female,134794,Referral,Consideration,6417.58,0.27,0.08,44,5.58,8.78,79,3,3,6,1191,1
339,8339,65,Female,120972,Email,Consideration,367.05,0.23,0.19,19,7.72,8.44,62,1,1,6,201,1
340,8340,37,Female,139623,Social Media,Awareness,6657.43,0.29,0.19,6,4.61,12.28,7,15,3,0,1479,1
341,8341,25,Female,76422,Email,Conversion,4526.82,0.05,0.12,35,5.84,1.44,90,19,4,7,3672,1
342,8342,24,Female,135852,Email,Awareness,9728.32,0.07,0.13,7,3.69,9.9,32,1,3,6,3747,1
343,8343,20,Male,133216,Email,Consideration,8208.78,0.17,0.05,26,4.85,12.27,42,10,5,9,4101,1
344,8344,34,Female,135845,PPC,Conversion,1796.03,0.08,0.15,5,9.62,1.87,75,13,2,1,1558,0
345,8345,50,Male,87782,PPC,Retention,7229.1,0.02,0.02,23,2.93,12.27,42,17,1,0,4707,0
346,8346,65,Female,85391,PPC,Awareness,4907.1,0.13,0.05,35,9.9,11.91,44,9,0,1,3004,1
347,8347,29,Female,124957,SEO,Consideration,1951.75,0.09,0.01,4,2.94,0.51,86,11,4,6,854,0
348,8348,68,Male,143546,PPC,Consideration,7017.53,0.09,0.08,19,3.87,4.07,53,10,3,9,628,1
349,8349,39,Female,145006,SEO,Conversion,5519.14,0.29,0.17,19,1.78,2.69,64,8,8,3,1315,1
350,8350,39,Male,83411,Social Media,Awareness,400.7,0.08,0.2,40,7.77,7.91,6,15,9,5,1365,1
351,8351,63,Female,129437,Social Media,Retention,6501.22,0.05,0.14,39,1.16,13.75,35,7,0,4,2390,1
352,8352,47,Female,93185,Social Media,Retention,6386.37,0.05,0.15,33,8.09,9.24,24,4,8,7,840,1
353,8353,55,Female,135199,Social Media,Conversion,1526.44,0.24,0.06,38,6.19,9.23,84,14,7,6,2332,1
354,8354,55,Female,126745,Social Media,Conversion,3554.98,0.22,0.11,49,7.74,2.28,36,14,9,6,3517,1
355,8355,62,Female,20888,PPC,Retention,5900.4,0.05,0.15,9,8.05,10.16,11,16,3,8,4516,1
356,8356,68,Male,127519,Referral,Conversion,1473.95,0.07,0.1,2,2.12,13.38,31,1,1,3,1188,0
357,8357,25,Female,147574,PPC,Conversion,8541.96,0.23,0.03,48,1.19,6.73,48,12,2,8,3360,1
358,8358,44,Female,77135,Referral,Awareness,372.11,0.09,0.15,33,2.52,10.39,37,10,9,2,1777,1
359,8359,44,Male,49424,PPC,Conversion,1118.09,0.29,0.05,34,4.46,4.78,55,0,8,2,303,1
360,8360,51,Male,61559,Social Media,Consideration,1249.46,0.17,0.03,36,1.66,4.4,79,8,9,4,998,0
361,8361,38,Male,137710,Email,Consideration,5328.26,0.07,0.1,44,5.11,3.18,64,3,1,9,1103,1
362,8362,47,Male,137218,Referral,Consideration,6239.13,0.26,0.02,44,3.57,4.0,25,15,7,2,1043,1
363,8363,50,Female,31075,Email,Conversion,4097.03,0.1,0.13,37,4.27,5.47,56,15,9,8,73,1
364,8364,45,Female,42699,Social Media,Retention,2957.8,0.09,0.13,45,9.46,8.72,13,2,0,0,7,0
365,8365,64,Female,67972,Referral,Consideration,8112.24,0.11,0.06,22,7.52,11.82,55,17,3,5,4951,1
366,8366,50,Male,136752,Email,Awareness,776.03,0.23,0.19,36,6.92,4.7,69,6,2,6,1939,1
367,8367,22,Male,29950,PPC,Conversion,2874.89,0.06,0.17,20,6.88,2.94,40,9,9,0,3724,1
368,8368,65,Male,25413,Social Media,Retention,487.24,0.12,0.03,26,6.0,7.02,50,9,1,4,1420,1
369,8369,36,Female,59305,PPC,Retention,237.51,0.02,0.15,0,5.62,11.95,83,6,2,8,1256,1
370,8370,21,Female,148821,PPC,Conversion,3598.46,0.25,0.08,8,8.94,6.15,66,0,2,5,2974,1
371,8371,52,Female,23569,Social Media,Conversion,2028.75,0.11,0.15,2,1.68,13.74,11,16,8,3,1806,1
372,8372,66,Female,86778,Referral,Awareness,2756.82,0.08,0.16,37,3.6,4.09,96,19,2,3,2382,1
373,8373,34,Female,122633,SEO,Conversion,8227.38,0.18,0.04,35,1.94,11.5,48,4,8,4,1761,1
374,8374,61,Female,50085,SEO,Conversion,1713.5,0.21,0.14,33,1.1,7.28,0,10,3,4,46,1
375,8375,45,Female,96023,Social Media,Retention,7824.31,0.25,0.17,29,1.12,2.05,18,1,0,5,4605,1
376,8376,47,Female,103845,SEO,Consideration,6783.0,0.11,0.07,30,1.22,4.58,65,9,7,2,3107,1
377,8377,46,Male,116307,Email,Consideration,3331.81,0.25,0.03,29,7.14,12.94,57,13,9,3,2911,1
378,8378,63,Female,112174,Referral,Retention,5510.91,0.14,0.02,15,2.0,0.59,86,5,4,4,1278,1
379,8379,23,Female,56163,PPC,Conversion,4499.91,0.04,0.03,28,2.82,11.47,71,1,1,1,3027,0
380,8380,52,Female,69592,PPC,Awareness,1371.11,0.26,0.01,5,4.77,12.27,97,6,8,9,2840,1
381,8381,58,Male,107151,Social Media,Consideration,9081.13,0.17,0.07,13,3.42,2.24,3,9,6,3,3124,1
382,8382,54,Female,77333,PPC,Conversion,5739.22,0.18,0.07,9,8.35,14.45,7,17,5,6,1109,1
383,8383,41,Female,137431,Email,Consideration,8814.38,0.28,0.03,23,6.61,13.15,26,0,1,3,4290,1
384,8384,46,Male,28039,Email,Retention,8255.88,0.17,0.13,35,4.0,3.09,25,11,5,7,1960,1
385,8385,66,Female,28198,Social Media,Consideration,889.78,0.01,0.2,23,3.86,4.0,96,3,6,0,1704,0
386,8386,63,Male,54354,PPC,Retention,2151.98,0.26,0.18,6,7.15,12.37,42,0,4,8,4675,1
387,8387,48,Male,135513,SEO,Retention,1538.09,0.09,0.06,48,2.54,8.42,39,13,4,4,2001,1
388,8388,52,Male,23824,SEO,Retention,8324.72,0.16,0.16,36,3.52,13.88,49,8,3,1,167,1
389,8389,50,Male,70420,Referral,Awareness,8638.22,0.07,0.19,45,4.18,14.7,66,9,9,5,3476,1
390,8390,69,Female,109535,Social Media,Conversion,5326.92,0.1,0.18,47,5.09,5.48,72,11,0,3,4446,1
391,8391,38,Male,23436,Referral,Retention,1131.36,0.21,0.18,39,2.71,1.91,73,13,9,7,1889,1
392,8392,49,Male,113550,SEO,Retention,1442.6,0.13,0.16,47,2.42,10.7,28,11,6,7,2192,1
393,8393,40,Male,60857,SEO,Consideration,8154.13,0.19,0.07,37,9.91,13.89,84,19,2,9,3444,1
394,8394,50,Male,36057,SEO,Conversion,9298.98,0.25,0.03,24,9.22,2.89,41,1,4,6,3827,1
395,8395,20,Male,21310,Referral,Awareness,2074.81,0.11,0.1,42,5.71,14.79,17,2,7,2,2905,1
396,8396,35,Female,146913,Social Media,Awareness,210.26,0.17,0.02,33,7.89,3.34,80,12,1,9,2392,1
397,8397,42,Male,95355,Email,Consideration,3376.43,0.24,0.2,0,7.07,1.75,20,5,3,3,515,0
398,8398,59,Female,133769,Email,Awareness,401.94,0.22,0.08,27,1.68,7.69,66,16,8,2,2107,1
399,8399,48,Female,143916,SEO,Consideration,8296.95,0.17,0.19,40,5.66,12.18,61,15,1,0,2811,1
400,8400,20,Male,98993,Social Media,Conversion,4965.97,0.12,0.16,28,2.66,5.64,26,4,7,6,4059,1
401,8401,57,Female,86013,Social Media,Consideration,6454.42,0.13,0.09,31,6.26,5.31,95,17,8,9,3493,1
402,8402,63,Male,80022,PPC,Consideration,4173.7,0.14,0.03,4,1.56,3.36,92,3,2,7,3009,0
403,8403,41,Male,28906,PPC,Retention,3520.52,0.11,0.06,33,2.47,14.8,46,14,4,7,450,1
404,8404,67,Male,29868,Referral,Awareness,2299.78,0.21,0.14,45,8.04,5.46,92,12,3,7,4764,1
405,8405,49,Male,38546,PPC,Conversion,7728.27,0.05,0.17,25,8.59,10.16,25,13,9,0,1637,1
406,8406,64,Female,118812,Referral,Conversion,6985.92,0.29,0.2,12,9.17,2.42,8,8,9,0,2822,1
407,8407,39,Female,92855,Email,Retention,3671.22,0.24,0.04,11,9.07,7.02,90,7,7,9,1428,1
408,8408,40,Male,149080,SEO,Consideration,3279.05,0.1,0.04,21,9.16,12.04,11,13,7,4,4301,1
409,8409,19,Female,53149,Social Media,Conversion,112.3,0.02,0.02,8,1.85,14.57,15,6,4,9,4211,1
410,8410,44,Male,144060,Email,Conversion,729.17,0.22,0.06,5,6.94,3.07,46,2,4,2,2091,1
411,8411,59,Female,133591,Email,Consideration,6270.23,0.22,0.17,35,7.31,1.87,55,3,0,0,1238,1
412,8412,19,Male,87381,Referral,Consideration,5194.61,0.29,0.05,9,3.41,14.82,65,16,4,1,3635,1
413,8413,43,Male,43684,SEO,Conversion,4404.55,0.08,0.11,36,9.94,8.54,50,8,0,7,2658,1
414,8414,34,Male,49858,Referral,Consideration,8292.27,0.03,0.09,31,3.57,5.51,26,10,3,4,4700,1
415,8415,57,Male,65330,Email,Awareness,5088.59,0.28,0.07,3,6.17,14.42,72,0,6,3,3890,1
416,8416,50,Female,128214,Social Media,Conversion,3906.49,0.09,0.13,3,8.85,6.16,65,11,1,1,3990,1
417,8417,26,Female,143980,PPC,Consideration,1696.44,0.22,0.11,12,3.6,3.86,61,6,0,7,781,1
418,8418,60,Male,79204,Referral,Conversion,8224.81,0.03,0.07,15,6.46,12.15,70,8,1,5,4878,1
419,8419,65,Female,112203,Email,Conversion,5804.86,0.23,0.14,42,7.48,5.05,7,2,6,7,3197,1
420,8420,56,Female,45293,PPC,Retention,1015.35,0.05,0.06,49,6.64,5.17,37,10,2,0,4258,1
421,8421,46,Female,76869,PPC,Awareness,6524.09,0.21,0.13,25,4.65,6.95,5,9,4,2,10,1
422,8422,59,Male,110429,Email,Awareness,4308.2,0.16,0.19,32,9.5,10.55,58,18,0,0,3441,1
423,8423,43,Female,24629,SEO,Retention,8132.72,0.29,0.15,3,6.51,12.71,18,0,9,3,3476,1
424,8424,52,Female,25704,Email,Retention,9197.25,0.02,0.09,25,3.02,3.78,78,13,9,4,3726,1
425,8425,67,Female,21776,Social Media,Conversion,6044.61,0.09,0.15,8,8.26,5.76,55,7,9,5,4140,1
426,8426,42,Male,77255,PPC,Awareness,7342.97,0.03,0.16,40,6.9,7.69,27,6,7,5,3814,1
427,8427,41,Male,68281,Social Media,Retention,660.25,0.27,0.07,10,1.99,0.87,93,9,3,6,3591,1
428,8428,30,Male,136972,Referral,Consideration,5646.53,0.18,0.14,4,3.5,10.61,90,11,9,5,4887,1
429,8429,24,Female,133532,PPC,Conversion,7577.87,0.17,0.09,37,2.42,8.71,9,18,1,2,3142,1
430,8430,53,Female,51236,SEO,Awareness,5017.95,0.05,0.17,31,1.65,2.44,44,6,7,1,1816,1
431,8431,62,Male,86780,Email,Conversion,5976.15,0.15,0.07,28,3.07,2.39,94,8,9,7,3952,1
432,8432,37,Female,21333,Referral,Conversion,8999.59,0.13,0.19,37,3.5,13.48,64,18,4,5,3920,1
433,8433,18,Female,89205,Social Media,Consideration,2061.19,0.1,0.12,39,5.2,10.41,49,6,1,0,3965,1
434,8434,25,Female,103120,Referral,Consideration,1072.64,0.23,0.08,27,9.72,6.13,31,15,8,9,4446,1
435,8435,63,Female,70946,SEO,Retention,6937.37,0.03,0.09,23,9.49,5.4,60,6,5,9,126,1
436,8436,33,Female,133883,Email,Consideration,8246.2,0.2,0.08,18,7.78,5.09,15,11,7,8,3977,1
437,8437,31,Male,75333,Referral,Awareness,8519.85,0.25,0.04,0,6.82,9.99,5,2,1,1,4342,0
438,8438,29,Female,47277,Social Media,Retention,6452.28,0.27,0.02,4,9.53,3.09,65,4,4,9,3178,1
439,8439,68,Male,70606,Referral,Awareness,8348.81,0.23,0.07,22,2.28,14.82,61,5,2,4,4529,1
440,8440,40,Male,21933,Email,Awareness,7036.58,0.09,0.1,18,3.97,10.46,65,16,7,1,3313,1
441,8441,32,Male,53514,Referral,Retention,965.03,0.18,0.08,1,5.98,2.34,66,16,0,8,4791,1
442,8442,45,Male,142058,Social Media,Consideration,7644.23,0.05,0.01,47,8.33,2.5,18,3,8,8,1536,1
443,8443,51,Male,127336,Email,Conversion,1875.66,0.04,0.12,1,6.61,9.9,3,9,5,2,2153,1
444,8444,19,Male,109893,SEO,Consideration,2442.43,0.2,0.04,8,8.28,6.06,42,7,0,1,1327,0
445,8445,49,Female,112607,SEO,Awareness,4007.04,0.26,0.05,17,2.38,10.07,17,13,2,7,3993,1
446,8446,40,Male,82958,PPC,Awareness,3214.21,0.03,0.03,15,2.73,10.98,81,10,7,8,4825,1
447,8447,39,Female,26827,Referral,Retention,3284.35,0.04,0.11,38,7.67,8.3,45,5,7,1,1721,1
448,8448,68,Male,50844,Social Media,Awareness,1775.67,0.17,0.03,8,4.13,4.22,45,12,2,8,2321,0
449,8449,42,Female,134501,Referral,Retention,3009.32,0.07,0.06,43,4.92,8.49,84,14,9,2,2754,1
450,8450,39,Female,111200,Email,Retention,294.66,0.19,0.1,22,8.12,6.62,20,11,7,0,1947,1
451,8451,39,Male,20792,PPC,Consideration,4781.82,0.07,0.04,32,1.63,13.41,29,9,5,5,2896,1
452,8452,66,Female,59695,Social Media,Awareness,7709.05,0.04,0.09,37,2.51,11.23,63,11,6,1,162,1
453,8453,69,Female,103187,Referral,Consideration,8636.25,0.17,0.08,33,3.66,9.48,40,3,1,0,3480,1
454,8454,59,Female,62510,Social Media,Conversion,8222.24,0.26,0.17,25,8.95,1.08,16,7,0,3,4664,1
455,8455,23,Female,59137,Email,Consideration,4222.93,0.21,0.16,16,4.64,14.86,4,19,0,8,4924,1
456,8456,32,Female,133104,PPC,Awareness,7331.22,0.25,0.2,13,3.27,8.71,4,2,2,7,4437,1
457,8457,60,Female,104610,Social Media,Conversion,2950.12,0.09,0.11,12,7.11,4.26,72,6,6,2,4305,1
458,8458,54,Female,93410,Email,Awareness,650.07,0.27,0.12,21,1.27,9.08,74,2,8,7,3978,1
459,8459,50,Male,102212,SEO,Conversion,6792.12,0.12,0.19,42,7.98,12.36,47,0,1,5,3833,1
460,8460,25,Female,59632,Social Media,Awareness,6523.08,0.26,0.09,47,7.28,8.31,77,18,5,4,2616,1
461,8461,61,Male,56790,PPC,Consideration,8036.13,0.15,0.12,17,1.5,11.76,37,13,7,0,3498,1
462,8462,61,Female,144284,Social Media,Awareness,6199.45,0.09,0.08,19,5.48,6.49,5,2,8,8,1710,1
463,8463,22,Male,103568,Social Media,Retention,1653.23,0.09,0.11,29,4.64,9.05,57,1,9,1,297,0
464,8464,56,Female,149779,Email,Retention,8546.31,0.17,0.03,34,2.42,6.62,13,3,2,8,1411,1
465,8465,21,Female,50885,Referral,Consideration,6309.8,0.03,0.16,32,2.39,8.15,71,4,4,4,408,1
466,8466,23,Male,85214,Referral,Consideration,8095.34,0.28,0.2,45,2.44,2.93,93,5,4,2,2849,1
467,8467,62,Male,96544,Social Media,Conversion,7763.66,0.09,0.02,16,6.4,9.18,58,8,7,9,1591,1
468,8468,49,Female,64870,PPC,Consideration,3048.86,0.11,0.16,34,2.54,14.69,64,9,0,6,68,1
469,8469,69,Female,148217,PPC,Retention,838.07,0.08,0.06,11,1.54,11.59,88,4,2,0,3624,0
470,8470,47,Female,68110,Email,Consideration,1847.39,0.01,0.05,1,9.62,5.14,12,17,5,4,3744,1
471,8471,64,Male,129414,Social Media,Retention,1019.34,0.21,0.14,33,1.35,13.03,26,6,5,4,3325,1
472,8472,52,Female,25171,Social Media,Consideration,2509.78,0.18,0.02,11,6.98,13.49,24,9,3,6,2603,1
473,8473,57,Female,29589,Referral,Retention,4649.37,0.24,0.1,25,9.42,3.06,55,10,4,7,2139,1
474,8474,69,Male,38077,Email,Conversion,9077.42,0.02,0.01,31,1.34,1.27,67,16,9,7,3563,1
475,8475,33,Male,84874,SEO,Awareness,8732.99,0.28,0.12,20,9.69,8.8,58,7,2,0,3155,1
476,8476,30,Female,92246,PPC,Awareness,7214.14,0.11,0.1,4,5.52,7.4,94,6,3,3,841,1
477,8477,67,Male,135725,PPC,Retention,338.71,0.27,0.18,27,8.07,10.86,48,13,9,5,157,1
478,8478,59,Male,105772,Social Media,Consideration,3479.75,0.04,0.15,22,6.63,4.75,17,10,9,9,2662,1
479,8479,47,Female,58227,Email,Consideration,6855.25,0.23,0.03,47,6.55,6.01,80,7,0,1,4190,1
480,8480,36,Male,34937,SEO,Awareness,1377.39,0.18,0.08,31,8.1,4.33,74,0,5,6,3081,1
481,8481,34,Female,29754,PPC,Retention,8030.77,0.11,0.19,4,1.59,4.74,75,5,4,8,4935,1
482,8482,36,Male,45688,Email,Consideration,9154.28,0.03,0.15,34,4.53,0.63,2,13,4,9,1748,1
483,8483,45,Female,27048,SEO,Awareness,3605.63,0.19,0.12,5,9.73,7.91,78,4,3,4,3284,1
484,8484,43,Female,42568,Social Media,Retention,7087.85,0.02,0.12,18,1.49,7.36,56,15,8,4,1194,1
485,8485,54,Male,117583,Referral,Conversion,1567.22,0.16,0.09,43,3.37,5.66,5,12,8,4,4909,1
486,8486,43,Female,95019,PPC,Consideration,6939.08,0.19,0.12,39,7.05,8.33,68,15,4,8,2270,1
487,8487,40,Male,37545,PPC,Consideration,312.41,0.22,0.16,5,1.9,6.18,30,13,6,4,1434,1
488,8488,26,Female,102949,SEO,Retention,1592.64,0.3,0.03,13,5.83,6.77,7,1,2,3,860,0
489,8489,29,Female,114449,Referral,Awareness,7127.83,0.09,0.19,2,7.42,0.53,9,17,0,7,1997,1
490,8490,18,Female,65217,Email,Retention,7147.32,0.1,0.06,10,7.82,1.46,2,1,0,3,1034,1
491,8491,18,Female,68122,Social Media,Awareness,6447.51,0.11,0.1,38,6.05,2.69,11,2,2,7,326,1
492,8492,64,Male,145619,Email,Retention,4825.9,0.22,0.01,40,5.51,3.17,91,8,2,6,2618,1
493,8493,51,Female,149832,SEO,Conversion,6781.59,0.28,0.11,23,7.42,7.06,75,17,4,7,4178,1
494,8494,49,Male,53746,PPC,Consideration,7760.63,0.29,0.08,42,2.31,13.19,93,19,7,1,814,1
495,8495,65,Male,28709,PPC,Awareness,9668.17,0.28,0.06,44,7.12,6.39,18,12,5,3,111,1
496,8496,42,Female,147873,Email,Conversion,8897.55,0.27,0.2,17,9.27,9.59,20,9,7,2,2728,1
497,8497,57,Male,45358,Social Media,Retention,7965.89,0.3,0.09,30,7.14,0.87,80,1,6,6,4490,1
498,8498,62,Female,134064,SEO,Awareness,6978.1,0.12,0.09,9,1.42,12.9,13,18,0,8,3234,1
499,8499,18,Male,31023,Social Media,Awareness,5784.14,0.29,0.1,25,5.55,2.14,74,8,9,5,4747,1
500,8500,33,Female,115387,SEO,Conversion,1294.03,0.23,0.03,28,7.54,4.62,28,7,7,3,3709,1
501,8501,56,Male,48756,Social Media,Retention,1739.01,0.06,0.08,1,1.39,12.34,6,12,0,9,1633,0
502,8502,22,Male,83175,Email,Conversion,8220.77,0.02,0.07,29,7.86,4.34,48,5,4,3,2097,1
503,8503,39,Female,74281,Referral,Retention,8052.8,0.07,0.1,38,3.53,4.24,64,8,2,2,2738,1
504,8504,46,Female,69289,SEO,Conversion,6183.14,0.24,0.17,46,6.3,9.24,6,13,6,5,1912,1
505,8505,20,Female,78097,Email,Conversion,4444.52,0.19,0.05,9,9.7,13.6,13,1,4,2,2211,1
506,8506,29,Male,96681,PPC,Conversion,357.72,0.08,0.13,11,9.95,3.6,15,6,1,4,2845,1
507,8507,43,Male,106728,PPC,Conversion,3339.05,0.23,0.02,19,6.71,9.5,98,11,0,4,424,1
508,8508,33,Female,67259,Social Media,Retention,4264.33,0.05,0.07,40,5.42,9.2,15,10,9,4,3681,1
509,8509,68,Female,38839,PPC,Consideration,4909.58,0.25,0.1,18,2.6,10.06,84,18,5,6,4022,1
510,8510,54,Male,47410,Referral,Conversion,9300.31,0.24,0.02,5,2.88,14.23,12,18,5,4,3790,1
511,8511,39,Female,125696,SEO,Retention,1176.22,0.29,0.11,22,4.86,2.91,81,14,7,0,3961,1
512,8512,46,Female,143459,Social Media,Consideration,5236.78,0.05,0.07,18,7.32,9.99,28,19,8,6,3463,1
513,8513,31,Female,31447,SEO,Awareness,3742.43,0.27,0.2,30,7.92,3.14,84,12,1,6,1842,1
514,8514,45,Female,137954,SEO,Awareness,9901.97,0.11,0.13,32,3.0,5.06,72,14,4,9,2406,1
515,8515,22,Female,106569,Email,Conversion,8632.45,0.13,0.06,1,5.82,6.15,94,4,4,2,489,1
516,8516,64,Male,126891,PPC,Awareness,4443.98,0.15,0.03,14,6.32,12.61,60,0,9,5,4400,1
517,8517,66,Male,95665,SEO,Conversion,9996.99,0.19,0.02,10,9.04,1.28,36,15,7,4,1096,1
518,8518,47,Female,115894,Referral,Conversion,5189.23,0.3,0.03,25,8.89,11.14,16,10,8,0,1241,1
519,8519,63,Female,33907,Referral,Consideration,1754.47,0.18,0.14,17,8.36,13.73,30,14,4,6,2674,1
520,8520,69,Female,41637,PPC,Awareness,5603.16,0.28,0.17,0,5.65,1.65,58,12,4,3,677,1
521,8521,22,Male,58196,PPC,Conversion,2339.44,0.08,0.04,31,1.59,11.97,87,14,2,1,2909,0
522,8522,29,Female,42369,Social Media,Awareness,6399.5,0.13,0.09,3,4.01,2.06,46,17,5,1,3725,1
523,8523,33,Female,115017,Social Media,Consideration,9380.66,0.16,0.08,21,6.6,14.46,5,14,6,7,521,1
524,8524,43,Male,117217,Social Media,Awareness,7883.37,0.1,0.13,35,6.74,12.32,31,1,2,2,3755,1
525,8525,43,Male,22589,PPC,Consideration,2804.32,0.29,0.04,28,8.64,10.58,30,8,1,5,1432,1
526,8526,65,Female,43560,SEO,Consideration,3038.9,0.22,0.19,35,4.41,8.48,17,16,1,7,2515,1
527,8527,38,Female,23034,Email,Consideration,785.95,0.15,0.15,49,9.43,13.85,8,17,8,6,586,1
528,8528,56,Male,20169,Social Media,Conversion,2930.09,0.23,0.19,32,2.47,2.23,2,9,5,2,50,1
529,8529,53,Female,112449,Email,Retention,1016.99,0.15,0.06,38,1.45,2.27,70,8,1,8,4385,1
530,8530,50,Female,23239,Referral,Conversion,5044.54,0.02,0.12,13,2.59,12.43,25,19,4,1,67,1
531,8531,47,Female,23415,PPC,Awareness,7112.64,0.17,0.15,47,5.16,7.49,12,19,6,7,3252,1
532,8532,54,Male,105488,Referral,Conversion,7536.69,0.19,0.15,46,8.41,12.75,33,19,0,6,3891,1
533,8533,40,Female,96944,Social Media,Conversion,689.34,0.29,0.01,36,2.38,6.16,42,8,7,9,2971,1
534,8534,27,Male,23484,SEO,Retention,3465.56,0.02,0.2,44,5.93,7.05,92,3,5,1,329,0
535,8535,22,Female,73987,Social Media,Awareness,2952.9,0.16,0.19,4,7.99,5.32,32,14,0,4,2263,1
536,8536,53,Male,38225,Email,Consideration,1132.57,0.04,0.03,49,1.31,14.29,68,19,7,4,1413,1
537,8537,51,Female,100459,Social Media,Consideration,3688.47,0.05,0.11,21,1.37,7.24,35,9,4,9,4388,1
538,8538,69,Male,141566,SEO,Awareness,3063.27,0.19,0.07,4,5.42,11.45,78,9,6,1,4361,1
539,8539,48,Female,81104,SEO,Conversion,6381.54,0.08,0.18,36,2.64,10.59,73,15,9,7,4323,1
540,8540,27,Female,40936,PPC,Retention,8844.7,0.23,0.14,37,5.06,3.91,67,0,3,1,1192,1
541,8541,36,Male,59612,PPC,Retention,4602.93,0.16,0.05,45,1.4,13.75,46,18,1,6,3336,1
542,8542,49,Female,104946,SEO,Awareness,7491.99,0.07,0.02,33,9.79,8.4,60,3,7,5,40,1
543,8543,18,Male,115533,SEO,Awareness,1545.5,0.15,0.07,14,6.89,12.91,44,7,3,6,3437,1
544,8544,22,Male,140877,Email,Conversion,8960.17,0.01,0.02,47,7.18,12.57,95,16,7,8,4209,1
545,8545,62,Female,122269,Social Media,Retention,1610.69,0.26,0.04,36,5.59,1.35,87,2,8,4,1727,1
546,8546,21,Male,59952,PPC,Awareness,2001.8,0.01,0.13,26,8.42,9.49,83,2,3,6,662,1
547,8547,33,Female,78945,Email,Conversion,1153.99,0.01,0.15,47,8.5,11.94,47,11,7,3,2688,1
548,8548,41,Female,107399,Social Media,Conversion,3165.83,0.19,0.1,0,2.43,13.64,40,7,3,3,613,1
549,8549,33,Female,25380,PPC,Awareness,5568.86,0.29,0.12,28,7.92,7.84,37,4,7,9,1445,1
550,8550,19,Male,70298,Email,Retention,9881.14,0.26,0.04,7,6.1,11.39,67,14,0,8,890,1
551,8551,66,Female,106246,Referral,Consideration,7954.34,0.08,0.07,32,7.86,14.56,74,7,1,6,1795,1
552,8552,45,Female,100821,Referral,Conversion,3866.31,0.07,0.15,6,9.27,12.5,10,12,9,7,31,1
553,8553,49,Male,47260,PPC,Consideration,5800.88,0.19,0.08,28,4.02,12.89,15,5,2,8,3227,1
554,8554,44,Female,52879,Email,Conversion,6270.75,0.25,0.08,30,6.14,6.41,64,9,1,6,3226,1
555,8555,37,Male,36143,Social Media,Retention,8245.0,0.12,0.05,37,8.09,1.83,96,0,9,4,1287,1
556,8556,41,Female,69744,Social Media,Consideration,7390.87,0.14,0.12,7,9.88,14.51,70,8,7,3,1046,1
557,8557,29,Male,92949,Email,Awareness,5735.98,0.04,0.16,30,6.51,10.59,66,4,9,3,4511,1
558,8558,67,Female,51578,Referral,Conversion,6724.91,0.05,0.1,36,7.49,2.98,70,11,8,6,4738,1
559,8559,52,Female,100262,Email,Awareness,7484.58,0.17,0.03,14,8.62,14.62,0,12,8,0,4651,1
560,8560,50,Male,77331,Referral,Awareness,1418.13,0.04,0.17,31,7.76,10.88,96,5,0,0,4789,0
561,8561,50,Male,112551,Referral,Retention,2084.51,0.07,0.02,25,9.48,1.81,70,15,8,7,325,0
562,8562,68,Female,83815,Social Media,Awareness,6916.98,0.08,0.1,47,3.07,2.98,3,11,7,5,4094,1
563,8563,60,Female,135926,PPC,Conversion,8519.21,0.14,0.06,48,9.17,13.05,81,3,7,0,3504,1
564,8564,54,Male,91519,SEO,Awareness,4151.7,0.02,0.19,10,2.86,14.33,36,2,2,4,4538,0
565,8565,29,Male,39178,Email,Awareness,9800.91,0.15,0.15,22,6.09,5.79,13,1,7,7,4056,1
566,8566,20,Female,112526,Referral,Conversion,2239.11,0.28,0.12,33,5.71,6.49,78,9,1,0,1596,1
567,8567,18,Female,95857,Email,Awareness,4225.32,0.02,0.14,32,8.48,6.23,24,11,1,9,1490,1
568,8568,50,Female,80197,PPC,Retention,3847.38,0.19,0.11,16,4.59,12.61,81,3,3,7,1356,1
569,8569,57,Female,129365,PPC,Conversion,9309.93,0.25,0.04,32,2.29,7.07,3,14,6,2,1064,1
570,8570,27,Male,148075,SEO,Retention,2925.25,0.1,0.14,1,7.36,5.94,65,13,3,9,2461,1
571,8571,60,Female,56366,SEO,Awareness,4760.83,0.05,0.1,48,6.46,9.52,42,12,1,9,1449,1
572,8572,61,Female,72955,Referral,Consideration,1953.62,0.02,0.13,3,8.44,7.61,25,16,4,2,1315,1
573,8573,46,Male,119830,SEO,Retention,5260.54,0.2,0.02,11,7.83,8.23,83,4,7,3,1606,1
574,8574,30,Female,126213,Referral,Retention,8588.3,0.17,0.04,28,9.05,6.4,14,9,6,7,3538,1
575,8575,29,Female,120273,Social Media,Awareness,3109.99,0.08,0.12,41,8.55,7.18,5,9,6,9,4173,1
576,8576,48,Male,61911,Referral,Consideration,8126.84,0.25,0.1,41,7.17,1.02,36,16,8,7,1817,1
577,8577,63,Female,103422,SEO,Conversion,9121.98,0.22,0.05,46,5.19,13.92,42,18,4,1,2214,1
578,8578,19,Male,73619,Email,Consideration,822.28,0.09,0.06,42,1.18,0.94,41,11,3,1,1851,0
579,8579,68,Female,64296,SEO,Conversion,7588.6,0.23,0.13,38,3.77,11.71,12,1,9,4,1307,1
580,8580,67,Female,42791,PPC,Awareness,2627.9,0.08,0.02,41,7.55,4.82,15,2,8,0,2219,0
581,8581,52,Male,28301,SEO,Consideration,1835.74,0.21,0.09,18,1.54,2.13,41,14,0,7,1297,1
582,8582,40,Male,146866,Social Media,Awareness,6051.11,0.04,0.11,49,7.81,9.34,37,12,5,8,3613,1
583,8583,34,Female,120658,Referral,Retention,7085.47,0.21,0.07,1,5.65,10.75,65,3,2,3,2277,1
584,8584,43,Female,123623,PPC,Consideration,4008.13,0.08,0.17,6,8.81,9.64,64,13,5,7,2814,1
585,8585,25,Female,118529,Referral,Conversion,487.82,0.18,0.02,45,6.94,8.85,4,12,6,1,1221,1
586,8586,46,Female,132824,Referral,Retention,9096.17,0.06,0.17,21,8.19,8.27,29,6,0,6,1477,1
587,8587,43,Female,55779,SEO,Conversion,7334.39,0.22,0.15,10,2.54,8.35,94,13,5,4,130,1
588,8588,27,Female,56894,Email,Retention,2789.5,0.03,0.09,32,2.56,13.05,42,5,7,9,3590,1
589,8589,43,Female,118917,PPC,Conversion,5018.95,0.06,0.19,19,2.9,1.81,31,4,4,2,4641,1
590,8590,51,Male,99618,Social Media,Conversion,375.15,0.06,0.14,4,4.0,2.78,66,12,4,2,1088,1
591,8591,68,Female,69250,Social Media,Awareness,3458.9,0.02,0.19,3,9.14,12.28,66,5,6,0,666,0
592,8592,58,Female,90994,Email,Retention,5273.1,0.23,0.1,13,7.97,4.89,41,16,7,0,1102,1
593,8593,24,Female,61770,Email,Awareness,5220.51,0.29,0.1,2,4.28,11.69,4,7,6,7,2090,1
594,8594,21,Female,42300,SEO,Awareness,2161.03,0.24,0.11,49,9.27,5.61,98,6,2,9,4828,1
595,8595,67,Female,138025,Social Media,Awareness,7789.8,0.26,0.02,17,8.01,13.92,85,13,5,4,3443,1
596,8596,62,Female,88235,PPC,Awareness,3058.74,0.01,0.18,26,6.9,4.58,95,2,8,7,2166,1
597,8597,28,Male,49485,Email,Conversion,5846.06,0.04,0.14,3,4.93,6.69,58,17,1,3,2855,1
598,8598,46,Male,140605,Email,Awareness,2788.07,0.17,0.13,2,6.86,2.8,22,14,8,6,2077,1
599,8599,53,Female,60285,Email,Awareness,4309.16,0.29,0.19,26,6.34,10.17,7,14,2,9,612,1
600,8600,42,Male,86555,PPC,Awareness,2154.39,0.2,0.2,27,8.04,6.34,67,18,2,4,1968,1
601,8601,38,Male,137713,Social Media,Conversion,6366.78,0.12,0.04,21,3.03,14.15,69,18,9,3,4950,1
602,8602,53,Male,52471,PPC,Retention,4313.29,0.05,0.15,41,8.97,0.73,90,12,1,4,4906,1
603,8603,27,Female,68671,PPC,Conversion,259.56,0.05,0.12,28,6.33,6.12,18,13,2,3,2693,1
604,8604,54,Female,138216,SEO,Conversion,378.83,0.12,0.1,15,8.26,0.84,43,18,6,2,4401,1
605,8605,26,Female,40270,Email,Conversion,4764.23,0.22,0.2,34,4.13,5.27,92,18,2,7,3117,1
606,8606,41,Female,108151,Social Media,Retention,1913.94,0.02,0.17,18,4.53,6.01,37,16,0,5,4381,1
607,8607,52,Male,139870,SEO,Awareness,5891.92,0.26,0.14,29,9.44,4.24,43,11,3,0,887,1
608,8608,66,Female,147897,SEO,Awareness,4141.1,0.28,0.08,14,6.6,4.21,5,15,6,9,2333,1
609,8609,52,Female,33698,Referral,Retention,6578.76,0.27,0.14,4,3.86,4.27,2,18,5,5,768,1
610,8610,65,Female,134454,Email,Retention,9528.71,0.27,0.11,30,1.74,4.36,95,12,9,7,1436,1
611,8611,53,Male,123882,Social Media,Consideration,5334.49,0.01,0.06,42,4.91,4.59,79,9,2,3,3800,1
612,8612,35,Male,92265,Social Media,Awareness,7895.05,0.29,0.1,30,8.64,12.84,32,7,0,1,3806,1
613,8613,66,Male,59729,Social Media,Conversion,7555.11,0.12,0.05,8,3.26,1.07,65,16,7,3,3470,1
614,8614,56,Female,31171,Email,Conversion,9225.73,0.26,0.11,12,8.74,14.84,57,12,1,8,3216,1
615,8615,49,Female,99483,Social Media,Awareness,2218.78,0.06,0.15,42,2.45,4.58,25,1,4,6,4408,0
616,8616,41,Female,80684,PPC,Retention,8290.54,0.14,0.02,20,2.17,0.91,98,11,2,9,4686,1
617,8617,40,Female,75165,PPC,Consideration,9064.65,0.02,0.16,45,6.45,3.04,27,17,3,6,2715,1
618,8618,49,Female,69948,Email,Conversion,3988.35,0.02,0.01,30,8.24,14.16,42,18,2,1,1241,1
619,8619,54,Female,54725,Social Media,Consideration,3206.78,0.28,0.11,0,8.02,14.96,74,15,2,2,3923,1
620,8620,29,Male,39450,Referral,Conversion,9525.16,0.25,0.12,40,5.89,4.08,87,19,2,6,3614,1
621,8621,66,Male,33300,Referral,Conversion,6313.56,0.16,0.15,12,6.75,3.77,15,1,9,4,2354,1
622,8622,30,Female,145900,Referral,Awareness,3868.7,0.16,0.15,33,3.32,12.62,88,19,7,7,2419,1
623,8623,40,Male,104600,PPC,Conversion,7939.09,0.23,0.09,35,5.96,13.76,22,5,0,6,333,1
624,8624,42,Female,24441,Referral,Consideration,3114.29,0.11,0.02,15,2.87,9.93,58,13,1,3,2332,1
625,8625,52,Female,131315,Social Media,Consideration,1846.44,0.23,0.14,9,9.36,14.07,34,2,1,3,3085,1
626,8626,58,Female,39332,Social Media,Awareness,5485.3,0.15,0.11,37,7.1,14.28,88,18,8,7,4051,1
627,8627,47,Female,40115,Referral,Conversion,5705.5,0.2,0.07,40,6.08,11.52,40,7,6,8,3624,1
628,8628,34,Female,119405,SEO,Consideration,8274.89,0.29,0.05,33,3.22,5.56,96,7,9,7,2722,1
629,8629,66,Female,107404,Referral,Retention,4624.57,0.15,0.03,24,4.68,2.67,21,5,6,4,2820,1
630,8630,37,Male,61997,SEO,Awareness,8164.41,0.13,0.07,0,8.02,8.01,73,9,7,0,1983,1
631,8631,65,Male,106151,Email,Retention,3182.09,0.27,0.1,11,3.15,4.7,0,10,1,5,4046,1
632,8632,42,Male,33615,Email,Consideration,5796.15,0.27,0.1,21,2.16,2.22,45,16,9,2,1335,1
633,8633,39,Female,34732,Social Media,Retention,2163.88,0.3,0.12,21,3.77,6.21,21,10,0,3,1798,1
634,8634,30,Male,45367,PPC,Awareness,3915.91,0.17,0.08,47,8.15,7.46,31,18,5,9,1803,1
635,8635,36,Male,130670,Social Media,Retention,8589.64,0.11,0.18,1,8.95,10.1,86,12,2,0,1759,1
636,8636,66,Male,62738,Social Media,Consideration,2238.28,0.08,0.1,44,4.73,3.71,29,2,1,4,4884,0
637,8637,53,Female,131296,PPC,Retention,8121.37,0.02,0.09,7,8.03,13.09,86,5,2,7,4131,1
638,8638,29,Female,20981,Social Media,Retention,2900.43,0.22,0.02,32,3.99,3.19,42,1,3,1,4640,0
639,8639,58,Female,82881,PPC,Retention,441.45,0.08,0.12,4,5.58,14.96,11,0,4,5,3715,1
640,8640,36,Female,78609,Social Media,Conversion,1188.35,0.19,0.12,9,1.18,8.57,82,15,9,9,4530,1
641,8641,29,Female,107090,Email,Consideration,7484.21,0.28,0.12,2,7.41,2.63,70,8,9,7,4808,1
642,8642,26,Female,110855,SEO,Retention,2694.5,0.29,0.18,10,7.47,12.6,26,0,3,7,3622,1
643,8643,24,Female,101666,Social Media,Consideration,6576.04,0.01,0.16,29,1.9,4.18,25,17,7,6,4550,1
644,8644,45,Female,104351,SEO,Retention,7022.07,0.1,0.17,27,4.23,3.23,17,16,5,8,4369,1
645,8645,31,Male,28566,Referral,Awareness,3516.67,0.25,0.02,4,5.35,2.45,91,15,6,6,3130,1
646,8646,48,Female,111865,Social Media,Awareness,4801.7,0.17,0.07,11,7.97,8.49,74,5,3,9,3708,1
647,8647,69,Male,91885,Email,Awareness,4097.29,0.24,0.07,43,8.41,13.25,65,17,6,5,3870,1
648,8648,36,Female,138585,PPC,Retention,9478.76,0.26,0.13,44,7.47,13.51,80,13,4,5,4579,1
649,8649,64,Female,30728,Email,Consideration,3267.49,0.14,0.1,28,2.94,11.89,60,16,1,3,4034,1
650,8650,33,Male,125852,SEO,Awareness,1914.9,0.11,0.16,25,4.21,8.93,45,5,8,7,52,1
651,8651,22,Male,103911,PPC,Conversion,3719.37,0.14,0.08,28,3.23,8.18,28,10,1,1,3125,1
652,8652,52,Female,137616,Email,Awareness,6728.21,0.2,0.05,28,6.73,5.92,31,1,1,9,829,1
653,8653,29,Male,107350,Email,Awareness,7003.89,0.12,0.07,13,6.83,1.14,14,2,2,1,2195,1
654,8654,42,Female,56214,Email,Conversion,9248.17,0.23,0.04,35,1.15,12.63,59,7,3,8,4376,1
655,8655,69,Female,141463,PPC,Awareness,8829.37,0.27,0.05,34,7.59,14.99,81,8,6,7,4445,1
656,8656,38,Female,77935,Email,Retention,2954.37,0.09,0.05,48,3.07,13.85,27,9,4,4,2738,1
657,8657,53,Female,107081,Email,Retention,4606.12,0.29,0.01,7,8.21,14.03,26,12,6,2,2964,1
658,8658,40,Female,65588,SEO,Awareness,7497.96,0.19,0.15,15,8.5,5.33,40,11,0,3,381,1
659,8659,33,Female,38953,Email,Consideration,9173.72,0.26,0.09,42,8.17,1.94,46,9,3,2,3247,1
660,8660,56,Female,88408,Email,Consideration,3437.93,0.04,0.01,4,4.67,13.14,32,13,1,4,3834,0
661,8661,62,Female,94904,Referral,Awareness,4499.97,0.08,0.08,15,4.13,11.58,43,5,5,7,4834,1
662,8662,59,Female,54103,PPC,Conversion,9004.83,0.1,0.18,40,4.92,6.16,49,1,1,2,3426,1
663,8663,56,Female,90949,Referral,Retention,3648.99,0.1,0.11,12,5.75,12.59,9,14,3,3,399,1
664,8664,31,Male,114805,SEO,Retention,4857.08,0.06,0.2,7,3.25,2.51,23,14,4,8,1878,1
665,8665,48,Female,69264,Referral,Retention,9054.59,0.26,0.11,25,9.38,9.94,33,3,7,3,955,1
666,8666,22,Female,40156,Social Media,Awareness,8042.21,0.13,0.19,4,5.54,14.32,90,10,4,4,1226,1
667,8667,52,Male,33423,PPC,Retention,2509.97,0.29,0.05,8,1.66,13.7,19,6,1,3,1675,0
668,8668,40,Male,58062,Email,Awareness,3315.47,0.18,0.07,37,9.97,11.53,24,14,9,5,196,1
669,8669,46,Female,62805,Referral,Awareness,3594.29,0.05,0.14,1,5.36,4.37,54,19,7,5,3560,1
670,8670,60,Male,148301,Referral,Consideration,9136.11,0.17,0.2,6,9.52,1.99,89,18,7,5,1189,1
671,8671,28,Male,21987,Email,Conversion,9989.44,0.3,0.17,29,4.51,5.21,42,13,9,4,3605,1
672,8672,35,Female,82979,Email,Conversion,7762.64,0.17,0.12,16,3.02,9.45,52,9,0,6,3152,1
673,8673,64,Female,57597,SEO,Conversion,4894.83,0.01,0.03,43,7.63,5.09,84,5,8,2,3820,1
674,8674,29,Male,103905,Referral,Retention,200.72,0.28,0.08,30,4.89,6.49,49,1,7,7,1322,1
675,8675,26,Female,47868,Referral,Consideration,7005.13,0.08,0.03,0,8.93,6.35,54,6,0,2,1226,1
676,8676,27,Female,96970,Social Media,Consideration,3954.68,0.21,0.07,27,5.18,5.37,12,2,8,2,582,1
677,8677,61,Female,83805,Social Media,Awareness,6366.57,0.16,0.06,29,4.05,13.89,48,7,8,3,4200,1
678,8678,34,Male,139779,Referral,Consideration,6106.27,0.1,0.08,46,9.7,5.14,96,17,7,1,2719,1
679,8679,55,Female,100084,Social Media,Awareness,4860.24,0.09,0.17,30,8.47,14.91,9,14,9,5,2703,1
680,8680,24,Female,36636,Referral,Consideration,9449.44,0.28,0.04,23,2.85,3.54,91,10,6,7,4825,1
681,8681,63,Female,77467,PPC,Awareness,329.15,0.27,0.07,30,5.4,13.15,96,9,5,9,1704,1
682,8682,30,Female,117919,SEO,Retention,7150.11,0.16,0.06,10,2.02,11.12,10,16,4,8,2229,1
683,8683,57,Female,127732,Social Media,Consideration,4157.41,0.09,0.07,41,1.97,10.2,77,17,5,3,340,1
684,8684,59,Male,37007,Referral,Conversion,7166.53,0.04,0.08,15,8.68,6.96,83,0,0,3,1355,1
685,8685,26,Female,121460,Social Media,Awareness,6784.67,0.06,0.06,8,9.39,12.34,99,1,0,0,1416,0
686,8686,67,Male,115747,SEO,Consideration,201.36,0.16,0.19,29,7.65,7.64,19,4,8,8,942,1
687,8687,44,Female,96864,PPC,Consideration,2924.85,0.1,0.09,11,9.9,2.47,71,9,5,1,3772,1
688,8688,19,Female,23389,Email,Awareness,1972.01,0.02,0.03,46,1.41,4.57,78,11,2,3,3194,0
689,8689,22,Male,138105,Email,Consideration,1753.16,0.14,0.1,15,3.98,3.15,96,12,8,6,1162,1
690,8690,46,Female,144535,Social Media,Conversion,7311.92,0.23,0.05,32,2.19,8.76,82,15,2,7,1162,1
691,8691,54,Male,29458,Referral,Awareness,2471.56,0.27,0.05,5,8.04,10.0,47,2,8,9,3536,1
692,8692,55,Male,88481,SEO,Awareness,4799.9,0.18,0.06,44,9.01,5.37,75,3,4,1,112,1
693,8693,36,Female,94888,PPC,Awareness,2545.19,0.22,0.03,0,5.02,1.07,16,15,0,5,3553,0
694,8694,25,Male,96022,PPC,Awareness,5844.31,0.12,0.15,12,8.46,10.05,32,9,4,0,1943,1
695,8695,65,Female,61400,PPC,Awareness,7233.68,0.15,0.16,36,8.63,1.4,19,13,9,9,4713,1
696,8696,62,Male,87628,Email,Conversion,3377.64,0.22,0.08,34,2.26,14.5,45,18,1,6,3575,1
697,8697,18,Female,71857,SEO,Awareness,6069.91,0.22,0.14,43,4.39,13.37,30,4,1,1,4383,1
698,8698,39,Female,84367,Email,Conversion,8266.06,0.13,0.08,25,2.69,12.55,50,18,0,5,614,1
699,8699,69,Female,56527,Social Media,Conversion,1032.82,0.17,0.04,41,7.03,5.83,82,10,9,9,921,1
700,8700,34,Female,90648,PPC,Conversion,7135.64,0.28,0.09,8,4.49,11.3,18,16,3,2,4497,1
701,8701,24,Female,36937,SEO,Awareness,3299.13,0.19,0.12,16,7.01,1.16,61,6,3,8,1739,1
702,8702,42,Male,57672,PPC,Conversion,1314.23,0.2,0.02,37,8.88,1.8,43,3,4,3,3817,1
703,8703,62,Male,131562,Email,Awareness,5501.98,0.24,0.13,45,4.71,7.67,76,14,3,1,1114,1
704,8704,21,Female,21112,Email,Conversion,2340.0,0.04,0.15,34,9.75,9.01,37,3,1,1,3444,1
705,8705,53,Male,55545,Email,Awareness,8231.48,0.16,0.17,24,4.68,11.62,48,15,4,7,2657,1
706,8706,23,Female,117276,PPC,Consideration,524.67,0.29,0.03,49,2.92,4.82,64,18,7,1,3392,0
707,8707,48,Male,109017,SEO,Consideration,1076.66,0.11,0.01,6,5.76,8.37,10,1,5,9,846,0
708,8708,36,Female,68355,SEO,Conversion,5257.86,0.1,0.02,40,4.59,1.41,26,10,4,1,2858,1
709,8709,61,Female,95561,Social Media,Retention,5930.52,0.18,0.19,46,2.13,7.33,57,18,6,6,666,1
710,8710,56,Male,54082,PPC,Retention,7325.88,0.07,0.16,30,1.21,10.23,63,13,0,0,3266,1
711,8711,44,Female,138181,Social Media,Consideration,2666.68,0.17,0.17,31,7.7,14.85,64,11,5,0,4218,1
712,8712,27,Male,80482,Social Media,Conversion,8433.43,0.06,0.11,47,9.4,11.64,14,18,1,5,1023,1
713,8713,43,Female,99098,Social Media,Conversion,9536.11,0.18,0.11,18,4.96,14.93,81,9,4,9,501,1
714,8714,36,Male,31304,Social Media,Conversion,5040.49,0.18,0.07,16,1.59,7.72,88,7,9,7,4730,1
715,8715,56,Female,142978,Email,Retention,7629.26,0.13,0.17,5,7.67,6.78,0,16,3,9,830,1
716,8716,20,Female,76625,Social Media,Consideration,5296.0,0.12,0.17,24,8.8,12.6,18,7,6,7,4274,1
717,8717,62,Male,92551,SEO,Conversion,787.72,0.08,0.08,32,3.91,7.2,55,8,8,6,732,1
718,8718,30,Male,64885,Social Media,Consideration,3328.5,0.11,0.07,18,3.0,11.46,63,13,8,3,1864,1
719,8719,67,Female,144359,Email,Consideration,966.12,0.15,0.15,14,4.03,14.92,33,14,9,5,1294,1
720,8720,45,Male,91246,Referral,Awareness,9889.9,0.08,0.02,34,9.17,11.01,63,15,0,8,3456,1
721,8721,37,Female,32588,Referral,Retention,2367.36,0.24,0.17,48,4.76,0.71,9,7,6,3,2596,1
722,8722,45,Female,135910,Referral,Consideration,6395.41,0.22,0.09,31,6.89,3.11,75,2,6,7,4617,1
723,8723,25,Male,148658,PPC,Awareness,2915.02,0.09,0.09,37,1.67,4.51,59,1,4,7,4769,0
724,8724,58,Female,40967,SEO,Retention,6567.14,0.04,0.14,35,3.53,12.42,38,0,7,5,4840,1
725,8725,56,Female,107440,Email,Conversion,2182.98,0.01,0.13,31,3.05,14.02,65,7,9,6,4810,1
726,8726,18,Female,44256,Referral,Conversion,7874.17,0.18,0.06,31,1.56,9.92,31,5,3,0,687,1
727,8727,20,Female,78348,Email,Awareness,1197.03,0.07,0.19,39,2.09,1.78,50,10,0,1,1973,0
728,8728,30,Male,45052,Email,Conversion,8961.99,0.01,0.2,35,4.75,7.74,25,2,3,9,3693,1
729,8729,45,Male,148121,PPC,Awareness,8420.17,0.11,0.11,33,6.02,12.96,56,13,1,9,2627,1
730,8730,66,Female,100972,Referral,Awareness,6820.19,0.29,0.12,9,3.81,5.75,83,4,2,4,3913,1
731,8731,42,Female,107351,Social Media,Conversion,767.4,0.21,0.12,43,4.78,1.45,59,19,3,3,2287,1
732,8732,50,Male,78479,Email,Retention,2164.83,0.26,0.1,32,7.84,11.8,54,12,6,4,649,1
733,8733,55,Female,100732,Referral,Awareness,8607.68,0.05,0.19,43,3.22,10.03,5,4,8,4,2673,1
734,8734,23,Female,80200,Email,Retention,1307.55,0.03,0.06,9,1.31,7.27,6,4,3,9,627,0
735,8735,61,Male,103625,PPC,Retention,1643.73,0.01,0.03,43,3.31,12.82,65,9,1,2,2416,1
736,8736,62,Female,135205,PPC,Awareness,5485.63,0.29,0.19,34,9.29,12.82,80,12,9,5,3817,1
737,8737,49,Male,103140,Social Media,Retention,2814.36,0.1,0.05,21,1.16,10.66,25,9,9,0,3176,1
738,8738,62,Female,22506,PPC,Awareness,2298.55,0.14,0.15,22,2.16,14.16,94,7,3,3,2506,1
739,8739,64,Male,118120,Referral,Conversion,5800.55,0.12,0.05,6,1.59,7.08,97,1,7,9,4006,1
740,8740,38,Female,40709,PPC,Conversion,3788.51,0.22,0.19,20,4.39,11.07,81,1,1,9,424,1
741,8741,33,Male,78535,Social Media,Conversion,1491.54,0.1,0.16,0,6.83,12.54,77,18,7,3,4490,1
742,8742,38,Female,64840,SEO,Conversion,5395.05,0.17,0.18,12,9.19,9.72,4,9,4,8,1071,1
743,8743,28,Female,134440,Email,Conversion,3931.42,0.3,0.19,8,8.15,8.52,86,14,1,0,3193,1
744,8744,54,Male,132647,Email,Retention,7371.72,0.14,0.03,47,3.26,11.11,0,15,7,8,3015,1
745,8745,53,Female,80587,Referral,Retention,1117.28,0.17,0.09,49,6.71,5.64,83,9,1,7,3832,1
746,8746,52,Female,79321,Social Media,Retention,6244.07,0.16,0.13,46,6.97,5.81,1,9,3,9,2360,1
747,8747,36,Male,123783,Social Media,Consideration,4421.28,0.24,0.16,19,1.81,14.66,64,19,1,1,3495,1
748,8748,37,Female,63202,Social Media,Consideration,4120.01,0.09,0.06,46,4.84,2.22,9,18,5,1,2299,1
749,8749,35,Male,76588,Email,Awareness,2399.65,0.06,0.18,46,3.8,12.71,49,3,2,3,3900,1
750,8750,64,Female,23090,PPC,Consideration,401.22,0.23,0.05,9,2.41,11.94,50,1,6,5,2099,1
751,8751,58,Female,124801,Email,Conversion,8492.12,0.13,0.17,25,1.53,1.29,68,8,5,2,3739,1
752,8752,66,Female,79231,Email,Conversion,3331.46,0.28,0.11,49,1.24,10.7,40,10,0,8,4338,1
753,8753,31,Male,41552,Email,Conversion,6842.8,0.2,0.11,46,8.73,1.86,57,2,8,6,4172,1
754,8754,32,Female,114671,PPC,Awareness,9481.12,0.17,0.08,43,3.98,3.55,76,6,6,0,2345,1
755,8755,48,Female,100227,SEO,Awareness,5693.4,0.03,0.03,0,5.44,14.39,67,5,0,9,4429,0
756,8756,18,Female,125297,Referral,Awareness,4031.75,0.22,0.08,44,3.62,5.75,23,0,3,3,353,1
757,8757,20,Female,53741,SEO,Awareness,2755.91,0.21,0.09,16,2.49,1.32,90,11,3,2,3080,1
758,8758,33,Female,41661,SEO,Retention,9347.03,0.2,0.1,16,3.35,8.06,55,17,5,3,2310,1
759,8759,40,Male,61025,Email,Awareness,6852.56,0.09,0.15,38,2.53,3.49,99,8,2,5,35,0
760,8760,28,Male,26092,SEO,Awareness,6686.29,0.28,0.08,42,7.82,6.68,35,4,1,2,1805,1
761,8761,29,Male,55674,Email,Consideration,4318.97,0.1,0.09,11,9.17,1.97,1,12,2,8,4681,1
762,8762,27,Male,20570,Email,Retention,8465.98,0.05,0.18,40,4.91,1.89,95,17,3,9,754,1
763,8763,49,Male,32084,Referral,Conversion,7165.35,0.3,0.15,14,8.41,7.81,55,14,7,8,80,1
764,8764,33,Male,85843,Social Media,Consideration,2903.51,0.23,0.01,0,4.83,5.37,80,14,7,3,329,1
765,8765,25,Male,80752,Email,Awareness,6035.83,0.13,0.16,31,5.02,2.75,11,5,0,8,3479,1
766,8766,55,Male,89278,SEO,Conversion,4358.92,0.28,0.2,10,5.37,8.92,11,6,8,1,806,1
767,8767,29,Male,127278,Referral,Conversion,165.24,0.04,0.19,4,8.38,1.4,84,12,3,8,3326,1
768,8768,41,Male,114328,SEO,Conversion,8095.47,0.04,0.17,17,9.43,11.41,71,11,3,3,2470,1
769,8769,45,Male,20765,Social Media,Consideration,1316.02,0.21,0.13,49,7.7,1.24,21,9,3,9,4519,1
770,8770,25,Female,146355,PPC,Retention,5148.55,0.06,0.06,17,9.0,14.57,73,0,6,3,2190,1
771,8771,45,Female,127268,Social Media,Retention,3428.64,0.28,0.13,22,6.78,11.17,83,10,1,9,4749,1
772,8772,53,Male,44198,Referral,Conversion,3486.68,0.25,0.14,6,8.55,13.51,61,15,6,2,2446,1
773,8773,43,Female,81201,Social Media,Awareness,4825.91,0.1,0.06,45,6.01,6.88,63,0,9,1,4094,1
774,8774,25,Male,93271,Social Media,Retention,9970.53,0.27,0.06,25,7.95,1.34,27,17,1,7,3473,1
775,8775,67,Male,101738,Referral,Retention,4142.96,0.02,0.09,0,7.35,3.83,88,10,2,4,389,0
776,8776,45,Male,67199,Referral,Awareness,1905.06,0.17,0.13,27,7.74,14.58,27,8,4,9,1287,1
777,8777,45,Female,31377,SEO,Consideration,6174.7,0.28,0.07,19,3.11,9.47,3,13,0,5,3693,1
778,8778,54,Female,131578,Email,Consideration,2439.25,0.26,0.12,40,2.38,3.8,44,10,7,2,3985,1
779,8779,58,Male,99833,PPC,Awareness,1144.94,0.11,0.18,47,6.88,7.5,89,0,5,3,3294,1
780,8780,53,Male,28036,PPC,Consideration,596.72,0.06,0.07,22,5.35,5.1,12,10,3,1,3172,1
781,8781,44,Female,60364,PPC,Conversion,326.52,0.07,0.19,31,7.88,7.6,82,8,2,2,3735,1
782,8782,34,Male,135227,Social Media,Retention,4368.53,0.16,0.1,37,2.32,12.63,97,1,6,9,1498,1
783,8783,26,Male,109905,Referral,Consideration,4324.59,0.18,0.03,38,9.53,3.73,79,9,5,4,3031,1
784,8784,50,Female,120353,Referral,Conversion,1936.9,0.02,0.02,17,7.34,6.29,3,2,8,3,4986,1
785,8785,37,Female,137971,Referral,Conversion,7861.79,0.13,0.07,32,1.21,6.97,60,12,1,9,2036,1
786,8786,30,Female,57443,Email,Conversion,1379.78,0.25,0.06,24,6.19,9.01,83,10,5,9,3979,1
787,8787,45,Female,21663,Referral,Conversion,9161.64,0.14,0.17,31,3.81,1.63,25,17,9,1,2214,1
788,8788,65,Male,59244,Referral,Conversion,5917.0,0.06,0.15,47,3.47,3.5,93,13,0,1,1242,1
789,8789,46,Male,78391,Social Media,Awareness,373.4,0.29,0.18,49,9.12,6.27,5,4,3,5,3484,1
790,8790,30,Female,97564,SEO,Retention,9633.43,0.09,0.12,49,8.52,12.24,76,7,3,8,1024,1
791,8791,63,Male,105359,PPC,Retention,3148.62,0.24,0.09,27,1.09,3.21,55,9,8,6,4224,1
792,8792,52,Female,35077,Social Media,Awareness,4554.75,0.07,0.06,12,2.64,13.28,99,5,8,7,4772,1
793,8793,23,Female,77849,Social Media,Awareness,2914.26,0.13,0.12,18,7.48,5.42,80,14,7,3,651,1
794,8794,35,Female,125447,Social Media,Conversion,7311.37,0.15,0.13,2,8.63,4.18,26,7,7,1,2630,1
795,8795,68,Male,39631,PPC,Consideration,4908.23,0.16,0.08,26,7.46,6.44,34,3,4,6,1260,1
796,8796,22,Female,72652,Social Media,Retention,1410.49,0.16,0.19,16,5.73,8.53,96,8,2,0,3759,1
797,8797,64,Female,87446,SEO,Consideration,1131.62,0.08,0.13,42,9.86,11.14,81,4,9,0,4761,1
798,8798,42,Female,53500,Referral,Retention,7281.22,0.16,0.17,28,8.18,7.42,57,18,4,4,408,1
799,8799,19,Male,39897,SEO,Conversion,2447.11,0.15,0.13,48,5.21,12.36,83,16,9,2,3753,1
800,8800,27,Male,78915,Referral,Consideration,1464.15,0.07,0.07,43,6.25,12.37,62,1,6,5,2584,1
801,8801,47,Male,57377,Referral,Retention,5044.33,0.3,0.15,43,1.4,0.53,32,12,7,3,3608,1
802,8802,67,Male,96670,Social Media,Retention,8047.38,0.26,0.05,47,9.68,11.98,94,16,7,6,1944,1
803,8803,62,Male,122760,Social Media,Conversion,2859.95,0.27,0.12,32,4.26,6.92,82,13,1,0,784,1
804,8804,22,Female,46897,PPC,Consideration,2836.67,0.21,0.09,27,6.95,14.52,96,10,6,5,4426,1
805,8805,50,Female,67280,Email,Conversion,8355.42,0.06,0.04,19,7.0,12.39,80,6,3,1,3860,1
806,8806,18,Male,121639,SEO,Consideration,1563.55,0.17,0.09,44,1.51,6.07,32,1,3,2,2378,1
807,8807,35,Female,133849,PPC,Consideration,6205.6,0.25,0.07,33,3.39,9.7,99,2,8,9,4484,1
808,8808,49,Male,131118,PPC,Retention,9554.63,0.02,0.03,15,6.91,3.32,68,10,6,4,4705,1
809,8809,64,Female,77320,SEO,Awareness,8428.9,0.15,0.17,38,9.21,4.71,39,2,4,5,2456,1
810,8810,66,Female,92592,SEO,Consideration,711.97,0.12,0.1,1,8.01,3.43,46,0,4,0,4480,0
811,8811,28,Female,114486,Referral,Consideration,3267.12,0.07,0.08,49,6.22,11.39,44,18,6,4,2039,1
812,8812,38,Female,88289,Email,Conversion,1509.51,0.12,0.11,27,3.09,0.62,26,13,8,2,3232,1
813,8813,43,Male,51941,Social Media,Consideration,9497.48,0.3,0.15,16,9.54,6.41,6,16,5,8,1997,1
814,8814,42,Male,119676,Email,Consideration,9860.82,0.22,0.01,47,4.63,12.64,57,18,9,7,3758,1
815,8815,39,Female,34234,Email,Consideration,2426.43,0.1,0.11,19,2.35,10.78,13,18,6,9,4923,1
816,8816,44,Female,95172,Social Media,Consideration,6730.02,0.19,0.1,17,1.19,6.62,3,18,3,2,3114,1
817,8817,66,Male,23376,Email,Consideration,8432.15,0.08,0.18,27,9.55,9.68,81,18,8,3,644,1
818,8818,30,Male,50783,PPC,Awareness,2413.43,0.19,0.12,27,8.0,6.76,33,0,7,9,857,1
819,8819,50,Female,61249,PPC,Retention,1958.04,0.27,0.04,15,2.95,12.74,79,10,8,3,3774,1
820,8820,51,Male,63025,Social Media,Consideration,210.99,0.17,0.08,32,2.28,8.8,90,0,4,8,1793,1
821,8821,58,Female,36447,Social Media,Conversion,4178.43,0.22,0.13,20,9.64,9.67,37,6,0,3,2562,1
822,8822,52,Female,105865,SEO,Conversion,9004.43,0.14,0.02,4,3.17,14.84,19,7,7,8,2017,1
823,8823,18,Male,36713,SEO,Consideration,9039.5,0.16,0.18,46,5.16,11.67,45,6,7,3,3816,1
824,8824,38,Male,148869,Email,Consideration,1364.66,0.21,0.02,44,6.5,4.65,18,14,6,5,1162,1
825,8825,65,Female,24858,Email,Consideration,2123.09,0.25,0.02,36,1.56,11.71,0,15,6,4,765,1
826,8826,23,Female,71115,Social Media,Awareness,4139.67,0.2,0.01,17,4.1,13.96,22,7,4,5,3810,1
827,8827,45,Female,105008,Email,Retention,7828.18,0.29,0.14,4,9.49,4.78,61,9,7,7,3186,1
828,8828,34,Male,79834,Referral,Conversion,6157.33,0.25,0.1,47,7.3,12.35,72,3,2,8,3012,1
829,8829,22,Male,102060,PPC,Awareness,5187.11,0.24,0.03,42,4.31,3.95,27,12,4,1,860,1
830,8830,48,Female,131923,Email,Awareness,5960.13,0.26,0.17,10,8.13,6.79,83,3,9,0,2976,1
831,8831,22,Female,24539,Email,Consideration,1052.38,0.09,0.05,21,8.53,10.51,79,18,9,1,413,0
832,8832,55,Male,83983,SEO,Retention,4828.87,0.14,0.07,22,2.37,4.03,76,5,8,3,4940,1
833,8833,20,Female,38857,Referral,Consideration,9921.43,0.17,0.04,25,6.28,3.22,32,15,7,5,3635,1
834,8834,40,Male,123898,Email,Conversion,975.62,0.14,0.19,26,4.3,7.21,2,6,8,4,1132,1
835,8835,54,Male,122207,PPC,Retention,5240.54,0.26,0.15,2,5.56,11.86,78,12,7,3,648,1
836,8836,54,Male,25364,Email,Consideration,3026.93,0.02,0.15,41,5.22,9.14,15,2,5,7,199,1
837,8837,27,Male,85985,Social Media,Conversion,5445.14,0.07,0.02,1,5.53,10.67,29,17,6,2,3458,1
838,8838,27,Female,79169,Referral,Awareness,5780.81,0.27,0.11,16,5.7,10.49,24,16,5,0,431,1
839,8839,36,Female,106366,Email,Conversion,5816.98,0.03,0.12,2,1.62,8.4,77,2,1,8,851,0
840,8840,34,Female,41078,Referral,Conversion,8536.87,0.08,0.08,2,2.6,5.08,0,19,0,6,1332,1
841,8841,38,Female,57574,Email,Conversion,3958.5,0.11,0.07,39,6.1,6.61,32,3,0,3,3137,1
842,8842,31,Male,20869,PPC,Retention,5211.91,0.23,0.17,15,9.42,6.02,36,10,6,9,1775,1
843,8843,26,Male,124383,PPC,Awareness,208.19,0.17,0.01,11,7.72,1.65,28,17,7,9,2309,1
844,8844,63,Male,82624,Referral,Retention,7916.55,0.29,0.13,0,3.15,13.53,36,18,0,0,682,1
845,8845,18,Male,60075,SEO,Awareness,2668.93,0.08,0.08,3,4.26,9.81,60,7,0,8,4833,1
846,8846,68,Female,113676,SEO,Consideration,8183.89,0.26,0.14,16,4.02,12.93,7,12,6,2,2783,1
847,8847,62,Female,23659,Social Media,Consideration,2729.82,0.09,0.05,18,7.93,11.75,0,17,4,3,2258,1
848,8848,30,Female,56370,SEO,Conversion,206.81,0.08,0.06,3,9.75,1.49,62,0,8,3,2684,1
849,8849,21,Male,126888,Referral,Conversion,1632.83,0.15,0.12,46,4.2,3.64,87,19,8,0,1373,1
850,8850,18,Male,78185,SEO,Retention,9858.26,0.03,0.2,38,1.13,14.29,64,16,6,3,3168,1
851,8851,66,Female,137136,Social Media,Awareness,3266.03,0.12,0.2,19,9.43,7.2,45,2,6,9,1724,1
852,8852,57,Male,99921,Email,Awareness,1177.36,0.11,0.06,48,7.78,12.27,42,6,1,1,4777,1
853,8853,49,Female,63751,SEO,Awareness,1275.71,0.06,0.03,40,8.51,8.84,9,5,1,3,1216,0
854,8854,51,Female,82758,Referral,Conversion,3172.39,0.26,0.12,38,2.88,12.44,81,14,9,6,3327,1
855,8855,45,Male,142280,Referral,Conversion,472.69,0.12,0.09,3,6.81,11.15,84,6,0,7,4375,1
856,8856,48,Female,104873,Social Media,Awareness,5163.74,0.29,0.15,16,3.09,4.56,9,6,6,6,4898,1
857,8857,25,Female,25131,Social Media,Conversion,2216.04,0.27,0.11,14,1.1,14.87,61,11,4,0,1048,1
858,8858,56,Male,21358,PPC,Awareness,5241.18,0.07,0.11,40,2.41,7.61,85,8,0,3,270,1
859,8859,43,Female,143870,PPC,Retention,1493.57,0.16,0.13,27,9.31,8.98,50,8,6,6,4122,1
860,8860,51,Male,111150,PPC,Consideration,4355.59,0.18,0.03,15,2.94,8.34,44,10,6,5,398,1
861,8861,20,Male,77371,Email,Awareness,6019.38,0.25,0.14,5,6.27,13.34,72,9,9,5,1531,1
862,8862,67,Female,102307,Referral,Conversion,713.8,0.27,0.1,27,9.71,4.56,72,9,2,5,3945,1
863,8863,29,Female,99139,PPC,Retention,4047.62,0.19,0.17,31,1.68,1.39,44,14,2,5,726,0
864,8864,18,Male,36246,Referral,Conversion,3094.99,0.02,0.04,16,8.27,6.71,84,15,3,5,192,1
865,8865,61,Male,37216,Social Media,Conversion,2479.56,0.15,0.07,24,6.38,13.82,57,7,6,5,3984,1
866,8866,22,Female,61209,Email,Conversion,6084.89,0.27,0.19,38,3.91,6.87,94,12,6,7,2874,1
867,8867,47,Female,62987,Social Media,Awareness,5926.57,0.22,0.12,16,4.28,4.52,65,8,7,1,3338,1
868,8868,47,Female,128024,Referral,Retention,6343.93,0.26,0.19,45,1.24,9.47,23,13,8,0,2396,1
869,8869,34,Male,40577,PPC,Awareness,1672.94,0.21,0.14,14,3.3,11.19,96,19,4,5,1209,1
870,8870,65,Female,136526,Social Media,Consideration,2928.52,0.02,0.19,49,4.81,7.21,74,17,9,6,694,1
871,8871,64,Male,62320,SEO,Awareness,2175.82,0.29,0.07,17,7.45,6.01,64,1,7,9,3697,1
872,8872,40,Female,148038,Email,Consideration,5450.99,0.28,0.03,45,3.47,5.79,54,8,0,8,2412,1
873,8873,32,Male,31301,Referral,Retention,4664.55,0.05,0.16,19,6.22,6.61,50,9,1,2,1612,1
874,8874,54,Female,95051,PPC,Retention,3369.91,0.04,0.16,22,7.59,12.72,71,19,7,0,4187,1
875,8875,38,Male,112338,Social Media,Awareness,7881.55,0.17,0.13,4,7.29,7.5,72,10,7,5,3649,1
876,8876,31,Female,146560,Email,Awareness,1030.34,0.23,0.12,38,6.31,5.06,20,9,8,9,3840,1
877,8877,19,Male,20891,PPC,Conversion,9751.48,0.12,0.18,11,6.22,3.14,46,18,6,4,3564,1
878,8878,28,Male,41972,Social Media,Consideration,1253.79,0.05,0.04,16,7.49,4.6,21,0,7,3,2895,0
879,8879,68,Female,70457,Referral,Conversion,7753.4,0.16,0.13,29,4.02,7.21,28,13,1,9,798,1
880,8880,56,Female,133389,SEO,Conversion,3745.48,0.11,0.02,18,5.05,8.44,39,8,7,9,3450,1
881,8881,55,Female,74435,SEO,Retention,8666.1,0.11,0.04,31,9.7,9.51,2,4,2,6,2065,1
882,8882,51,Male,40932,Referral,Awareness,834.28,0.2,0.09,15,7.02,1.54,48,11,9,4,2221,1
883,8883,55,Female,24192,Email,Retention,3809.74,0.27,0.17,1,5.68,9.39,24,19,3,3,1561,1
884,8884,67,Female,36128,Referral,Awareness,3420.89,0.17,0.15,11,6.2,5.6,81,17,6,9,1704,1
885,8885,51,Male,42836,Social Media,Retention,9932.25,0.21,0.2,48,1.94,4.23,10,16,6,9,3439,1
886,8886,35,Male,44837,Email,Retention,9856.94,0.2,0.02,2,6.33,5.3,93,19,5,9,3357,1
887,8887,47,Female,137028,SEO,Retention,1979.06,0.17,0.08,7,8.53,11.87,88,7,0,8,1197,1
888,8888,32,Female,136481,Social Media,Consideration,6336.47,0.1,0.04,36,5.71,12.15,74,0,8,7,3259,1
889,8889,44,Female,145176,PPC,Retention,5401.64,0.12,0.02,23,2.59,2.0,97,3,2,3,2733,0
890,8890,68,Female,145172,PPC,Consideration,1628.3,0.1,0.06,48,5.03,7.67,87,11,9,3,3288,1
891,8891,51,Female,42778,PPC,Retention,1761.02,0.28,0.06,24,3.5,8.18,47,15,3,9,1497,1
892,8892,69,Male,63130,SEO,Awareness,9893.59,0.25,0.09,24,4.24,0.94,31,4,1,8,2633,1
893,8893,55,Female,36708,Referral,Consideration,4582.03,0.18,0.04,13,3.03,10.9,2,17,4,7,1536,1
894,8894,50,Female,127481,Email,Awareness,1345.43,0.27,0.1,45,4.01,5.82,44,17,5,6,4498,1
895,8895,41,Male,44232,SEO,Awareness,2226.42,0.27,0.18,35,8.4,6.56,88,18,5,0,514,1
896,8896,32,Female,77266,Social Media,Awareness,2756.65,0.28,0.15,14,7.82,9.34,19,12,0,3,1493,1
897,8897,47,Male,59412,Social Media,Consideration,5158.08,0.07,0.17,31,5.41,7.3,19,0,3,0,4965,1
898,8898,59,Female,24782,PPC,Conversion,3421.93,0.22,0.16,1,8.04,11.35,50,7,9,4,1126,1
899,8899,68,Male,81196,Email,Consideration,4604.62,0.19,0.08,20,9.78,9.14,80,0,3,3,3062,1
900,8900,34,Male,46315,PPC,Conversion,1748.35,0.22,0.14,3,4.66,3.78,19,19,2,6,1656,1
901,8901,22,Male,30052,Social Media,Consideration,3334.61,0.09,0.15,28,9.82,13.12,81,6,6,7,2638,1
902,8902,46,Female,39521,Social Media,Retention,796.13,0.21,0.05,48,3.21,3.63,13,18,3,0,3390,1
903,8903,21,Male,89434,Referral,Conversion,8908.13,0.13,0.17,28,9.59,10.85,97,2,6,4,844,1
904,8904,27,Female,102755,Referral,Retention,2067.65,0.25,0.1,22,8.78,11.99,79,17,2,9,1403,1
905,8905,34,Female,89690,Referral,Conversion,7593.31,0.24,0.01,2,2.79,10.48,31,17,3,6,2116,1
906,8906,27,Female,55546,PPC,Consideration,3560.56,0.07,0.13,20,4.15,6.62,71,5,2,2,2618,1
907,8907,34,Male,99345,Email,Consideration,4796.53,0.06,0.14,15,7.37,13.23,41,19,3,8,1451,1
908,8908,37,Female,45972,Referral,Conversion,2983.48,0.22,0.11,43,2.72,5.25,79,13,9,7,2284,1
909,8909,41,Male,124713,SEO,Retention,6994.77,0.17,0.05,19,6.32,10.46,38,6,3,4,3570,1
910,8910,22,Female,144556,Referral,Awareness,8461.01,0.17,0.1,34,5.81,13.23,37,10,3,2,4963,1
911,8911,51,Male,98059,PPC,Conversion,2934.07,0.23,0.09,4,3.63,2.75,63,4,2,2,506,0
912,8912,23,Female,84385,Email,Conversion,2497.95,0.26,0.2,47,3.7,9.96,3,12,5,2,878,1
913,8913,19,Female,122617,Referral,Retention,6846.26,0.08,0.17,25,5.65,13.56,98,12,4,1,2292,1
914,8914,30,Female,42030,Email,Awareness,2032.02,0.17,0.15,6,3.7,1.99,91,0,5,0,2999,0
915,8915,60,Female,144717,SEO,Conversion,6434.41,0.25,0.04,15,2.62,2.61,62,1,6,0,3223,1
916,8916,60,Male,60376,Social Media,Awareness,1034.84,0.26,0.07,16,7.96,5.98,60,17,3,8,974,1
917,8917,65,Male,105641,Email,Awareness,6239.36,0.09,0.08,1,6.24,14.92,77,3,8,6,1593,1
918,8918,28,Female,132021,Referral,Consideration,5182.73,0.04,0.1,11,4.94,3.75,4,13,0,6,2966,1
919,8919,68,Female,109831,PPC,Retention,1227.67,0.08,0.02,12,2.63,5.21,65,4,7,9,552,0
920,8920,64,Male,97400,PPC,Conversion,6526.13,0.28,0.12,4,6.35,12.61,44,15,1,1,3514,1
921,8921,40,Female,129518,PPC,Conversion,4520.92,0.14,0.08,15,6.66,2.4,49,19,2,3,2701,1
922,8922,33,Female,98412,PPC,Awareness,2249.44,0.13,0.12,27,5.32,14.94,87,2,1,7,1512,1
923,8923,48,Female,38055,Email,Conversion,3598.5,0.01,0.01,7,4.35,11.21,2,19,9,5,42,1
924,8924,28,Male,119220,PPC,Awareness,4971.81,0.02,0.07,27,8.81,14.41,22,13,5,3,102,1
925,8925,33,Male,107508,Social Media,Conversion,1006.39,0.2,0.16,45,7.34,2.59,10,4,4,9,1418,1
926,8926,25,Male,45493,SEO,Retention,9580.33,0.18,0.11,7,4.21,3.87,37,11,6,2,3157,1
927,8927,21,Female,94861,Email,Conversion,6689.07,0.18,0.16,28,6.34,5.88,55,12,8,1,3170,1
928,8928,57,Female,141184,Email,Awareness,1115.1,0.04,0.14,17,3.1,1.24,34,15,6,3,4510,1
929,8929,21,Female,136524,PPC,Awareness,8246.34,0.11,0.17,43,1.1,1.38,64,15,8,3,337,1
930,8930,42,Female,136826,PPC,Conversion,3293.29,0.25,0.01,42,8.82,13.61,5,18,4,0,4141,1
931,8931,20,Female,56775,Email,Conversion,6008.32,0.06,0.06,15,8.37,1.12,69,3,2,7,3277,1
932,8932,49,Female,71057,PPC,Awareness,2843.71,0.27,0.11,25,6.75,11.37,39,12,2,7,664,1
933,8933,20,Female,105909,PPC,Consideration,7360.72,0.05,0.19,21,8.3,10.91,89,17,3,5,4504,1
934,8934,44,Male,56253,PPC,Consideration,7257.79,0.06,0.14,14,8.03,1.56,34,12,1,4,3289,1
935,8935,46,Female,106717,PPC,Conversion,5565.23,0.15,0.1,12,8.74,3.22,12,11,2,0,1193,1
936,8936,49,Female,145000,PPC,Retention,2485.16,0.28,0.03,21,9.03,7.09,24,18,8,7,11,1
937,8937,67,Male,71884,Referral,Conversion,2611.67,0.11,0.1,20,8.37,9.8,85,16,8,6,2015,1
938,8938,68,Male,142402,Referral,Retention,3890.34,0.2,0.09,49,8.67,13.49,80,9,7,2,1573,1
939,8939,36,Male,96497,Referral,Conversion,1535.62,0.18,0.16,23,5.52,8.14,77,6,1,6,4917,1
940,8940,38,Female,37705,Email,Awareness,3442.79,0.05,0.09,0,7.37,14.08,66,13,8,6,3540,1
941,8941,22,Female,64676,SEO,Conversion,6875.11,0.08,0.07,28,4.0,3.26,67,6,4,1,1424,1
942,8942,35,Female,121658,Email,Retention,8325.37,0.28,0.03,0,8.75,9.53,98,0,7,9,1524,1
943,8943,45,Female,111640,Referral,Retention,3392.56,0.06,0.02,0,8.73,12.75,46,13,5,2,2847,1
944,8944,59,Male,99045,Email,Conversion,2412.54,0.21,0.09,8,1.6,3.88,54,2,1,6,1341,0
945,8945,39,Male,27101,SEO,Conversion,8343.16,0.29,0.08,20,4.12,11.93,91,8,0,8,1092,1
946,8946,38,Male,82495,PPC,Consideration,8917.97,0.04,0.12,13,2.54,6.3,42,10,3,5,899,1
947,8947,23,Female,24743,Social Media,Conversion,4159.21,0.13,0.15,27,2.22,14.99,1,14,3,9,1132,1
948,8948,18,Male,28951,Referral,Conversion,366.35,0.07,0.02,17,4.73,1.83,44,4,6,3,1747,1
949,8949,22,Female,27014,Referral,Awareness,6980.12,0.07,0.1,32,6.63,8.52,47,18,1,9,3317,1
950,8950,58,Female,56180,SEO,Retention,7861.93,0.04,0.17,42,4.09,11.85,61,3,3,3,1017,1
951,8951,29,Female,76977,PPC,Consideration,278.44,0.2,0.1,1,3.78,10.3,37,19,9,7,3397,1
952,8952,43,Male,136045,PPC,Awareness,5990.81,0.23,0.11,33,1.85,7.83,46,12,0,7,3280,1
953,8953,63,Female,79534,Social Media,Conversion,5924.85,0.21,0.1,23,4.45,7.94,3,5,6,9,3434,1
954,8954,51,Female,83209,PPC,Retention,3849.21,0.28,0.08,18,5.24,6.38,59,6,2,8,4493,1
955,8955,66,Male,138169,SEO,Conversion,7522.7,0.05,0.03,1,4.59,5.46,48,15,7,3,187,1
956,8956,31,Female,61908,PPC,Conversion,4338.97,0.1,0.03,5,7.12,9.11,75,7,0,4,4558,1
957,8957,43,Female,149067,SEO,Conversion,6800.08,0.11,0.04,14,3.59,11.35,33,8,0,7,728,1
958,8958,62,Male,128575,Referral,Conversion,5219.46,0.08,0.16,10,7.44,4.55,43,8,8,7,4492,1
959,8959,44,Female,70918,Referral,Retention,2559.8,0.05,0.06,15,8.94,14.23,93,18,4,2,4322,1
960,8960,26,Male,28219,Referral,Awareness,6104.36,0.15,0.19,20,6.32,5.79,84,18,3,4,2151,1
961,8961,43,Female,27163,Email,Conversion,7395.39,0.25,0.16,26,4.5,6.79,55,10,3,9,29,1
962,8962,64,Male,22470,Referral,Conversion,9741.67,0.29,0.14,21,2.62,6.46,91,15,7,9,3601,1
963,8963,39,Female,129034,SEO,Consideration,3863.08,0.05,0.15,2,9.39,2.11,41,8,8,1,3348,0
964,8964,64,Male,36543,Social Media,Consideration,738.28,0.25,0.02,2,7.77,2.18,49,14,6,5,4952,1
965,8965,47,Female,39276,PPC,Retention,9880.92,0.25,0.12,20,3.22,12.03,68,10,7,4,3115,1
966,8966,60,Female,140014,Referral,Conversion,6275.69,0.12,0.19,42,2.36,6.03,32,7,1,9,1592,1
967,8967,65,Female,56881,Email,Conversion,9469.86,0.04,0.02,5,1.44,3.63,97,2,9,7,2950,0
968,8968,34,Female,98950,Email,Conversion,1127.89,0.3,0.07,24,2.71,10.76,95,13,6,1,1246,1
969,8969,43,Female,27749,SEO,Retention,3486.14,0.2,0.02,40,7.59,14.42,90,5,3,6,3554,1
970,8970,53,Male,44182,Social Media,Retention,1425.97,0.29,0.12,36,6.67,14.08,66,4,7,4,4552,1
971,8971,18,Male,97450,Referral,Conversion,8371.55,0.15,0.03,29,9.71,10.99,41,10,9,4,448,1
972,8972,25,Female,100543,Referral,Conversion,8815.39,0.12,0.1,38,3.9,3.28,43,9,7,4,2066,1
973,8973,66,Male,116487,Email,Retention,5062.99,0.08,0.15,19,8.08,2.73,67,19,9,4,3240,1
974,8974,52,Male,130227,SEO,Conversion,1947.4,0.3,0.04,0,2.08,13.13,99,10,1,0,2294,0
975,8975,69,Female,118144,Email,Awareness,1358.48,0.08,0.15,34,6.06,14.46,56,5,8,7,3167,1
976,8976,32,Male,145351,Email,Awareness,5922.82,0.02,0.02,42,5.2,9.52,35,7,5,1,2448,1
977,8977,64,Male,41383,Social Media,Retention,5113.13,0.16,0.04,25,8.54,13.57,40,13,4,6,1663,1
978,8978,39,Female,98578,SEO,Awareness,6978.41,0.12,0.06,20,7.31,12.32,55,12,8,4,3758,1
979,8979,31,Female,136258,Social Media,Consideration,3121.55,0.09,0.16,9,2.75,2.73,2,2,2,3,1356,0
980,8980,43,Female,45412,SEO,Conversion,4083.44,0.19,0.17,44,9.85,3.73,55,5,4,1,1391,1
981,8981,45,Female,33181,Referral,Consideration,311.47,0.12,0.05,28,8.41,1.48,55,16,4,3,2592,1
982,8982,40,Female,64898,PPC,Consideration,6140.42,0.13,0.03,2,4.19,7.37,64,0,7,5,1634,1
983,8983,31,Female,79630,PPC,Consideration,4289.12,0.02,0.17,42,8.43,5.2,38,10,8,8,4535,1
984,8984,41,Male,23405,SEO,Awareness,9205.67,0.18,0.13,40,9.61,6.68,39,0,8,4,2302,1
985,8985,19,Male,116404,PPC,Conversion,6453.68,0.05,0.04,42,9.01,0.63,38,13,4,2,3620,1
986,8986,62,Female,30862,Email,Conversion,4047.08,0.07,0.12,40,6.01,10.96,26,8,1,2,4462,1
987,8987,43,Female,74679,Referral,Retention,2709.53,0.22,0.18,12,6.19,3.41,66,9,9,4,3912,1
988,8988,31,Female,48688,Referral,Consideration,9062.32,0.1,0.02,8,1.96,5.84,99,11,5,3,4644,1
989,8989,68,Male,68017,PPC,Awareness,261.02,0.06,0.03,45,2.48,6.33,93,3,3,7,2385,0
990,8990,24,Male,116481,SEO,Consideration,3336.43,0.18,0.06,15,9.84,1.46,64,17,8,0,960,1
991,8991,20,Female,32939,Email,Consideration,9440.71,0.07,0.13,48,7.93,5.8,73,10,7,9,2070,1
992,8992,64,Male,132271,SEO,Conversion,6574.93,0.09,0.04,46,1.23,13.55,2,15,5,2,2621,1
993,8993,40,Female,114467,PPC,Retention,5373.92,0.19,0.17,27,5.93,13.45,2,17,1,4,870,1
994,8994,63,Male,124152,Referral,Awareness,2114.99,0.22,0.15,27,4.11,0.86,36,6,2,3,1007,1
995,8995,60,Male,59585,Referral,Conversion,8350.41,0.22,0.12,10,3.8,0.93,97,19,1,0,2229,1
996,8996,64,Female,136315,SEO,Consideration,2121.57,0.15,0.03,43,6.01,9.11,19,3,5,4,4779,1
997,8997,62,Female,124447,Social Media,Conversion,2557.71,0.14,0.2,29,3.88,3.47,10,1,3,0,30,1
998,8998,35,Male,132813,SEO,Consideration,1999.33,0.24,0.1,10,3.26,13.53,82,8,0,7,4105,1
999,8999,55,Male,128362,Social Media,Awareness,1665.68,0.07,0.1,28,9.44,7.5,90,11,8,9,2406,1
1000,9000,52,Female,126700,SEO,Conversion,9537.79,0.05,0.2,49,1.36,5.22,23,18,5,5,1840,1
1001,9001,68,Male,42942,Social Media,Conversion,6060.11,0.2,0.17,11,4.93,14.32,69,8,1,6,2811,1
1002,9002,32,Female,130075,Social Media,Conversion,6414.59,0.13,0.1,7,5.6,5.11,64,9,2,8,4907,1
1003,9003,42,Female,25272,Social Media,Conversion,9547.82,0.22,0.09,9,4.96,5.15,82,8,7,7,2976,1
1004,9004,54,Male,64134,Social Media,Conversion,2382.69,0.08,0.03,34,6.92,2.43,73,4,8,0,4093,0
1005,9005,45,Female,44265,Email,Awareness,158.58,0.1,0.19,35,1.23,3.72,31,0,8,1,2606,0
1006,9006,27,Male,143671,Social Media,Retention,6028.95,0.27,0.17,12,8.96,11.53,61,15,4,1,2887,1
1007,9007,56,Female,68192,Social Media,Awareness,5127.66,0.13,0.07,26,5.5,11.52,54,8,3,2,587,1
1008,9008,34,Male,48668,Referral,Conversion,4828.74,0.18,0.15,39,5.98,6.11,35,4,4,4,4762,1
1009,9009,56,Female,131732,Email,Consideration,712.61,0.04,0.15,1,5.16,5.57,65,3,0,5,1642,0
1010,9010,39,Male,101560,Social Media,Consideration,4598.91,0.06,0.05,27,5.0,6.57,36,4,2,2,1466,1
1011,9011,43,Male,117435,PPC,Conversion,2946.84,0.02,0.13,33,2.68,4.86,13,3,8,5,2530,1
1012,9012,61,Female,89283,Email,Retention,2818.19,0.13,0.06,20,5.54,9.31,45,13,7,5,2707,1
1013,9013,42,Female,29297,Referral,Conversion,2301.58,0.3,0.16,5,4.79,12.63,76,7,3,9,96,1
1014,9014,34,Female,84005,SEO,Awareness,3392.03,0.26,0.04,38,5.21,0.64,55,12,0,2,4982,1
1015,9015,30,Male,148833,Referral,Retention,3596.02,0.19,0.14,25,1.12,14.07,49,10,2,3,17,1
1016,9016,37,Female,78434,Referral,Retention,3156.88,0.26,0.07,35,2.18,2.21,60,13,3,3,975,1
1017,9017,42,Male,84749,Email,Awareness,9789.65,0.18,0.02,39,7.87,13.55,16,9,3,0,2752,1
1018,9018,21,Male,21607,Email,Retention,9334.04,0.12,0.03,17,4.77,3.89,26,6,0,9,3814,1
1019,9019,27,Female,79183,PPC,Conversion,5787.65,0.06,0.13,41,7.69,13.8,53,18,5,0,3406,1
1020,9020,20,Male,106994,PPC,Conversion,9812.44,0.2,0.06,42,2.54,11.92,28,16,8,3,1973,1
1021,9021,58,Female,76305,Email,Consideration,9912.86,0.07,0.13,38,7.28,4.4,12,3,7,7,2318,1
1022,9022,62,Female,47973,Email,Awareness,3623.8,0.13,0.09,4,3.6,0.91,48,19,1,8,3773,1
1023,9023,35,Female,43117,Email,Retention,4507.36,0.25,0.14,25,7.35,10.88,24,13,6,5,1621,1
1024,9024,64,Female,101986,SEO,Retention,9594.71,0.05,0.1,10,1.78,12.42,87,11,2,2,4773,1
1025,9025,53,Female,101071,Referral,Retention,6125.4,0.05,0.07,49,4.0,10.36,99,10,5,0,3116,1
1026,9026,64,Male,142688,PPC,Conversion,2208.0,0.08,0.04,15,2.07,6.03,22,0,1,3,2520,0
1027,9027,39,Female,114891,PPC,Awareness,6924.87,0.17,0.07,18,6.67,2.35,25,8,7,1,4668,1
1028,9028,51,Male,27645,Social Media,Conversion,2136.89,0.08,0.13,4,4.53,5.53,47,0,3,6,4576,1
1029,9029,64,Male,62238,SEO,Retention,3459.64,0.16,0.15,6,1.67,4.39,35,9,5,2,3939,1
1030,9030,25,Female,89694,Email,Conversion,2352.85,0.1,0.04,2,5.74,10.98,5,10,2,7,3578,1
1031,9031,57,Female,61773,Email,Retention,2525.3,0.16,0.14,24,1.22,2.81,79,4,0,8,1598,0
1032,9032,66,Female,36786,SEO,Retention,146.09,0.09,0.04,9,8.37,12.38,73,8,1,3,777,0
1033,9033,61,Male,60693,PPC,Conversion,8819.02,0.29,0.05,4,9.45,9.37,38,2,9,4,2674,1
1034,9034,36,Female,116447,Email,Retention,3030.31,0.15,0.11,31,8.29,7.5,56,1,7,4,4357,1
1035,9035,59,Male,46578,Social Media,Conversion,955.11,0.23,0.06,31,9.56,5.72,90,17,5,7,1480,1
1036,9036,58,Female,66408,PPC,Consideration,961.18,0.21,0.14,4,9.07,7.86,65,13,3,0,333,1
1037,9037,54,Female,89702,Referral,Conversion,5604.58,0.15,0.19,42,9.05,8.33,9,4,8,5,890,1
1038,9038,23,Female,104845,SEO,Consideration,9929.91,0.08,0.04,18,3.21,3.94,71,13,6,1,1524,1
1039,9039,69,Male,35076,PPC,Consideration,1535.72,0.16,0.12,11,3.08,14.84,8,4,0,8,3358,1
1040,9040,43,Male,39377,Referral,Conversion,1086.26,0.21,0.19,30,8.28,13.69,76,1,5,6,1058,1
1041,9041,51,Male,29278,Social Media,Awareness,4439.21,0.14,0.04,16,5.42,6.17,71,6,3,9,2962,1
1042,9042,62,Female,84808,SEO,Awareness,5676.98,0.03,0.08,21,9.48,4.18,26,17,5,8,1568,1
1043,9043,23,Female,147220,Email,Conversion,3014.37,0.02,0.03,46,9.08,4.95,45,15,7,9,4312,1
1044,9044,54,Male,145446,Email,Conversion,3094.97,0.11,0.13,49,9.04,14.71,62,4,8,3,4603,1
1045,9045,50,Female,147368,Referral,Retention,4302.32,0.05,0.14,40,3.94,6.4,41,19,2,4,2942,1
1046,9046,39,Female,53539,PPC,Retention,3210.04,0.27,0.14,21,2.2,13.72,84,11,1,9,1645,1
1047,9047,38,Female,146552,Social Media,Conversion,9161.78,0.06,0.11,48,7.1,1.36,40,12,9,6,4863,1
1048,9048,23,Female,31440,Referral,Awareness,515.35,0.12,0.15,25,4.97,11.76,33,7,6,2,1016,1
1049,9049,23,Female,142059,Social Media,Retention,2422.24,0.22,0.02,30,9.41,11.55,92,13,6,7,3178,1
1050,9050,65,Male,46245,Social Media,Retention,8104.67,0.25,0.19,42,8.68,9.94,29,4,2,6,1665,1
1051,9051,21,Male,42097,Social Media,Awareness,8356.19,0.15,0.05,5,9.36,2.26,43,3,4,5,2555,1
1052,9052,47,Male,93703,SEO,Conversion,1204.4,0.06,0.03,11,6.11,14.73,79,8,9,7,2200,1
1053,9053,28,Female,87092,Referral,Awareness,9740.26,0.09,0.19,42,5.74,3.59,0,14,7,1,3302,1
1054,9054,47,Female,129454,SEO,Consideration,6964.21,0.13,0.17,26,8.62,10.79,44,13,2,4,3571,1
1055,9055,48,Female,21151,PPC,Retention,2798.67,0.12,0.16,16,5.61,11.4,46,4,7,8,2030,1
1056,9056,41,Male,41698,PPC,Retention,4614.77,0.11,0.03,9,9.1,11.52,92,14,2,7,2072,1
1057,9057,26,Female,37601,Email,Retention,3041.67,0.05,0.16,44,1.31,12.48,29,3,3,0,661,0
1058,9058,20,Male,46807,Email,Awareness,1585.22,0.27,0.13,4,4.23,14.84,21,17,2,9,2928,1
1059,9059,68,Male,65302,Email,Awareness,2982.66,0.02,0.15,3,8.51,1.89,14,4,4,7,1152,0
1060,9060,48,Female,105864,PPC,Conversion,5842.91,0.14,0.2,38,2.89,7.35,83,16,7,1,4255,1
1061,9061,57,Female,28039,Social Media,Retention,8277.1,0.29,0.05,14,4.59,14.64,37,13,4,6,3055,1
1062,9062,54,Female,136730,Social Media,Consideration,3698.94,0.2,0.11,1,1.09,13.29,22,16,6,0,4558,1
1063,9063,53,Female,67427,Referral,Conversion,3544.23,0.11,0.15,48,3.72,14.86,30,18,3,2,4813,1
1064,9064,41,Male,91839,PPC,Awareness,4733.21,0.05,0.09,7,3.87,8.95,56,12,9,6,4418,1
1065,9065,48,Male,78049,Email,Consideration,6481.1,0.29,0.02,15,7.59,10.26,80,12,1,9,4161,1
1066,9066,23,Male,39053,PPC,Conversion,7541.0,0.01,0.03,19,7.1,4.33,34,12,5,0,1782,1
1067,9067,19,Female,117180,Social Media,Awareness,3335.32,0.21,0.12,23,5.0,7.15,65,1,4,8,1292,1
1068,9068,37,Female,136801,Social Media,Consideration,5904.89,0.27,0.06,34,7.56,0.8,52,14,7,3,3315,1
1069,9069,45,Male,121281,SEO,Conversion,3954.67,0.02,0.04,16,4.86,10.94,30,0,7,4,1144,1
1070,9070,28,Female,130845,SEO,Consideration,7192.36,0.22,0.07,4,4.91,13.93,25,14,0,2,4069,1
1071,9071,21,Male,106298,Referral,Awareness,1730.28,0.3,0.05,13,6.81,2.13,30,15,7,8,4434,1
1072,9072,32,Male,109147,PPC,Conversion,2643.56,0.2,0.01,13,7.51,7.09,71,10,2,5,427,1
1073,9073,23,Female,75413,SEO,Awareness,4318.0,0.13,0.04,45,8.62,9.54,79,2,1,6,3793,1
1074,9074,66,Male,85958,SEO,Retention,8905.21,0.26,0.18,42,7.76,9.67,11,19,9,7,4782,1
1075,9075,47,Female,51275,PPC,Retention,5775.93,0.17,0.01,30,7.03,4.94,52,13,3,0,2205,1
1076,9076,55,Female,46597,Social Media,Consideration,9657.42,0.23,0.16,19,6.05,0.79,55,4,9,0,3272,1
1077,9077,68,Female,97521,Referral,Retention,1122.45,0.18,0.15,12,3.77,13.37,82,16,7,5,1186,1
1078,9078,19,Male,114243,Referral,Awareness,4655.74,0.02,0.12,8,3.35,1.83,61,1,4,5,3378,0
1079,9079,32,Male,143410,Referral,Consideration,4248.88,0.07,0.05,33,8.59,3.08,43,6,6,0,1588,0
1080,9080,28,Female,134778,SEO,Conversion,6042.04,0.03,0.18,11,7.46,14.46,57,9,7,7,3556,1
1081,9081,25,Male,88908,Social Media,Awareness,8138.45,0.04,0.1,39,6.99,7.76,76,9,2,9,905,1
1082,9082,43,Male,101619,Referral,Conversion,8430.34,0.01,0.04,15,3.33,13.17,64,19,6,6,2986,1
1083,9083,68,Female,75188,PPC,Conversion,6734.93,0.13,0.09,0,9.73,13.51,12,7,6,6,768,1
1084,9084,62,Female,54710,Referral,Conversion,6451.21,0.06,0.05,15,1.73,14.85,60,0,8,3,4708,1
1085,9085,61,Female,138493,Email,Conversion,9495.39,0.26,0.08,5,8.54,1.09,67,15,2,4,4740,1
1086,9086,22,Male,111352,Social Media,Awareness,3898.51,0.23,0.1,19,2.9,1.27,50,8,5,7,2854,1
1087,9087,23,Female,95486,Email,Retention,8344.55,0.18,0.08,5,4.53,3.27,61,15,6,9,326,1
1088,9088,43,Male,69050,Social Media,Awareness,9222.89,0.15,0.13,34,4.85,10.02,47,19,8,8,4146,1
1089,9089,21,Male,69249,PPC,Retention,4966.24,0.08,0.19,40,6.96,4.3,94,14,3,3,115,1
1090,9090,36,Female,54247,SEO,Conversion,7318.12,0.15,0.08,2,5.92,7.69,62,8,3,8,3457,1
1091,9091,37,Female,90162,SEO,Retention,3832.5,0.2,0.08,20,2.67,11.9,71,11,4,9,2795,1
1092,9092,50,Female,46408,Social Media,Conversion,1672.9,0.24,0.15,6,1.27,3.19,90,1,9,9,4426,1
1093,9093,37,Female,96313,Referral,Consideration,5906.39,0.03,0.11,13,7.45,4.65,71,9,4,8,2863,1
1094,9094,66,Female,90683,Email,Conversion,2045.07,0.22,0.09,29,5.54,11.05,50,15,0,8,2033,1
1095,9095,29,Female,138335,PPC,Retention,4630.23,0.23,0.16,21,4.26,0.61,23,4,7,2,2258,1
1096,9096,64,Female,25443,Referral,Consideration,8741.51,0.17,0.18,13,3.56,11.48,85,12,7,3,4122,1
1097,9097,18,Female,20079,SEO,Consideration,951.58,0.07,0.12,24,8.41,10.31,39,6,8,4,687,1
1098,9098,43,Female,116818,Referral,Conversion,401.24,0.17,0.05,2,8.16,2.38,28,8,2,5,4607,1
1099,9099,31,Female,58345,Email,Awareness,6104.13,0.16,0.1,4,8.43,4.04,72,16,5,9,1456,1
1100,9100,55,Female,32901,SEO,Retention,3377.51,0.15,0.11,4,2.97,0.72,16,16,9,5,288,0
1101,9101,54,Male,87759,Social Media,Consideration,4237.58,0.14,0.09,41,8.67,8.93,0,16,8,9,2908,1
1102,9102,28,Female,120873,PPC,Awareness,4116.53,0.04,0.06,8,9.87,6.26,95,4,3,0,615,0
1103,9103,53,Male,62732,PPC,Conversion,957.54,0.06,0.1,47,6.39,6.64,83,5,8,3,3909,1
1104,9104,30,Female,99304,SEO,Conversion,135.31,0.04,0.09,40,1.42,2.0,0,5,5,9,1424,1
1105,9105,60,Male,139206,Social Media,Conversion,8994.39,0.08,0.05,37,7.32,5.61,24,8,3,6,2177,1
1106,9106,20,Female,37507,Email,Conversion,2256.21,0.09,0.18,36,5.84,13.83,40,9,5,7,2317,1
1107,9107,50,Female,149010,PPC,Retention,4318.18,0.08,0.18,3,7.41,1.44,90,16,5,7,1871,1
1108,9108,23,Male,101785,SEO,Consideration,9722.07,0.07,0.15,19,2.69,14.64,22,2,3,5,3748,1
1109,9109,67,Male,146691,PPC,Retention,8284.95,0.22,0.09,20,6.45,12.8,17,19,9,2,3048,1
1110,9110,27,Male,146354,Social Media,Consideration,1168.52,0.25,0.08,49,5.85,3.44,94,8,4,3,3139,1
1111,9111,22,Female,55391,Email,Awareness,5134.34,0.1,0.15,47,6.42,10.73,27,0,0,3,4636,1
1112,9112,40,Male,54171,Social Media,Awareness,7327.78,0.1,0.13,23,7.55,1.82,84,18,8,5,877,1
1113,9113,27,Male,71730,Referral,Consideration,7014.09,0.25,0.12,6,5.9,2.82,11,13,6,3,4241,1
1114,9114,61,Male,135019,Social Media,Conversion,7632.33,0.19,0.03,45,3.9,7.58,87,7,4,4,4491,1
1115,9115,19,Female,27485,Social Media,Awareness,4628.8,0.1,0.13,48,3.78,6.31,48,17,4,5,724,1
1116,9116,30,Male,147628,PPC,Retention,1841.64,0.22,0.18,7,7.26,12.32,96,5,5,2,1859,1
1117,9117,57,Female,130104,Social Media,Consideration,4702.24,0.11,0.03,10,6.97,14.12,80,1,7,2,3478,1
1118,9118,19,Male,135427,SEO,Awareness,6514.08,0.18,0.07,48,4.8,14.17,96,6,2,6,3257,1
1119,9119,37,Female,115320,PPC,Consideration,6125.06,0.3,0.11,45,4.18,2.63,15,5,7,0,4240,1
1120,9120,18,Male,148603,PPC,Conversion,798.17,0.1,0.14,8,6.58,10.45,26,10,2,3,4062,1
1121,9121,54,Female,131102,Referral,Consideration,743.03,0.28,0.03,5,3.81,8.78,52,9,9,2,4936,1
1122,9122,26,Male,110153,SEO,Awareness,9656.05,0.1,0.18,39,9.67,5.87,91,10,4,4,4869,1
1123,9123,34,Female,57748,Social Media,Consideration,1602.87,0.17,0.02,16,6.37,14.93,35,7,4,1,1608,1
1124,9124,26,Female,23878,Referral,Awareness,3015.18,0.14,0.17,12,6.33,7.11,6,12,1,9,833,1
1125,9125,28,Female,21949,SEO,Awareness,7699.58,0.24,0.02,44,2.23,10.15,33,5,0,8,2618,1
1126,9126,32,Female,105380,Referral,Awareness,4155.8,0.03,0.04,16,6.49,7.79,64,9,2,4,4413,1
1127,9127,41,Female,136816,Email,Retention,1896.5,0.19,0.16,1,3.65,1.99,3,17,9,9,3463,1
1128,9128,55,Female,40881,Social Media,Conversion,4725.6,0.23,0.17,29,5.07,2.55,25,14,3,3,687,1
1129,9129,52,Female,71306,Referral,Conversion,5732.6,0.15,0.2,31,5.84,11.38,19,4,6,3,1385,1
1130,9130,47,Male,107150,Email,Consideration,4582.39,0.04,0.03,49,5.3,12.12,50,10,6,6,4616,1
1131,9131,48,Female,109364,Social Media,Consideration,9197.57,0.08,0.11,35,8.28,5.78,76,3,8,3,354,1
1132,9132,66,Female,135925,Referral,Awareness,2918.52,0.21,0.02,6,1.9,1.47,98,12,3,9,1765,0
1133,9133,22,Male,29958,Referral,Conversion,6647.19,0.27,0.04,15,2.51,14.38,9,14,2,7,4811,1
1134,9134,61,Male,79185,Referral,Consideration,1211.72,0.13,0.04,18,2.41,7.71,7,1,2,0,2410,0
1135,9135,67,Male,28697,Referral,Consideration,3983.63,0.17,0.02,14,8.35,2.45,17,6,9,9,4333,1
1136,9136,31,Female,107160,PPC,Conversion,7435.83,0.08,0.18,13,2.06,3.38,16,5,9,5,4264,1
1137,9137,28,Male,35493,Referral,Awareness,2325.69,0.13,0.03,44,9.74,1.16,68,18,0,8,2797,1
1138,9138,26,Male,62801,PPC,Consideration,5938.73,0.11,0.13,6,9.72,10.79,29,14,5,4,2562,1
1139,9139,51,Male,41199,PPC,Awareness,1619.03,0.2,0.13,46,9.93,10.71,94,13,3,4,2583,1
1140,9140,29,Female,127890,Email,Conversion,1116.75,0.3,0.05,32,9.82,9.24,38,15,4,3,2799,1
1141,9141,52,Female,85792,Social Media,Conversion,5280.0,0.25,0.2,33,2.34,8.42,60,19,1,8,1334,1
1142,9142,52,Male,54488,PPC,Consideration,6782.61,0.07,0.08,23,6.92,6.03,23,9,7,1,4074,1
1143,9143,18,Male,50493,SEO,Consideration,1222.33,0.18,0.18,34,4.6,14.28,80,5,9,8,72,1
1144,9144,57,Male,131545,PPC,Conversion,9185.98,0.03,0.19,20,7.59,12.11,97,14,2,5,3587,1
1145,9145,39,Female,69002,SEO,Awareness,2335.15,0.08,0.19,23,4.65,13.66,34,3,6,9,4994,1
1146,9146,46,Female,43731,Email,Awareness,1287.76,0.06,0.15,36,4.45,5.02,78,1,8,7,4936,1
1147,9147,25,Female,27076,SEO,Retention,2106.72,0.11,0.06,15,9.14,14.69,60,18,8,3,4850,1
1148,9148,28,Male,21071,Email,Conversion,1778.77,0.21,0.03,16,5.45,2.9,74,6,7,3,2749,1
1149,9149,58,Female,119926,Email,Consideration,997.68,0.15,0.12,28,7.66,1.32,97,10,2,9,1629,1
1150,9150,54,Female,147872,Email,Conversion,7998.61,0.28,0.08,17,6.85,5.14,71,14,4,0,2877,1
1151,9151,31,Male,87602,SEO,Consideration,5005.82,0.07,0.17,47,6.92,3.42,14,15,9,5,3260,1
1152,9152,47,Male,111181,SEO,Awareness,3946.34,0.12,0.15,10,4.14,8.0,35,4,0,1,3037,0
1153,9153,52,Male,61410,Email,Consideration,9511.22,0.11,0.06,2,3.27,5.58,54,8,6,4,1459,1
1154,9154,38,Female,119201,Email,Retention,3772.98,0.08,0.01,41,8.97,2.99,36,0,3,2,3255,0
1155,9155,54,Female,74327,Social Media,Awareness,1753.03,0.3,0.06,17,1.22,12.74,86,12,8,1,4609,1
1156,9156,22,Female,114948,Email,Retention,2813.02,0.12,0.12,15,2.56,7.87,61,2,9,9,1785,1
1157,9157,36,Female,81072,Referral,Conversion,2465.77,0.28,0.03,40,2.2,2.09,63,4,7,0,326,0
1158,9158,31,Male,117371,Social Media,Consideration,5037.54,0.12,0.14,0,9.54,1.59,38,13,9,8,2620,1
1159,9159,43,Female,61041,Social Media,Awareness,2985.9,0.07,0.14,42,1.05,6.06,89,4,6,0,1720,0
1160,9160,21,Female,143616,Social Media,Consideration,5209.01,0.04,0.04,42,1.07,13.67,97,19,9,7,355,1
1161,9161,42,Male,73326,Referral,Retention,6726.0,0.26,0.12,26,3.04,7.87,74,13,3,5,3848,1
1162,9162,62,Female,58549,Social Media,Awareness,7795.26,0.02,0.13,30,3.51,2.52,11,0,1,3,601,0
1163,9163,59,Male,73096,Social Media,Retention,7130.56,0.29,0.1,44,6.04,4.08,71,10,2,8,2590,1
1164,9164,42,Male,75578,SEO,Awareness,2135.35,0.13,0.19,27,9.65,1.22,7,4,7,0,105,0
1165,9165,35,Female,66390,SEO,Conversion,1247.41,0.08,0.03,39,5.19,12.56,40,2,5,3,2842,1
1166,9166,57,Female,66052,Email,Conversion,5470.26,0.19,0.09,26,3.6,14.22,68,9,2,9,3253,1
1167,9167,25,Female,63167,Email,Consideration,2069.23,0.05,0.18,8,8.35,1.63,73,8,9,6,2189,1
1168,9168,56,Male,74587,PPC,Retention,940.84,0.03,0.08,37,4.47,3.01,2,14,1,3,4596,1
1169,9169,57,Female,81292,Referral,Retention,5318.23,0.25,0.09,35,2.28,2.98,42,5,7,0,3035,1
1170,9170,31,Female,112114,SEO,Awareness,3335.26,0.13,0.14,40,8.15,12.15,36,5,8,3,1095,1
1171,9171,49,Female,95419,Email,Conversion,7585.88,0.16,0.14,26,1.02,12.67,85,7,6,5,1713,1
1172,9172,68,Female,62139,Referral,Consideration,3210.5,0.06,0.01,46,2.85,6.58,56,1,4,7,1883,0
1173,9173,55,Female,137623,Social Media,Conversion,9789.3,0.03,0.1,49,6.72,14.56,24,3,7,1,2556,1
1174,9174,50,Male,107753,Referral,Retention,7609.38,0.12,0.07,25,1.92,4.26,3,1,2,8,523,0
1175,9175,40,Female,30707,SEO,Consideration,671.16,0.16,0.13,26,3.3,8.11,57,8,3,6,594,1
1176,9176,32,Male,126392,PPC,Conversion,5137.84,0.23,0.12,3,4.54,14.95,36,4,2,5,437,1
1177,9177,50,Male,33140,SEO,Conversion,5669.94,0.16,0.13,47,4.57,12.49,7,18,2,2,1581,1
1178,9178,42,Female,135149,Email,Awareness,6983.5,0.24,0.13,37,9.76,7.56,93,18,7,3,3268,1
1179,9179,34,Female,31093,Email,Awareness,5028.19,0.04,0.06,11,7.08,2.07,8,8,2,7,843,1
1180,9180,50,Male,102036,Referral,Retention,4886.09,0.03,0.06,46,1.33,13.61,78,4,5,6,1861,1
1181,9181,64,Female,124089,SEO,Conversion,3742.59,0.06,0.08,14,2.99,8.36,0,15,6,5,599,1
1182,9182,19,Male,92043,Email,Awareness,2787.47,0.23,0.06,46,6.55,4.97,12,6,0,6,152,1
1183,9183,31,Female,118122,Social Media,Conversion,9467.38,0.23,0.14,47,7.42,7.04,67,1,7,8,763,1
1184,9184,57,Female,144534,Social Media,Consideration,3244.21,0.05,0.12,29,4.43,5.01,15,13,7,4,695,1
1185,9185,57,Female,25830,PPC,Conversion,727.87,0.02,0.05,13,8.71,8.49,43,0,3,4,432,1
1186,9186,68,Male,50608,Referral,Conversion,1756.12,0.21,0.18,7,9.49,4.46,64,7,7,9,2263,1
1187,9187,56,Female,122865,Email,Retention,8587.04,0.26,0.1,27,6.53,6.97,13,16,5,6,1366,1
1188,9188,68,Female,144678,PPC,Consideration,5907.67,0.23,0.03,30,6.06,6.68,90,18,6,6,1088,1
1189,9189,23,Female,67287,Social Media,Consideration,7809.93,0.07,0.05,1,7.76,9.43,25,5,2,4,4301,1
1190,9190,23,Female,110047,PPC,Awareness,8106.94,0.18,0.11,14,8.04,0.71,31,13,2,7,4178,1
1191,9191,20,Female,53427,PPC,Consideration,8250.04,0.23,0.07,39,2.94,9.18,1,7,9,5,2144,1
1192,9192,24,Male,146117,Email,Retention,5551.08,0.08,0.17,42,5.35,9.1,15,10,9,3,4805,1
1193,9193,68,Female,104042,Email,Awareness,1853.49,0.16,0.1,47,5.03,6.19,91,13,8,8,2337,1
1194,9194,25,Female,48395,Email,Conversion,1567.5,0.1,0.18,7,9.47,4.08,48,9,9,1,918,1
1195,9195,59,Male,149849,Referral,Consideration,5782.45,0.08,0.03,4,2.01,12.67,89,16,9,1,2189,0
1196,9196,69,Female,129839,PPC,Conversion,3728.49,0.29,0.14,3,9.49,5.5,74,11,8,4,2261,1
1197,9197,32,Male,132306,PPC,Awareness,5624.68,0.27,0.18,11,6.15,5.02,22,3,2,2,805,1
1198,9198,64,Female,112662,Referral,Consideration,5034.93,0.14,0.07,9,3.59,7.22,93,18,8,2,77,1
1199,9199,46,Female,115002,Social Media,Awareness,6061.76,0.05,0.04,3,8.82,4.53,59,16,2,6,2092,0
1200,9200,50,Male,37970,SEO,Awareness,417.91,0.22,0.1,9,1.45,12.55,94,4,3,4,3530,1
1201,9201,69,Female,90218,Social Media,Consideration,425.08,0.08,0.19,28,3.87,8.69,65,13,2,5,1112,1
1202,9202,47,Male,141487,Referral,Consideration,7243.79,0.06,0.13,27,7.77,11.44,19,6,4,2,2689,1
1203,9203,56,Male,134006,PPC,Awareness,2011.96,0.12,0.13,28,8.45,11.31,92,2,3,7,520,1
1204,9204,44,Male,96475,PPC,Retention,6556.76,0.16,0.14,18,2.51,11.93,73,4,8,4,945,1
1205,9205,53,Female,94362,Email,Consideration,5511.1,0.04,0.02,42,9.48,13.1,17,4,1,7,546,0
1206,9206,46,Male,43371,Email,Awareness,9819.77,0.18,0.09,12,1.48,13.83,58,7,9,3,3963,1
1207,9207,55,Female,115482,PPC,Conversion,8370.52,0.01,0.02,33,4.9,6.06,30,2,7,3,1597,1
1208,9208,50,Female,109895,PPC,Conversion,4190.03,0.27,0.07,45,1.88,6.93,3,0,2,4,1976,1
1209,9209,54,Male,39266,Email,Consideration,6202.49,0.28,0.17,19,1.88,1.23,26,1,8,7,978,1
1210,9210,44,Female,123553,Email,Consideration,1261.17,0.22,0.13,17,9.23,13.92,17,6,1,3,2915,1
1211,9211,50,Female,39195,Social Media,Conversion,3925.22,0.15,0.2,47,9.14,9.01,62,14,6,5,964,1
1212,9212,21,Female,130949,PPC,Awareness,7365.49,0.08,0.04,35,6.54,10.83,94,13,5,7,3152,1
1213,9213,39,Male,146895,PPC,Awareness,6264.45,0.23,0.09,0,9.7,6.82,70,12,7,2,981,1
1214,9214,19,Male,47315,Referral,Awareness,4896.27,0.28,0.16,25,5.42,7.37,18,11,2,5,2122,1
1215,9215,27,Male,140215,Social Media,Retention,1847.64,0.06,0.05,2,8.05,8.38,38,17,5,6,3485,1
1216,9216,22,Male,103804,SEO,Consideration,8051.14,0.15,0.04,43,1.88,12.03,65,1,1,7,305,0
1217,9217,27,Male,95246,SEO,Retention,2804.35,0.1,0.09,2,4.56,9.39,77,6,9,4,3676,1
1218,9218,50,Male,61581,SEO,Retention,8222.74,0.11,0.08,20,5.64,12.26,99,9,9,3,803,1
1219,9219,55,Male,65537,Email,Retention,6154.93,0.13,0.2,17,8.0,3.64,45,19,6,9,422,1
1220,9220,30,Male,147955,SEO,Retention,3790.04,0.29,0.1,30,4.01,3.48,91,9,2,9,464,1
1221,9221,48,Male,99697,Referral,Awareness,501.99,0.09,0.17,35,9.82,3.5,37,5,4,9,3125,1
1222,9222,64,Male,117357,Email,Consideration,2400.95,0.15,0.18,48,7.61,0.57,66,3,2,3,2049,1
1223,9223,53,Female,139761,Email,Consideration,8901.8,0.29,0.04,43,5.8,3.1,28,7,9,2,2307,1
1224,9224,62,Male,95265,SEO,Retention,8197.95,0.15,0.15,30,3.98,2.22,90,12,0,1,3563,1
1225,9225,41,Female,133984,Email,Consideration,5791.05,0.26,0.06,7,6.78,7.08,56,4,0,9,2233,1
1226,9226,69,Male,134451,Social Media,Conversion,4716.59,0.03,0.03,24,7.06,2.34,47,7,9,5,3830,1
1227,9227,32,Female,112449,Social Media,Awareness,6506.71,0.29,0.18,48,7.11,6.53,51,7,3,0,3374,1
1228,9228,46,Male,140104,SEO,Consideration,4715.86,0.06,0.07,45,6.28,14.99,47,8,4,5,4428,1
1229,9229,25,Female,42184,Referral,Awareness,6478.62,0.29,0.08,19,4.6,7.8,60,13,0,4,1861,1
1230,9230,22,Female,43279,Email,Conversion,3143.3,0.06,0.07,10,8.35,13.91,66,10,9,1,2721,1
1231,9231,46,Male,46570,PPC,Awareness,8401.12,0.14,0.05,39,3.32,10.68,47,9,2,9,1487,1
1232,9232,64,Female,63030,SEO,Conversion,7048.99,0.1,0.09,0,6.63,13.47,93,6,2,4,2742,1
1233,9233,21,Female,82245,Email,Retention,3366.76,0.14,0.09,20,5.25,9.57,81,12,1,6,2254,1
1234,9234,29,Male,75467,SEO,Consideration,8323.59,0.08,0.09,16,9.04,12.25,7,8,5,0,4419,1
1235,9235,62,Female,139618,SEO,Retention,4924.69,0.29,0.18,27,6.31,4.89,73,7,1,4,4010,1
1236,9236,19,Female,55133,Referral,Consideration,1828.92,0.1,0.07,17,8.7,5.89,85,16,3,7,843,1
1237,9237,44,Female,98731,PPC,Retention,869.35,0.2,0.02,28,9.58,14.42,87,13,4,7,1473,1
1238,9238,48,Male,63805,Email,Conversion,7026.1,0.05,0.04,9,2.14,4.38,66,17,2,7,343,0
1239,9239,68,Female,63998,SEO,Consideration,8664.7,0.25,0.15,8,6.0,6.61,13,8,0,0,3343,1
1240,9240,68,Female,37238,SEO,Retention,8093.68,0.17,0.12,33,8.96,9.94,46,14,0,7,2295,1
1241,9241,53,Female,101088,Email,Awareness,6590.95,0.29,0.19,19,8.85,6.19,23,15,0,7,1063,1
1242,9242,53,Female,88264,SEO,Awareness,1499.61,0.13,0.14,30,2.76,0.8,90,19,5,4,3536,1
1243,9243,43,Male,135603,SEO,Retention,1031.04,0.07,0.05,2,5.33,11.99,61,8,3,5,2286,1
1244,9244,60,Female,68245,SEO,Conversion,3515.79,0.11,0.03,0,3.01,5.37,57,9,5,1,3655,1
1245,9245,44,Male,43557,Social Media,Retention,8563.62,0.22,0.11,32,9.07,3.8,33,13,0,1,4956,1
1246,9246,22,Male,90474,Social Media,Awareness,9621.19,0.2,0.14,49,1.03,7.83,30,11,4,0,2685,1
1247,9247,37,Female,116738,PPC,Consideration,2489.47,0.24,0.04,7,2.97,0.62,47,7,0,9,3753,0
1248,9248,28,Female,85667,Referral,Consideration,7644.75,0.03,0.12,17,4.68,13.03,90,16,3,2,990,1
1249,9249,27,Male,111228,Email,Retention,5781.31,0.18,0.17,29,2.99,4.29,44,16,8,1,245,1
1250,9250,57,Female,105513,Referral,Consideration,414.89,0.28,0.15,32,9.76,13.88,28,18,5,7,4603,1
1251,9251,55,Male,85074,Referral,Awareness,5474.87,0.04,0.14,21,3.2,10.33,28,17,3,4,958,1
1252,9252,23,Female,78204,Social Media,Consideration,8078.81,0.04,0.16,16,4.26,8.46,62,12,9,6,3094,1
1253,9253,25,Female,118597,PPC,Retention,2833.62,0.22,0.03,41,2.57,12.19,47,16,6,1,4234,1
1254,9254,40,Male,112800,Referral,Retention,8983.88,0.1,0.05,8,9.34,14.9,11,3,9,7,534,1
1255,9255,64,Male,45575,Referral,Retention,2438.98,0.2,0.02,21,4.7,4.14,77,17,9,0,3772,1
1256,9256,43,Male,100263,SEO,Awareness,857.08,0.17,0.04,9,3.36,5.65,26,9,0,3,1013,1
1257,9257,63,Female,96024,Email,Conversion,1683.4,0.3,0.18,32,3.22,7.52,46,9,0,6,435,1
1258,9258,60,Male,40069,PPC,Consideration,8386.33,0.27,0.05,47,6.27,8.32,65,4,4,0,4582,1
1259,9259,29,Male,44400,Email,Retention,4231.33,0.21,0.14,38,9.8,8.52,36,0,6,2,3388,1
1260,9260,43,Female,44146,Social Media,Conversion,7989.76,0.09,0.14,2,9.77,8.46,44,13,8,2,1284,1
1261,9261,30,Female,26846,Referral,Retention,5359.21,0.09,0.13,16,9.84,12.51,56,9,8,4,1040,1
1262,9262,57,Male,60352,Referral,Retention,4857.54,0.27,0.12,8,4.48,6.37,17,4,9,2,598,1
1263,9263,35,Female,43694,Email,Awareness,8088.44,0.18,0.1,46,9.23,0.66,12,8,7,3,3361,1
1264,9264,42,Male,41740,Social Media,Awareness,4292.53,0.24,0.09,39,5.0,13.2,72,16,1,5,4570,1
1265,9265,50,Female,69438,SEO,Conversion,8040.12,0.14,0.18,35,5.6,10.1,28,18,0,3,655,1
1266,9266,64,Male,50996,SEO,Retention,1096.56,0.04,0.01,18,5.68,3.25,55,4,2,0,2680,0
1267,9267,57,Male,83874,Referral,Consideration,6399.48,0.11,0.02,33,1.57,0.93,73,0,0,6,1387,0
1268,9268,60,Female,117661,Referral,Consideration,7055.61,0.06,0.1,1,2.59,5.08,19,6,0,7,4958,1
1269,9269,29,Male,126945,PPC,Consideration,9001.06,0.24,0.07,44,8.97,2.3,28,0,7,6,1075,1
1270,9270,61,Female,79682,Email,Conversion,2320.81,0.21,0.09,26,9.07,13.5,5,9,2,4,1455,1
1271,9271,53,Male,64200,Referral,Awareness,6081.78,0.04,0.2,18,2.82,4.53,25,2,1,6,4018,0
1272,9272,65,Male,42970,Social Media,Conversion,4389.24,0.19,0.16,32,3.72,10.73,60,16,5,6,3500,1
1273,9273,21,Female,30895,Email,Awareness,3889.44,0.26,0.18,25,8.47,10.04,85,9,0,0,1006,1
1274,9274,22,Female,58071,PPC,Consideration,1156.46,0.21,0.08,46,2.84,10.85,42,8,1,7,2268,1
1275,9275,54,Female,72268,SEO,Consideration,1428.91,0.16,0.06,33,8.93,8.19,46,8,3,8,3504,1
1276,9276,25,Male,42258,PPC,Awareness,8386.19,0.1,0.16,27,8.41,11.08,25,10,6,0,743,1
1277,9277,59,Male,108890,Email,Consideration,7522.56,0.27,0.16,15,8.27,7.93,80,12,1,9,4649,1
1278,9278,66,Male,116177,SEO,Conversion,3885.18,0.13,0.11,21,9.03,5.98,0,8,3,0,1990,1
1279,9279,45,Male,77300,Social Media,Awareness,8302.02,0.26,0.18,27,8.98,12.95,94,11,3,2,681,1
1280,9280,48,Female,81915,SEO,Consideration,899.59,0.24,0.19,13,9.25,7.15,72,6,7,7,212,1
1281,9281,26,Female,28444,SEO,Retention,6285.26,0.25,0.1,5,8.92,8.74,25,2,6,8,3170,1
1282,9282,68,Male,95147,Social Media,Consideration,8694.94,0.3,0.05,10,6.46,7.24,63,11,6,1,3612,1
1283,9283,46,Male,96064,Referral,Retention,8404.76,0.23,0.11,45,2.42,11.74,61,12,8,0,2014,1
1284,9284,31,Male,135923,Referral,Consideration,3790.55,0.02,0.2,19,6.48,8.33,5,9,2,9,4458,1
1285,9285,57,Male,86535,SEO,Retention,7477.82,0.07,0.07,35,9.48,7.33,61,5,2,3,2004,1
1286,9286,58,Male,23760,SEO,Consideration,4331.93,0.02,0.13,48,9.71,4.24,65,19,9,1,1238,1
1287,9287,39,Female,56884,PPC,Retention,8417.37,0.07,0.14,15,7.56,13.72,41,4,8,8,3038,1
1288,9288,28,Female,122715,Referral,Awareness,5354.54,0.03,0.05,5,7.24,13.02,26,12,1,8,3803,1
1289,9289,40,Female,145491,Social Media,Awareness,7672.08,0.16,0.12,7,9.45,6.76,64,19,2,4,558,1
1290,9290,18,Female,107477,SEO,Retention,877.86,0.02,0.07,44,3.62,10.07,29,19,8,4,1404,1
1291,9291,63,Female,46022,SEO,Consideration,5941.26,0.15,0.17,35,2.36,7.87,81,8,9,8,2570,1
1292,9292,54,Female,74504,PPC,Conversion,5547.81,0.27,0.15,47,3.61,3.05,97,8,5,6,4416,1
1293,9293,38,Male,63130,PPC,Conversion,6138.77,0.23,0.17,48,9.54,5.95,84,6,4,1,1468,1
1294,9294,43,Female,63881,PPC,Conversion,6986.85,0.28,0.05,3,2.91,12.87,64,6,8,5,3238,1
1295,9295,63,Female,82399,Email,Conversion,9189.28,0.08,0.02,47,3.02,12.06,46,0,6,5,3700,1
1296,9296,53,Male,56451,Social Media,Retention,7878.25,0.16,0.17,33,2.74,1.99,31,17,1,9,4352,1
1297,9297,40,Female,71413,Email,Awareness,2274.42,0.1,0.08,19,5.36,1.59,33,11,9,0,4872,1
1298,9298,18,Male,112057,SEO,Awareness,8276.37,0.15,0.04,23,8.17,12.88,46,13,8,1,4327,1
1299,9299,68,Female,82278,PPC,Conversion,1308.59,0.17,0.03,44,4.44,13.54,13,14,5,1,1236,1
1300,9300,57,Female,133286,PPC,Awareness,6259.77,0.02,0.11,2,1.9,4.77,4,2,2,0,73,0
1301,9301,32,Female,49639,PPC,Retention,8839.26,0.08,0.04,27,7.66,5.56,35,2,0,5,904,0
1302,9302,38,Female,54621,Referral,Conversion,1101.11,0.21,0.12,29,6.49,5.37,95,18,3,2,1410,1
1303,9303,64,Female,116985,Social Media,Retention,8511.96,0.23,0.15,28,5.31,2.34,8,8,7,8,1692,1
1304,9304,26,Female,143479,Email,Retention,8006.35,0.18,0.11,20,9.68,11.3,34,17,4,7,3925,1
1305,9305,26,Female,33079,Social Media,Consideration,5087.38,0.09,0.18,41,5.23,5.87,24,0,4,6,3301,1
1306,9306,27,Female,147015,PPC,Retention,3158.09,0.13,0.04,26,7.59,12.63,74,16,1,4,41,1
1307,9307,69,Female,26895,SEO,Consideration,4113.84,0.04,0.1,49,2.43,13.24,45,11,3,2,2408,1
1308,9308,43,Female,113515,Referral,Conversion,9689.72,0.29,0.04,24,4.75,13.74,12,17,3,6,2141,1
1309,9309,58,Female,72142,Social Media,Retention,2096.81,0.26,0.18,2,2.91,12.36,60,1,8,5,2804,1
1310,9310,52,Female,131239,SEO,Awareness,5838.08,0.03,0.19,0,4.13,11.94,29,6,6,1,1175,1
1311,9311,69,Female,147157,PPC,Conversion,924.08,0.06,0.09,22,5.32,7.02,97,3,6,4,3074,1
1312,9312,42,Female,32552,PPC,Retention,2257.14,0.18,0.07,42,2.57,0.89,31,3,8,4,1068,1
1313,9313,43,Male,112930,PPC,Retention,7656.83,0.08,0.06,4,8.23,2.12,29,10,8,2,665,1
1314,9314,28,Male,68821,PPC,Awareness,3095.73,0.28,0.17,30,4.38,8.2,81,3,4,1,4322,1
1315,9315,55,Female,117812,Referral,Consideration,9859.08,0.23,0.14,24,9.07,5.72,55,14,0,1,2994,1
1316,9316,19,Male,53630,Referral,Retention,5058.09,0.09,0.18,34,7.07,12.52,66,1,1,4,1758,1
1317,9317,24,Male,90063,Social Media,Retention,5213.74,0.01,0.03,42,2.59,8.67,70,1,7,0,3360,0
1318,9318,35,Female,32247,PPC,Awareness,459.52,0.24,0.1,0,6.78,1.93,54,8,5,5,2426,1
1319,9319,44,Male,37603,Referral,Conversion,9569.61,0.13,0.14,14,1.21,7.44,97,12,9,8,4002,1
1320,9320,51,Male,122099,SEO,Retention,1824.91,0.2,0.18,38,8.27,12.42,7,14,7,0,1359,1
1321,9321,44,Female,65564,Referral,Consideration,5429.57,0.09,0.08,23,9.77,13.01,42,18,2,2,2328,1
1322,9322,34,Female,131038,Referral,Consideration,4017.18,0.05,0.07,33,7.1,2.91,47,6,2,9,973,0
1323,9323,60,Female,20527,Social Media,Awareness,4214.29,0.21,0.18,46,9.34,1.95,57,16,5,4,712,1
1324,9324,61,Female,76521,Referral,Consideration,6468.67,0.14,0.02,17,3.65,6.11,31,15,3,2,1929,1
1325,9325,68,Female,88458,SEO,Retention,6654.68,0.08,0.1,24,4.81,1.45,77,3,3,1,3030,1
1326,9326,41,Male,25849,PPC,Consideration,1627.46,0.05,0.1,35,4.82,11.03,68,3,3,2,3756,1
1327,9327,42,Female,115836,Email,Retention,5045.91,0.18,0.04,0,2.01,6.99,6,7,1,6,2693,1
1328,9328,24,Female,113316,Social Media,Awareness,7925.73,0.22,0.09,8,8.17,3.37,73,19,6,6,2203,1
1329,9329,69,Male,70314,SEO,Consideration,4488.54,0.09,0.15,40,5.46,1.99,19,10,4,4,2828,1
1330,9330,23,Male,65724,Social Media,Retention,1741.46,0.22,0.08,30,5.41,13.95,61,8,4,1,3660,1
1331,9331,41,Female,113676,PPC,Conversion,3200.85,0.06,0.07,21,7.02,1.12,20,13,6,0,1855,1
1332,9332,50,Male,37230,Referral,Retention,2202.56,0.11,0.16,37,2.54,1.92,91,9,4,2,625,1
1333,9333,66,Female,112229,Referral,Retention,1345.59,0.23,0.2,45,8.29,3.9,28,15,0,6,2973,1
1334,9334,46,Male,92495,SEO,Awareness,3838.05,0.2,0.16,40,4.29,1.87,69,13,1,0,2180,1
1335,9335,60,Female,121390,PPC,Retention,5455.27,0.09,0.17,1,1.72,9.84,37,19,4,6,885,1
1336,9336,39,Female,62730,Email,Awareness,820.24,0.05,0.19,40,2.71,3.66,41,9,6,5,3801,1
1337,9337,43,Male,105203,Email,Retention,6077.85,0.02,0.16,44,3.28,7.46,2,18,9,3,1459,1
1338,9338,45,Male,111937,Referral,Retention,9930.94,0.25,0.2,19,2.6,12.97,36,7,1,9,1484,1
1339,9339,67,Female,133723,PPC,Retention,9644.84,0.03,0.15,22,3.18,12.46,16,5,7,5,1200,1
1340,9340,38,Female,23323,PPC,Awareness,8308.82,0.04,0.14,11,9.96,2.62,32,19,4,3,481,1
1341,9341,66,Female,20445,SEO,Retention,2736.78,0.08,0.14,9,5.84,1.79,9,0,8,4,3166,0
1342,9342,24,Female,102945,Email,Awareness,321.84,0.14,0.18,31,6.43,10.13,36,15,5,2,2423,1
1343,9343,34,Female,29963,SEO,Conversion,8352.06,0.24,0.14,4,2.49,3.55,32,0,2,9,4956,1
1344,9344,37,Male,70511,Social Media,Awareness,651.63,0.08,0.15,43,1.4,11.83,27,2,5,8,4062,1
1345,9345,58,Male,142898,PPC,Conversion,2135.72,0.17,0.05,28,3.79,6.8,86,7,8,0,2013,1
1346,9346,66,Male,140801,Email,Awareness,5490.09,0.04,0.18,32,7.93,2.74,41,7,0,6,4609,1
1347,9347,37,Female,143440,SEO,Awareness,1865.94,0.14,0.1,22,6.03,14.63,57,1,0,4,1593,1
1348,9348,39,Male,35437,Referral,Retention,8354.5,0.06,0.04,35,1.1,1.31,47,11,7,8,4052,1
1349,9349,45,Male,36855,Social Media,Consideration,7793.88,0.07,0.16,12,8.1,2.3,50,15,6,1,4350,1
1350,9350,57,Female,101947,SEO,Consideration,7582.12,0.12,0.08,49,1.94,12.27,9,10,0,5,550,1
1351,9351,66,Female,143439,Referral,Retention,8179.66,0.23,0.05,1,4.96,7.06,7,16,7,2,3602,1
1352,9352,24,Male,30847,Email,Conversion,2275.05,0.23,0.06,10,10.0,14.1,15,13,4,3,4424,1
1353,9353,18,Male,23236,Email,Retention,7316.03,0.13,0.02,27,2.09,2.14,95,4,8,3,1139,1
1354,9354,49,Female,81897,Social Media,Consideration,3617.29,0.04,0.03,24,8.34,2.78,61,0,2,1,2323,0
1355,9355,30,Female,143824,Referral,Awareness,6701.76,0.09,0.12,35,8.19,0.53,48,7,4,0,1154,1
1356,9356,47,Female,138636,PPC,Retention,1308.02,0.16,0.17,17,5.01,3.65,88,8,6,2,3656,1
1357,9357,40,Male,33487,Email,Conversion,7085.31,0.26,0.1,38,9.89,10.03,14,1,9,9,4698,1
1358,9358,68,Female,97384,PPC,Retention,9723.87,0.29,0.13,8,3.77,10.99,15,12,7,7,2109,1
1359,9359,36,Female,82423,PPC,Consideration,531.64,0.19,0.16,1,3.84,6.73,80,10,2,2,4804,1
1360,9360,49,Male,33155,SEO,Awareness,1028.91,0.11,0.08,35,2.37,4.23,26,15,0,0,4547,0
1361,9361,47,Female,31255,SEO,Consideration,1324.0,0.21,0.13,45,4.33,10.89,46,3,5,3,2194,1
1362,9362,46,Male,140860,Email,Consideration,4362.58,0.11,0.08,16,3.67,3.0,25,6,4,8,3684,1
1363,9363,66,Male,21979,PPC,Consideration,2978.72,0.19,0.13,32,6.44,11.62,71,16,4,5,783,1
1364,9364,62,Female,145596,SEO,Consideration,8088.51,0.08,0.05,34,1.37,11.91,40,6,5,8,4303,1
1365,9365,46,Male,41305,Referral,Awareness,4790.49,0.09,0.2,32,3.79,6.9,10,1,2,0,1172,0
1366,9366,47,Male,94543,Referral,Consideration,4896.92,0.03,0.02,31,1.04,3.31,90,17,4,0,801,0
1367,9367,33,Female,55094,Referral,Conversion,7198.68,0.13,0.11,19,1.06,9.63,8,8,9,5,1220,1
1368,9368,57,Female,55098,Referral,Conversion,3683.49,0.19,0.06,29,8.38,12.88,53,8,0,2,463,1
1369,9369,36,Female,109566,PPC,Consideration,3596.75,0.24,0.12,21,7.75,8.18,10,10,7,7,577,1
1370,9370,35,Female,53770,Referral,Conversion,7593.57,0.25,0.09,24,7.7,7.19,6,3,8,3,479,1
1371,9371,18,Male,29734,PPC,Consideration,7822.41,0.3,0.07,44,4.18,14.7,27,3,3,8,3661,1
1372,9372,31,Female,91984,Email,Awareness,242.55,0.04,0.06,45,7.29,8.29,93,4,4,5,2196,1
1373,9373,68,Female,59605,Email,Awareness,1523.53,0.15,0.04,43,3.31,1.0,61,16,6,1,443,0
1374,9374,64,Female,97932,Referral,Conversion,2209.67,0.16,0.16,10,3.78,7.78,54,4,9,0,4201,1
1375,9375,67,Female,75619,Referral,Conversion,3580.84,0.24,0.05,49,6.06,6.96,35,3,4,9,2477,1
1376,9376,19,Female,144109,Referral,Consideration,2985.34,0.09,0.16,33,7.3,4.74,72,2,3,1,4367,0
1377,9377,45,Female,47881,Email,Retention,6718.35,0.03,0.1,27,3.39,5.1,98,0,7,0,3210,1
1378,9378,66,Female,83401,SEO,Consideration,8298.54,0.1,0.02,34,7.11,14.0,62,19,5,7,2045,1
1379,9379,67,Male,51177,Email,Consideration,2001.66,0.3,0.04,3,9.66,2.44,50,2,1,1,3104,0
1380,9380,47,Female,60122,Referral,Awareness,5673.5,0.27,0.18,8,5.44,11.58,76,7,3,8,4787,1
1381,9381,55,Male,132555,SEO,Retention,3741.38,0.12,0.12,42,4.66,13.59,47,5,2,8,74,1
1382,9382,68,Male,55297,SEO,Retention,5107.2,0.26,0.05,21,3.09,4.26,67,1,1,8,2017,1
1383,9383,21,Male,131513,Social Media,Consideration,6245.5,0.02,0.14,24,4.21,1.47,9,0,5,9,3752,1
1384,9384,18,Female,136118,PPC,Awareness,8946.64,0.1,0.17,20,5.76,4.95,25,19,9,5,778,1
1385,9385,25,Female,56680,Referral,Conversion,2003.7,0.22,0.07,24,9.5,6.78,66,3,0,7,3193,1
1386,9386,46,Female,103452,PPC,Awareness,961.37,0.07,0.12,40,3.35,14.3,52,8,9,9,4102,1
1387,9387,56,Female,71044,Social Media,Conversion,6309.4,0.07,0.07,16,3.08,6.74,42,11,3,2,1747,1
1388,9388,20,Female,116775,PPC,Awareness,4001.9,0.26,0.03,14,9.65,1.83,16,18,7,8,2959,1
1389,9389,49,Male,64084,Referral,Retention,1712.74,0.19,0.09,40,6.45,2.63,26,13,4,8,796,1
1390,9390,27,Male,54189,Social Media,Awareness,1259.16,0.3,0.15,6,7.62,5.61,21,17,2,9,2308,1
1391,9391,27,Female,33510,PPC,Consideration,5633.21,0.05,0.1,31,8.47,3.17,35,16,1,4,2772,1
1392,9392,36,Female,110502,Email,Conversion,3074.66,0.11,0.09,7,1.74,1.38,71,17,5,8,3470,1
1393,9393,63,Female,42152,SEO,Awareness,9974.52,0.1,0.08,2,5.36,3.04,32,16,3,9,3286,1
1394,9394,51,Female,104738,Social Media,Awareness,4118.42,0.27,0.1,32,2.26,2.03,89,8,6,7,4530,1
1395,9395,50,Male,46445,Email,Conversion,2201.64,0.08,0.07,35,6.62,3.44,94,11,7,6,1527,1
1396,9396,40,Female,96688,Referral,Awareness,6325.61,0.11,0.13,16,9.58,14.95,52,18,8,9,620,1
1397,9397,45,Female,91153,SEO,Conversion,2518.12,0.05,0.02,0,1.51,6.96,10,14,6,3,3420,1
1398,9398,49,Female,21195,Social Media,Retention,4991.45,0.23,0.16,35,3.47,10.05,92,17,8,4,832,1
1399,9399,67,Male,124533,SEO,Conversion,4877.5,0.08,0.04,39,10.0,2.9,28,16,3,0,3844,1
1400,9400,24,Female,79949,Social Media,Conversion,4590.22,0.03,0.13,16,1.05,12.81,37,13,0,4,456,1
1401,9401,46,Female,45433,Social Media,Retention,7981.25,0.14,0.1,43,2.26,4.37,57,9,6,1,992,1
1402,9402,25,Male,25305,PPC,Awareness,2244.47,0.12,0.16,47,1.73,14.75,14,19,1,0,2053,1
1403,9403,18,Female,146107,SEO,Awareness,9052.64,0.06,0.17,36,7.88,12.63,53,1,9,1,1624,1
1404,9404,20,Female,78860,SEO,Retention,7934.27,0.05,0.05,24,7.76,14.29,61,15,8,7,4285,1
1405,9405,41,Female,93613,Email,Consideration,3397.91,0.27,0.14,24,8.0,10.19,56,5,5,5,3793,1
1406,9406,40,Female,68648,Referral,Conversion,1887.96,0.03,0.05,12,7.97,10.04,78,4,8,5,1083,1
1407,9407,25,Female,83090,Email,Awareness,2867.4,0.04,0.03,12,8.52,12.7,70,0,7,8,2856,1
1408,9408,64,Female,116921,PPC,Awareness,3393.1,0.08,0.19,11,7.96,10.87,57,6,8,1,3021,1
1409,9409,54,Male,62113,Social Media,Conversion,5613.64,0.29,0.04,31,5.35,9.29,48,6,6,0,521,1
1410,9410,20,Male,135530,PPC,Conversion,559.04,0.03,0.05,34,7.71,5.69,52,12,2,4,4688,1
1411,9411,68,Male,123504,PPC,Conversion,9152.16,0.25,0.03,27,6.38,3.73,28,4,9,3,325,1
1412,9412,50,Female,140609,Email,Consideration,1076.88,0.27,0.1,43,4.3,11.84,32,19,4,3,3234,1
1413,9413,45,Female,62642,Social Media,Retention,2864.81,0.12,0.18,19,8.53,6.1,45,17,2,7,1974,1
1414,9414,64,Female,53062,Referral,Consideration,1181.95,0.1,0.06,27,8.09,1.39,53,7,2,1,4368,0
1415,9415,25,Female,91633,PPC,Consideration,2641.06,0.21,0.11,30,2.56,7.45,79,14,6,0,3590,1
1416,9416,51,Female,124716,Referral,Conversion,8392.97,0.21,0.09,23,1.22,10.03,97,15,5,1,4796,1
1417,9417,52,Female,61604,Social Media,Retention,6190.24,0.24,0.07,10,3.84,0.83,84,8,4,8,2318,1
1418,9418,49,Male,130129,Social Media,Awareness,2350.5,0.25,0.12,41,4.63,10.72,6,15,4,6,4581,1
1419,9419,41,Female,26678,Email,Conversion,8730.41,0.09,0.12,15,2.57,3.76,28,5,7,3,2233,1
1420,9420,31,Female,52121,SEO,Retention,8027.05,0.21,0.08,37,8.7,3.72,8,10,0,9,1526,1
1421,9421,49,Female,68503,Email,Awareness,7561.13,0.05,0.17,16,1.3,8.66,48,12,3,8,458,1
1422,9422,63,Female,145015,Referral,Consideration,8491.56,0.16,0.02,44,5.35,5.39,70,1,4,9,298,1
1423,9423,60,Female,106940,Email,Retention,6234.53,0.19,0.03,49,1.5,7.03,77,16,8,9,3892,1
1424,9424,33,Male,91279,Social Media,Consideration,5064.23,0.06,0.2,43,5.83,7.94,93,1,0,5,1258,1
1425,9425,21,Female,36494,PPC,Consideration,3801.96,0.03,0.15,4,5.17,13.85,87,12,8,7,589,1
1426,9426,69,Female,127079,SEO,Retention,2315.26,0.07,0.16,19,8.02,3.47,50,18,5,4,3706,1
1427,9427,54,Female,64185,Social Media,Awareness,5618.38,0.13,0.12,47,7.21,7.23,97,0,2,9,1100,1
1428,9428,38,Female,29678,PPC,Retention,8905.97,0.27,0.09,34,8.6,11.9,7,4,2,1,2788,1
1429,9429,31,Female,57632,Referral,Awareness,5980.42,0.16,0.13,47,5.9,3.47,54,15,3,9,3276,1
1430,9430,48,Female,66235,Referral,Conversion,9204.11,0.23,0.03,42,8.4,1.69,64,5,4,8,2158,1
1431,9431,65,Female,21648,Referral,Conversion,3633.48,0.06,0.15,13,7.47,0.76,97,13,8,4,1830,1
1432,9432,35,Female,101213,Email,Conversion,6981.87,0.04,0.11,25,8.02,2.0,83,7,5,3,4143,1
1433,9433,24,Female,134222,Referral,Consideration,6521.79,0.08,0.19,44,6.41,4.48,94,17,4,7,405,1
1434,9434,27,Female,108301,Referral,Conversion,6737.3,0.1,0.13,42,7.48,6.43,78,4,5,1,4900,1
1435,9435,24,Female,87917,Email,Consideration,6485.92,0.17,0.04,45,4.62,9.11,14,10,5,6,1635,1
1436,9436,50,Female,36489,PPC,Awareness,2294.38,0.27,0.1,41,1.76,3.4,50,12,8,2,744,1
1437,9437,40,Male,97281,Social Media,Retention,1521.55,0.13,0.02,23,4.75,4.41,33,8,9,5,4344,1
1438,9438,38,Female,25818,SEO,Retention,9788.42,0.16,0.15,30,2.56,10.64,68,14,6,1,4650,1
1439,9439,36,Male,128190,Referral,Consideration,548.42,0.01,0.11,17,6.66,13.68,85,12,6,2,44,1
1440,9440,65,Female,144613,Referral,Consideration,4730.59,0.02,0.08,38,3.37,2.46,11,2,3,9,3554,1
1441,9441,36,Male,53149,Referral,Consideration,4308.3,0.03,0.19,49,9.62,7.35,44,2,4,6,3705,1
1442,9442,53,Male,47312,Email,Awareness,3664.19,0.21,0.19,21,3.44,4.78,30,14,6,0,2271,1
1443,9443,46,Male,57124,Email,Awareness,7841.64,0.15,0.19,20,1.88,8.16,53,17,7,6,643,1
1444,9444,35,Male,124222,Email,Conversion,7478.97,0.07,0.05,33,8.93,2.23,92,19,5,6,1518,1
1445,9445,19,Male,21316,SEO,Conversion,9061.73,0.18,0.15,24,4.73,4.43,21,8,7,8,4586,1
1446,9446,18,Female,90990,Social Media,Retention,4015.33,0.17,0.19,39,4.2,10.78,71,15,8,4,2721,1
1447,9447,64,Female,80046,Referral,Conversion,5685.38,0.04,0.12,46,8.97,12.38,63,19,0,7,2214,1
1448,9448,22,Female,98643,PPC,Awareness,8933.84,0.2,0.05,29,6.88,9.51,59,16,3,2,1230,1
1449,9449,37,Female,89610,Referral,Awareness,9939.1,0.23,0.17,5,5.79,14.19,27,12,8,0,422,1
1450,9450,28,Male,106724,Referral,Awareness,9696.01,0.09,0.18,44,3.94,9.97,20,11,4,1,1808,1
1451,9451,59,Female,133115,Referral,Awareness,7206.65,0.21,0.14,24,3.63,11.33,74,0,3,4,4701,1
1452,9452,19,Male,117504,Referral,Retention,1517.95,0.07,0.07,4,6.22,5.68,74,5,8,9,4732,1
1453,9453,20,Male,135594,Social Media,Retention,329.54,0.23,0.05,28,5.51,2.96,86,5,1,8,1803,0
1454,9454,40,Female,84042,PPC,Awareness,8269.66,0.27,0.13,21,3.48,10.04,76,15,1,3,1285,1
1455,9455,29,Male,125925,Email,Consideration,8425.33,0.14,0.1,2,2.66,13.83,42,13,7,6,2460,1
1456,9456,37,Female,135350,PPC,Conversion,7488.97,0.08,0.14,46,8.36,14.74,26,6,7,9,3840,1
1457,9457,22,Male,148295,Referral,Retention,2871.24,0.13,0.03,29,7.19,7.03,22,2,4,6,2475,1
1458,9458,54,Female,43102,PPC,Consideration,6434.2,0.08,0.04,23,9.94,8.33,96,2,5,0,4446,1
1459,9459,55,Female,149665,Referral,Conversion,3230.86,0.01,0.08,40,5.64,5.01,89,14,4,1,4511,1
1460,9460,47,Male,134430,PPC,Consideration,4561.42,0.2,0.06,16,9.95,10.25,35,6,7,7,3168,1
1461,9461,26,Female,126958,SEO,Awareness,3886.11,0.02,0.13,48,5.15,11.6,96,3,5,3,4051,1
1462,9462,51,Male,145782,PPC,Conversion,9145.04,0.07,0.08,44,5.81,1.1,37,5,5,7,2052,1
1463,9463,61,Female,51957,Email,Consideration,2418.16,0.22,0.14,49,2.88,12.78,15,12,6,7,3839,1
1464,9464,52,Male,32872,Email,Retention,5818.35,0.2,0.16,19,2.35,7.95,73,6,1,6,4496,1
1465,9465,69,Female,70094,PPC,Retention,3673.72,0.03,0.05,25,9.46,8.91,42,12,8,1,1312,1
1466,9466,39,Female,67719,PPC,Retention,6664.4,0.2,0.18,4,9.83,3.49,40,17,2,5,681,1
1467,9467,61,Male,93885,Social Media,Conversion,5689.18,0.28,0.16,12,5.93,0.65,43,10,8,0,3990,1
1468,9468,41,Female,141103,PPC,Awareness,9247.38,0.03,0.13,38,3.45,14.31,51,6,9,4,4677,1
1469,9469,34,Female,148826,Email,Awareness,1105.96,0.13,0.18,3,9.56,13.96,16,11,4,3,1329,1
1470,9470,27,Female,39693,SEO,Conversion,2284.34,0.22,0.06,44,8.17,11.73,51,6,0,9,4415,1
1471,9471,47,Female,70478,Email,Conversion,7686.84,0.2,0.09,16,2.62,7.37,42,9,9,1,888,1
1472,9472,63,Male,118163,Social Media,Awareness,3750.99,0.08,0.03,39,3.69,5.11,22,13,3,4,4069,1
1473,9473,40,Female,63677,PPC,Retention,1741.26,0.06,0.1,34,1.04,2.76,0,4,5,0,4486,0
1474,9474,49,Male,80012,SEO,Awareness,5082.88,0.24,0.11,30,6.24,1.67,92,18,2,2,2638,1
1475,9475,34,Male,30760,Email,Awareness,6556.21,0.29,0.13,15,5.74,7.13,24,4,5,6,701,1
1476,9476,67,Female,31584,SEO,Consideration,543.78,0.23,0.02,33,2.48,11.99,5,0,0,3,2956,0
1477,9477,68,Female,22106,Referral,Retention,2987.06,0.29,0.02,31,4.05,11.03,73,13,9,6,2876,1
1478,9478,34,Female,33669,Email,Conversion,8113.28,0.19,0.09,32,9.45,11.46,53,2,9,6,4994,1
1479,9479,31,Male,139487,Referral,Awareness,5250.42,0.28,0.05,7,6.84,2.22,77,6,8,5,3517,1
1480,9480,26,Female,45223,SEO,Retention,450.25,0.21,0.15,29,8.77,13.01,22,3,8,2,2070,1
1481,9481,57,Male,80666,PPC,Conversion,2891.31,0.27,0.14,2,8.54,12.16,18,5,3,9,3987,1
1482,9482,19,Male,55706,PPC,Consideration,6427.49,0.06,0.07,16,9.29,1.86,55,10,1,7,4893,1
1483,9483,62,Male,88019,PPC,Consideration,2073.66,0.25,0.02,23,1.37,5.67,52,10,7,9,3821,1
1484,9484,42,Female,81585,Referral,Retention,8291.17,0.07,0.04,15,3.36,5.94,30,3,6,3,714,1
1485,9485,56,Female,47482,PPC,Awareness,6798.1,0.02,0.14,19,4.74,11.16,37,15,0,1,915,1
1486,9486,26,Male,80369,Social Media,Conversion,4766.65,0.16,0.2,9,6.76,12.98,18,16,5,1,3520,1
1487,9487,39,Female,54143,Email,Retention,9164.68,0.1,0.07,23,6.47,5.95,0,18,9,0,1006,1
1488,9488,60,Male,44240,Email,Consideration,3978.83,0.02,0.16,46,3.21,2.4,76,2,4,0,3268,0
1489,9489,63,Female,30015,SEO,Conversion,2427.23,0.29,0.17,6,2.74,1.7,49,5,1,0,865,0
1490,9490,21,Female,102164,Referral,Conversion,6647.89,0.2,0.02,47,4.94,9.76,97,15,4,8,3268,1
1491,9491,43,Female,83023,Email,Awareness,5775.62,0.27,0.18,48,3.26,7.72,57,12,5,2,3175,1
1492,9492,46,Female,71500,Referral,Consideration,3418.95,0.3,0.1,19,9.69,13.58,80,1,9,6,108,1
1493,9493,62,Female,83925,SEO,Consideration,3502.28,0.12,0.19,12,9.69,14.33,31,6,5,4,2503,1
1494,9494,51,Female,110979,PPC,Consideration,4042.28,0.08,0.11,28,2.02,13.52,48,18,1,6,4931,1
1495,9495,40,Female,116355,SEO,Conversion,2982.27,0.06,0.05,9,7.35,1.6,97,0,0,6,1322,0
1496,9496,54,Female,100596,Social Media,Consideration,7131.39,0.16,0.2,8,3.05,4.62,96,1,3,5,2019,1
1497,9497,28,Male,112973,PPC,Retention,6548.45,0.19,0.06,6,7.46,3.96,91,16,3,4,3563,1
1498,9498,23,Male,69631,PPC,Consideration,4463.7,0.15,0.18,43,7.9,1.5,43,19,8,8,4818,1
1499,9499,35,Female,96190,PPC,Conversion,4038.76,0.12,0.04,32,1.43,13.81,28,14,0,6,1301,1
1500,9500,38,Female,83652,SEO,Consideration,3714.01,0.06,0.14,23,7.26,13.47,87,0,9,0,4827,1
1501,9501,59,Male,71087,Social Media,Consideration,2906.34,0.14,0.09,15,9.07,6.17,47,5,0,7,1373,1
1502,9502,53,Female,99789,Referral,Conversion,948.4,0.03,0.19,31,2.95,14.4,79,11,7,1,965,1
1503,9503,58,Female,74909,SEO,Consideration,2755.23,0.26,0.05,3,2.04,8.67,76,16,4,4,2280,1
1504,9504,55,Female,31565,Email,Awareness,3279.89,0.02,0.09,13,6.1,6.79,25,7,8,2,2428,1
1505,9505,51,Female,47597,Email,Conversion,5522.07,0.12,0.13,28,5.66,8.47,6,17,5,4,4722,1
1506,9506,34,Female,113304,SEO,Consideration,7760.51,0.04,0.2,21,8.97,6.62,43,18,9,9,2852,1
1507,9507,54,Female,85623,Referral,Awareness,4017.45,0.23,0.07,22,5.06,4.73,13,14,2,9,2715,1
1508,9508,42,Female,29432,Email,Retention,9453.09,0.1,0.09,25,4.72,3.13,51,12,0,7,3850,1
1509,9509,55,Female,94300,Referral,Conversion,8290.76,0.04,0.1,25,7.43,7.18,31,15,9,9,4634,1
1510,9510,29,Female,143693,PPC,Consideration,9849.54,0.16,0.06,48,1.7,8.2,74,14,5,0,2378,1
1511,9511,40,Female,85714,SEO,Conversion,8774.41,0.28,0.17,43,1.51,12.41,31,13,2,7,2556,1
1512,9512,59,Male,111837,PPC,Awareness,6205.59,0.27,0.03,46,5.54,7.36,74,3,3,1,971,1
1513,9513,39,Female,69314,Email,Conversion,6024.94,0.08,0.14,21,1.8,12.53,83,19,2,3,1082,1
1514,9514,38,Female,120944,Referral,Retention,1382.31,0.22,0.11,43,9.45,14.34,56,12,6,5,1979,1
1515,9515,44,Male,61965,PPC,Consideration,7251.75,0.02,0.06,2,6.89,10.96,51,4,8,7,2877,1
1516,9516,48,Male,117449,Email,Retention,6042.05,0.05,0.1,41,7.78,2.24,33,7,4,5,3090,1
1517,9517,23,Female,104268,Social Media,Awareness,5118.63,0.15,0.17,16,3.06,7.19,60,0,5,2,810,1
1518,9518,44,Female,87957,PPC,Conversion,6963.54,0.08,0.09,13,5.45,12.92,61,12,4,3,4027,1
1519,9519,57,Male,63715,Social Media,Consideration,4496.07,0.24,0.03,44,2.2,7.63,85,4,2,1,4179,0
1520,9520,51,Male,73450,Social Media,Consideration,5286.21,0.28,0.02,29,2.83,12.26,86,7,2,8,3903,1
1521,9521,29,Male,106062,Email,Awareness,4043.69,0.01,0.16,12,6.11,11.75,92,6,3,8,2885,1
1522,9522,62,Female,81902,SEO,Awareness,7201.97,0.08,0.07,25,3.52,2.82,75,18,4,6,232,1
1523,9523,24,Male,48317,Referral,Conversion,8778.45,0.14,0.19,39,9.25,5.28,30,9,6,9,2522,1
1524,9524,27,Male,139191,Email,Consideration,8424.36,0.17,0.13,31,9.96,11.58,28,9,8,4,2351,1
1525,9525,62,Female,86753,PPC,Awareness,7881.65,0.28,0.09,45,1.04,2.81,30,6,4,2,2961,1
1526,9526,34,Female,55242,Referral,Consideration,236.5,0.27,0.12,33,7.83,6.63,11,18,1,0,456,1
1527,9527,43,Female,20929,SEO,Conversion,9127.62,0.19,0.1,22,2.04,2.49,34,13,8,5,1474,1
1528,9528,38,Male,126262,Email,Retention,2821.27,0.08,0.18,33,6.17,3.92,56,7,4,3,1553,1
1529,9529,45,Female,143196,SEO,Awareness,8890.94,0.24,0.1,43,3.06,4.64,40,3,5,1,3703,1
1530,9530,63,Female,119806,PPC,Conversion,2049.98,0.07,0.03,11,9.68,8.19,26,14,8,9,2031,1
1531,9531,19,Female,118724,Email,Retention,4452.49,0.29,0.12,22,8.88,13.72,14,4,3,6,3922,1
1532,9532,60,Female,33580,PPC,Conversion,7519.05,0.01,0.13,27,6.36,6.09,93,3,2,1,2713,1
1533,9533,18,Female,134144,Referral,Awareness,6438.76,0.18,0.16,18,2.58,12.82,70,11,3,1,352,1
1534,9534,68,Male,124134,Referral,Conversion,4217.63,0.04,0.19,47,8.04,10.58,35,5,7,7,2336,1
1535,9535,53,Female,115967,SEO,Consideration,6818.38,0.13,0.09,33,5.68,11.82,23,7,6,7,3717,1
1536,9536,68,Male,40742,SEO,Awareness,5534.6,0.19,0.08,7,6.5,11.55,81,5,6,7,3513,1
1537,9537,43,Female,37833,Referral,Consideration,2829.79,0.21,0.1,33,7.46,4.88,23,4,0,3,2232,1
1538,9538,46,Male,116421,Social Media,Conversion,6498.66,0.24,0.18,41,4.75,3.93,95,8,1,6,4744,1
1539,9539,38,Male,91347,Referral,Awareness,2122.05,0.18,0.2,15,1.07,14.67,75,18,2,7,1417,1
1540,9540,28,Female,94155,Email,Consideration,6970.48,0.08,0.19,6,4.28,11.2,27,9,0,8,592,1
1541,9541,57,Male,109791,PPC,Consideration,130.8,0.27,0.05,26,4.72,5.8,74,10,8,1,179,1
1542,9542,28,Female,110508,Referral,Consideration,5532.85,0.25,0.1,19,4.3,8.54,2,17,8,9,4947,1
1543,9543,53,Male,33527,Referral,Retention,4070.57,0.06,0.06,34,8.48,11.75,2,4,4,6,140,1
1544,9544,66,Male,78139,PPC,Consideration,3100.73,0.25,0.08,16,3.99,1.31,28,10,3,3,976,1
1545,9545,56,Female,134527,PPC,Consideration,5205.51,0.29,0.02,27,4.75,1.94,31,16,2,9,754,1
1546,9546,57,Female,118410,Email,Conversion,6488.59,0.19,0.04,7,1.55,0.86,53,10,8,2,2224,1
1547,9547,52,Female,89585,PPC,Conversion,9656.59,0.09,0.09,3,7.45,2.88,37,15,1,5,2250,1
1548,9548,51,Male,61057,SEO,Conversion,8347.34,0.19,0.08,32,2.94,2.23,94,8,7,5,2572,1
1549,9549,64,Female,87439,Referral,Conversion,7199.78,0.11,0.06,49,3.12,7.21,55,18,6,7,3634,1
1550,9550,41,Female,142337,PPC,Retention,4841.77,0.21,0.05,21,6.28,4.66,64,6,1,5,1529,1
1551,9551,39,Female,138258,Email,Conversion,3982.23,0.17,0.15,30,9.85,1.16,20,19,2,9,243,1
1552,9552,22,Female,64261,PPC,Conversion,422.04,0.28,0.07,0,4.69,7.02,40,2,1,0,871,0
1553,9553,50,Female,90912,Referral,Conversion,3655.06,0.19,0.14,40,3.94,8.89,19,16,2,4,2773,1
1554,9554,53,Female,20042,Social Media,Consideration,8498.93,0.07,0.08,13,1.33,5.87,59,5,3,6,2008,1
1555,9555,64,Female,42769,PPC,Retention,3901.84,0.22,0.16,6,8.09,4.28,74,19,4,2,4114,1
1556,9556,37,Female,87113,SEO,Conversion,4669.69,0.1,0.04,7,3.35,6.16,58,14,1,9,4892,1
1557,9557,36,Female,97918,Referral,Consideration,2791.16,0.09,0.04,7,7.92,8.04,73,13,6,8,4694,1
1558,9558,52,Male,42449,Email,Awareness,2813.91,0.12,0.14,23,3.54,6.82,54,5,3,2,962,1
1559,9559,69,Male,58653,Referral,Retention,712.53,0.01,0.18,0,1.27,1.85,2,15,0,9,658,0
1560,9560,60,Female,48859,Social Media,Conversion,6176.66,0.29,0.04,34,5.48,7.12,13,7,3,5,4439,1
1561,9561,34,Male,28576,Email,Consideration,4535.89,0.16,0.02,40,9.15,10.94,44,14,8,1,3616,1
1562,9562,62,Male,65874,Social Media,Awareness,6099.01,0.23,0.19,7,2.9,12.39,94,7,4,3,3768,1
1563,9563,60,Male,97199,Social Media,Awareness,5514.18,0.08,0.03,4,2.39,6.87,98,0,1,1,1106,0
1564,9564,51,Male,56345,SEO,Consideration,8008.56,0.23,0.06,31,2.66,14.91,59,1,5,8,4646,1
1565,9565,26,Female,137926,PPC,Consideration,7535.02,0.17,0.19,0,7.21,12.72,48,16,6,1,4654,1
1566,9566,43,Female,134446,SEO,Retention,7737.39,0.13,0.16,1,4.31,3.62,8,4,1,7,4442,1
1567,9567,19,Female,90780,SEO,Consideration,5042.47,0.29,0.08,41,3.3,7.12,53,11,9,3,2737,1
1568,9568,26,Male,144576,SEO,Conversion,3603.43,0.15,0.19,45,4.04,4.78,69,4,1,1,4640,1
1569,9569,26,Female,120438,Email,Awareness,9341.02,0.2,0.12,14,3.78,8.48,92,1,9,6,4784,1
1570,9570,57,Female,89428,PPC,Conversion,637.27,0.01,0.02,41,5.89,3.75,51,13,2,3,4489,1
1571,9571,34,Female,112648,PPC,Conversion,1610.95,0.1,0.14,8,2.2,1.01,62,11,9,8,3995,1
1572,9572,18,Female,24321,Email,Conversion,4254.03,0.27,0.11,11,5.58,13.61,51,1,3,1,3160,1
1573,9573,42,Male,25776,SEO,Awareness,6178.18,0.23,0.12,9,3.81,8.04,21,16,4,7,3580,1
1574,9574,60,Female,128888,SEO,Awareness,181.18,0.17,0.2,23,9.39,13.77,54,3,2,0,3464,1
1575,9575,57,Female,36119,Social Media,Awareness,7221.3,0.27,0.04,40,4.8,2.21,2,12,3,9,222,1
1576,9576,59,Female,50569,Social Media,Consideration,5631.39,0.15,0.13,49,1.9,2.7,1,5,6,3,3484,1
1577,9577,42,Female,147493,Referral,Conversion,4898.56,0.17,0.1,18,9.4,3.78,58,2,5,2,2179,1
1578,9578,56,Male,58596,Social Media,Retention,4292.6,0.12,0.06,16,9.44,7.13,27,3,1,8,336,1
1579,9579,52,Female,72967,PPC,Consideration,5242.92,0.19,0.14,1,2.58,13.26,36,7,6,3,4048,1
1580,9580,20,Female,53063,Email,Consideration,1701.68,0.1,0.14,9,8.35,9.93,68,1,1,4,2450,1
1581,9581,67,Male,118717,SEO,Retention,1176.25,0.12,0.17,4,8.76,1.3,8,8,2,9,1218,1
1582,9582,54,Female,42340,Referral,Conversion,2967.41,0.29,0.18,38,4.2,6.4,61,9,0,2,3833,1
1583,9583,61,Male,95723,Social Media,Retention,7124.1,0.04,0.12,5,2.44,10.99,31,12,5,1,2528,1
1584,9584,61,Male,75430,Referral,Awareness,5924.05,0.04,0.07,1,8.19,5.17,80,16,9,7,2417,1
1585,9585,68,Male,132620,Email,Conversion,4853.22,0.02,0.11,7,1.25,7.64,74,3,3,8,2513,1
1586,9586,47,Male,26668,Email,Consideration,5758.06,0.1,0.08,3,6.57,10.82,34,9,8,7,4564,1
1587,9587,55,Female,100880,Referral,Awareness,5636.65,0.13,0.06,49,4.08,14.49,46,11,3,2,1879,1
1588,9588,51,Male,28195,Referral,Awareness,3139.72,0.04,0.11,30,6.36,5.33,17,16,9,0,4751,1
1589,9589,29,Male,102097,Referral,Consideration,1064.81,0.17,0.14,35,8.1,11.29,35,0,5,1,893,1
1590,9590,36,Female,143625,SEO,Retention,8978.15,0.18,0.12,7,8.46,11.34,18,2,7,6,3806,1
1591,9591,54,Female,122658,PPC,Awareness,6039.12,0.23,0.19,30,9.99,8.37,24,5,4,8,4667,1
1592,9592,61,Female,77995,Social Media,Awareness,7007.71,0.29,0.07,16,6.76,12.29,45,4,2,1,3266,1
1593,9593,66,Female,107834,Social Media,Conversion,4693.57,0.19,0.08,45,3.01,8.27,59,11,8,5,191,1
1594,9594,34,Female,58250,Social Media,Conversion,7589.16,0.04,0.14,39,3.48,9.56,94,10,2,8,4550,1
1595,9595,27,Male,146769,Referral,Consideration,5886.52,0.04,0.12,13,4.93,12.64,22,8,8,9,4960,1
1596,9596,66,Female,36076,Referral,Consideration,632.63,0.24,0.01,7,8.64,7.41,77,14,1,3,772,0
1597,9597,64,Male,35376,Referral,Consideration,8911.96,0.2,0.07,24,4.3,7.43,26,13,7,4,652,1
1598,9598,29,Female,121575,SEO,Retention,3124.81,0.06,0.06,13,7.19,9.07,34,18,5,7,1757,1
1599,9599,33,Male,75839,SEO,Awareness,1465.12,0.08,0.17,22,1.41,12.16,76,12,8,4,653,1
1600,9600,41,Female,84723,SEO,Consideration,971.61,0.23,0.17,42,4.87,2.34,54,6,4,4,2206,1
1601,9601,36,Female,63442,SEO,Conversion,7232.36,0.17,0.06,40,2.5,11.68,35,10,3,3,2925,1
1602,9602,25,Female,25392,Email,Awareness,7069.29,0.18,0.03,16,9.45,4.77,87,1,1,6,1583,1
1603,9603,48,Male,134977,SEO,Consideration,7031.61,0.07,0.05,48,8.12,1.53,96,0,0,2,62,0
1604,9604,38,Female,143682,SEO,Awareness,9165.95,0.19,0.04,11,2.25,11.99,70,6,3,4,3689,1
1605,9605,34,Female,47106,SEO,Awareness,3554.54,0.23,0.06,19,4.62,2.6,8,1,7,7,4735,1
1606,9606,40,Female,99845,Social Media,Awareness,5655.22,0.27,0.05,33,1.73,3.59,20,18,9,8,4867,1
1607,9607,54,Male,44809,Social Media,Consideration,6233.01,0.22,0.1,48,7.72,10.74,31,13,8,6,4557,1
1608,9608,33,Male,135095,Social Media,Awareness,9796.87,0.18,0.07,10,2.72,8.69,65,10,0,6,4302,1
1609,9609,23,Female,20693,PPC,Awareness,3192.23,0.21,0.12,26,8.24,13.85,43,4,1,6,4664,1
1610,9610,25,Female,119473,Email,Awareness,9567.68,0.15,0.08,8,1.67,14.34,88,10,2,0,3106,1
1611,9611,42,Female,114769,Referral,Conversion,1572.47,0.08,0.16,17,6.16,5.05,64,13,7,8,1165,1
1612,9612,35,Female,79821,SEO,Consideration,7663.61,0.27,0.19,37,6.47,5.2,74,8,8,2,2636,1
1613,9613,42,Female,94159,Social Media,Retention,6365.57,0.16,0.09,35,4.01,3.54,79,0,2,9,2967,1
1614,9614,29,Female,126086,Email,Conversion,8187.27,0.18,0.02,45,2.48,8.01,86,5,3,3,3094,1
1615,9615,32,Female,132160,SEO,Awareness,383.99,0.3,0.06,27,3.91,5.98,14,6,7,4,4473,1
1616,9616,43,Male,145424,PPC,Awareness,873.5,0.3,0.03,19,5.46,0.71,26,12,2,9,1460,1
1617,9617,58,Female,94710,Referral,Retention,789.99,0.18,0.08,41,9.72,6.23,15,9,5,4,1138,1
1618,9618,62,Male,31352,SEO,Retention,5970.3,0.02,0.13,28,5.02,1.39,45,19,0,9,3170,1
1619,9619,43,Male,72196,Referral,Conversion,6069.07,0.12,0.11,3,2.7,12.09,96,8,6,7,1533,1
1620,9620,64,Male,91066,SEO,Awareness,9070.44,0.28,0.06,14,1.23,13.97,71,16,4,2,4564,1
1621,9621,49,Male,24992,PPC,Retention,4729.27,0.09,0.16,40,1.07,4.79,47,3,3,3,1799,0
1622,9622,27,Female,73076,Email,Conversion,773.69,0.3,0.04,43,4.75,9.94,64,13,7,5,2720,1
1623,9623,33,Female,43354,Referral,Retention,2174.34,0.03,0.05,27,3.67,1.78,18,5,7,6,3035,1
1624,9624,24,Female,23312,Referral,Awareness,179.92,0.17,0.14,39,2.04,5.77,89,0,6,3,3001,1
1625,9625,34,Male,65833,Email,Awareness,7789.47,0.16,0.05,23,2.55,8.85,36,10,0,1,61,0
1626,9626,40,Female,24318,Referral,Awareness,8174.43,0.08,0.14,36,4.15,2.01,57,10,9,0,3149,1
1627,9627,43,Male,132363,Social Media,Awareness,9979.61,0.29,0.2,15,7.18,5.97,54,16,5,8,3357,1
1628,9628,38,Female,119992,Email,Consideration,4180.73,0.19,0.17,21,6.49,14.35,52,6,2,8,2173,1
1629,9629,39,Female,86003,PPC,Consideration,291.05,0.08,0.04,46,1.72,2.91,46,8,7,5,2448,0
1630,9630,24,Female,47192,SEO,Consideration,2423.83,0.12,0.11,16,2.29,9.49,2,15,9,6,997,1
1631,9631,31,Female,127841,SEO,Conversion,5918.91,0.22,0.09,0,9.18,12.58,87,8,2,6,2754,1
1632,9632,32,Female,120726,Email,Conversion,9623.24,0.1,0.2,30,1.64,11.68,85,4,7,0,824,1
1633,9633,24,Male,109199,Social Media,Retention,1125.43,0.27,0.19,24,2.79,11.69,61,5,4,5,3032,1
1634,9634,26,Female,116782,PPC,Retention,1303.57,0.06,0.03,11,3.86,1.36,0,7,4,6,2629,1
1635,9635,68,Female,139195,SEO,Conversion,7047.41,0.09,0.18,19,3.07,14.62,38,8,7,7,355,1
1636,9636,65,Male,132908,SEO,Retention,6705.35,0.05,0.05,18,3.62,11.04,72,12,2,8,945,1
1637,9637,25,Female,57489,Social Media,Conversion,2580.01,0.04,0.07,4,7.55,14.34,32,2,3,5,1090,1
1638,9638,67,Female,140059,Referral,Consideration,8150.13,0.1,0.08,14,1.86,14.7,22,17,0,1,4856,1
1639,9639,40,Female,127507,Email,Conversion,1374.91,0.3,0.06,40,4.17,5.68,33,4,8,0,2450,1
1640,9640,46,Male,60309,Social Media,Conversion,9264.84,0.04,0.17,24,6.51,8.38,48,19,2,6,4426,1
1641,9641,35,Male,128173,Social Media,Retention,2090.22,0.07,0.07,34,1.44,11.08,48,0,7,4,4388,1
1642,9642,48,Female,48273,Social Media,Retention,905.39,0.09,0.17,43,1.4,12.81,98,12,0,7,4191,1
1643,9643,47,Male,67553,Social Media,Conversion,3461.27,0.19,0.2,46,5.49,14.58,48,19,0,0,4510,1
1644,9644,69,Female,49473,Referral,Awareness,1959.63,0.23,0.17,2,9.1,14.63,9,17,5,6,438,1
1645,9645,56,Female,81410,PPC,Retention,5316.72,0.23,0.08,17,5.0,5.25,95,9,5,0,2901,1
1646,9646,52,Female,144772,Social Media,Conversion,6899.78,0.01,0.15,21,4.66,10.37,65,19,6,8,1094,1
1647,9647,35,Female,148536,Social Media,Retention,4960.12,0.2,0.11,15,1.09,2.63,70,17,0,1,3456,0
1648,9648,59,Female,33679,Email,Awareness,6640.01,0.19,0.16,14,7.59,12.25,87,3,2,9,4405,1
1649,9649,56,Male,112981,SEO,Retention,3712.71,0.16,0.04,4,2.48,2.81,66,0,3,8,3924,0
1650,9650,34,Male,65310,Referral,Conversion,376.43,0.12,0.13,41,7.29,13.41,75,6,8,9,1779,1
1651,9651,31,Female,103406,Social Media,Conversion,9743.23,0.24,0.16,41,4.14,14.7,38,14,7,5,410,1
1652,9652,48,Female,80683,PPC,Awareness,8212.19,0.11,0.15,12,1.4,1.75,41,13,3,3,4394,1
1653,9653,41,Female,132765,PPC,Conversion,826.85,0.08,0.19,49,3.95,7.93,99,2,9,3,510,1
1654,9654,52,Female,45992,PPC,Awareness,4546.85,0.1,0.02,27,6.94,4.34,90,19,6,3,1906,1
1655,9655,61,Female,49433,Email,Conversion,6386.69,0.14,0.08,9,7.92,7.32,0,18,8,8,1531,1
1656,9656,62,Male,96574,PPC,Conversion,1986.88,0.07,0.1,15,6.72,4.76,45,7,9,9,536,1
1657,9657,51,Male,45933,Email,Retention,5822.09,0.19,0.07,1,7.4,1.45,35,18,9,4,2628,1
1658,9658,20,Male,65020,Referral,Retention,5383.12,0.27,0.07,49,3.12,6.21,95,17,7,1,2562,1
1659,9659,54,Female,49236,PPC,Awareness,2161.83,0.18,0.04,35,9.69,3.47,90,13,4,3,707,1
1660,9660,60,Female,78735,SEO,Retention,1497.98,0.14,0.16,24,3.04,8.46,43,5,8,4,2236,1
1661,9661,57,Female,29770,Social Media,Consideration,7613.73,0.24,0.18,4,2.53,10.37,30,18,4,2,3413,1
1662,9662,43,Female,89285,Referral,Awareness,3293.61,0.23,0.03,27,3.25,6.38,96,11,2,0,1419,1
1663,9663,40,Female,130121,SEO,Consideration,2516.0,0.12,0.04,16,9.75,3.45,57,14,5,8,2967,1
1664,9664,61,Female,142747,Referral,Awareness,7405.0,0.19,0.05,1,1.58,3.28,95,3,2,1,3654,0
1665,9665,56,Male,55271,PPC,Consideration,7387.08,0.22,0.11,14,7.96,0.53,3,18,1,0,4631,1
1666,9666,32,Female,93391,Referral,Retention,2836.38,0.08,0.16,37,1.95,10.68,52,4,6,7,4029,1
1667,9667,66,Female,131682,Referral,Retention,8738.43,0.12,0.02,28,7.96,4.17,88,3,2,1,2820,0
1668,9668,21,Male,129633,Referral,Conversion,6913.68,0.04,0.13,22,3.49,14.58,92,8,4,6,2156,1
1669,9669,46,Female,43439,Email,Consideration,3523.07,0.3,0.04,17,7.54,11.33,56,18,8,0,814,1
1670,9670,39,Female,115826,SEO,Conversion,4332.15,0.03,0.19,13,1.44,4.78,72,5,3,7,4596,1
1671,9671,42,Male,31101,PPC,Awareness,7294.43,0.06,0.18,31,4.01,2.8,77,7,8,0,135,1
1672,9672,30,Female,112776,Social Media,Consideration,2194.68,0.15,0.19,43,5.18,9.55,49,1,5,4,1074,1
1673,9673,35,Female,102319,PPC,Conversion,4740.73,0.26,0.03,5,1.19,13.04,4,7,2,9,2765,1
1674,9674,50,Male,139070,PPC,Awareness,6570.23,0.11,0.1,27,2.63,8.97,51,10,0,6,4459,1
1675,9675,33,Female,64917,Email,Consideration,5441.04,0.23,0.04,17,2.52,0.66,16,1,7,6,2596,1
1676,9676,62,Male,112345,Email,Conversion,6122.45,0.21,0.12,34,5.33,11.9,31,13,9,0,80,1
1677,9677,59,Female,132923,Referral,Consideration,5507.5,0.2,0.05,37,2.2,14.48,5,16,3,6,170,1
1678,9678,61,Male,103459,PPC,Consideration,2072.35,0.26,0.16,3,9.79,1.19,68,4,5,0,3256,0
1679,9679,19,Female,133289,SEO,Conversion,4161.03,0.01,0.13,48,8.98,12.23,92,4,1,2,1472,1
1680,9680,52,Female,100562,Email,Retention,5366.66,0.28,0.12,30,3.02,10.93,91,0,3,1,688,1
1681,9681,59,Male,61196,Email,Retention,7822.62,0.25,0.17,10,3.11,6.26,60,5,7,1,1318,1
1682,9682,51,Female,43569,SEO,Conversion,6573.65,0.28,0.11,45,9.53,9.69,9,6,1,1,4299,1
1683,9683,47,Female,139598,Email,Awareness,4323.25,0.24,0.06,10,3.7,2.8,22,13,5,7,1911,1
1684,9684,30,Female,61887,SEO,Conversion,9746.56,0.26,0.13,28,4.81,10.94,52,13,1,2,3804,1
1685,9685,30,Female,40893,Social Media,Conversion,1167.18,0.07,0.19,18,7.31,8.93,60,15,7,3,335,1
1686,9686,35,Female,107971,SEO,Consideration,2147.37,0.1,0.12,16,4.1,1.76,18,8,2,3,747,1
1687,9687,49,Male,75304,Social Media,Retention,3478.99,0.1,0.13,3,9.12,13.09,3,17,8,5,4942,1
1688,9688,49,Male,143299,Referral,Retention,2362.86,0.04,0.19,43,6.3,2.36,45,8,5,3,1837,1
1689,9689,52,Female,122428,Referral,Retention,6291.88,0.22,0.11,3,6.11,6.86,31,3,2,0,4999,1
1690,9690,56,Female,52399,Email,Retention,491.55,0.05,0.2,11,5.99,2.4,83,6,1,0,1413,0
1691,9691,63,Male,137083,SEO,Conversion,1856.62,0.03,0.04,48,2.01,9.87,45,4,7,0,2234,0
1692,9692,69,Female,45236,Email,Consideration,3004.14,0.23,0.11,46,8.11,11.2,61,16,3,1,2381,1
1693,9693,46,Male,112735,SEO,Retention,6865.12,0.27,0.05,6,6.15,14.23,91,9,7,6,2883,1
1694,9694,66,Female,105870,Email,Retention,8771.06,0.23,0.1,20,1.48,4.16,53,1,6,2,2670,1
1695,9695,46,Male,134679,Referral,Consideration,8005.07,0.25,0.04,32,8.65,5.81,99,2,1,6,4482,1
1696,9696,61,Male,118753,Referral,Conversion,1902.6,0.18,0.05,36,7.57,6.11,86,6,6,6,2847,1
1697,9697,33,Female,69531,Email,Conversion,5697.52,0.27,0.05,11,3.6,1.91,66,4,3,0,1138,1
1698,9698,61,Male,100570,SEO,Conversion,397.22,0.15,0.07,6,3.57,12.21,23,9,5,2,3901,1
1699,9699,64,Female,116621,PPC,Retention,3174.31,0.3,0.04,14,5.54,1.7,65,3,7,3,1495,1
1700,9700,27,Male,29442,SEO,Retention,8079.24,0.04,0.16,36,1.07,5.41,17,1,8,0,4381,1
1701,9701,47,Female,76437,Email,Retention,4620.99,0.24,0.05,8,8.29,3.26,95,16,3,7,2187,1
1702,9702,42,Female,145339,SEO,Conversion,1584.42,0.2,0.09,32,9.48,10.13,47,18,2,4,600,1
1703,9703,56,Male,80342,Social Media,Retention,4441.68,0.18,0.01,37,5.02,13.63,45,8,1,7,3505,1
1704,9704,37,Female,98179,SEO,Awareness,2060.53,0.22,0.03,15,5.83,11.32,47,18,3,5,465,1
1705,9705,22,Female,55069,Referral,Consideration,3992.6,0.25,0.18,30,8.29,11.73,61,2,1,5,302,1
1706,9706,18,Female,93246,Referral,Awareness,4929.55,0.26,0.17,14,3.5,1.64,93,6,2,8,4929,1
1707,9707,47,Female,58560,Social Media,Awareness,3560.63,0.06,0.17,1,5.43,11.21,26,11,0,3,4383,1
1708,9708,66,Female,78070,SEO,Retention,9375.99,0.07,0.09,12,2.0,1.41,61,11,6,8,2397,1
1709,9709,20,Male,62427,PPC,Consideration,5669.05,0.01,0.04,4,7.32,7.52,77,18,5,5,3244,1
1710,9710,62,Male,145608,SEO,Awareness,8444.64,0.05,0.03,47,8.14,10.53,64,6,0,8,1588,1
1711,9711,31,Female,80496,Referral,Conversion,7631.21,0.09,0.13,32,1.6,4.19,51,7,8,1,763,1
1712,9712,47,Female,84557,Referral,Conversion,6645.55,0.22,0.17,31,8.94,10.4,0,2,5,1,4763,1
1713,9713,67,Male,92752,Email,Conversion,5019.2,0.15,0.18,41,4.37,13.27,49,4,4,0,1510,1
1714,9714,21,Female,97248,Referral,Conversion,121.52,0.23,0.06,47,9.3,13.23,39,12,0,8,3612,1
1715,9715,35,Female,90441,Email,Consideration,6173.33,0.15,0.07,44,9.1,3.29,71,0,9,5,3004,1
1716,9716,54,Female,68534,Referral,Conversion,3623.98,0.17,0.03,20,8.12,4.48,16,17,4,3,685,1
1717,9717,42,Male,124303,Referral,Consideration,1265.85,0.04,0.16,1,8.47,10.16,0,14,1,8,2369,1
1718,9718,65,Female,47930,PPC,Consideration,4501.8,0.24,0.06,35,3.6,12.7,77,12,6,4,4413,1
1719,9719,18,Male,116728,Email,Consideration,7381.98,0.23,0.1,32,4.31,7.1,76,7,5,5,2833,1
1720,9720,63,Female,143295,Email,Consideration,9620.61,0.1,0.19,10,3.16,13.87,29,4,3,0,4069,1
1721,9721,32,Female,109042,Referral,Retention,3803.64,0.11,0.15,40,4.19,8.83,76,6,2,7,2645,1
1722,9722,26,Female,135287,Email,Awareness,5472.96,0.07,0.02,22,6.06,4.3,66,14,4,6,3410,1
1723,9723,32,Male,27288,Referral,Retention,8527.32,0.25,0.01,37,8.78,0.79,21,6,2,9,333,1
1724,9724,66,Male,129570,Referral,Awareness,3406.59,0.23,0.16,32,5.92,12.21,34,2,8,2,274,1
1725,9725,41,Female,115547,SEO,Retention,1508.35,0.19,0.12,39,7.27,1.85,55,16,5,4,4652,1
1726,9726,21,Female,149483,Email,Conversion,2890.63,0.08,0.15,7,2.22,1.64,13,8,9,8,3852,1
1727,9727,29,Male,101122,Social Media,Consideration,9001.32,0.06,0.04,35,9.46,11.77,44,0,1,2,559,0
1728,9728,54,Female,81518,Email,Conversion,1677.99,0.02,0.18,35,6.25,0.96,85,14,6,7,2832,1
1729,9729,54,Male,52400,Email,Conversion,3359.29,0.02,0.16,32,7.98,12.72,32,2,7,3,3743,1
1730,9730,60,Male,142609,PPC,Conversion,4699.94,0.06,0.18,28,9.99,9.18,11,5,8,8,177,1
1731,9731,23,Male,21567,Social Media,Retention,8486.42,0.04,0.07,30,8.74,9.73,23,4,3,8,3176,1
1732,9732,56,Male,67878,Social Media,Conversion,9383.36,0.17,0.06,29,5.54,14.1,68,3,0,5,3261,1
1733,9733,63,Male,68850,PPC,Consideration,4315.52,0.11,0.04,7,8.81,13.07,56,10,7,8,1422,1
1734,9734,41,Female,21094,PPC,Consideration,9326.35,0.14,0.19,25,6.93,1.6,8,10,9,3,4009,1
1735,9735,28,Female,31135,Email,Awareness,1698.45,0.18,0.04,22,7.57,12.87,1,13,0,0,36,0
1736,9736,30,Female,99044,SEO,Retention,1652.84,0.2,0.03,49,6.74,10.17,58,16,4,4,2023,1
1737,9737,51,Male,65113,PPC,Consideration,9497.58,0.2,0.05,42,3.59,5.09,94,19,1,6,195,1
1738,9738,42,Male,78791,Social Media,Consideration,5145.83,0.09,0.16,25,4.01,12.87,28,19,7,5,1317,1
1739,9739,24,Male,29684,Social Media,Retention,1940.49,0.24,0.18,41,6.03,0.84,92,8,4,7,4688,1
1740,9740,69,Male,112783,Email,Conversion,4931.1,0.28,0.16,37,8.87,12.64,99,0,5,2,444,1
1741,9741,21,Female,91727,SEO,Consideration,7853.79,0.1,0.12,38,5.07,9.49,54,13,6,7,1372,1
1742,9742,25,Female,103378,Referral,Conversion,8286.51,0.01,0.2,1,5.87,4.29,93,4,3,2,2830,1
1743,9743,37,Male,78552,PPC,Consideration,8653.3,0.27,0.02,25,4.32,0.59,21,7,4,2,2715,1
1744,9744,46,Male,28046,PPC,Awareness,5738.75,0.28,0.17,17,1.16,8.06,84,4,8,7,3158,1
1745,9745,68,Male,24934,Email,Conversion,8682.77,0.02,0.09,26,6.79,6.62,48,1,5,7,4628,1
1746,9746,62,Male,79556,SEO,Consideration,5149.3,0.01,0.1,49,6.09,13.01,11,1,7,7,2748,1
1747,9747,63,Female,66806,Social Media,Retention,6109.89,0.25,0.03,16,9.8,11.92,70,12,3,6,4367,1
1748,9748,27,Male,21354,Social Media,Retention,7611.33,0.1,0.02,44,5.57,9.05,88,18,3,7,1322,1
1749,9749,60,Female,124777,Referral,Retention,4311.81,0.28,0.07,14,5.81,2.69,7,17,7,5,3223,1
1750,9750,51,Female,115352,Social Media,Consideration,828.46,0.07,0.04,42,3.54,11.03,96,14,2,1,3832,0
1751,9751,43,Female,143092,PPC,Conversion,3566.65,0.26,0.1,6,1.9,9.11,15,13,4,9,1781,1
1752,9752,58,Female,73046,Referral,Awareness,6277.05,0.03,0.04,16,7.37,0.83,39,0,2,6,3614,0
1753,9753,66,Female,131098,SEO,Awareness,2004.09,0.09,0.04,18,8.28,11.55,44,19,0,6,340,0
1754,9754,20,Male,85064,Referral,Consideration,1569.02,0.29,0.18,26,8.83,12.56,63,10,2,0,1138,1
1755,9755,23,Female,77184,SEO,Consideration,3001.5,0.08,0.19,39,4.64,11.73,62,18,5,6,261,1
1756,9756,22,Female,22963,Social Media,Consideration,417.9,0.05,0.19,16,7.33,3.06,50,7,5,0,4821,1
1757,9757,22,Male,47424,Email,Conversion,7459.89,0.26,0.14,31,3.36,7.79,9,0,6,6,4686,1
1758,9758,64,Female,100039,Referral,Retention,2661.28,0.04,0.16,15,3.28,8.15,75,10,2,5,81,1
1759,9759,40,Female,23042,Referral,Conversion,1329.96,0.04,0.17,29,9.96,14.05,85,9,8,5,4574,1
1760,9760,66,Female,115777,PPC,Conversion,7021.38,0.1,0.14,13,8.64,13.92,70,5,9,1,4530,1
1761,9761,26,Male,125277,PPC,Consideration,8444.99,0.19,0.07,49,3.31,1.4,44,12,8,6,2136,1
1762,9762,52,Male,27139,SEO,Awareness,296.77,0.22,0.04,40,4.9,14.99,84,0,1,7,3281,1
1763,9763,37,Female,31226,Email,Conversion,2412.64,0.27,0.06,17,6.08,11.91,55,8,7,7,1128,1
1764,9764,66,Male,125234,PPC,Awareness,9457.8,0.17,0.17,21,1.12,5.95,85,17,1,2,3115,1
1765,9765,59,Female,100298,PPC,Consideration,3914.02,0.12,0.14,15,9.63,11.28,72,19,1,5,2061,1
1766,9766,52,Female,103652,Social Media,Conversion,9392.06,0.11,0.1,48,1.98,5.96,83,10,5,5,2540,1
1767,9767,67,Male,142558,Social Media,Retention,2814.7,0.26,0.02,48,8.36,14.08,12,15,7,4,3511,1
1768,9768,35,Female,58108,PPC,Retention,2258.87,0.22,0.06,15,9.78,5.98,63,2,0,8,2771,1
1769,9769,34,Female,90647,SEO,Conversion,2219.67,0.27,0.15,25,7.34,11.61,87,9,7,8,182,1
1770,9770,41,Male,88617,Email,Retention,943.76,0.29,0.11,42,9.7,2.75,29,1,7,2,292,1
1771,9771,20,Female,49815,PPC,Conversion,8974.68,0.1,0.09,5,1.18,12.86,51,7,3,7,1185,1
1772,9772,49,Female,27802,SEO,Retention,9800.37,0.16,0.07,6,4.19,9.5,53,17,5,8,4326,1
1773,9773,52,Female,62230,SEO,Consideration,9549.64,0.19,0.13,8,5.29,12.21,56,2,1,4,4007,1
1774,9774,55,Female,142215,PPC,Retention,8535.08,0.06,0.19,43,8.05,6.56,17,5,0,5,1983,1
1775,9775,30,Female,83372,SEO,Retention,8484.19,0.03,0.18,25,6.89,5.52,24,12,6,3,1686,1
1776,9776,64,Female,133884,Referral,Consideration,6644.75,0.26,0.02,1,7.62,8.22,52,18,6,5,562,1
1777,9777,42,Female,74020,SEO,Consideration,8279.52,0.17,0.1,35,2.3,6.13,19,13,2,2,4018,1
1778,9778,26,Female,103449,PPC,Retention,2162.59,0.18,0.07,2,8.6,7.96,10,12,2,5,4735,1
1779,9779,21,Female,37465,SEO,Awareness,3940.34,0.17,0.11,20,8.4,6.74,39,14,9,9,2818,1
1780,9780,31,Female,27994,PPC,Awareness,6444.28,0.23,0.13,43,7.92,3.35,97,18,0,6,518,1
1781,9781,54,Male,23531,Social Media,Conversion,8760.24,0.05,0.05,2,8.36,14.66,22,17,0,0,2027,1
1782,9782,51,Female,29343,PPC,Retention,6638.65,0.19,0.16,8,2.92,0.73,89,11,1,6,1043,1
1783,9783,28,Female,79066,SEO,Conversion,8406.32,0.15,0.1,11,2.26,13.92,86,7,9,2,185,1
1784,9784,58,Male,119020,PPC,Consideration,4792.1,0.27,0.2,7,9.06,12.5,41,13,2,4,4634,1
1785,9785,20,Female,26229,Email,Retention,7201.31,0.16,0.01,36,9.61,6.6,46,0,3,4,2252,1
1786,9786,45,Male,114311,PPC,Consideration,9801.81,0.28,0.05,20,4.82,5.17,55,0,7,5,1443,1
1787,9787,46,Male,112302,PPC,Retention,1619.54,0.11,0.14,36,5.02,2.89,32,0,4,1,3839,1
1788,9788,26,Female,102124,Email,Retention,9276.51,0.29,0.14,39,7.67,2.43,88,16,1,8,4509,1
1789,9789,20,Female,108704,Email,Consideration,5271.4,0.26,0.12,2,5.45,8.49,97,17,6,6,2778,1
1790,9790,42,Male,64789,Email,Retention,6467.86,0.18,0.19,40,3.82,2.03,25,19,7,3,1830,1
1791,9791,51,Female,64069,Referral,Retention,8790.9,0.11,0.09,20,2.71,7.41,68,14,2,4,3698,1
1792,9792,29,Female,122398,PPC,Conversion,4155.58,0.12,0.09,25,1.2,12.31,28,18,5,4,2337,1
1793,9793,59,Male,107402,Email,Consideration,4245.06,0.23,0.18,23,6.29,11.48,93,8,9,9,3179,1
1794,9794,26,Female,140428,Email,Awareness,5319.1,0.18,0.11,45,2.28,2.42,59,1,7,5,2415,1
1795,9795,32,Female,29524,Social Media,Awareness,289.11,0.13,0.08,33,8.73,14.44,90,7,9,3,1607,1
1796,9796,57,Female,141907,Referral,Retention,5017.0,0.19,0.15,31,9.85,4.65,36,7,5,5,4820,1
1797,9797,42,Female,144928,PPC,Conversion,2981.76,0.22,0.13,26,5.12,10.73,24,14,9,3,2560,1
1798,9798,22,Female,108074,SEO,Retention,9286.75,0.02,0.07,46,2.04,4.86,73,10,5,4,4353,1
1799,9799,28,Male,128345,Referral,Conversion,968.58,0.04,0.07,29,6.25,9.45,43,14,7,3,4036,1
1800,9800,51,Male,106762,Referral,Retention,4647.27,0.04,0.09,3,6.16,8.8,33,18,0,8,2121,1
1801,9801,41,Female,83103,Social Media,Awareness,9479.93,0.08,0.02,1,2.2,3.09,11,10,1,0,940,0
1802,9802,32,Female,28103,PPC,Consideration,9020.25,0.13,0.19,22,6.82,9.96,92,0,2,4,537,1
1803,9803,55,Male,78581,PPC,Conversion,7043.35,0.24,0.04,40,3.84,5.23,38,16,6,4,2766,1
1804,9804,25,Female,103938,Email,Retention,5934.67,0.11,0.05,3,8.61,9.36,18,10,0,0,496,0
1805,9805,22,Female,74203,Email,Retention,2879.24,0.02,0.13,36,6.29,8.35,18,13,3,3,1382,1
1806,9806,65,Male,35090,Referral,Conversion,3732.88,0.15,0.15,10,4.9,12.72,28,11,2,1,358,1
1807,9807,43,Male,35915,Social Media,Conversion,992.34,0.3,0.15,35,9.67,3.6,65,11,7,1,3842,1
1808,9808,35,Male,61477,PPC,Awareness,7882.47,0.11,0.08,35,5.42,2.7,89,3,6,1,3757,1
1809,9809,23,Female,76987,Social Media,Conversion,3306.31,0.29,0.18,14,8.99,12.9,97,14,0,9,2429,1
1810,9810,54,Male,119742,SEO,Retention,6711.04,0.04,0.11,36,3.38,6.95,93,8,8,0,3940,1
1811,9811,65,Female,73238,PPC,Awareness,3640.19,0.06,0.09,2,4.98,11.84,75,14,3,8,3791,1
1812,9812,30,Female,107047,Email,Awareness,4696.87,0.22,0.16,47,1.75,14.41,19,1,6,5,2390,1
1813,9813,45,Female,136740,Referral,Consideration,5594.52,0.16,0.06,29,4.8,8.39,56,15,5,6,2194,1
1814,9814,22,Male,142217,Social Media,Consideration,8038.34,0.23,0.17,22,9.05,4.86,96,0,2,5,608,1
1815,9815,30,Female,35029,Email,Consideration,2190.45,0.26,0.11,32,8.47,12.02,8,15,5,3,1100,1
1816,9816,34,Female,116367,Referral,Conversion,4047.78,0.08,0.18,0,9.78,14.0,1,14,6,9,330,1
1817,9817,67,Female,109067,Email,Awareness,1387.81,0.21,0.05,0,7.75,4.05,27,13,4,1,3626,0
1818,9818,57,Female,73520,PPC,Conversion,850.03,0.19,0.19,2,3.44,10.48,33,2,9,4,3271,1
1819,9819,62,Female,90053,Social Media,Awareness,6086.28,0.26,0.14,8,2.45,11.82,20,5,3,2,548,1
1820,9820,49,Female,71464,SEO,Retention,1972.0,0.13,0.13,31,2.62,0.89,82,10,5,0,980,0
1821,9821,46,Male,41961,Email,Conversion,692.01,0.03,0.09,12,6.95,9.09,77,6,9,1,487,1
1822,9822,68,Male,46835,Social Media,Awareness,8981.27,0.18,0.19,44,4.44,9.68,80,13,7,7,3186,1
1823,9823,20,Male,47725,PPC,Consideration,5389.71,0.29,0.09,30,4.73,9.73,55,9,6,6,2225,1
1824,9824,57,Female,45357,Email,Consideration,1432.82,0.01,0.1,20,8.75,1.72,4,3,2,6,2198,0
1825,9825,51,Male,129209,PPC,Retention,628.92,0.08,0.16,22,7.54,0.81,84,0,1,8,4357,0
1826,9826,57,Male,21244,SEO,Conversion,1286.61,0.1,0.06,12,2.88,4.76,21,3,9,9,1912,1
1827,9827,44,Female,87952,SEO,Awareness,4766.24,0.23,0.07,25,2.54,5.69,58,14,4,1,3364,1
1828,9828,30,Male,68061,Referral,Consideration,6717.81,0.1,0.16,24,8.4,2.6,39,5,8,1,3672,1
1829,9829,62,Male,26490,Referral,Awareness,6448.67,0.08,0.03,7,9.58,7.89,83,18,9,9,1666,1
1830,9830,50,Male,140856,Referral,Conversion,1529.79,0.2,0.17,39,2.67,3.8,91,17,4,5,2747,1
1831,9831,23,Female,143855,PPC,Consideration,6371.54,0.02,0.13,29,9.57,5.39,62,9,9,1,2082,1
1832,9832,41,Female,97219,Referral,Retention,4108.17,0.06,0.11,4,4.87,4.75,31,3,0,7,2288,0
1833,9833,36,Male,146305,Social Media,Retention,4700.96,0.13,0.05,23,9.15,11.69,44,15,8,8,2746,1
1834,9834,33,Female,25839,PPC,Conversion,8034.16,0.11,0.16,9,7.76,13.22,82,18,1,5,1923,1
1835,9835,57,Female,44992,PPC,Conversion,3391.74,0.11,0.16,18,9.15,4.83,91,10,1,5,2102,1
1836,9836,45,Female,133154,Referral,Awareness,1555.29,0.04,0.1,34,6.81,5.96,86,9,5,4,1088,1
1837,9837,50,Female,143094,Referral,Retention,8747.19,0.11,0.08,21,2.41,12.32,32,15,2,9,571,1
1838,9838,65,Female,64938,PPC,Conversion,2200.09,0.24,0.06,38,1.54,11.51,81,14,4,6,1706,1
1839,9839,58,Female,144015,SEO,Conversion,3010.9,0.13,0.15,37,6.64,10.78,34,16,4,5,3080,1
1840,9840,30,Male,76249,SEO,Retention,7095.24,0.18,0.13,6,1.53,10.76,45,1,2,8,2906,1
1841,9841,60,Male,64735,Referral,Awareness,6867.15,0.06,0.05,38,3.12,4.81,35,13,7,5,4453,1
1842,9842,62,Male,123313,SEO,Awareness,8023.96,0.03,0.16,19,2.86,14.08,61,7,2,0,2489,1
1843,9843,42,Female,70734,Social Media,Retention,1920.28,0.27,0.18,39,4.84,12.23,82,14,5,3,911,1
1844,9844,59,Female,67080,Social Media,Retention,3587.57,0.11,0.02,31,6.38,3.57,89,0,9,6,4549,1
1845,9845,53,Female,147403,Social Media,Retention,1346.24,0.11,0.16,1,9.2,10.1,99,5,4,2,1016,1
1846,9846,44,Male,94460,PPC,Retention,5456.29,0.26,0.17,14,9.43,2.75,25,19,6,5,3361,1
1847,9847,55,Female,145626,PPC,Retention,2996.45,0.22,0.2,9,9.84,8.88,6,18,5,3,4718,1
1848,9848,24,Female,101457,PPC,Conversion,6920.46,0.23,0.06,20,7.87,4.69,86,10,8,4,3618,1
1849,9849,22,Female,44260,PPC,Consideration,103.41,0.21,0.08,14,9.29,2.03,4,5,1,7,2676,1
1850,9850,60,Female,79607,PPC,Retention,690.86,0.04,0.19,33,8.12,9.25,86,18,9,5,2015,1
1851,9851,62,Female,81852,Referral,Consideration,4382.35,0.29,0.03,34,9.2,13.32,99,3,5,1,3788,1
1852,9852,68,Female,48380,SEO,Awareness,9586.02,0.27,0.11,4,1.94,2.54,31,9,9,2,4773,1
1853,9853,48,Female,104347,Referral,Conversion,8919.43,0.08,0.11,18,9.65,13.54,78,10,9,0,3575,1
1854,9854,40,Female,91257,SEO,Consideration,9940.69,0.24,0.13,6,3.11,2.35,90,7,4,8,3677,1
1855,9855,59,Male,61191,Referral,Awareness,4226.62,0.13,0.07,45,6.12,11.26,80,8,8,9,4192,1
1856,9856,27,Male,24930,Social Media,Awareness,561.03,0.21,0.19,43,5.65,14.85,83,0,1,5,4509,1
1857,9857,49,Female,24353,Email,Awareness,3128.97,0.06,0.06,41,6.08,1.86,56,18,7,9,4267,1
1858,9858,60,Male,27832,PPC,Retention,6790.13,0.17,0.13,41,7.32,3.58,79,16,6,8,726,1
1859,9859,47,Female,140063,Email,Conversion,1438.12,0.05,0.1,35,5.86,7.22,61,8,0,2,1117,1
1860,9860,56,Male,69554,Email,Awareness,3069.72,0.17,0.06,17,7.2,11.2,27,16,2,4,3807,1
1861,9861,48,Female,108487,Social Media,Retention,656.05,0.08,0.05,5,5.81,13.52,94,11,3,4,3293,1
1862,9862,35,Male,74017,Email,Consideration,4802.17,0.14,0.19,3,1.11,11.07,79,13,7,4,4982,1
1863,9863,53,Male,77298,Email,Conversion,2168.31,0.2,0.12,4,6.65,11.68,77,8,1,8,1915,1
1864,9864,19,Female,134752,Social Media,Consideration,1003.36,0.26,0.12,13,6.0,7.06,73,6,7,1,4827,1
1865,9865,31,Male,71389,SEO,Consideration,4171.04,0.06,0.16,40,6.27,5.66,65,15,1,5,1911,1
1866,9866,30,Male,93306,Referral,Retention,3577.13,0.27,0.03,46,1.01,7.86,96,13,2,7,4609,1
1867,9867,46,Male,45525,Email,Consideration,5421.43,0.12,0.15,32,5.22,9.92,40,5,7,9,1481,1
1868,9868,29,Female,102092,PPC,Conversion,7515.48,0.25,0.04,20,8.87,7.78,85,14,8,9,4451,1
1869,9869,56,Male,100630,Social Media,Consideration,1214.43,0.16,0.15,12,3.99,11.96,65,12,4,3,1800,1
1870,9870,19,Female,93471,Email,Retention,7932.14,0.26,0.04,1,5.0,2.78,63,19,3,0,779,0
1871,9871,49,Female,88211,SEO,Awareness,360.27,0.2,0.17,14,2.1,6.24,6,4,2,4,929,0
1872,9872,30,Female,51280,SEO,Retention,4486.71,0.16,0.14,46,5.05,1.46,40,14,2,4,3248,1
1873,9873,63,Female,144130,PPC,Awareness,5915.56,0.1,0.08,15,4.56,10.24,44,17,8,3,4463,1
1874,9874,44,Female,31240,Email,Consideration,9574.29,0.29,0.08,34,8.95,11.48,43,12,3,1,637,1
1875,9875,66,Male,85092,PPC,Awareness,5781.84,0.24,0.04,44,1.32,10.18,29,10,1,6,2053,1
1876,9876,58,Female,89541,SEO,Retention,1671.62,0.12,0.18,19,9.56,14.35,37,10,3,6,2500,1
1877,9877,34,Male,82851,SEO,Retention,5223.66,0.06,0.03,0,6.19,14.02,38,11,2,2,4144,1
1878,9878,57,Female,26544,Referral,Conversion,4018.26,0.24,0.1,45,5.77,4.42,18,18,4,9,4425,1
1879,9879,48,Female,77981,SEO,Conversion,4845.62,0.3,0.05,2,8.98,4.03,46,11,3,5,2644,1
1880,9880,51,Female,37332,Social Media,Awareness,2051.26,0.09,0.2,16,2.72,0.87,37,18,1,1,3803,0
1881,9881,41,Female,46836,Referral,Awareness,5058.19,0.28,0.12,16,2.88,7.79,16,18,9,0,617,1
1882,9882,62,Male,34388,PPC,Conversion,1585.39,0.05,0.04,40,8.87,12.99,73,0,0,8,1421,1
1883,9883,52,Female,133263,SEO,Consideration,7466.03,0.29,0.14,19,9.36,2.78,78,13,0,9,3371,1
1884,9884,65,Female,21694,Social Media,Conversion,5979.67,0.23,0.2,19,8.54,9.1,68,16,0,0,2701,1
1885,9885,23,Male,147727,Referral,Consideration,877.42,0.11,0.13,3,1.37,10.95,98,1,2,9,3312,0
1886,9886,36,Female,106677,Social Media,Awareness,8907.18,0.1,0.1,10,6.87,5.83,3,6,1,4,2504,1
1887,9887,47,Female,108202,Referral,Awareness,6202.16,0.2,0.07,14,5.06,10.69,34,5,3,2,3202,1
1888,9888,24,Female,133057,Referral,Retention,3229.46,0.18,0.03,44,8.27,12.64,0,19,2,8,2007,1
1889,9889,27,Female,69294,Referral,Retention,551.86,0.28,0.05,26,2.42,0.65,80,19,6,7,4912,1
1890,9890,58,Male,58769,PPC,Consideration,6359.04,0.23,0.12,23,9.28,11.16,84,0,7,3,296,1
1891,9891,49,Male,59420,Referral,Consideration,3797.06,0.17,0.15,19,4.02,9.2,57,5,4,7,4114,1
1892,9892,51,Female,133289,Referral,Conversion,9085.42,0.28,0.18,43,3.91,12.75,21,14,5,4,1398,1
1893,9893,45,Female,122885,Social Media,Consideration,445.29,0.18,0.16,14,2.61,2.51,4,16,6,9,2187,1
1894,9894,32,Male,57855,Referral,Awareness,487.11,0.26,0.03,5,1.06,12.2,59,3,8,7,4662,0
1895,9895,47,Male,21460,PPC,Awareness,9498.06,0.25,0.16,17,3.81,2.55,35,1,0,1,2405,1
1896,9896,54,Female,122191,Social Media,Awareness,9652.25,0.28,0.12,21,2.33,8.98,8,15,1,7,1537,1
1897,9897,46,Male,67646,Referral,Retention,374.65,0.03,0.1,48,7.64,4.43,83,12,0,6,795,0
1898,9898,39,Male,61252,Social Media,Consideration,7188.73,0.18,0.12,20,7.81,3.98,56,10,8,5,681,1
1899,9899,21,Male,29835,PPC,Consideration,2292.8,0.15,0.01,23,8.45,7.73,77,10,1,7,3670,1
1900,9900,37,Male,133947,Social Media,Retention,7043.79,0.15,0.02,16,1.05,11.48,83,15,1,6,4941,1
1901,9901,49,Female,30910,PPC,Retention,8700.45,0.14,0.11,10,4.16,9.86,89,9,4,4,2715,1
1902,9902,53,Female,102757,SEO,Retention,1098.23,0.25,0.04,17,1.05,14.83,3,3,8,4,4564,1
1903,9903,67,Male,111149,Referral,Awareness,2463.79,0.1,0.11,34,5.57,2.23,50,18,2,9,889,1
1904,9904,21,Male,116889,PPC,Consideration,338.37,0.14,0.08,30,9.18,10.97,38,6,9,6,4994,1
1905,9905,44,Male,124150,Referral,Conversion,533.92,0.07,0.18,27,4.67,1.3,83,17,7,7,1170,1
1906,9906,34,Female,28463,PPC,Conversion,393.22,0.08,0.19,23,8.86,5.68,51,11,9,3,3331,1
1907,9907,29,Male,33336,Email,Consideration,8026.76,0.2,0.2,35,9.53,5.48,74,9,0,2,1878,1
1908,9908,39,Female,46534,Email,Consideration,3053.1,0.04,0.18,44,3.14,4.22,70,14,9,1,4230,1
1909,9909,34,Female,22369,Email,Retention,4982.79,0.06,0.2,23,1.09,8.22,54,11,1,5,40,0
1910,9910,27,Male,45381,PPC,Retention,7899.66,0.16,0.14,32,7.66,4.03,30,0,7,6,911,1
1911,9911,18,Male,132296,Referral,Awareness,4999.94,0.02,0.19,29,6.21,5.83,49,9,0,1,2740,1
1912,9912,39,Male,105094,Email,Retention,4349.04,0.05,0.13,36,4.12,12.96,7,10,8,1,3929,1
1913,9913,43,Female,107905,Referral,Consideration,214.57,0.26,0.16,12,4.31,5.19,86,19,3,2,548,1
1914,9914,35,Female,119186,PPC,Awareness,5723.59,0.26,0.04,15,1.73,14.8,14,18,2,3,4373,1
1915,9915,67,Male,116490,Referral,Conversion,1334.96,0.11,0.14,47,8.84,4.5,64,14,2,4,3883,1
1916,9916,31,Female,45407,Referral,Consideration,7670.02,0.11,0.19,42,3.18,13.59,9,2,0,3,2657,1
1917,9917,64,Male,82552,Email,Conversion,2651.6,0.28,0.11,8,1.87,6.75,40,15,7,3,870,1
1918,9918,46,Female,55939,Social Media,Consideration,6774.46,0.02,0.05,49,8.02,13.66,87,19,3,2,1581,1
1919,9919,29,Female,112303,SEO,Consideration,6497.61,0.18,0.11,46,5.37,6.69,78,15,0,6,281,1
1920,9920,53,Female,87576,PPC,Awareness,6205.09,0.18,0.14,12,7.87,11.67,47,9,4,6,1922,1
1921,9921,52,Female,148081,PPC,Awareness,2742.82,0.24,0.16,6,9.12,6.3,20,14,9,3,3928,1
1922,9922,69,Female,108652,PPC,Retention,2744.19,0.29,0.11,34,4.44,9.5,85,7,7,0,1718,1
1923,9923,29,Female,46170,SEO,Consideration,8644.18,0.11,0.05,43,1.49,1.25,23,1,7,1,3630,1
1924,9924,24,Female,91908,Social Media,Consideration,226.79,0.14,0.19,25,3.28,9.19,73,3,9,3,4515,1
1925,9925,46,Female,144506,Referral,Awareness,1897.07,0.2,0.16,49,1.46,5.08,22,13,2,3,2574,1
1926,9926,28,Male,42369,PPC,Conversion,6140.69,0.29,0.06,8,2.34,14.95,79,17,3,7,902,1
1927,9927,50,Male,93098,Referral,Retention,8188.76,0.27,0.16,34,8.64,12.25,68,2,9,1,670,1
1928,9928,23,Female,64544,Email,Consideration,3647.62,0.2,0.08,23,9.47,1.65,32,2,3,0,3245,1
1929,9929,64,Female,25900,Email,Awareness,6569.09,0.26,0.07,32,7.09,3.37,35,4,2,8,1038,1
1930,9930,32,Female,60733,Email,Consideration,5615.85,0.03,0.17,20,7.59,9.43,24,1,5,5,3317,1
1931,9931,49,Female,107236,PPC,Awareness,738.95,0.12,0.18,21,7.58,4.86,57,5,2,0,2197,0
1932,9932,68,Female,126769,SEO,Retention,6255.33,0.01,0.09,38,2.11,3.59,89,3,5,5,945,0
1933,9933,28,Female,20589,PPC,Conversion,8157.64,0.06,0.01,18,1.42,5.66,65,1,4,8,1203,1
1934,9934,40,Female,80044,Email,Consideration,9925.24,0.19,0.05,43,7.29,2.04,97,18,1,8,4023,1
1935,9935,43,Female,85311,Email,Consideration,393.44,0.27,0.18,45,1.34,8.54,30,14,7,4,4034,1
1936,9936,51,Male,77926,PPC,Retention,6634.58,0.19,0.18,44,8.31,4.6,43,1,6,0,2835,1
1937,9937,63,Male,90599,SEO,Conversion,4204.04,0.2,0.1,31,6.32,13.07,62,3,6,4,1618,1
1938,9938,51,Female,105553,SEO,Consideration,196.9,0.04,0.07,4,2.02,0.97,44,13,5,9,3885,0
1939,9939,46,Male,103910,Referral,Retention,6182.17,0.2,0.07,11,6.93,5.59,82,11,8,4,3741,1
1940,9940,21,Female,108435,Social Media,Consideration,1312.03,0.14,0.18,39,6.46,8.47,81,2,3,1,2302,1
1941,9941,34,Male,69008,Email,Consideration,3847.81,0.2,0.07,5,4.39,3.91,49,7,4,2,4393,1
1942,9942,52,Male,86794,SEO,Retention,2687.53,0.1,0.11,17,8.36,1.33,66,19,8,3,1759,1
1943,9943,30,Female,99134,Email,Retention,3675.52,0.18,0.15,6,3.74,1.55,70,9,2,2,4136,1
1944,9944,58,Female,22866,Social Media,Awareness,4977.69,0.13,0.05,18,4.4,2.81,86,18,2,2,4198,1
1945,9945,56,Male,72890,Email,Awareness,3656.17,0.17,0.06,14,7.27,4.44,0,14,7,2,4631,1
1946,9946,32,Female,135259,SEO,Consideration,5572.05,0.05,0.08,41,7.77,10.73,70,13,9,1,612,1
1947,9947,46,Female,61504,Referral,Retention,2462.63,0.12,0.13,8,3.46,7.38,85,18,5,5,299,1
1948,9948,46,Female,115668,PPC,Conversion,6390.08,0.12,0.17,19,1.15,0.98,66,19,1,8,1168,1
1949,9949,28,Male,73374,PPC,Conversion,8552.25,0.22,0.11,47,2.59,2.75,82,18,2,0,1224,1
1950,9950,69,Female,49404,SEO,Consideration,2318.26,0.21,0.04,19,3.37,5.83,93,13,7,1,2131,1
1951,9951,49,Female,85223,SEO,Awareness,5127.98,0.27,0.09,3,9.15,6.59,8,5,4,9,1581,1
1952,9952,19,Male,131008,Social Media,Retention,6522.03,0.19,0.03,9,9.04,1.42,98,7,1,5,3632,1
1953,9953,64,Female,20637,Email,Retention,5689.8,0.1,0.03,41,6.95,2.26,34,18,2,0,4396,1
1954,9954,31,Female,110152,Social Media,Awareness,3719.93,0.24,0.12,39,7.38,4.3,12,2,1,9,2980,1
1955,9955,37,Female,123186,PPC,Retention,6457.78,0.15,0.19,0,6.59,12.63,25,2,4,6,3317,1
1956,9956,39,Female,35828,Email,Consideration,379.64,0.07,0.17,34,8.01,3.53,44,3,4,2,3610,1
1957,9957,28,Male,73544,Social Media,Retention,3762.07,0.23,0.16,23,4.16,3.79,50,6,8,5,2333,1
1958,9958,44,Male,111732,PPC,Retention,5372.86,0.05,0.15,43,5.92,7.67,91,1,5,2,2456,1
1959,9959,20,Female,121976,Email,Awareness,304.07,0.06,0.18,6,7.04,13.43,24,12,1,5,2535,1
1960,9960,34,Female,65097,Referral,Awareness,5125.72,0.23,0.15,21,5.22,8.16,55,10,0,3,2139,1
1961,9961,61,Female,133271,Referral,Conversion,6577.12,0.23,0.13,22,7.95,1.65,38,12,6,8,3575,1
1962,9962,45,Female,52022,Social Media,Consideration,7616.16,0.24,0.08,0,9.39,3.2,2,1,6,2,46,1
1963,9963,46,Male,52202,SEO,Awareness,1222.4,0.1,0.03,23,6.97,12.91,74,3,9,4,2854,1
1964,9964,38,Male,48704,Email,Awareness,9906.59,0.26,0.1,19,1.67,13.21,93,15,5,5,2643,1
1965,9965,64,Female,111411,Social Media,Awareness,6101.06,0.22,0.19,31,6.49,12.03,52,14,1,9,4726,1
1966,9966,33,Male,149688,SEO,Retention,3695.62,0.25,0.12,30,7.27,8.36,32,14,7,0,4560,1
1967,9967,54,Female,43641,SEO,Consideration,2566.02,0.22,0.05,32,3.55,6.87,61,2,3,6,2713,1
1968,9968,37,Male,57479,Email,Consideration,5771.68,0.18,0.13,35,3.9,4.39,97,12,6,8,820,1
1969,9969,23,Female,98771,Email,Retention,8828.95,0.04,0.1,17,6.36,8.44,66,16,7,5,1462,1
1970,9970,36,Male,42027,SEO,Retention,5253.6,0.22,0.19,36,7.36,10.4,68,17,6,9,3980,1
1971,9971,22,Female,118463,PPC,Awareness,6648.57,0.21,0.04,32,8.84,9.19,94,15,2,3,1014,1
1972,9972,20,Female,62912,Social Media,Conversion,3641.19,0.1,0.15,32,7.86,3.77,3,0,7,6,3091,1
1973,9973,18,Male,133097,Email,Conversion,3942.71,0.22,0.14,4,2.21,13.6,71,13,3,3,4184,1
1974,9974,55,Male,128227,SEO,Consideration,2933.13,0.17,0.2,17,4.13,6.16,58,1,7,8,84,1
1975,9975,32,Male,112558,PPC,Conversion,7085.81,0.17,0.12,8,2.34,13.33,16,5,4,7,611,1
1976,9976,51,Female,91474,Referral,Awareness,3655.96,0.12,0.18,41,7.81,6.26,21,11,8,0,1015,1
1977,9977,52,Male,148773,SEO,Retention,1988.09,0.04,0.01,30,3.4,1.06,37,7,2,2,393,0
1978,9978,66,Female,129658,PPC,Consideration,3757.07,0.07,0.03,6,2.11,11.2,87,6,1,0,3294,0
1979,9979,42,Female,62692,Referral,Consideration,8552.89,0.23,0.08,14,1.87,13.84,30,17,3,0,2122,1
1980,9980,41,Female,118884,PPC,Retention,7408.7,0.09,0.13,45,2.03,4.19,48,10,1,6,3983,1
1981,9981,29,Male,52209,Email,Conversion,3412.94,0.01,0.1,3,3.22,8.37,51,19,1,6,3556,1
1982,9982,35,Female,77563,SEO,Consideration,9077.41,0.3,0.05,45,8.04,12.21,88,1,0,8,3474,1
1983,9983,32,Male,76738,Referral,Retention,840.84,0.07,0.12,38,3.14,5.16,37,10,7,0,1899,1
1984,9984,61,Female,57242,PPC,Retention,592.56,0.2,0.12,7,3.53,4.65,95,7,0,1,4199,0
1985,9985,33,Female,29941,Referral,Conversion,1361.96,0.28,0.11,23,8.93,6.46,48,19,7,8,4646,1
1986,9986,44,Female,27073,Social Media,Conversion,1252.9,0.18,0.03,7,4.98,8.48,89,16,8,8,3420,1
1987,9987,25,Female,127966,SEO,Awareness,969.56,0.24,0.19,4,5.58,8.51,99,12,5,9,815,1
1988,9988,63,Male,57827,Email,Conversion,6647.29,0.29,0.12,22,1.02,7.55,26,19,6,1,474,1
1989,9989,42,Male,66225,Referral,Conversion,6048.34,0.26,0.06,42,1.74,12.39,22,11,5,3,859,1
1990,9990,34,Female,57096,PPC,Retention,6511.29,0.17,0.14,33,7.67,2.72,83,10,0,6,2476,1
1991,9991,46,Male,70546,Referral,Consideration,6914.82,0.12,0.07,14,4.0,1.73,26,12,0,0,1055,1
1992,9992,25,Female,86457,PPC,Retention,7593.11,0.15,0.11,49,2.35,2.94,80,8,0,1,2129,1
1993,9993,32,Female,149257,Referral,Awareness,2151.05,0.25,0.07,46,4.86,10.71,13,6,2,4,4249,1
1994,9994,44,Female,88309,Email,Retention,6260.8,0.26,0.18,18,1.41,2.61,2,9,6,9,4687,1
1995,9995,63,Female,89998,Email,Awareness,5842.48,0.26,0.2,24,7.38,5.18,26,11,7,1,3551,1
1996,9996,67,Female,106496,SEO,Conversion,9442.23,0.18,0.04,38,1.72,13.26,61,7,0,5,4522,1
1997,9997,69,Female,50268,Email,Consideration,2400.44,0.15,0.01,3,1.49,2.53,13,11,5,0,819,0
1998,9998,24,Female,105354,Referral,Consideration,681.36,0.1,0.05,45,4.78,8.16,91,11,7,5,2363,1
1999,9999,20,Female,125037,Referral,Retention,6569.6,0.01,0.12,7,6.28,7.84,43,13,4,4,1107,1
2000,10000,46,Male,130078,Email,Consideration,7427.71,0.23,0.04,28,7.88,0.99,24,10,1,8,4990,1
2001,10001,61,Male,62078,Social Media,Awareness,2903.64,0.09,0.16,41,1.64,2.17,60,13,3,7,4441,1
2002,10002,41,Female,21865,Referral,Awareness,5751.4,0.11,0.09,12,4.01,14.28,74,13,3,7,3055,1
2003,10003,20,Female,116242,SEO,Conversion,689.41,0.25,0.13,37,3.42,14.43,51,10,3,9,2603,1
2004,10004,37,Female,48887,Social Media,Retention,9604.44,0.03,0.1,35,7.69,13.18,11,1,7,8,3566,1
2005,10005,63,Male,69876,Email,Conversion,1188.26,0.28,0.18,36,4.32,6.76,96,7,5,4,1346,1
2006,10006,32,Male,116047,PPC,Consideration,768.95,0.01,0.02,41,6.65,9.1,83,6,8,9,4903,1
2007,10007,42,Male,53479,Referral,Conversion,536.69,0.28,0.15,44,5.4,12.45,33,14,9,9,659,1
2008,10008,47,Male,148863,PPC,Consideration,4329.99,0.14,0.13,42,6.13,10.3,22,3,0,6,2456,1
2009,10009,31,Male,60478,SEO,Awareness,1061.88,0.04,0.13,30,4.29,13.48,18,0,0,2,1245,1
2010,10010,24,Female,46401,Social Media,Retention,7472.02,0.21,0.09,18,3.15,5.08,99,2,1,5,4333,1
2011,10011,34,Female,48502,PPC,Retention,8998.85,0.27,0.01,36,1.54,9.55,0,5,4,7,2886,1
2012,10012,61,Female,139768,SEO,Conversion,2676.17,0.14,0.14,24,2.56,8.72,73,18,5,3,4659,1
2013,10013,37,Male,131750,PPC,Consideration,6324.85,0.21,0.17,36,2.55,14.78,64,1,2,9,2864,1
2014,10014,53,Male,33394,PPC,Awareness,519.15,0.29,0.03,0,9.41,13.23,4,14,0,0,278,0
2015,10015,26,Female,118694,SEO,Consideration,3926.99,0.08,0.09,20,9.44,2.9,56,18,6,2,3519,1
2016,10016,55,Female,29262,Referral,Conversion,3000.13,0.25,0.04,40,3.3,1.35,21,18,0,6,1362,1
2017,10017,65,Male,24487,PPC,Consideration,2363.33,0.1,0.13,38,1.95,6.97,42,8,6,9,222,1
2018,10018,39,Female,47341,SEO,Awareness,6482.76,0.13,0.16,40,3.54,8.41,1,18,8,5,2607,1
2019,10019,19,Male,147360,PPC,Conversion,1389.26,0.09,0.14,25,8.17,11.95,72,12,0,0,2177,1
2020,10020,41,Female,128924,Referral,Awareness,8621.03,0.14,0.07,41,8.84,2.82,6,7,7,5,3265,1
2021,10021,25,Female,33570,SEO,Conversion,6681.88,0.01,0.04,2,5.51,13.84,20,5,9,5,1226,1
2022,10022,28,Male,77268,PPC,Retention,7136.28,0.1,0.16,49,5.86,8.79,70,9,8,1,706,1
2023,10023,30,Female,141435,Email,Consideration,9359.91,0.14,0.07,40,5.13,12.72,58,8,7,5,977,1
2024,10024,34,Male,49605,Referral,Awareness,9429.49,0.19,0.01,4,2.65,12.63,8,14,0,8,2551,1
2025,10025,25,Female,91602,PPC,Awareness,5561.36,0.19,0.12,42,1.45,14.3,39,13,3,7,4029,1
2026,10026,38,Female,122798,Social Media,Consideration,5004.26,0.18,0.06,28,6.59,10.05,72,1,9,2,2654,1
2027,10027,35,Female,46723,SEO,Awareness,3420.28,0.1,0.17,32,8.19,11.87,48,0,3,2,207,1
2028,10028,47,Female,89108,PPC,Awareness,7184.16,0.28,0.04,1,7.74,12.4,11,10,0,4,2668,1
2029,10029,35,Female,98206,Referral,Awareness,5428.27,0.12,0.09,17,9.1,7.29,99,14,6,6,1306,1
2030,10030,63,Male,80098,Referral,Retention,9335.46,0.07,0.06,13,8.32,6.77,72,14,6,0,1987,1
2031,10031,64,Female,113375,Social Media,Awareness,2462.4,0.17,0.14,39,3.59,14.23,9,5,9,2,4917,1
2032,10032,48,Male,68707,Social Media,Retention,3171.5,0.23,0.11,29,2.05,1.47,73,0,8,5,4032,1
2033,10033,55,Male,69028,PPC,Consideration,3229.3,0.01,0.16,28,4.88,14.32,16,16,7,1,2605,1
2034,10034,49,Female,113937,Email,Retention,8079.38,0.09,0.1,28,4.13,8.89,3,2,2,1,3211,1
2035,10035,28,Male,76921,Referral,Awareness,1080.5,0.25,0.01,18,7.56,4.77,63,13,1,4,438,0
2036,10036,62,Male,80760,Email,Awareness,4610.93,0.16,0.05,45,1.61,8.58,15,19,9,4,2157,1
2037,10037,42,Female,30249,Email,Awareness,4333.05,0.13,0.2,25,9.49,9.75,48,11,2,2,4793,1
2038,10038,50,Male,87847,PPC,Retention,824.08,0.28,0.09,45,9.61,2.11,99,19,7,9,3562,1
2039,10039,55,Female,117547,SEO,Conversion,4166.89,0.04,0.13,39,1.8,10.21,26,11,5,3,301,1
2040,10040,58,Male,63839,SEO,Conversion,5182.44,0.19,0.18,8,4.91,13.59,5,4,2,4,1362,1
2041,10041,25,Male,125077,SEO,Consideration,744.54,0.11,0.01,45,9.09,14.58,8,5,1,9,3916,1
2042,10042,28,Male,59673,Social Media,Consideration,5147.64,0.03,0.14,43,2.69,9.2,57,19,0,5,2541,1
2043,10043,39,Female,23642,Referral,Consideration,9596.46,0.07,0.06,12,7.23,5.24,31,14,7,4,72,1
2044,10044,68,Female,26338,Social Media,Awareness,9791.25,0.19,0.06,37,7.4,8.67,37,1,2,8,533,1
2045,10045,41,Male,134650,Referral,Conversion,5363.63,0.02,0.05,30,3.1,0.54,29,7,2,5,2036,1
2046,10046,58,Male,71761,Referral,Conversion,5199.46,0.18,0.17,13,1.06,13.83,77,19,4,9,2968,1
2047,10047,34,Female,29622,Referral,Consideration,2926.53,0.29,0.08,30,6.98,11.88,44,5,4,1,4488,1
2048,10048,29,Male,68423,PPC,Conversion,9971.44,0.24,0.02,14,6.56,2.91,28,16,8,4,2110,1
2049,10049,63,Female,62873,SEO,Consideration,2814.87,0.11,0.03,33,6.85,9.34,91,17,4,9,3512,1
2050,10050,49,Male,124544,Social Media,Awareness,4583.72,0.05,0.04,49,2.41,0.8,21,13,6,8,3334,0
2051,10051,32,Female,67565,Social Media,Conversion,129.05,0.14,0.18,9,6.43,3.63,30,19,6,0,2768,1
2052,10052,33,Male,27806,PPC,Awareness,3557.4,0.12,0.09,20,5.88,2.97,80,9,6,9,1352,1
2053,10053,39,Female,20757,Referral,Awareness,807.26,0.29,0.18,38,5.07,2.76,16,12,4,0,599,1
2054,10054,45,Female,112246,SEO,Conversion,7463.87,0.3,0.17,24,7.99,8.51,53,16,2,3,3346,1
2055,10055,37,Female,41470,Email,Retention,5654.04,0.13,0.17,36,4.49,14.48,78,0,6,6,3391,1
2056,10056,50,Male,26220,Email,Consideration,5764.5,0.05,0.06,39,4.18,2.39,46,7,7,8,1262,1
2057,10057,27,Female,128408,PPC,Conversion,2936.46,0.27,0.06,19,5.87,13.16,31,15,3,1,695,1
2058,10058,57,Female,111851,SEO,Awareness,8167.47,0.24,0.12,44,9.5,1.69,27,12,5,8,849,1
2059,10059,49,Male,74754,Email,Consideration,132.38,0.16,0.09,6,4.1,1.7,10,6,4,3,657,1
2060,10060,67,Male,113329,Email,Awareness,3402.65,0.12,0.11,17,5.01,9.61,38,18,9,0,3466,1
2061,10061,50,Female,147636,Social Media,Consideration,6629.03,0.14,0.02,40,3.4,8.83,16,7,1,6,3314,1
2062,10062,19,Male,99852,SEO,Conversion,9088.43,0.27,0.19,43,7.12,5.49,75,11,0,4,1380,1
2063,10063,50,Female,127630,Email,Awareness,2422.7,0.06,0.02,25,4.28,8.23,38,15,5,0,3007,1
2064,10064,50,Female,42505,Social Media,Consideration,5456.89,0.24,0.04,16,7.23,11.45,72,12,9,0,2753,1
2065,10065,58,Female,48288,SEO,Consideration,5426.12,0.02,0.14,41,2.31,11.71,24,17,5,9,3098,1
2066,10066,30,Female,94492,Referral,Conversion,8754.33,0.28,0.04,6,3.37,0.67,25,12,6,1,3801,1
2067,10067,47,Female,39109,SEO,Consideration,600.12,0.16,0.03,27,2.86,1.63,67,18,4,6,4574,1
2068,10068,50,Male,138056,PPC,Consideration,4302.31,0.08,0.04,20,8.0,0.55,61,5,0,6,3171,0
2069,10069,30,Female,23497,Social Media,Awareness,1906.41,0.01,0.02,36,1.81,0.73,18,11,5,2,3522,0
2070,10070,69,Male,77326,Referral,Conversion,313.17,0.17,0.06,22,3.27,12.67,12,5,3,1,3008,1
2071,10071,43,Female,29864,Social Media,Conversion,1555.61,0.08,0.06,46,5.57,1.71,28,18,6,9,2691,1
2072,10072,39,Female,117046,Social Media,Awareness,9767.06,0.19,0.1,47,1.79,10.81,53,15,1,7,1632,1
2073,10073,56,Male,113517,Email,Retention,2227.0,0.09,0.09,47,1.1,14.71,72,13,8,6,2886,1
2074,10074,19,Female,107562,SEO,Awareness,9356.8,0.04,0.1,9,7.22,12.4,41,11,6,8,1102,1
2075,10075,55,Male,94310,Social Media,Awareness,2132.02,0.16,0.13,45,6.52,1.46,61,17,4,8,4040,1
2076,10076,56,Female,139454,Social Media,Retention,9319.82,0.17,0.05,16,1.08,13.46,70,15,1,0,755,1
2077,10077,43,Female,132343,PPC,Consideration,6580.75,0.14,0.04,37,1.44,14.39,70,16,0,1,2428,1
2078,10078,63,Female,41017,PPC,Conversion,1220.86,0.14,0.18,0,2.97,10.74,20,15,4,6,1820,1
2079,10079,67,Male,21821,PPC,Conversion,5860.96,0.18,0.13,10,9.16,9.44,8,10,9,7,4342,1
2080,10080,32,Female,70337,Social Media,Retention,3253.29,0.16,0.02,32,6.87,9.23,44,15,4,5,702,1
2081,10081,51,Female,65485,Referral,Conversion,3893.22,0.05,0.19,30,8.25,12.39,26,8,2,4,4888,1
2082,10082,59,Male,103557,SEO,Retention,4457.69,0.07,0.14,43,7.84,8.53,47,14,8,5,4048,1
2083,10083,61,Female,76388,Social Media,Consideration,4284.8,0.05,0.04,23,9.85,5.34,84,17,9,1,1436,1
2084,10084,66,Male,30372,Email,Retention,6674.68,0.21,0.19,19,9.55,14.57,68,7,0,8,1102,1
2085,10085,57,Female,126684,Referral,Conversion,7706.84,0.16,0.08,46,1.61,1.2,4,17,4,9,1753,1
2086,10086,28,Female,120050,Referral,Conversion,3358.86,0.13,0.2,4,1.2,10.15,71,2,3,3,4095,1
2087,10087,20,Female,113938,SEO,Retention,9251.2,0.24,0.03,41,5.47,8.99,14,4,1,8,669,1
2088,10088,23,Female,91333,Referral,Conversion,9390.82,0.1,0.04,25,3.45,9.77,76,1,0,7,1104,1
2089,10089,26,Female,36283,SEO,Retention,502.84,0.17,0.13,48,5.54,9.81,96,10,9,9,1100,1
2090,10090,23,Female,60857,Referral,Conversion,247.6,0.03,0.01,41,1.82,2.29,43,18,3,3,4687,1
2091,10091,26,Male,71772,SEO,Awareness,4308.16,0.23,0.01,6,9.18,2.44,46,1,5,4,2752,0
2092,10092,56,Male,130441,PPC,Consideration,5947.39,0.21,0.16,26,7.97,1.48,31,17,7,9,712,1
2093,10093,48,Female,79670,PPC,Conversion,2851.26,0.24,0.04,17,5.97,14.11,35,6,9,6,3825,1
2094,10094,49,Female,93133,Referral,Conversion,2668.2,0.27,0.18,37,5.19,9.34,48,15,1,4,4172,1
2095,10095,58,Female,115856,Referral,Conversion,6815.5,0.23,0.09,30,5.22,1.62,52,0,1,1,1335,1
2096,10096,67,Male,51261,SEO,Retention,6056.87,0.25,0.18,8,6.55,6.79,22,12,5,7,4551,1
2097,10097,29,Male,77154,SEO,Conversion,1754.75,0.11,0.09,1,5.91,5.71,33,2,3,9,4758,1
2098,10098,25,Male,26107,Social Media,Retention,8856.56,0.11,0.11,43,5.34,2.65,17,17,9,7,3872,1
2099,10099,25,Female,111296,PPC,Conversion,6831.76,0.28,0.07,36,7.11,12.42,11,3,8,7,3421,1
2100,10100,67,Female,55561,Social Media,Awareness,3689.5,0.28,0.14,46,7.88,11.75,86,19,3,9,4503,1
2101,10101,45,Male,96674,Social Media,Awareness,6867.88,0.17,0.07,44,6.79,7.23,1,16,1,7,854,1
2102,10102,37,Male,55268,Email,Consideration,1215.27,0.12,0.05,28,4.52,8.08,26,4,0,5,532,1
2103,10103,64,Female,51608,SEO,Retention,4735.74,0.26,0.03,33,4.73,6.83,49,6,5,9,3404,1
2104,10104,24,Male,33138,Email,Consideration,1772.95,0.1,0.02,14,1.89,8.49,30,8,0,1,1393,0
2105,10105,28,Female,126665,Email,Conversion,510.17,0.05,0.07,45,4.73,11.12,47,3,5,3,2913,1
2106,10106,37,Male,57693,Social Media,Conversion,3449.43,0.2,0.15,8,8.07,13.2,85,8,7,1,4566,1
2107,10107,33,Female,145625,Email,Awareness,1592.28,0.02,0.05,15,1.6,9.09,68,16,5,1,4837,0
2108,10108,21,Female,103000,SEO,Consideration,6371.83,0.12,0.07,1,2.58,2.32,16,9,3,8,3156,1
2109,10109,23,Female,144143,Social Media,Conversion,6773.27,0.24,0.18,0,8.58,11.69,42,16,1,8,4087,1
2110,10110,39,Male,41248,SEO,Conversion,1572.05,0.1,0.13,8,6.11,5.9,70,11,4,4,2837,1
2111,10111,43,Male,122757,Referral,Retention,343.67,0.28,0.18,19,7.04,9.63,17,9,4,2,3048,1
2112,10112,20,Female,38632,Email,Conversion,7948.82,0.29,0.18,45,3.89,3.38,65,10,7,8,3124,1
2113,10113,58,Female,67547,Social Media,Consideration,120.36,0.25,0.02,1,5.4,2.87,30,12,2,6,1302,0
2114,10114,59,Male,32100,PPC,Awareness,3504.74,0.3,0.19,0,7.85,1.26,62,16,1,3,3605,1
2115,10115,31,Male,67930,SEO,Awareness,4996.37,0.16,0.02,9,8.88,5.06,27,14,0,2,2145,1
2116,10116,28,Female,86861,Email,Conversion,8204.56,0.18,0.19,22,9.77,9.16,66,4,1,7,903,1
2117,10117,35,Female,96905,SEO,Conversion,8401.73,0.25,0.11,18,8.66,5.12,8,10,1,5,4846,1
2118,10118,29,Male,73025,SEO,Conversion,7276.9,0.15,0.11,17,1.61,3.99,96,12,0,3,2078,1
2119,10119,40,Male,95876,Referral,Retention,2547.26,0.13,0.15,23,4.09,14.93,27,5,7,8,2029,1
2120,10120,29,Female,98944,SEO,Conversion,7229.85,0.19,0.18,21,7.74,14.98,91,9,7,0,3557,1
2121,10121,30,Female,70840,Referral,Conversion,2540.74,0.2,0.13,19,4.76,9.27,17,19,9,4,1630,1
2122,10122,42,Female,39369,Referral,Retention,2224.62,0.23,0.09,10,4.93,5.19,14,2,3,2,1587,1
2123,10123,62,Female,38460,Referral,Consideration,5516.57,0.2,0.03,8,8.15,12.99,74,2,2,1,4533,0
2124,10124,68,Male,111641,Email,Retention,6820.66,0.23,0.16,14,8.5,11.18,88,0,0,4,4930,1
2125,10125,36,Male,116920,SEO,Awareness,625.21,0.21,0.03,15,8.12,9.43,4,1,7,2,3660,1
2126,10126,63,Male,21461,SEO,Retention,694.22,0.15,0.15,12,4.19,13.67,40,4,7,6,3115,1
2127,10127,53,Female,62362,Referral,Retention,7863.29,0.05,0.11,5,3.05,6.96,90,13,3,0,2188,1
2128,10128,62,Female,118376,SEO,Consideration,8609.02,0.24,0.08,24,4.23,4.2,75,6,4,4,373,1
2129,10129,25,Male,147229,SEO,Consideration,6083.97,0.02,0.13,46,7.31,14.52,73,11,3,6,2066,1
2130,10130,46,Female,48610,Referral,Conversion,4345.4,0.3,0.16,14,4.28,12.97,72,3,4,5,3513,1
2131,10131,49,Male,124334,PPC,Retention,8468.63,0.25,0.19,17,1.5,13.72,65,17,3,1,700,1
2132,10132,68,Female,40995,PPC,Consideration,7315.29,0.2,0.06,42,8.21,13.81,72,8,8,4,219,1
2133,10133,61,Female,104716,Referral,Awareness,5837.98,0.29,0.19,32,1.57,6.05,50,11,0,2,3225,1
2134,10134,35,Male,27717,Email,Conversion,3265.6,0.19,0.19,13,9.97,12.98,15,11,9,1,296,1
2135,10135,23,Male,98867,SEO,Retention,2060.15,0.03,0.16,33,8.75,13.39,64,4,9,7,1277,1
2136,10136,35,Female,99472,SEO,Awareness,4244.86,0.17,0.18,1,9.61,8.44,84,6,2,1,262,0
2137,10137,36,Female,84022,PPC,Consideration,2939.54,0.09,0.14,19,8.5,9.57,56,16,6,3,3417,1
2138,10138,39,Female,73668,Referral,Conversion,3458.66,0.12,0.02,41,1.91,8.87,36,19,5,7,3512,1
2139,10139,54,Female,71645,Email,Awareness,5204.75,0.14,0.12,15,4.77,0.73,38,18,7,9,2071,1
2140,10140,49,Female,49550,Referral,Retention,1774.03,0.23,0.15,2,9.17,8.27,64,3,5,8,3600,1
2141,10141,58,Male,106151,PPC,Awareness,8081.15,0.16,0.19,45,1.82,1.05,48,0,7,5,4793,1
2142,10142,20,Male,23576,PPC,Conversion,1540.74,0.15,0.12,29,3.75,7.04,46,7,0,4,2879,1
2143,10143,45,Female,60868,SEO,Retention,4861.84,0.1,0.16,22,5.2,1.16,39,1,8,3,2317,1
2144,10144,27,Male,118039,Social Media,Retention,7485.12,0.17,0.14,38,5.05,7.1,13,0,4,0,3279,1
2145,10145,68,Female,66380,Email,Awareness,4901.71,0.08,0.06,22,9.5,4.92,39,2,9,9,3859,1
2146,10146,52,Male,25728,Email,Conversion,3674.12,0.09,0.04,2,4.56,11.72,47,18,1,4,3045,1
2147,10147,46,Male,52800,Social Media,Retention,4801.42,0.23,0.15,12,3.15,7.45,31,13,0,3,4379,1
2148,10148,32,Male,30886,PPC,Conversion,8501.84,0.11,0.05,45,5.0,7.93,87,17,3,5,849,1
2149,10149,50,Female,99614,Referral,Consideration,9905.27,0.02,0.06,39,4.56,13.6,38,13,9,5,3124,1
2150,10150,24,Male,89909,Email,Awareness,6348.32,0.11,0.13,28,6.61,7.49,32,16,7,6,1528,1
2151,10151,29,Female,67236,Social Media,Conversion,7955.1,0.2,0.16,22,9.95,2.77,29,9,2,3,3595,1
2152,10152,66,Female,65805,SEO,Consideration,243.44,0.25,0.12,39,5.96,2.13,25,19,9,0,484,1
2153,10153,47,Female,138286,SEO,Consideration,8815.61,0.29,0.18,16,5.16,4.93,42,6,3,2,112,1
2154,10154,38,Female,52532,PPC,Conversion,9545.09,0.23,0.05,20,6.34,4.35,54,10,1,8,4691,1
2155,10155,48,Male,132765,Email,Conversion,5794.18,0.13,0.06,28,9.82,12.37,43,8,1,4,3433,1
2156,10156,41,Female,120696,Referral,Awareness,7562.67,0.1,0.13,36,6.62,11.5,77,0,1,2,4281,1
2157,10157,37,Male,48688,Email,Awareness,5176.17,0.05,0.17,4,2.11,1.35,75,17,9,7,2851,1
2158,10158,54,Female,31063,SEO,Retention,2933.42,0.19,0.11,20,9.21,3.41,2,16,0,0,1650,1
2159,10159,21,Male,43089,Email,Awareness,8537.25,0.16,0.01,1,6.32,7.01,6,18,9,3,2847,1
2160,10160,45,Female,75942,SEO,Conversion,6008.68,0.21,0.14,22,2.42,1.76,84,9,9,2,640,1
2161,10161,61,Female,71829,Social Media,Retention,5835.89,0.08,0.16,10,3.07,2.91,57,0,4,1,2485,0
2162,10162,37,Female,70553,Social Media,Consideration,6625.41,0.1,0.06,14,2.08,13.67,90,0,4,1,4556,1
2163,10163,41,Female,53585,SEO,Consideration,8574.43,0.09,0.02,22,9.65,8.35,9,6,2,4,1198,1
2164,10164,67,Female,91739,Referral,Conversion,7345.87,0.24,0.11,6,1.64,12.05,9,17,2,6,3919,1
2165,10165,66,Male,79004,Referral,Retention,2190.13,0.06,0.02,42,7.88,5.29,99,10,7,8,1053,1
2166,10166,68,Female,139250,Email,Retention,4721.55,0.19,0.09,33,4.04,5.93,80,12,9,4,1369,1
2167,10167,49,Male,139411,SEO,Awareness,9804.95,0.02,0.01,37,1.73,12.95,41,8,6,1,4818,1
2168,10168,58,Female,22438,PPC,Consideration,5590.15,0.17,0.05,40,4.9,10.03,33,16,3,3,4232,1
2169,10169,53,Female,113095,Referral,Consideration,9388.63,0.03,0.08,48,1.0,10.34,81,10,7,3,4533,1
2170,10170,51,Female,43212,Referral,Awareness,8152.36,0.06,0.03,43,8.36,9.76,25,0,9,5,3194,1
2171,10171,53,Female,70362,Social Media,Consideration,6693.63,0.04,0.03,5,5.88,8.35,59,19,8,1,4873,1
2172,10172,19,Female,92177,Referral,Awareness,3558.72,0.11,0.17,15,5.07,14.87,1,15,5,2,2144,1
2173,10173,32,Female,36983,Referral,Consideration,3112.76,0.11,0.02,1,8.46,13.47,72,18,6,5,2809,1
2174,10174,51,Male,34026,Referral,Consideration,6469.87,0.25,0.14,31,5.67,10.81,44,10,6,3,728,1
2175,10175,53,Female,140168,SEO,Consideration,4382.36,0.08,0.16,42,6.36,10.33,4,13,4,5,2841,1
2176,10176,23,Female,70998,SEO,Awareness,8007.66,0.04,0.03,46,8.33,1.72,25,11,3,5,4107,1
2177,10177,56,Female,144735,Social Media,Consideration,7628.52,0.19,0.05,37,7.49,7.54,78,7,1,2,1445,1
2178,10178,59,Female,75744,Email,Consideration,3190.09,0.21,0.13,27,6.93,7.69,24,14,0,6,1311,1
2179,10179,68,Male,77013,Referral,Retention,7057.01,0.1,0.07,40,7.34,1.25,25,0,7,3,3713,1
2180,10180,68,Male,71039,Email,Consideration,4996.05,0.18,0.1,8,3.37,11.46,91,5,1,6,2525,1
2181,10181,29,Female,69831,SEO,Conversion,3300.59,0.24,0.17,24,2.06,0.53,86,11,7,8,166,1
2182,10182,20,Male,105172,Referral,Consideration,4188.37,0.11,0.04,49,6.6,6.67,84,8,8,2,4450,1
2183,10183,62,Male,54603,Email,Consideration,8963.98,0.16,0.13,25,3.02,13.6,21,17,3,8,3283,1
2184,10184,35,Female,97758,Email,Retention,3659.23,0.05,0.19,44,1.43,5.44,18,7,0,1,1942,0
2185,10185,57,Female,87713,PPC,Retention,2945.25,0.02,0.02,25,3.29,8.95,9,19,5,4,3040,1
2186,10186,38,Female,126446,SEO,Awareness,3582.89,0.29,0.02,4,7.48,4.97,41,18,7,3,2675,1
2187,10187,32,Male,118452,Social Media,Awareness,2224.72,0.1,0.12,16,7.38,3.1,99,4,0,9,2491,0
2188,10188,50,Female,136183,Social Media,Conversion,5491.89,0.09,0.19,25,9.13,11.09,30,19,4,6,4647,1
2189,10189,52,Male,33105,PPC,Retention,1559.62,0.29,0.05,25,7.08,3.47,30,11,0,6,4077,1
2190,10190,43,Female,120048,Email,Awareness,8192.69,0.22,0.07,42,4.96,1.55,98,18,6,2,2924,1
2191,10191,25,Male,87182,PPC,Awareness,2333.24,0.18,0.03,8,3.34,6.81,74,4,5,3,1528,1
2192,10192,53,Female,72147,PPC,Awareness,6020.74,0.21,0.08,22,7.83,10.78,80,1,3,6,3199,1
2193,10193,65,Female,141331,SEO,Retention,1337.75,0.22,0.02,23,4.71,8.91,96,3,7,2,2113,1
2194,10194,47,Female,95400,Referral,Retention,9786.69,0.23,0.08,40,8.34,4.04,85,4,7,0,288,1
2195,10195,40,Female,66434,Email,Conversion,4600.3,0.03,0.12,8,8.66,12.36,89,6,1,1,452,0
2196,10196,59,Female,46515,Social Media,Retention,8239.5,0.13,0.2,9,4.16,1.91,35,11,4,4,4217,1
2197,10197,61,Male,109298,Social Media,Retention,7709.61,0.1,0.17,5,4.09,10.22,65,8,0,4,727,1
2198,10198,31,Female,78001,PPC,Retention,7165.56,0.03,0.17,3,9.22,9.3,31,10,2,7,4050,1
2199,10199,31,Male,121971,PPC,Conversion,8290.91,0.13,0.05,0,4.58,13.53,66,13,2,2,4124,1
2200,10200,19,Female,78397,PPC,Consideration,1094.59,0.19,0.03,5,7.36,8.14,62,13,9,8,4200,1
2201,10201,54,Female,81415,Email,Consideration,6817.12,0.06,0.12,37,4.4,12.38,22,6,2,4,363,1
2202,10202,22,Male,36960,PPC,Awareness,2731.69,0.1,0.11,28,7.58,3.62,49,2,2,9,3783,0
2203,10203,55,Female,129591,PPC,Consideration,7880.13,0.2,0.11,43,2.56,8.41,64,2,9,2,1509,1
2204,10204,62,Male,113143,Referral,Consideration,9573.0,0.18,0.03,2,8.52,8.22,68,3,1,7,1073,1
2205,10205,58,Male,101838,Email,Conversion,9024.75,0.26,0.1,44,9.85,4.78,43,6,6,1,579,1
2206,10206,64,Female,65778,SEO,Conversion,1238.03,0.24,0.04,23,7.89,0.57,57,8,6,7,2118,1
2207,10207,31,Female,50941,SEO,Consideration,3758.57,0.29,0.09,41,4.23,11.29,56,0,3,8,1752,1
2208,10208,56,Female,116857,Referral,Consideration,3706.8,0.18,0.02,8,6.0,6.25,36,3,7,7,4025,1
2209,10209,42,Male,115849,Social Media,Consideration,1310.73,0.21,0.17,16,7.03,4.85,64,2,9,9,2759,1
2210,10210,37,Male,123083,SEO,Awareness,1071.45,0.26,0.01,42,2.74,3.31,17,5,9,0,446,0
2211,10211,19,Female,60955,Email,Conversion,3910.41,0.25,0.19,37,3.55,12.85,4,5,7,8,2809,1
2212,10212,56,Male,98565,Social Media,Consideration,9921.51,0.22,0.17,41,8.22,5.34,81,10,3,0,540,1
2213,10213,23,Male,121276,PPC,Retention,5732.53,0.16,0.15,49,9.51,3.46,98,3,5,8,444,1
2214,10214,34,Female,76908,Email,Consideration,6255.64,0.09,0.2,13,3.45,8.09,95,3,5,9,1748,1
2215,10215,42,Female,84067,Social Media,Retention,4763.09,0.26,0.02,35,2.33,11.84,25,12,4,1,365,0
2216,10216,45,Female,138636,SEO,Awareness,6657.07,0.24,0.13,44,9.83,9.24,32,16,3,7,3032,1
2217,10217,19,Male,75696,PPC,Retention,9570.95,0.25,0.17,32,3.88,14.42,41,10,8,8,926,1
2218,10218,52,Male,38429,PPC,Conversion,5928.11,0.05,0.03,19,8.01,14.37,87,2,5,5,934,1
2219,10219,54,Male,114048,Email,Awareness,743.88,0.1,0.12,33,4.41,13.58,26,2,6,5,4365,1
2220,10220,22,Female,96676,PPC,Awareness,4979.62,0.13,0.08,2,9.54,8.69,53,11,4,2,2206,1
2221,10221,18,Male,136315,Social Media,Consideration,9928.24,0.25,0.09,19,6.4,11.64,82,14,1,9,431,1
2222,10222,57,Female,34847,Referral,Awareness,3935.29,0.27,0.18,2,4.74,4.68,81,15,5,8,2788,1
2223,10223,29,Female,67191,SEO,Awareness,5979.42,0.09,0.11,5,2.6,8.84,78,7,2,7,1305,1
2224,10224,53,Female,54256,Email,Retention,1155.7,0.21,0.03,28,3.3,1.46,90,13,9,1,4828,1
2225,10225,62,Female,147025,Referral,Consideration,1497.69,0.03,0.19,38,8.71,4.32,74,5,5,4,2739,1
2226,10226,40,Male,48774,Referral,Conversion,8759.35,0.13,0.05,42,1.51,5.22,23,4,2,6,1139,1
2227,10227,64,Male,147343,Email,Consideration,3073.41,0.15,0.18,30,2.41,5.74,2,19,7,0,4127,1
2228,10228,48,Female,29127,Social Media,Conversion,3123.97,0.23,0.19,38,2.73,2.83,38,18,6,7,1971,1
2229,10229,28,Male,138251,SEO,Retention,3933.41,0.27,0.18,48,1.64,1.71,70,6,0,2,2429,1
2230,10230,27,Female,48205,Email,Awareness,9668.14,0.11,0.14,20,7.17,8.89,11,0,3,9,700,1
2231,10231,20,Female,128210,Referral,Awareness,935.47,0.16,0.15,43,9.83,7.62,32,1,1,1,3858,1
2232,10232,31,Female,120106,Referral,Consideration,8205.76,0.2,0.14,0,2.25,8.98,21,7,5,6,1352,1
2233,10233,33,Male,101163,Email,Consideration,3481.42,0.11,0.1,32,8.19,2.37,34,3,4,4,2452,1
2234,10234,27,Female,78764,Referral,Consideration,8509.73,0.3,0.06,49,2.59,14.24,13,14,1,7,3085,1
2235,10235,46,Male,138279,Email,Awareness,9918.38,0.26,0.06,9,9.76,6.49,25,13,0,0,3282,1
2236,10236,27,Female,121824,Email,Awareness,3551.81,0.1,0.15,25,5.56,7.02,82,5,6,8,1844,1
2237,10237,29,Female,58664,SEO,Retention,1380.63,0.16,0.13,2,8.63,8.43,84,16,8,5,4295,1
2238,10238,47,Female,76795,Email,Conversion,1529.32,0.08,0.12,13,2.54,10.51,53,5,8,7,3518,1
2239,10239,58,Female,141729,Referral,Consideration,7611.53,0.16,0.13,7,8.97,6.08,40,11,9,5,2328,1
2240,10240,18,Female,52333,PPC,Awareness,1534.72,0.21,0.16,47,1.73,2.58,44,16,2,6,3699,1
2241,10241,22,Female,133548,SEO,Conversion,2678.17,0.03,0.15,49,1.21,11.86,30,7,5,7,1553,1
2242,10242,37,Female,56079,Referral,Consideration,2123.54,0.26,0.03,31,7.38,4.28,68,0,9,8,2519,1
2243,10243,25,Male,104225,Referral,Consideration,3621.22,0.18,0.08,40,1.96,6.92,98,4,0,3,3208,1
2244,10244,60,Female,44259,SEO,Conversion,836.23,0.3,0.06,35,8.79,9.67,16,9,0,2,4313,1
2245,10245,29,Female,46571,SEO,Conversion,8581.75,0.02,0.11,26,6.59,14.5,59,3,5,9,1919,1
2246,10246,18,Male,71119,Referral,Conversion,8615.45,0.25,0.02,32,3.98,0.99,95,2,5,9,3094,1
2247,10247,37,Male,28009,PPC,Awareness,4188.04,0.24,0.15,20,3.5,8.02,3,14,4,1,2529,1
2248,10248,45,Male,130210,Social Media,Retention,6159.67,0.05,0.03,25,1.74,14.07,9,4,5,1,2828,0
2249,10249,60,Male,130531,Referral,Consideration,6455.32,0.11,0.06,13,7.18,4.2,93,15,9,3,231,1
2250,10250,54,Female,81829,SEO,Consideration,7517.66,0.27,0.16,42,9.25,2.13,8,14,4,7,3238,1
2251,10251,64,Female,58230,Email,Conversion,5254.83,0.16,0.02,35,7.81,9.15,60,15,5,5,1933,1
2252,10252,54,Female,131364,Email,Awareness,5152.33,0.13,0.14,27,6.57,2.71,89,8,8,2,4828,1
2253,10253,29,Female,76049,SEO,Conversion,6349.91,0.27,0.19,27,2.07,13.24,21,15,6,3,4186,1
2254,10254,54,Female,121762,SEO,Awareness,7060.18,0.04,0.13,20,8.45,10.99,20,17,2,2,3669,1
2255,10255,66,Male,143273,Social Media,Retention,3532.23,0.15,0.15,47,9.69,2.25,22,15,8,2,4776,1
2256,10256,66,Female,139466,SEO,Consideration,3370.67,0.2,0.16,40,3.37,8.87,60,3,5,8,2877,1
2257,10257,61,Female,56498,Email,Consideration,2770.21,0.19,0.05,28,4.78,0.89,11,16,4,2,2039,1
2258,10258,45,Female,139053,PPC,Awareness,5533.58,0.09,0.12,45,1.13,12.75,94,10,3,1,3498,1
2259,10259,64,Male,48820,SEO,Retention,3665.54,0.17,0.07,37,8.49,3.48,16,14,9,1,3480,1
2260,10260,32,Female,60315,Social Media,Retention,5449.1,0.22,0.06,33,1.19,11.11,54,17,0,7,4245,1
2261,10261,23,Male,115018,PPC,Consideration,4119.25,0.18,0.05,0,5.38,2.04,20,3,6,9,2124,0
2262,10262,61,Female,52795,Social Media,Consideration,8383.67,0.21,0.12,19,6.19,7.35,53,14,4,2,859,1
2263,10263,37,Male,133812,PPC,Conversion,823.99,0.08,0.16,25,1.5,13.97,46,1,0,9,85,0
2264,10264,67,Female,105411,SEO,Awareness,5764.88,0.25,0.18,26,2.58,1.58,40,6,3,9,4781,1
2265,10265,31,Male,59191,Email,Consideration,5798.68,0.14,0.09,22,8.12,4.78,96,11,9,8,3312,1
2266,10266,19,Male,74453,PPC,Retention,3898.8,0.3,0.08,6,3.27,11.85,14,16,0,2,1117,1
2267,10267,26,Female,32453,Referral,Retention,4268.11,0.02,0.14,21,7.52,7.22,95,8,9,9,3496,1
2268,10268,54,Male,140848,Social Media,Consideration,8021.3,0.12,0.16,46,7.74,9.93,58,9,3,1,4094,1
2269,10269,37,Female,70325,PPC,Retention,2878.67,0.06,0.06,36,4.67,12.27,98,1,6,7,4146,1
2270,10270,43,Female,69490,Social Media,Awareness,8726.9,0.17,0.07,34,1.57,11.87,14,6,8,5,3719,1
2271,10271,46,Female,94796,Email,Retention,8973.8,0.08,0.11,46,1.1,6.23,28,17,1,3,4985,1
2272,10272,18,Male,134165,Social Media,Retention,6541.13,0.22,0.09,3,5.43,6.74,10,5,3,0,4785,1
2273,10273,52,Female,69993,Social Media,Consideration,7751.29,0.27,0.14,28,1.64,8.78,28,18,0,9,159,1
2274,10274,23,Female,130780,Referral,Awareness,6168.18,0.07,0.11,36,7.54,2.28,85,16,5,5,878,1
2275,10275,54,Female,65706,Social Media,Awareness,5300.07,0.06,0.03,35,4.43,13.11,89,12,7,6,1962,1
2276,10276,22,Male,134981,PPC,Conversion,9670.11,0.26,0.04,2,7.15,1.86,81,3,2,7,1364,1
2277,10277,50,Female,62817,Social Media,Awareness,2898.28,0.11,0.18,1,4.67,3.18,88,14,4,6,4309,1
2278,10278,66,Female,84544,SEO,Conversion,1626.09,0.14,0.05,4,6.66,14.2,84,1,0,1,1367,1
2279,10279,68,Male,111434,Social Media,Consideration,2946.11,0.07,0.02,17,8.5,4.59,87,0,4,2,4771,0
2280,10280,31,Male,75710,SEO,Retention,6184.79,0.13,0.15,33,8.96,4.04,55,15,0,0,3779,1
2281,10281,29,Female,70799,Social Media,Awareness,1933.32,0.08,0.14,14,1.15,6.67,91,7,4,3,3338,1
2282,10282,59,Female,139586,Social Media,Conversion,9097.26,0.2,0.12,49,6.81,11.0,52,6,8,4,1609,1
2283,10283,37,Female,80964,PPC,Awareness,4169.14,0.15,0.11,49,6.08,5.81,2,4,6,8,11,1
2284,10284,67,Female,73678,SEO,Consideration,8514.63,0.24,0.19,39,6.73,13.18,12,19,6,0,4432,1
2285,10285,41,Male,91150,SEO,Conversion,2567.44,0.1,0.03,43,1.52,2.67,37,1,8,6,1063,1
2286,10286,60,Male,117379,Referral,Conversion,3200.37,0.16,0.11,40,1.63,2.21,69,4,4,3,1527,1
2287,10287,51,Female,80438,Social Media,Conversion,686.31,0.09,0.12,0,5.47,1.62,10,9,7,7,3351,1
2288,10288,42,Female,129987,Social Media,Consideration,2651.9,0.28,0.01,21,1.51,4.83,22,13,6,9,1361,1
2289,10289,67,Female,97223,PPC,Conversion,4954.11,0.16,0.09,24,7.99,3.39,72,1,5,1,2319,1
2290,10290,46,Female,81926,Referral,Retention,9466.76,0.06,0.16,16,7.95,7.19,55,18,5,4,3634,1
2291,10291,56,Male,23801,Referral,Consideration,3950.14,0.09,0.1,32,2.06,14.94,16,4,6,1,3087,0
2292,10292,48,Female,61048,PPC,Retention,6433.46,0.03,0.18,16,5.1,13.09,8,4,9,1,2105,1
2293,10293,64,Female,60144,SEO,Retention,4334.33,0.02,0.13,37,6.35,13.48,82,4,2,6,2722,1
2294,10294,60,Male,114478,Email,Consideration,563.24,0.16,0.16,4,8.74,12.55,98,5,4,3,4321,1
2295,10295,67,Female,30148,PPC,Awareness,5084.97,0.11,0.16,36,9.9,4.44,95,16,1,8,2208,1
2296,10296,40,Male,132364,SEO,Retention,752.55,0.29,0.14,42,1.15,3.78,91,13,4,9,726,1
2297,10297,61,Male,102819,Referral,Consideration,8848.63,0.06,0.15,42,5.29,11.12,27,3,7,1,3657,1
2298,10298,55,Female,39861,PPC,Retention,7555.07,0.24,0.14,10,8.23,9.19,78,17,6,6,3139,1
2299,10299,37,Female,120048,Email,Conversion,3848.65,0.1,0.11,11,8.16,3.49,18,17,2,7,4827,1
2300,10300,40,Female,81717,Social Media,Retention,6438.16,0.07,0.12,43,5.88,14.53,96,10,6,0,1803,1
2301,10301,62,Male,42480,PPC,Retention,1209.08,0.29,0.05,33,2.64,6.65,86,16,1,0,1296,0
2302,10302,69,Male,38637,Email,Retention,7055.29,0.24,0.17,34,6.03,12.31,91,13,3,6,3551,1
2303,10303,33,Male,64621,Email,Conversion,8245.05,0.19,0.07,38,4.52,1.57,3,5,9,4,4620,1
2304,10304,67,Male,80304,PPC,Retention,8235.28,0.21,0.11,45,4.68,1.01,46,18,1,6,3258,1
2305,10305,59,Male,67431,SEO,Consideration,2914.35,0.3,0.06,15,3.96,7.11,46,17,6,0,2478,1
2306,10306,25,Female,119937,PPC,Retention,2711.09,0.18,0.14,23,2.3,2.23,30,7,4,8,4182,1
2307,10307,67,Female,108921,Referral,Consideration,5261.84,0.04,0.2,30,7.64,14.7,98,4,8,1,2252,1
2308,10308,38,Female,76172,Email,Retention,9680.94,0.03,0.16,13,7.38,12.27,4,15,6,4,3204,1
2309,10309,18,Female,45437,Email,Retention,9213.18,0.2,0.13,48,5.89,7.08,32,12,1,3,1768,1
2310,10310,25,Female,28149,Social Media,Retention,3660.42,0.2,0.12,46,4.19,14.7,47,14,3,4,3839,1
2311,10311,46,Male,34671,Email,Awareness,7820.31,0.23,0.1,31,8.4,3.95,31,0,2,8,687,1
2312,10312,49,Male,123005,Social Media,Awareness,9221.05,0.04,0.05,42,2.44,10.35,78,0,9,4,2101,1
2313,10313,55,Female,43119,Email,Conversion,2683.17,0.28,0.08,12,4.91,0.75,58,1,1,3,3861,1
2314,10314,22,Female,66117,Email,Consideration,8319.93,0.17,0.09,37,6.88,5.9,97,18,1,3,200,1
2315,10315,64,Female,119317,PPC,Conversion,2752.17,0.2,0.19,16,8.39,1.65,63,1,7,4,4367,1
2316,10316,39,Female,36279,PPC,Consideration,3498.49,0.02,0.09,43,6.85,5.83,46,15,5,9,695,1
2317,10317,64,Female,88835,Referral,Conversion,2068.32,0.29,0.12,35,2.06,6.02,8,1,2,0,2225,1
2318,10318,51,Female,119810,SEO,Conversion,5120.09,0.17,0.19,41,1.91,5.94,34,6,7,8,2753,1
2319,10319,18,Female,146085,Referral,Retention,8448.78,0.17,0.11,17,1.45,6.51,46,0,2,0,96,0
2320,10320,43,Male,24803,Email,Retention,5327.72,0.28,0.06,18,6.04,9.44,87,0,4,6,3045,1
2321,10321,60,Female,102897,Referral,Retention,1322.06,0.28,0.08,6,3.19,3.25,81,17,0,3,596,0
2322,10322,27,Female,80805,PPC,Retention,2592.58,0.07,0.08,29,2.44,3.9,16,17,0,8,2637,0
2323,10323,47,Male,38201,Email,Retention,5672.33,0.28,0.15,11,1.76,9.86,0,15,9,9,4241,1
2324,10324,67,Female,146564,Email,Conversion,5873.56,0.22,0.07,10,6.78,7.26,54,0,1,0,1240,1
2325,10325,35,Female,48634,Referral,Consideration,5811.37,0.02,0.15,28,7.78,2.85,10,11,6,3,3015,1
2326,10326,34,Female,34760,Social Media,Awareness,862.33,0.08,0.18,2,8.72,11.92,32,10,0,6,2625,1
2327,10327,43,Female,30826,SEO,Awareness,7561.59,0.13,0.07,33,6.36,14.0,69,8,6,1,2131,1
2328,10328,25,Male,106821,Referral,Consideration,9103.34,0.18,0.04,33,4.19,7.25,55,9,9,4,1464,1
2329,10329,64,Female,132125,Referral,Awareness,5154.14,0.21,0.13,30,5.23,9.4,63,10,8,9,2457,1
2330,10330,57,Female,65775,SEO,Conversion,7216.41,0.07,0.08,21,6.73,12.32,92,12,4,6,2919,1
2331,10331,66,Female,146546,Email,Consideration,9148.75,0.25,0.11,1,7.42,14.47,57,11,5,9,4595,1
2332,10332,29,Male,134090,Email,Consideration,6461.97,0.26,0.13,26,6.8,14.55,19,5,9,9,502,1
2333,10333,44,Male,94676,Social Media,Awareness,6775.82,0.19,0.09,46,9.66,13.88,17,13,6,2,4199,1
2334,10334,25,Female,26798,Referral,Awareness,7241.9,0.28,0.19,35,7.75,12.33,77,5,7,7,1117,1
2335,10335,42,Male,135161,SEO,Conversion,2678.97,0.25,0.09,31,7.76,6.67,44,11,1,3,558,1
2336,10336,63,Male,86103,Referral,Retention,5868.51,0.07,0.07,34,8.38,10.21,42,17,1,4,4943,1
2337,10337,21,Female,97160,PPC,Consideration,8437.53,0.24,0.18,16,5.14,11.57,19,19,8,4,4114,1
2338,10338,50,Female,97751,Referral,Retention,3032.01,0.29,0.04,33,3.38,1.83,56,10,5,6,2050,1
2339,10339,18,Female,93502,Referral,Awareness,8981.99,0.05,0.03,25,8.35,2.19,81,1,6,7,4236,1
2340,10340,36,Male,71410,PPC,Consideration,6241.78,0.29,0.19,9,5.18,10.73,26,11,4,0,808,1
2341,10341,48,Female,60888,PPC,Retention,4289.43,0.02,0.05,38,6.46,10.17,17,14,0,9,2422,1
2342,10342,33,Female,69047,SEO,Conversion,6269.51,0.16,0.04,8,4.87,12.16,16,5,7,6,1448,1
2343,10343,31,Male,115289,Email,Conversion,4078.41,0.23,0.11,24,4.56,3.18,59,4,0,7,4126,1
2344,10344,65,Male,129640,Social Media,Conversion,8396.55,0.24,0.02,19,7.04,14.08,88,14,0,1,636,1
2345,10345,22,Female,122614,PPC,Consideration,4874.95,0.22,0.13,14,6.99,3.96,4,10,1,0,46,0
2346,10346,58,Female,65955,Email,Consideration,9022.01,0.16,0.1,39,3.78,2.46,5,14,4,8,3214,1
2347,10347,43,Female,132393,SEO,Consideration,5147.1,0.2,0.13,48,2.7,5.2,99,18,3,8,4551,1
2348,10348,45,Male,21982,Referral,Consideration,6637.65,0.21,0.06,26,2.18,12.22,96,0,3,2,4077,1
2349,10349,19,Male,53864,SEO,Consideration,9977.67,0.15,0.18,10,2.02,0.91,14,4,0,9,1903,0
2350,10350,67,Female,141298,SEO,Retention,1554.96,0.18,0.06,15,8.36,3.79,38,3,0,8,4060,1
2351,10351,23,Male,99118,PPC,Retention,7393.62,0.26,0.13,29,3.58,14.36,79,8,9,0,3895,1
2352,10352,26,Female,105490,Social Media,Conversion,1474.84,0.1,0.19,21,7.11,0.75,38,5,1,0,623,0
2353,10353,50,Female,59265,PPC,Retention,8404.78,0.16,0.09,23,3.59,4.53,87,10,1,1,3121,1
2354,10354,58,Male,66313,Referral,Retention,6004.89,0.01,0.04,49,7.0,5.22,20,2,0,6,1492,1
2355,10355,42,Female,64350,PPC,Conversion,9387.78,0.21,0.02,23,9.86,13.9,12,8,9,3,284,1
2356,10356,65,Female,35378,Referral,Conversion,8672.97,0.07,0.19,35,1.59,12.84,28,10,7,8,1991,1
2357,10357,30,Female,129168,PPC,Awareness,841.23,0.15,0.16,17,6.88,7.17,97,8,2,5,371,1
2358,10358,26,Male,138334,Social Media,Conversion,1459.3,0.07,0.18,19,3.54,5.1,4,0,7,7,1541,1
2359,10359,30,Male,137107,Email,Retention,6051.59,0.02,0.14,7,1.75,14.19,66,12,4,6,720,1
2360,10360,48,Female,89815,Social Media,Consideration,5231.31,0.15,0.08,14,1.71,3.23,20,0,2,8,1892,1
2361,10361,58,Female,47924,PPC,Conversion,1768.79,0.13,0.03,12,4.34,7.41,8,17,5,9,3162,1
2362,10362,28,Male,102593,SEO,Awareness,1380.66,0.13,0.19,35,5.87,6.57,66,10,1,8,1270,1
2363,10363,21,Male,137490,Email,Retention,5683.51,0.07,0.1,13,6.83,14.06,43,14,0,1,3798,1
2364,10364,51,Male,27312,SEO,Awareness,584.32,0.28,0.09,46,6.11,11.46,61,15,8,0,2552,1
2365,10365,55,Female,50353,Social Media,Awareness,8749.98,0.01,0.12,46,9.08,7.22,93,0,2,8,2315,1
2366,10366,63,Female,133744,Email,Retention,8090.12,0.27,0.03,23,2.38,9.3,66,10,6,8,4032,1
2367,10367,21,Female,120673,PPC,Awareness,7875.16,0.22,0.07,36,8.46,13.66,61,5,8,2,3428,1
2368,10368,55,Male,106450,SEO,Retention,258.37,0.06,0.13,23,5.75,12.55,61,11,3,6,844,1
2369,10369,36,Female,36192,PPC,Awareness,571.65,0.15,0.03,46,8.75,9.42,59,18,8,7,414,1
2370,10370,23,Male,37450,Referral,Consideration,5543.41,0.3,0.04,17,4.84,13.77,48,0,3,1,1822,1
2371,10371,51,Female,25432,Email,Conversion,9944.81,0.2,0.11,31,5.34,6.01,38,1,1,2,1183,1
2372,10372,35,Female,77225,SEO,Consideration,3488.93,0.05,0.13,34,4.8,11.13,40,19,5,6,3495,1
2373,10373,30,Male,116548,Social Media,Consideration,3509.31,0.14,0.05,19,1.87,0.73,49,11,8,2,4867,1
2374,10374,58,Female,118991,Social Media,Awareness,1429.35,0.15,0.02,41,2.31,8.95,97,0,2,8,2406,0
2375,10375,40,Male,98711,Social Media,Conversion,6775.92,0.24,0.19,31,5.66,2.49,16,6,1,6,3820,1
2376,10376,36,Male,85604,Social Media,Conversion,6502.1,0.28,0.02,36,5.8,8.1,52,9,4,8,3384,1
2377,10377,62,Female,30295,SEO,Conversion,1103.09,0.03,0.01,36,5.21,4.07,54,15,6,6,1965,1
2378,10378,28,Female,26774,Referral,Awareness,4727.38,0.1,0.07,46,1.12,6.02,77,14,5,5,2480,1
2379,10379,18,Female,135107,Social Media,Consideration,6704.04,0.1,0.05,32,5.55,11.99,74,8,3,4,4987,1
2380,10380,41,Female,32190,Social Media,Retention,4985.81,0.3,0.12,0,2.2,1.35,55,13,8,1,1968,0
2381,10381,24,Female,51286,Social Media,Retention,6776.2,0.17,0.18,47,6.1,8.29,0,3,0,7,4349,1
2382,10382,42,Male,96325,Referral,Retention,8181.08,0.27,0.1,27,3.59,2.6,64,5,9,3,1600,1
2383,10383,38,Male,114450,Email,Conversion,6889.57,0.13,0.16,26,9.92,8.81,63,14,0,7,1925,1
2384,10384,32,Female,117480,Social Media,Retention,6199.53,0.22,0.18,16,4.23,9.69,51,7,6,5,853,1
2385,10385,18,Male,92427,Social Media,Consideration,8550.54,0.09,0.05,45,8.39,3.14,14,9,4,9,1309,1
2386,10386,29,Female,107513,Social Media,Retention,9015.83,0.27,0.1,14,3.21,0.59,1,6,3,5,839,1
2387,10387,24,Male,84014,Email,Conversion,3949.98,0.14,0.13,13,2.71,1.74,11,16,4,2,491,1
2388,10388,32,Female,115887,Social Media,Conversion,1815.17,0.24,0.07,30,2.99,10.5,44,12,2,6,3273,1
2389,10389,38,Female,95852,Email,Retention,8196.82,0.08,0.15,33,4.0,6.01,56,7,0,6,280,1
2390,10390,36,Male,75256,Email,Conversion,2216.16,0.21,0.14,2,8.64,5.91,41,10,8,4,3451,1
2391,10391,46,Male,148477,PPC,Retention,9296.61,0.13,0.09,11,7.88,10.53,1,0,4,5,1351,1
2392,10392,42,Female,138580,PPC,Conversion,326.49,0.02,0.03,25,4.92,7.71,86,5,9,5,1662,1
2393,10393,50,Male,118743,Social Media,Awareness,9220.58,0.13,0.01,23,2.69,9.74,61,5,5,7,2600,1
2394,10394,66,Male,78630,SEO,Awareness,5932.91,0.17,0.08,33,1.44,13.83,33,8,7,8,2799,1
2395,10395,49,Female,135896,PPC,Consideration,7769.95,0.05,0.03,7,6.57,7.85,16,1,9,5,3233,1
2396,10396,66,Male,111190,PPC,Awareness,4045.08,0.06,0.16,11,7.36,9.75,40,16,5,2,4663,1
2397,10397,52,Female,82771,SEO,Retention,9917.99,0.14,0.07,8,6.46,9.78,77,1,9,4,3141,1
2398,10398,61,Female,71715,Referral,Conversion,2352.76,0.11,0.14,25,5.51,8.25,74,6,2,0,4681,1
2399,10399,55,Male,27466,Social Media,Consideration,2717.0,0.14,0.08,45,9.76,10.13,83,18,7,0,4854,1
2400,10400,43,Female,146503,Referral,Retention,609.18,0.14,0.16,37,1.22,12.6,70,19,1,9,3594,1
2401,10401,28,Female,37637,Referral,Retention,9410.69,0.05,0.18,48,9.9,12.21,64,2,6,9,1260,1
2402,10402,52,Male,146237,Email,Consideration,4614.69,0.06,0.17,42,3.49,1.33,14,10,5,0,1275,1
2403,10403,25,Female,88745,Email,Consideration,6781.04,0.26,0.1,18,4.45,14.3,37,12,1,8,4229,1
2404,10404,63,Male,56317,Social Media,Retention,6905.66,0.06,0.03,20,7.77,12.78,97,15,3,9,641,1
2405,10405,31,Male,69766,SEO,Conversion,8757.57,0.2,0.08,12,3.04,14.57,72,8,2,1,2558,1
2406,10406,27,Male,23078,Email,Retention,6682.76,0.13,0.09,34,7.39,3.31,64,18,0,9,3522,1
2407,10407,19,Male,47299,PPC,Conversion,5664.01,0.29,0.19,2,3.99,8.28,8,11,2,0,1395,1
2408,10408,63,Male,121794,Social Media,Consideration,7132.15,0.03,0.12,24,9.47,6.88,41,15,6,4,4223,1
2409,10409,26,Female,23543,Referral,Retention,7534.61,0.25,0.13,31,2.55,5.97,65,5,5,7,1851,1
2410,10410,20,Female,142790,Social Media,Awareness,1940.69,0.15,0.16,20,9.39,6.39,85,4,2,4,1347,1
2411,10411,38,Female,114627,Email,Retention,1185.7,0.01,0.12,13,8.12,13.6,88,4,1,4,3179,1
2412,10412,43,Female,71052,SEO,Conversion,841.0,0.09,0.12,30,2.53,10.63,50,10,5,9,3910,1
2413,10413,25,Female,114483,Referral,Retention,3803.13,0.13,0.06,7,4.49,5.21,77,13,6,1,3377,1
2414,10414,65,Female,42064,SEO,Conversion,5030.2,0.1,0.02,6,1.94,5.99,98,13,1,6,4351,1
2415,10415,19,Female,92287,Social Media,Awareness,6194.93,0.12,0.15,35,6.4,7.29,79,8,6,0,4366,1
2416,10416,23,Male,100442,SEO,Consideration,9584.54,0.28,0.17,34,9.64,5.82,18,7,2,1,2553,1
2417,10417,45,Female,140550,SEO,Awareness,3374.8,0.11,0.09,18,1.71,3.55,30,10,5,4,3052,1
2418,10418,46,Male,103632,Social Media,Conversion,7632.65,0.13,0.11,1,3.32,6.81,65,9,4,6,1082,1
2419,10419,43,Male,34425,Referral,Consideration,5360.44,0.23,0.07,4,7.8,1.65,31,18,0,6,2280,1
2420,10420,42,Female,71481,SEO,Consideration,2278.89,0.24,0.1,43,5.12,12.89,99,19,8,7,3919,1
2421,10421,29,Male,97347,SEO,Retention,6191.52,0.03,0.05,1,4.05,12.46,74,15,3,5,409,1
2422,10422,22,Male,103114,Social Media,Awareness,9675.04,0.21,0.15,17,6.41,13.43,7,4,4,2,2982,1
2423,10423,51,Female,92317,PPC,Conversion,1330.65,0.15,0.1,14,3.65,6.97,68,5,2,7,327,1
2424,10424,65,Female,142850,SEO,Conversion,5122.07,0.05,0.11,15,3.96,9.94,97,10,6,0,1178,1
2425,10425,54,Female,106826,Email,Consideration,610.92,0.09,0.02,11,8.26,12.24,31,10,9,2,3698,1
2426,10426,32,Female,70530,Referral,Retention,3280.04,0.02,0.13,43,4.52,5.07,46,15,3,7,3059,1
2427,10427,61,Male,101099,SEO,Conversion,6243.97,0.11,0.05,35,7.31,9.68,69,7,3,2,1661,1
2428,10428,53,Male,45888,Social Media,Retention,8426.46,0.08,0.08,21,2.36,6.85,7,18,8,4,3496,1
2429,10429,32,Female,47491,Email,Consideration,7330.25,0.12,0.09,27,4.59,5.92,33,0,2,4,3772,1
2430,10430,60,Male,133101,Social Media,Consideration,4682.28,0.18,0.1,39,5.97,12.96,3,8,4,6,748,1
2431,10431,65,Female,52352,SEO,Consideration,9101.31,0.22,0.05,42,3.41,9.55,35,13,2,3,4866,1
2432,10432,40,Male,135437,Email,Retention,3096.88,0.19,0.17,21,4.79,9.54,43,19,1,9,250,1
2433,10433,23,Female,41676,Referral,Conversion,7564.44,0.21,0.09,3,7.84,2.77,24,2,5,1,4240,1
2434,10434,63,Female,85836,Referral,Awareness,4792.69,0.26,0.13,11,2.45,5.53,25,4,7,1,3720,1
2435,10435,67,Female,57463,Referral,Retention,8996.49,0.26,0.13,20,5.51,12.7,32,1,4,6,4977,1
2436,10436,61,Female,130478,PPC,Consideration,7994.58,0.26,0.13,26,3.36,3.6,8,17,1,2,2566,1
2437,10437,60,Female,68990,Social Media,Awareness,9024.55,0.05,0.12,22,4.69,14.57,46,12,4,9,3359,1
2438,10438,62,Male,106544,SEO,Awareness,2221.05,0.08,0.17,41,4.38,12.56,71,3,9,1,4700,1
2439,10439,38,Male,83627,Email,Awareness,6714.69,0.16,0.16,26,6.9,4.38,16,16,5,4,3025,1
2440,10440,40,Male,40221,Social Media,Awareness,7410.79,0.11,0.09,40,7.9,2.07,14,13,0,1,654,1
2441,10441,60,Female,134965,SEO,Awareness,7449.9,0.05,0.13,15,5.5,2.96,41,11,2,4,4327,1
2442,10442,33,Male,114870,PPC,Consideration,5089.6,0.09,0.03,31,2.5,4.01,53,9,6,7,2923,1
2443,10443,64,Female,129054,SEO,Conversion,211.38,0.29,0.03,35,8.82,3.95,12,14,8,5,4532,1
2444,10444,32,Male,148345,Social Media,Awareness,2688.16,0.11,0.1,16,2.68,0.74,49,6,7,0,954,0
2445,10445,42,Female,105837,SEO,Conversion,3300.68,0.13,0.18,17,6.21,10.87,43,2,3,9,4994,1
2446,10446,53,Female,92843,Email,Conversion,8535.16,0.01,0.13,26,5.75,14.67,2,19,5,6,3224,1
2447,10447,28,Male,71313,PPC,Retention,8424.77,0.22,0.14,6,3.58,4.65,52,10,9,3,56,1
2448,10448,68,Male,49251,Email,Consideration,1136.33,0.13,0.04,40,9.58,0.74,55,12,8,3,2022,1
2449,10449,32,Male,66586,PPC,Awareness,9503.38,0.04,0.1,37,7.09,13.82,53,2,6,8,761,1
2450,10450,21,Female,119693,PPC,Conversion,1906.33,0.29,0.09,19,5.23,3.49,56,12,9,9,4270,1
2451,10451,38,Female,94418,SEO,Retention,4202.16,0.24,0.16,34,4.99,0.6,11,7,1,5,3490,1
2452,10452,30,Male,73884,Email,Conversion,2230.05,0.22,0.04,46,1.83,3.75,92,8,5,9,3973,1
2453,10453,39,Female,72620,PPC,Awareness,8617.29,0.29,0.11,32,8.03,2.01,58,6,7,6,408,1
2454,10454,36,Male,30040,PPC,Consideration,7519.08,0.13,0.18,25,1.75,11.03,64,7,0,1,1974,1
2455,10455,51,Female,91677,SEO,Consideration,3599.94,0.22,0.18,23,2.81,0.52,95,13,0,2,925,0
2456,10456,31,Female,65878,Social Media,Awareness,6850.6,0.07,0.17,23,2.48,6.9,36,17,0,9,3995,1
2457,10457,21,Female,25969,Social Media,Conversion,1925.23,0.21,0.08,30,1.61,7.63,19,9,3,0,4802,1
2458,10458,65,Male,33162,Referral,Retention,3884.74,0.01,0.19,26,8.47,11.87,71,2,1,4,1151,1
2459,10459,69,Female,85435,Referral,Consideration,3833.37,0.05,0.16,48,9.16,8.07,36,15,6,6,4050,1
2460,10460,63,Female,138504,PPC,Consideration,2455.57,0.13,0.17,8,6.63,2.31,30,14,3,5,1360,1
2461,10461,44,Male,94667,Social Media,Conversion,8775.49,0.01,0.19,1,8.9,6.68,94,12,6,5,2344,1
2462,10462,46,Male,148658,PPC,Conversion,6820.57,0.14,0.19,5,7.08,14.05,24,3,9,5,60,1
2463,10463,64,Female,25037,Email,Conversion,2871.4,0.16,0.06,30,7.17,3.93,49,15,1,3,2075,1
2464,10464,45,Female,80526,Social Media,Retention,2497.0,0.19,0.03,24,9.01,4.84,48,17,2,6,2451,1
2465,10465,52,Female,107914,Social Media,Conversion,277.74,0.04,0.14,15,1.83,13.16,7,18,0,5,3674,1
2466,10466,25,Female,34693,Social Media,Retention,3531.16,0.06,0.12,44,1.49,11.9,93,15,8,4,3734,1
2467,10467,33,Female,146189,Referral,Awareness,5315.04,0.19,0.07,5,1.48,4.78,93,11,5,6,1078,1
2468,10468,59,Male,112162,SEO,Retention,2849.34,0.2,0.14,22,4.76,10.77,90,1,9,6,607,1
2469,10469,53,Male,79090,SEO,Conversion,7034.54,0.02,0.02,46,9.52,1.73,34,7,9,1,1935,1
2470,10470,47,Female,22451,Referral,Retention,4176.32,0.17,0.02,4,8.83,8.37,12,10,6,4,2570,1
2471,10471,35,Female,85560,Referral,Retention,3231.55,0.24,0.08,16,8.04,13.13,20,11,3,6,2968,1
2472,10472,19,Female,25962,Referral,Retention,9396.67,0.03,0.05,8,4.64,12.72,72,5,3,7,1132,1
2473,10473,66,Female,120860,SEO,Consideration,2701.73,0.13,0.15,25,8.42,3.44,23,15,9,8,2083,1
2474,10474,30,Female,116951,PPC,Conversion,4042.75,0.1,0.19,12,2.97,8.23,47,4,9,3,237,1
2475,10475,21,Female,109552,Referral,Retention,3884.68,0.28,0.14,6,6.27,6.28,32,9,7,4,1708,1
2476,10476,43,Female,36444,PPC,Conversion,2487.86,0.06,0.13,47,7.71,8.63,0,4,0,7,4915,1
2477,10477,42,Female,60443,PPC,Awareness,2253.02,0.1,0.01,39,1.83,1.59,71,17,6,7,674,0
2478,10478,47,Male,36506,Email,Retention,3093.56,0.27,0.11,17,8.87,14.73,2,1,3,1,24,1
2479,10479,28,Female,58384,SEO,Retention,8655.94,0.11,0.17,36,7.55,8.67,13,13,3,0,641,1
2480,10480,24,Male,128598,PPC,Awareness,7694.12,0.16,0.13,44,5.8,2.23,13,6,7,9,1457,1
2481,10481,48,Female,135874,SEO,Conversion,6841.9,0.02,0.05,23,1.56,9.81,48,7,5,9,538,1
2482,10482,61,Female,117229,SEO,Awareness,4625.32,0.3,0.17,31,7.25,0.61,32,3,4,3,2595,1
2483,10483,27,Female,132314,Email,Awareness,5126.76,0.25,0.19,6,5.03,0.59,3,4,8,1,1897,1
2484,10484,56,Female,139846,SEO,Awareness,2744.67,0.19,0.06,19,7.63,3.1,37,16,1,9,793,1
2485,10485,30,Male,44248,PPC,Awareness,835.73,0.03,0.05,44,1.33,4.43,24,5,6,2,1440,0
2486,10486,48,Male,66162,Social Media,Conversion,3377.3,0.03,0.07,33,6.17,4.32,46,0,1,1,899,0
2487,10487,24,Female,62690,PPC,Retention,5006.28,0.17,0.02,18,5.02,6.93,12,2,4,3,1729,1
2488,10488,66,Female,147521,PPC,Awareness,667.4,0.09,0.18,45,4.87,7.94,38,9,2,7,3229,1
2489,10489,59,Male,89625,SEO,Awareness,973.51,0.19,0.19,13,5.66,6.62,24,12,8,8,4808,1
2490,10490,59,Female,132752,PPC,Consideration,2703.95,0.18,0.13,31,2.11,5.92,72,18,5,6,183,1
2491,10491,53,Female,88008,Social Media,Conversion,3734.1,0.25,0.16,8,9.42,10.22,42,13,5,1,265,1
2492,10492,37,Female,80309,SEO,Awareness,3993.84,0.09,0.14,35,7.34,4.1,37,10,2,6,2471,1
2493,10493,21,Male,63237,Referral,Consideration,1267.07,0.18,0.08,48,1.76,9.6,34,17,8,9,3655,1
2494,10494,24,Female,146967,PPC,Awareness,2335.63,0.24,0.13,25,1.72,14.37,92,10,6,5,3384,1
2495,10495,18,Female,125754,PPC,Conversion,2690.31,0.15,0.17,19,2.9,7.34,54,14,4,3,3777,1
2496,10496,61,Female,55732,Email,Consideration,769.59,0.25,0.16,28,3.16,7.91,49,3,9,0,2908,1
2497,10497,62,Female,28104,Referral,Consideration,3328.39,0.05,0.03,15,5.43,11.06,77,10,6,9,3476,1
2498,10498,59,Female,103230,Referral,Conversion,814.99,0.22,0.1,30,5.83,7.86,33,5,9,9,4039,1
2499,10499,64,Female,110266,Social Media,Consideration,7064.23,0.28,0.09,23,2.31,2.59,24,17,1,0,2359,1
2500,10500,30,Male,54980,Referral,Consideration,3921.87,0.11,0.15,29,9.76,9.36,41,11,5,5,3772,1
2501,10501,39,Male,149985,Email,Awareness,3334.85,0.12,0.11,7,8.42,7.88,91,15,4,6,1687,1
2502,10502,38,Male,146133,Social Media,Consideration,1352.57,0.03,0.08,25,6.7,14.3,50,19,5,0,479,1
2503,10503,39,Male,94990,Referral,Retention,2342.39,0.2,0.14,14,3.5,1.85,93,15,7,1,2565,1
2504,10504,45,Female,59560,Social Media,Conversion,2403.78,0.17,0.1,49,9.19,8.28,36,17,2,8,4139,1
2505,10505,26,Female,29554,Referral,Awareness,9853.52,0.02,0.06,9,3.84,9.45,65,13,9,9,2156,1
2506,10506,43,Female,111049,Referral,Consideration,8369.96,0.23,0.18,35,3.87,9.49,84,16,7,3,4223,1
2507,10507,26,Male,127007,Referral,Retention,251.1,0.25,0.03,38,4.18,1.37,33,14,8,3,4115,1
2508,10508,32,Female,65987,PPC,Awareness,6206.68,0.27,0.01,23,1.43,5.25,82,9,4,9,2948,1
2509,10509,27,Male,50985,Referral,Conversion,2633.51,0.17,0.04,48,1.56,4.31,37,6,4,5,680,1
2510,10510,41,Male,110298,PPC,Consideration,1133.33,0.14,0.04,7,5.28,10.36,30,4,6,4,4041,1
2511,10511,59,Male,68167,SEO,Conversion,7085.44,0.26,0.11,0,8.94,11.16,25,10,3,8,2653,1
2512,10512,25,Female,136533,Email,Conversion,1402.89,0.13,0.13,9,9.48,3.53,75,2,2,2,3021,1
2513,10513,41,Male,60428,Social Media,Consideration,4493.03,0.2,0.1,46,7.98,12.48,93,16,2,7,4700,1
2514,10514,33,Female,87238,Social Media,Consideration,6358.44,0.19,0.05,22,4.64,7.53,25,18,8,0,4292,1
2515,10515,66,Male,135078,SEO,Awareness,5589.5,0.12,0.04,37,3.79,4.31,62,8,9,6,3075,1
2516,10516,43,Female,82723,Referral,Conversion,9778.53,0.04,0.1,9,2.94,4.85,47,3,0,7,2911,0
2517,10517,44,Female,37038,Email,Consideration,7878.85,0.02,0.12,32,5.85,4.32,94,14,8,8,154,1
2518,10518,54,Female,42219,SEO,Conversion,7764.51,0.13,0.07,30,5.34,9.26,78,8,7,9,716,1
2519,10519,21,Female,24271,SEO,Consideration,3620.39,0.15,0.05,37,5.2,8.14,9,15,0,0,1137,1
2520,10520,67,Female,47397,Social Media,Conversion,183.12,0.25,0.03,12,3.85,14.11,35,16,7,0,3578,1
2521,10521,41,Female,94491,PPC,Awareness,7370.67,0.13,0.02,34,6.24,4.47,39,17,3,7,4901,1
2522,10522,36,Female,138088,PPC,Conversion,9997.35,0.09,0.03,43,6.47,5.13,25,4,5,1,4303,1
2523,10523,53,Male,49602,Referral,Consideration,4118.2,0.14,0.15,46,8.88,0.59,8,4,7,5,3670,1
2524,10524,56,Male,74471,Referral,Retention,9856.63,0.08,0.08,31,7.85,4.83,52,8,0,7,1255,1
2525,10525,27,Male,82150,SEO,Awareness,1502.91,0.04,0.02,21,3.97,4.14,80,9,3,9,4067,1
2526,10526,42,Female,64227,Referral,Awareness,3035.47,0.04,0.11,6,4.42,6.33,69,12,1,5,3411,1
2527,10527,35,Female,117081,PPC,Retention,1790.2,0.1,0.11,5,3.16,7.69,85,16,0,8,2851,1
2528,10528,36,Female,43116,Email,Consideration,4804.24,0.01,0.09,40,2.54,10.22,79,12,3,7,3117,1
2529,10529,53,Female,26674,Social Media,Awareness,7990.12,0.07,0.03,15,1.98,3.28,85,6,2,6,4355,0
2530,10530,27,Female,37469,PPC,Retention,3472.55,0.24,0.15,11,1.31,8.57,52,19,8,4,4414,1
2531,10531,50,Female,25446,Referral,Retention,9071.67,0.08,0.14,8,4.76,11.07,38,2,0,0,2209,0
2532,10532,67,Female,144809,Social Media,Conversion,5493.82,0.04,0.09,39,9.63,4.0,60,0,5,1,2972,1
2533,10533,22,Male,40760,Social Media,Conversion,4707.7,0.29,0.08,4,5.84,5.59,51,9,3,1,214,1
2534,10534,64,Female,21963,SEO,Consideration,7891.65,0.19,0.04,2,7.68,3.47,67,14,3,0,2000,1
2535,10535,66,Male,128281,Referral,Retention,1104.29,0.03,0.15,35,4.58,2.11,67,12,2,4,2552,1
2536,10536,52,Female,96002,SEO,Conversion,7760.15,0.03,0.12,42,4.46,11.46,72,16,1,2,957,1
2537,10537,61,Male,47262,Social Media,Consideration,2505.22,0.19,0.03,9,2.13,3.98,77,17,3,7,2929,0
2538,10538,51,Female,25177,SEO,Awareness,2880.04,0.17,0.08,7,3.7,5.83,41,9,6,1,786,1
2539,10539,50,Female,31160,Referral,Conversion,6034.59,0.03,0.18,8,9.36,4.09,89,19,6,2,1235,1
2540,10540,38,Male,122876,PPC,Consideration,9029.15,0.08,0.1,12,5.41,1.14,66,8,0,8,3484,1
2541,10541,34,Male,27543,Email,Conversion,5826.23,0.28,0.07,18,2.84,11.07,95,0,9,1,2170,1
2542,10542,39,Female,127211,PPC,Awareness,6524.6,0.18,0.13,22,6.97,9.83,74,11,2,8,2646,1
2543,10543,65,Female,102162,Social Media,Awareness,7788.29,0.14,0.05,42,4.65,7.4,50,10,3,8,282,1
2544,10544,54,Female,59278,PPC,Conversion,2667.32,0.08,0.11,23,8.45,10.28,2,10,2,2,17,1
2545,10545,32,Female,49607,SEO,Awareness,8289.61,0.05,0.14,2,1.84,12.77,12,14,5,4,4699,1
2546,10546,52,Male,105835,Referral,Consideration,4237.81,0.13,0.17,32,5.7,9.47,12,19,6,9,2568,1
2547,10547,45,Female,144403,PPC,Conversion,1838.99,0.28,0.14,22,8.21,13.65,60,13,3,1,4952,1
2548,10548,24,Female,37221,PPC,Conversion,3566.17,0.02,0.08,13,8.68,3.42,23,8,6,0,1383,1
2549,10549,49,Female,23323,Referral,Awareness,2536.7,0.3,0.16,18,4.57,13.31,19,1,5,2,272,1
2550,10550,28,Male,72105,SEO,Consideration,2364.26,0.07,0.18,32,7.67,8.35,73,1,0,7,4735,1
2551,10551,27,Female,127841,Email,Conversion,2897.38,0.13,0.1,22,9.69,12.7,86,15,0,1,4932,1
2552,10552,26,Female,96151,PPC,Conversion,1891.22,0.02,0.01,26,6.6,11.29,96,5,3,4,1782,1
2553,10553,31,Female,144908,Social Media,Awareness,6710.25,0.18,0.18,11,8.3,1.34,54,12,6,3,3617,1
2554,10554,30,Female,86968,SEO,Awareness,5841.92,0.15,0.04,45,6.16,12.65,34,5,3,8,1319,1
2555,10555,42,Female,43238,SEO,Consideration,6519.57,0.2,0.03,46,8.11,5.39,77,0,6,9,2773,1
2556,10556,19,Female,125959,PPC,Consideration,3502.87,0.17,0.07,6,9.47,6.64,79,12,5,4,1181,1
2557,10557,52,Male,83830,Referral,Awareness,7720.36,0.13,0.08,35,7.4,0.66,29,1,3,0,3611,1
2558,10558,24,Female,93967,PPC,Consideration,1383.13,0.22,0.16,45,2.39,11.5,82,0,9,6,1323,1
2559,10559,38,Female,28330,PPC,Retention,5754.25,0.02,0.08,17,1.74,7.27,32,0,7,8,3615,1
2560,10560,35,Male,64153,Referral,Retention,2826.98,0.17,0.02,15,8.31,14.12,40,10,0,5,2340,1
2561,10561,20,Male,28611,Social Media,Awareness,5323.34,0.04,0.13,13,3.33,4.57,65,15,6,9,1245,1
2562,10562,59,Female,33872,Referral,Conversion,3304.01,0.14,0.14,20,8.88,7.69,48,8,0,7,4321,1
2563,10563,56,Male,69455,PPC,Awareness,7926.07,0.24,0.16,42,2.77,6.46,7,6,5,8,1597,1
2564,10564,58,Female,54930,Email,Awareness,8923.59,0.05,0.09,26,9.2,11.99,83,13,6,6,3819,1
2565,10565,66,Female,92022,Referral,Awareness,7451.55,0.28,0.03,24,8.25,8.27,2,4,5,4,415,1
2566,10566,28,Male,82714,Social Media,Conversion,1838.28,0.27,0.12,37,8.93,7.17,84,18,3,2,187,1
2567,10567,56,Male,144906,Referral,Retention,2821.18,0.13,0.03,14,3.09,14.23,64,16,7,3,2136,1
2568,10568,41,Female,122406,Referral,Consideration,9201.64,0.01,0.01,9,8.91,5.98,84,7,7,3,4139,1
2569,10569,63,Female,108794,SEO,Retention,4428.48,0.24,0.16,29,6.29,7.61,71,3,1,6,2166,1
2570,10570,36,Male,68716,SEO,Consideration,9417.69,0.27,0.09,43,1.76,8.54,1,1,0,8,2578,1
2571,10571,21,Female,128722,PPC,Consideration,3985.27,0.06,0.11,8,9.38,1.28,86,19,7,1,2942,0
2572,10572,43,Female,86704,PPC,Awareness,9522.57,0.28,0.14,27,2.75,8.13,40,12,6,9,1912,1
2573,10573,55,Female,20415,Referral,Awareness,9264.82,0.28,0.09,48,2.92,5.37,52,19,9,1,3837,1
2574,10574,59,Female,96441,Email,Consideration,6639.22,0.15,0.02,17,7.34,9.93,74,5,1,3,1386,1
2575,10575,49,Female,131736,PPC,Conversion,187.39,0.24,0.06,10,6.25,9.83,15,17,4,7,3349,1
2576,10576,56,Female,90779,Referral,Conversion,4063.31,0.14,0.05,37,9.13,10.81,8,4,4,9,4288,1
2577,10577,62,Male,102069,Referral,Conversion,9121.23,0.17,0.2,1,3.76,6.29,95,11,6,0,585,1
2578,10578,63,Female,112556,Referral,Conversion,8862.59,0.1,0.15,21,1.38,2.02,38,18,1,5,4293,1
2579,10579,53,Female,108444,Referral,Awareness,1955.14,0.06,0.1,22,9.95,6.87,63,19,8,0,3445,1
2580,10580,57,Male,91435,Referral,Retention,4051.91,0.23,0.02,19,3.81,8.51,35,18,8,8,2478,1
2581,10581,54,Female,119142,SEO,Retention,8371.55,0.01,0.03,44,2.46,0.86,22,14,4,4,2108,1
2582,10582,50,Female,124448,Social Media,Consideration,5820.99,0.18,0.16,28,9.86,8.44,46,6,1,2,2636,1
2583,10583,53,Female,29888,Social Media,Conversion,8488.26,0.26,0.19,25,6.07,6.29,48,18,6,0,2737,1
2584,10584,20,Female,65299,Referral,Awareness,8283.02,0.07,0.02,40,2.34,7.44,54,2,3,3,4829,1
2585,10585,26,Male,144790,PPC,Awareness,9084.07,0.11,0.18,11,8.52,4.9,93,0,2,9,3240,1
2586,10586,25,Female,78765,Email,Awareness,1260.48,0.18,0.08,47,9.51,7.64,9,9,6,5,1392,1
2587,10587,50,Female,82714,Referral,Consideration,1537.63,0.08,0.05,28,8.93,13.29,62,3,6,7,2679,1
2588,10588,23,Male,147854,Email,Awareness,919.81,0.26,0.03,18,2.79,11.92,94,15,0,8,4906,1
2589,10589,58,Female,35935,SEO,Consideration,9359.16,0.12,0.16,33,1.47,9.43,25,11,6,3,1914,1
2590,10590,56,Female,93002,Social Media,Consideration,4804.11,0.18,0.1,47,4.34,9.59,47,9,9,4,3377,1
2591,10591,21,Male,100631,SEO,Consideration,736.82,0.08,0.17,26,4.19,13.48,29,2,4,7,4254,1
2592,10592,30,Female,96729,PPC,Consideration,3283.15,0.02,0.05,29,4.65,7.46,1,7,6,2,1914,1
2593,10593,66,Male,21320,PPC,Awareness,3578.99,0.06,0.14,36,8.19,8.32,28,4,7,3,2538,1
2594,10594,19,Male,66032,Referral,Awareness,8114.64,0.02,0.03,30,1.09,12.97,53,15,9,9,4577,1
2595,10595,22,Male,97763,PPC,Retention,7381.22,0.15,0.03,27,7.07,11.44,31,3,6,5,2748,1
2596,10596,61,Male,37907,PPC,Awareness,6924.93,0.18,0.04,24,9.87,6.78,37,15,9,4,1743,1
2597,10597,44,Female,58002,SEO,Conversion,316.45,0.02,0.16,48,4.59,4.93,20,2,1,7,1537,1
2598,10598,49,Male,64838,Email,Conversion,9115.89,0.04,0.13,5,5.37,8.01,26,3,3,9,345,1
2599,10599,38,Female,58912,Social Media,Consideration,2234.0,0.15,0.04,6,6.65,2.25,87,15,5,1,3835,0
2600,10600,25,Male,20552,PPC,Consideration,6327.71,0.24,0.08,5,3.57,10.37,33,4,8,8,4205,1
2601,10601,55,Female,40140,PPC,Consideration,712.01,0.19,0.16,34,7.47,7.23,22,17,4,0,4325,1
2602,10602,25,Female,105591,SEO,Retention,907.11,0.04,0.06,24,2.83,9.13,77,19,1,1,146,0
2603,10603,67,Female,135169,Social Media,Consideration,194.82,0.27,0.19,20,1.58,12.77,38,7,3,7,1939,1
2604,10604,20,Male,68737,SEO,Retention,5702.68,0.28,0.18,46,8.21,5.67,68,7,7,7,72,1
2605,10605,61,Female,53367,Email,Consideration,6330.86,0.1,0.12,47,2.59,7.71,72,6,3,7,2276,1
2606,10606,20,Male,100634,SEO,Conversion,599.58,0.19,0.13,16,7.58,8.56,44,9,7,1,2461,1
2607,10607,39,Female,44061,Social Media,Consideration,2975.8,0.15,0.13,40,8.84,4.56,62,1,3,7,4256,1
2608,10608,23,Female,116590,Social Media,Awareness,8529.4,0.28,0.06,25,1.41,4.49,7,19,7,4,3225,1
2609,10609,19,Female,100336,PPC,Consideration,1102.95,0.16,0.08,40,7.36,8.13,6,5,2,3,2621,1
2610,10610,40,Female,62124,Email,Awareness,2243.82,0.29,0.04,16,6.82,4.23,29,14,3,1,3375,1
2611,10611,61,Male,65638,Referral,Awareness,4301.47,0.07,0.19,6,6.61,12.99,11,13,9,8,1144,1
2612,10612,19,Female,130728,PPC,Awareness,8438.51,0.11,0.15,24,3.66,14.93,19,7,8,2,1635,1
2613,10613,55,Female,111115,SEO,Awareness,2623.01,0.24,0.02,33,1.41,3.56,63,8,4,4,4238,1
2614,10614,34,Female,21982,SEO,Retention,9971.66,0.24,0.11,25,1.89,8.84,28,4,2,3,3470,1
2615,10615,52,Female,136322,Social Media,Retention,3617.09,0.22,0.08,5,3.46,2.61,54,4,2,8,972,0
2616,10616,51,Male,126134,Social Media,Consideration,3925.84,0.26,0.16,9,4.66,3.19,11,8,3,3,1593,1
2617,10617,40,Male,55765,Social Media,Consideration,1308.85,0.21,0.08,16,9.26,11.61,83,6,1,4,2264,1
2618,10618,47,Female,102606,Referral,Retention,6833.96,0.19,0.13,13,7.16,3.4,21,7,6,7,3549,1
2619,10619,69,Female,116422,Referral,Consideration,2510.31,0.14,0.04,2,1.24,11.36,22,14,6,3,4815,1
2620,10620,25,Female,129910,PPC,Consideration,6325.79,0.15,0.12,47,9.28,6.36,47,2,8,1,2806,1
2621,10621,39,Female,74681,Referral,Retention,2309.26,0.13,0.07,15,7.48,7.45,44,16,7,9,191,1
2622,10622,61,Male,83232,Social Media,Retention,3939.94,0.19,0.04,4,5.43,4.26,25,18,2,1,2982,0
2623,10623,53,Female,82349,PPC,Consideration,8581.05,0.13,0.13,47,5.17,8.46,27,17,4,9,586,1
2624,10624,22,Female,120063,PPC,Retention,7415.17,0.05,0.13,22,9.4,5.31,54,9,7,8,4510,1
2625,10625,30,Female,83474,Email,Conversion,1630.45,0.04,0.2,26,5.95,3.03,72,1,7,9,2694,1
2626,10626,46,Female,125327,Referral,Awareness,6116.31,0.28,0.14,4,5.52,2.52,68,1,1,5,661,0
2627,10627,48,Male,49513,SEO,Awareness,6323.54,0.02,0.11,36,7.97,15.0,1,16,0,0,2491,1
2628,10628,64,Male,42592,SEO,Conversion,996.63,0.04,0.18,37,6.34,5.51,27,14,4,9,1606,1
2629,10629,33,Female,132196,Email,Conversion,4711.48,0.14,0.17,17,3.24,12.17,76,15,0,1,412,1
2630,10630,59,Male,43618,Social Media,Consideration,2680.62,0.09,0.11,11,9.99,5.45,78,5,6,8,3696,1
2631,10631,47,Male,71632,Email,Consideration,4724.59,0.13,0.11,20,3.53,9.53,52,19,7,7,3021,1
2632,10632,33,Female,35409,Social Media,Awareness,7793.0,0.04,0.19,6,7.15,12.7,13,1,5,8,1654,1
2633,10633,29,Male,29529,Referral,Consideration,1666.77,0.05,0.13,16,5.41,10.59,45,14,2,5,4498,1
2634,10634,34,Female,142164,Referral,Awareness,1320.71,0.24,0.15,41,2.1,1.5,77,17,9,2,4166,1
2635,10635,33,Female,44154,PPC,Consideration,2766.23,0.23,0.03,8,9.63,3.3,66,7,0,3,4757,0
2636,10636,29,Female,52882,PPC,Consideration,9527.53,0.04,0.15,40,4.02,13.17,73,3,1,6,4506,1
2637,10637,25,Female,64917,PPC,Awareness,7503.46,0.2,0.06,23,6.91,7.33,69,4,1,7,4043,1
2638,10638,37,Female,102488,PPC,Conversion,292.61,0.19,0.03,10,7.64,9.18,19,7,9,9,3064,1
2639,10639,20,Female,35701,SEO,Conversion,4069.95,0.22,0.17,24,4.55,0.85,34,16,1,8,1440,1
2640,10640,33,Female,95281,PPC,Consideration,2648.24,0.15,0.14,45,3.35,7.57,47,5,9,9,1480,1
2641,10641,47,Male,109871,PPC,Conversion,6417.63,0.09,0.09,36,1.53,6.75,42,14,4,7,1809,1
2642,10642,62,Female,88225,PPC,Consideration,4647.0,0.2,0.09,6,9.56,10.45,19,0,1,1,465,0
2643,10643,40,Female,139278,Social Media,Retention,9648.54,0.12,0.05,16,6.24,4.48,55,10,8,1,433,1
2644,10644,45,Female,72492,PPC,Retention,2267.89,0.07,0.01,40,7.45,11.29,2,5,5,4,3016,1
2645,10645,68,Male,22988,Email,Retention,5919.78,0.13,0.08,18,5.22,10.23,67,5,6,1,1258,1
2646,10646,57,Female,55919,PPC,Conversion,7032.08,0.23,0.04,20,3.1,7.89,10,19,2,0,2154,1
2647,10647,22,Male,130023,PPC,Conversion,8273.09,0.15,0.09,44,9.96,5.95,61,19,9,9,1734,1
2648,10648,37,Female,68426,SEO,Awareness,4129.01,0.1,0.17,8,9.71,4.88,60,17,6,3,992,0
2649,10649,57,Female,72167,PPC,Conversion,6900.53,0.25,0.03,44,8.74,8.26,94,17,3,0,681,1
2650,10650,61,Male,29013,Social Media,Consideration,3101.69,0.27,0.03,45,9.25,8.86,57,6,7,3,2848,1
2651,10651,18,Female,59113,Referral,Awareness,4411.21,0.14,0.18,7,6.18,7.0,28,15,8,3,3814,1
2652,10652,47,Male,23574,PPC,Conversion,8966.71,0.12,0.15,45,4.31,5.15,37,18,4,5,4416,1
2653,10653,38,Female,118016,PPC,Awareness,9504.09,0.19,0.02,44,4.09,13.26,83,11,2,9,4257,1
2654,10654,37,Male,27838,PPC,Conversion,7216.29,0.03,0.03,26,9.4,5.0,87,17,5,4,319,1
2655,10655,23,Female,113899,SEO,Consideration,3806.08,0.21,0.14,22,9.63,10.25,86,3,2,8,4188,1
2656,10656,39,Male,51368,Referral,Retention,8218.57,0.24,0.08,9,4.96,13.62,21,1,5,9,1401,1
2657,10657,35,Male,52228,SEO,Retention,356.08,0.13,0.15,1,6.46,9.88,85,8,6,7,4066,1
2658,10658,25,Female,136296,SEO,Consideration,1117.18,0.06,0.09,43,8.25,5.81,40,6,5,5,1581,1
2659,10659,56,Male,69711,SEO,Awareness,6647.6,0.02,0.19,47,7.32,4.81,83,11,3,5,3218,1
2660,10660,49,Female,66097,Social Media,Retention,2983.36,0.19,0.14,6,8.83,12.87,62,4,6,5,3290,1
2661,10661,50,Male,75773,Referral,Conversion,9518.72,0.09,0.02,1,6.48,7.6,37,11,1,3,1831,1
2662,10662,33,Female,48639,Social Media,Conversion,4417.0,0.14,0.07,15,6.24,9.1,49,15,4,4,3194,1
2663,10663,29,Female,34823,Social Media,Awareness,4350.71,0.12,0.12,5,4.38,9.15,6,18,5,3,1065,1
2664,10664,55,Female,43510,Referral,Awareness,6812.99,0.06,0.04,15,1.66,8.24,23,11,5,1,511,0
2665,10665,69,Female,149802,Social Media,Consideration,7698.93,0.16,0.01,24,1.5,14.0,45,0,4,4,4651,1
2666,10666,51,Female,58333,Referral,Retention,4808.03,0.14,0.03,44,2.37,14.0,24,0,9,0,1453,0
2667,10667,31,Male,24435,PPC,Awareness,2218.61,0.19,0.11,9,1.52,1.09,77,18,4,8,851,0
2668,10668,53,Male,58418,SEO,Retention,7755.76,0.08,0.13,8,5.82,7.83,28,19,7,9,4264,1
2669,10669,50,Female,77955,Social Media,Retention,3271.48,0.07,0.03,31,4.63,8.7,66,11,4,8,4750,1
2670,10670,40,Female,79507,Referral,Conversion,1833.6,0.25,0.14,31,1.24,13.92,92,4,5,8,2448,1
2671,10671,67,Female,71033,Email,Awareness,6353.24,0.21,0.13,1,1.2,1.51,79,8,9,1,4403,1
2672,10672,62,Male,106089,Social Media,Consideration,995.49,0.23,0.19,20,5.71,11.94,84,11,0,2,3969,1
2673,10673,19,Male,138551,Social Media,Awareness,9716.39,0.05,0.17,47,5.94,9.82,21,1,0,7,390,1
2674,10674,58,Male,92972,Referral,Retention,6360.73,0.08,0.19,2,1.34,11.12,84,12,0,1,1938,0
2675,10675,38,Female,122012,Email,Conversion,9860.37,0.18,0.19,33,7.03,4.73,85,3,3,5,3253,1
2676,10676,19,Female,67219,Email,Awareness,3455.04,0.26,0.09,28,2.13,11.33,8,18,2,8,4683,1
2677,10677,44,Male,54477,PPC,Awareness,9714.93,0.27,0.1,41,5.45,4.6,86,7,4,6,2429,1
2678,10678,26,Female,109780,Social Media,Awareness,1541.07,0.25,0.06,19,2.43,10.3,48,12,6,2,4,1
2679,10679,18,Female,62721,SEO,Consideration,502.88,0.02,0.11,22,1.35,11.91,72,0,5,7,3737,1
2680,10680,28,Female,87228,Social Media,Consideration,426.54,0.25,0.04,36,2.91,11.86,95,16,2,8,201,0
2681,10681,20,Male,35523,SEO,Consideration,4702.22,0.27,0.14,7,5.18,8.39,35,16,1,4,1268,1
2682,10682,69,Female,52326,SEO,Consideration,921.74,0.03,0.01,43,7.7,6.5,99,3,1,7,3339,0
2683,10683,40,Female,132626,Referral,Conversion,5170.46,0.13,0.05,35,3.39,4.03,4,7,2,7,1606,1
2684,10684,43,Female,62205,Social Media,Conversion,3342.25,0.17,0.05,13,7.17,0.99,89,19,9,0,791,1
2685,10685,21,Female,20125,Referral,Consideration,3422.73,0.08,0.19,22,8.76,1.21,3,4,2,1,512,0
2686,10686,35,Male,131248,PPC,Retention,6392.53,0.16,0.04,26,3.43,6.57,23,15,2,6,2417,1
2687,10687,23,Male,86735,SEO,Consideration,1714.67,0.27,0.18,14,5.7,1.88,40,1,7,0,139,0
2688,10688,52,Female,124396,Email,Consideration,7688.88,0.26,0.03,34,4.68,2.12,13,8,2,3,4675,1
2689,10689,39,Male,36375,SEO,Retention,5862.11,0.28,0.13,21,1.25,3.32,90,12,5,6,54,1
2690,10690,60,Female,22711,PPC,Awareness,9157.95,0.15,0.07,46,4.53,7.48,11,18,8,9,2809,1
2691,10691,32,Female,52437,SEO,Retention,3711.92,0.13,0.07,35,4.39,9.08,81,8,7,4,4280,1
2692,10692,39,Female,48022,Referral,Retention,9828.88,0.2,0.2,14,6.6,10.57,43,2,5,1,4741,1
2693,10693,54,Male,29182,Social Media,Conversion,5800.69,0.13,0.05,31,8.8,7.55,8,0,9,2,2347,1
2694,10694,69,Male,113177,Email,Awareness,9736.68,0.02,0.05,40,7.05,10.14,65,17,4,7,4672,1
2695,10695,59,Female,115066,Referral,Retention,367.9,0.22,0.12,17,4.2,13.0,37,14,4,0,1230,1
2696,10696,29,Male,144401,Social Media,Consideration,7306.97,0.09,0.15,44,5.04,5.93,95,0,7,4,4684,1
2697,10697,64,Female,108148,Email,Retention,8184.55,0.02,0.2,30,8.98,10.48,76,14,6,2,4118,1
2698,10698,66,Female,91531,PPC,Conversion,626.42,0.02,0.14,40,6.75,10.05,56,17,4,8,4273,1
2699,10699,59,Female,60950,SEO,Retention,5831.8,0.28,0.12,35,4.51,9.73,46,18,9,5,2890,1
2700,10700,55,Female,123806,Email,Consideration,8039.23,0.08,0.09,24,6.4,8.96,54,19,5,4,3289,1
2701,10701,35,Male,32920,PPC,Awareness,5654.28,0.14,0.12,44,6.8,11.03,87,18,4,2,4785,1
2702,10702,62,Male,42144,Social Media,Conversion,731.75,0.29,0.12,9,5.34,12.37,1,19,8,3,3323,1
2703,10703,52,Female,140270,Email,Awareness,6965.13,0.15,0.05,39,8.79,6.19,82,12,5,7,689,1
2704,10704,47,Female,104418,PPC,Conversion,699.91,0.03,0.14,13,8.31,9.99,17,4,2,0,1972,1
2705,10705,41,Female,22565,Social Media,Consideration,8192.94,0.17,0.05,47,5.72,4.1,65,4,2,6,2464,1
2706,10706,59,Female,108909,Referral,Conversion,526.04,0.04,0.1,25,9.63,11.46,89,10,9,0,374,1
2707,10707,47,Female,73942,SEO,Awareness,1460.23,0.04,0.06,18,9.58,13.27,56,9,9,0,4754,1
2708,10708,31,Male,129093,PPC,Awareness,2823.57,0.26,0.07,29,9.69,11.54,63,5,3,3,51,1
2709,10709,23,Male,90560,Referral,Retention,6370.31,0.09,0.13,38,2.98,7.62,87,5,4,1,444,0
2710,10710,20,Female,44691,Social Media,Awareness,9765.96,0.21,0.02,11,1.93,2.43,26,12,8,0,868,0
2711,10711,33,Male,53799,Email,Retention,1266.45,0.16,0.01,30,6.57,13.16,52,5,9,7,3749,1
2712,10712,24,Female,86777,SEO,Awareness,1512.81,0.07,0.03,44,7.55,12.31,58,6,1,9,1111,1
2713,10713,69,Female,54510,Social Media,Retention,3751.82,0.16,0.04,46,3.76,10.62,28,7,1,9,4457,1
2714,10714,31,Female,124013,PPC,Consideration,8378.57,0.03,0.05,46,5.84,12.85,71,9,0,6,1940,1
2715,10715,26,Female,107919,SEO,Retention,4725.59,0.11,0.16,17,6.83,8.23,94,10,7,8,3803,1
2716,10716,32,Male,133043,Referral,Awareness,3283.94,0.16,0.09,1,5.17,14.87,97,4,0,1,4576,0
2717,10717,38,Male,97366,SEO,Consideration,5655.92,0.08,0.1,13,5.87,12.64,13,7,5,9,2483,1
2718,10718,52,Female,48975,Referral,Conversion,2679.18,0.2,0.13,19,1.68,2.87,67,0,1,9,1778,1
2719,10719,19,Female,73242,Social Media,Awareness,4071.48,0.03,0.15,38,9.95,6.33,42,6,8,5,3863,1
2720,10720,44,Female,66546,Email,Retention,3392.79,0.15,0.01,19,4.41,2.97,28,17,3,2,1446,1
2721,10721,19,Female,112087,SEO,Conversion,8061.0,0.22,0.17,33,2.85,3.75,56,11,9,4,2258,1
2722,10722,52,Male,126464,Email,Retention,9250.13,0.13,0.2,33,5.32,7.76,32,18,4,8,156,1
2723,10723,35,Female,43267,Email,Conversion,7619.76,0.26,0.03,36,3.86,5.74,20,7,1,2,2953,1
2724,10724,31,Female,97911,SEO,Consideration,4446.93,0.19,0.13,2,4.52,13.69,40,2,4,8,1440,1
2725,10725,37,Male,107049,SEO,Awareness,5092.92,0.29,0.01,34,6.07,0.5,0,9,6,7,1066,1
2726,10726,35,Female,89939,Email,Consideration,1338.23,0.09,0.02,32,3.51,0.65,26,13,4,9,2515,1
2727,10727,27,Female,141265,PPC,Awareness,7493.96,0.28,0.06,18,7.0,13.85,1,18,0,8,1638,1
2728,10728,42,Female,24897,PPC,Conversion,6005.11,0.19,0.17,30,4.89,3.97,63,18,8,1,2349,1
2729,10729,19,Male,20163,SEO,Consideration,9034.16,0.23,0.13,43,1.76,0.54,50,8,1,3,1408,1
2730,10730,42,Female,121614,Email,Awareness,2086.05,0.27,0.09,21,8.98,6.85,53,4,3,2,4835,1
2731,10731,50,Male,72540,Email,Conversion,7621.29,0.17,0.09,26,5.3,3.34,73,6,5,5,1187,1
2732,10732,53,Male,102915,Social Media,Consideration,6878.25,0.26,0.1,37,9.31,1.27,73,12,0,7,4413,1
2733,10733,48,Female,133295,Email,Consideration,2731.87,0.17,0.07,27,4.43,8.19,29,17,8,6,3186,1
2734,10734,31,Female,50030,PPC,Consideration,6707.05,0.18,0.18,20,5.88,2.53,0,12,8,1,276,1
2735,10735,18,Female,75313,Social Media,Consideration,9251.3,0.14,0.12,19,8.86,12.63,94,6,7,4,526,1
2736,10736,63,Male,148070,PPC,Retention,9192.52,0.05,0.1,37,5.16,4.88,98,7,8,3,1073,1
2737,10737,33,Male,49870,Referral,Conversion,7224.3,0.17,0.1,12,6.7,3.71,28,3,3,0,2245,1
2738,10738,63,Female,136565,SEO,Retention,575.92,0.29,0.19,28,3.22,11.23,12,16,8,4,3483,1
2739,10739,69,Male,144703,Referral,Conversion,8735.42,0.24,0.15,20,3.14,12.81,72,9,3,4,3326,1
2740,10740,20,Male,49482,SEO,Conversion,6612.01,0.23,0.04,41,5.88,1.85,42,3,4,4,1517,1
2741,10741,52,Male,51058,PPC,Conversion,3173.3,0.2,0.09,32,6.52,2.7,40,4,5,2,4153,1
2742,10742,58,Female,77255,PPC,Awareness,1953.78,0.11,0.06,31,6.9,7.38,74,4,6,0,1317,1
2743,10743,23,Male,112407,Referral,Conversion,1250.42,0.06,0.2,47,7.92,9.06,87,17,2,9,2239,1
2744,10744,42,Female,137952,SEO,Consideration,597.35,0.08,0.09,45,9.3,1.71,88,1,1,6,4781,0
2745,10745,30,Male,84930,SEO,Retention,7565.62,0.01,0.02,27,3.16,5.94,57,10,4,8,4651,1
2746,10746,51,Male,70500,Social Media,Consideration,2434.85,0.21,0.09,49,6.58,13.52,76,0,9,9,4106,1
2747,10747,25,Female,149329,Email,Consideration,340.1,0.25,0.07,13,4.99,13.2,13,6,2,5,1628,1
2748,10748,38,Male,46379,Social Media,Retention,4032.98,0.09,0.12,41,1.8,5.01,40,11,2,3,2430,1
2749,10749,51,Female,87787,PPC,Consideration,4877.81,0.04,0.05,21,5.08,3.8,66,7,6,4,2525,1
2750,10750,21,Male,129396,Referral,Awareness,1775.38,0.11,0.02,36,8.12,8.95,53,11,5,2,4109,1
2751,10751,42,Female,43674,SEO,Consideration,536.08,0.09,0.03,33,1.71,1.89,5,14,2,3,1237,0
2752,10752,32,Male,144473,Social Media,Consideration,1972.34,0.14,0.06,16,6.46,3.88,45,13,6,9,2112,1
2753,10753,21,Male,142706,Referral,Retention,6823.12,0.09,0.08,32,4.69,2.92,76,19,9,2,1234,1
2754,10754,62,Female,26590,Referral,Consideration,914.21,0.11,0.17,32,6.89,3.51,0,0,9,9,3055,1
2755,10755,29,Female,51432,Email,Retention,5594.87,0.27,0.06,37,8.39,3.61,28,2,5,6,3213,1
2756,10756,49,Male,60426,SEO,Conversion,1549.48,0.11,0.02,25,5.87,9.6,77,0,0,3,2430,1
2757,10757,49,Female,69584,Referral,Conversion,2037.32,0.24,0.16,38,3.74,7.58,75,10,4,9,67,1
2758,10758,45,Female,107663,SEO,Awareness,3991.47,0.19,0.18,6,1.81,13.0,25,8,3,5,324,1
2759,10759,30,Female,58015,Social Media,Retention,1098.17,0.11,0.1,24,3.6,11.17,57,3,2,7,4025,1
2760,10760,48,Female,93251,Referral,Retention,1814.71,0.25,0.06,47,4.28,7.73,86,7,2,7,1053,1
2761,10761,31,Male,89353,Referral,Retention,3554.63,0.18,0.16,29,6.77,4.96,2,16,7,5,1893,1
2762,10762,37,Female,115029,Social Media,Awareness,3363.72,0.01,0.01,40,4.5,12.56,59,13,2,8,2674,1
2763,10763,35,Male,102990,SEO,Awareness,7517.79,0.03,0.19,32,4.62,1.65,13,19,1,5,405,1
2764,10764,46,Male,24600,SEO,Consideration,840.34,0.23,0.17,49,3.61,10.37,97,15,4,8,3657,1
2765,10765,23,Female,44690,Referral,Retention,8618.46,0.14,0.11,38,4.27,2.14,22,19,9,5,3223,1
2766,10766,49,Female,144319,Social Media,Awareness,8180.7,0.13,0.06,27,3.39,8.23,61,1,2,8,1392,1
2767,10767,46,Female,128286,PPC,Conversion,7683.32,0.05,0.02,17,7.61,13.57,9,7,9,7,1010,1
2768,10768,60,Female,53762,SEO,Conversion,3162.79,0.06,0.2,9,9.85,3.95,3,14,2,6,2822,1
2769,10769,19,Female,139006,PPC,Retention,8246.53,0.24,0.15,1,7.61,1.64,38,3,7,7,4064,1
2770,10770,40,Male,57499,Referral,Conversion,1909.74,0.25,0.07,42,1.66,5.42,73,14,8,3,789,1
2771,10771,36,Female,107988,PPC,Consideration,1331.65,0.17,0.01,49,6.69,7.43,87,0,1,6,2389,1
2772,10772,48,Male,27670,PPC,Consideration,545.07,0.1,0.13,42,7.33,11.01,33,12,0,1,670,0
2773,10773,68,Female,106687,SEO,Retention,9399.17,0.28,0.2,13,8.0,0.93,87,6,7,2,442,1
2774,10774,22,Female,37341,Referral,Awareness,3149.31,0.19,0.14,12,7.86,2.4,24,15,9,2,4325,1
2775,10775,36,Male,115140,PPC,Awareness,9184.42,0.24,0.03,0,5.58,6.46,51,3,9,4,4184,1
2776,10776,51,Female,93823,SEO,Awareness,2798.87,0.01,0.09,31,3.36,1.88,14,2,5,3,4955,1
2777,10777,27,Male,104074,PPC,Awareness,9084.9,0.14,0.03,24,2.09,14.36,11,11,8,0,2832,1
2778,10778,42,Male,37015,SEO,Retention,9048.9,0.26,0.18,9,1.08,7.91,0,17,0,6,455,1
2779,10779,19,Female,130180,Referral,Consideration,9244.39,0.11,0.07,14,1.01,5.97,8,13,4,9,1795,1
2780,10780,28,Male,85126,Social Media,Retention,5011.92,0.22,0.15,28,9.43,14.71,58,0,4,1,2298,1
2781,10781,67,Female,144581,SEO,Retention,8672.87,0.2,0.03,16,6.47,9.87,13,6,2,7,407,1
2782,10782,48,Female,75197,SEO,Conversion,9512.58,0.05,0.03,41,6.17,7.98,30,18,1,3,2344,1
2783,10783,32,Female,69849,PPC,Consideration,3313.71,0.23,0.14,39,4.39,4.0,87,2,8,9,2160,1
2784,10784,26,Female,134719,Referral,Awareness,4246.86,0.04,0.17,22,8.19,4.17,52,14,6,4,1636,1
2785,10785,40,Female,35852,Email,Consideration,7220.48,0.22,0.05,6,2.98,5.75,62,18,8,3,2819,1
2786,10786,36,Female,75361,Email,Conversion,3073.56,0.3,0.09,49,7.64,11.39,9,8,2,3,3739,1
2787,10787,26,Female,131794,Social Media,Retention,7562.71,0.29,0.13,35,4.27,12.33,42,17,0,5,1261,1
2788,10788,52,Female,41258,Referral,Consideration,831.53,0.24,0.16,5,7.37,3.29,17,0,1,4,4465,0
2789,10789,38,Female,123866,SEO,Conversion,5282.63,0.17,0.13,1,7.36,12.35,66,6,5,5,2116,1
2790,10790,26,Male,82355,Email,Retention,1310.9,0.21,0.03,44,3.84,5.3,58,14,5,1,2211,1
2791,10791,45,Male,61508,Social Media,Awareness,3003.9,0.22,0.11,31,9.41,3.4,75,6,1,0,4650,1
2792,10792,63,Female,87784,Referral,Consideration,2660.39,0.01,0.18,43,5.57,3.32,98,8,8,2,1029,1
2793,10793,68,Female,144773,Social Media,Awareness,8405.43,0.04,0.17,4,3.32,7.22,22,15,9,9,3123,1
2794,10794,24,Female,91728,Email,Awareness,2015.82,0.18,0.12,18,7.06,11.62,85,18,0,7,3878,1
2795,10795,33,Female,47410,PPC,Conversion,8103.63,0.01,0.2,1,7.76,8.78,74,11,3,0,621,1
2796,10796,33,Female,149974,PPC,Conversion,7960.21,0.27,0.03,42,9.56,7.24,45,17,3,7,3213,1
2797,10797,50,Female,29895,Referral,Retention,5038.94,0.15,0.1,22,1.66,0.76,48,15,0,1,4464,1
2798,10798,21,Female,91942,Social Media,Awareness,2415.05,0.08,0.16,39,5.86,8.67,22,4,4,9,4697,1
2799,10799,21,Female,53924,SEO,Conversion,2346.27,0.12,0.04,3,5.41,10.28,11,1,5,3,762,1
2800,10800,56,Male,132622,Email,Conversion,4702.75,0.26,0.19,3,3.79,1.92,28,15,8,2,1452,1
2801,10801,57,Female,148809,PPC,Awareness,187.21,0.28,0.08,10,7.91,14.36,88,5,7,0,2033,1
2802,10802,34,Female,126839,PPC,Retention,5360.37,0.04,0.08,45,2.75,1.83,87,7,3,7,783,1
2803,10803,54,Male,90831,Social Media,Awareness,9532.52,0.24,0.05,40,3.95,10.51,58,18,5,0,3176,1
2804,10804,56,Female,32264,PPC,Retention,1631.6,0.18,0.06,19,7.9,8.11,52,0,6,6,3452,1
2805,10805,69,Male,48038,Social Media,Retention,5776.12,0.18,0.12,13,5.3,13.32,67,4,5,2,4672,1
2806,10806,46,Female,124458,Email,Conversion,9621.61,0.24,0.09,34,2.22,6.5,62,18,4,2,1150,1
2807,10807,69,Female,136936,Social Media,Awareness,8619.17,0.07,0.05,44,9.05,7.87,28,6,0,8,1509,1
2808,10808,53,Female,29136,PPC,Awareness,8518.76,0.16,0.16,13,7.58,8.52,2,9,6,7,3122,1
2809,10809,55,Female,33213,Social Media,Conversion,8236.31,0.1,0.02,48,6.06,13.19,94,15,6,9,1854,1
2810,10810,56,Female,97608,PPC,Consideration,3159.33,0.04,0.17,2,6.48,12.09,88,12,4,2,4596,1
2811,10811,67,Female,128546,Referral,Consideration,8917.11,0.04,0.06,14,6.63,4.56,36,6,8,8,4310,1
2812,10812,54,Male,121589,PPC,Awareness,9419.27,0.05,0.1,20,5.49,14.35,62,4,2,5,1153,1
2813,10813,69,Female,47431,PPC,Conversion,5008.34,0.19,0.08,1,7.7,11.42,22,17,0,2,3843,1
2814,10814,52,Male,62290,PPC,Retention,3610.25,0.04,0.12,20,7.44,0.67,48,9,4,6,601,1
2815,10815,24,Male,87539,Referral,Retention,4200.87,0.18,0.16,9,1.03,3.16,85,7,3,3,61,0
2816,10816,44,Male,105535,SEO,Awareness,3408.64,0.18,0.2,26,1.99,12.91,92,3,5,5,107,1
2817,10817,45,Female,116815,PPC,Conversion,2202.94,0.27,0.07,46,1.23,9.87,99,0,1,1,2637,1
2818,10818,39,Female,62747,SEO,Awareness,6222.64,0.19,0.12,18,2.52,4.24,76,12,4,8,384,1
2819,10819,31,Female,95974,Email,Awareness,5669.71,0.3,0.1,11,1.65,2.99,2,9,7,2,4179,1
2820,10820,24,Male,99763,Social Media,Conversion,4679.59,0.02,0.2,48,2.74,2.63,21,11,7,9,2066,1
2821,10821,54,Male,89208,SEO,Awareness,1048.87,0.21,0.16,15,5.85,5.11,35,19,1,3,3394,1
2822,10822,39,Female,149132,Email,Retention,7989.24,0.02,0.09,7,7.03,13.53,9,1,2,8,2035,1
2823,10823,22,Female,92994,Social Media,Consideration,1831.84,0.22,0.1,36,9.27,5.6,8,5,8,6,701,1
2824,10824,19,Female,104075,PPC,Retention,1234.16,0.12,0.06,24,7.65,10.08,55,9,6,1,3149,1
2825,10825,44,Male,89015,PPC,Consideration,6268.41,0.19,0.15,23,1.28,2.12,54,9,8,0,1031,1
2826,10826,38,Male,34887,PPC,Conversion,4046.58,0.1,0.17,46,5.22,8.21,18,2,3,6,2662,1
2827,10827,55,Female,145900,Referral,Awareness,692.1,0.06,0.19,39,7.08,5.47,71,5,6,1,509,0
2828,10828,32,Female,20051,Referral,Consideration,3620.13,0.22,0.12,17,3.84,2.83,32,14,6,5,880,1
2829,10829,38,Male,87695,Referral,Conversion,7740.63,0.27,0.14,20,4.32,12.07,19,11,6,5,3511,1
2830,10830,27,Male,89926,Referral,Conversion,6190.97,0.06,0.09,7,8.23,12.33,93,8,9,4,3708,1
2831,10831,40,Female,105571,Email,Conversion,3691.58,0.28,0.13,18,1.42,4.94,34,3,4,1,1902,1
2832,10832,56,Female,142044,Email,Retention,1998.87,0.05,0.08,48,5.86,9.98,30,5,5,8,2265,1
2833,10833,22,Female,48491,PPC,Retention,6354.78,0.22,0.15,29,8.24,6.21,82,17,3,0,717,1
2834,10834,18,Male,36080,Social Media,Consideration,8886.8,0.29,0.01,26,8.18,1.14,49,5,8,9,3350,1
2835,10835,30,Male,54880,Referral,Consideration,6498.1,0.05,0.02,35,2.09,6.7,45,0,3,0,4657,0
2836,10836,38,Female,79965,Social Media,Retention,8147.75,0.14,0.15,35,8.6,8.85,77,11,8,1,178,1
2837,10837,43,Male,131056,Email,Consideration,5263.13,0.11,0.19,25,1.7,4.84,9,2,8,7,4676,1
2838,10838,67,Female,67361,Referral,Consideration,7207.91,0.12,0.13,19,9.32,14.26,66,11,4,4,3161,1
2839,10839,62,Female,107685,Email,Awareness,8972.65,0.23,0.15,40,2.95,8.59,33,2,8,2,3342,1
2840,10840,38,Male,100875,Email,Consideration,7754.47,0.2,0.17,13,2.04,5.89,50,9,8,3,690,1
2841,10841,35,Female,114841,SEO,Conversion,9107.55,0.29,0.08,32,1.67,11.16,91,5,2,3,340,1
2842,10842,54,Female,86890,Email,Awareness,4368.28,0.06,0.03,8,4.09,5.44,82,16,2,8,3016,0
2843,10843,62,Female,91156,PPC,Consideration,9051.78,0.17,0.19,22,4.14,0.86,38,0,3,4,3712,1
2844,10844,49,Female,89290,Email,Awareness,6253.52,0.14,0.19,44,5.74,0.62,89,1,7,3,4190,1
2845,10845,53,Male,36593,Referral,Conversion,8713.48,0.28,0.09,29,7.6,4.88,67,18,2,6,1107,1
2846,10846,34,Female,36167,PPC,Consideration,489.83,0.01,0.05,49,5.59,2.76,11,19,1,5,1076,1
2847,10847,52,Female,140920,Email,Awareness,6612.74,0.3,0.18,41,9.81,5.61,25,5,5,1,3843,1
2848,10848,66,Female,142534,PPC,Consideration,8494.95,0.15,0.14,27,2.89,11.66,70,9,2,3,2657,1
2849,10849,28,Male,108091,Email,Awareness,1824.6,0.19,0.01,30,2.9,4.98,66,9,8,2,2438,1
2850,10850,38,Female,53005,PPC,Awareness,6651.69,0.11,0.03,25,7.34,8.61,89,17,9,8,385,1
2851,10851,69,Female,126831,Social Media,Conversion,8267.05,0.26,0.2,35,3.83,13.83,1,7,8,5,4228,1
2852,10852,43,Female,149086,SEO,Conversion,2950.7,0.17,0.02,46,2.54,10.63,11,19,9,1,2755,1
2853,10853,21,Female,85471,PPC,Consideration,4111.94,0.2,0.06,35,8.13,8.65,58,6,5,4,194,1
2854,10854,51,Female,146718,Referral,Retention,5738.23,0.2,0.11,10,3.04,13.07,31,9,4,5,766,1
2855,10855,69,Female,126379,SEO,Consideration,5239.76,0.12,0.05,11,7.74,5.29,50,0,1,0,2859,1
2856,10856,65,Female,70728,SEO,Awareness,487.97,0.03,0.05,44,2.86,3.37,10,14,7,9,2919,1
2857,10857,35,Male,28691,Email,Conversion,1076.85,0.24,0.08,1,9.45,11.33,31,9,2,5,674,1
2858,10858,57,Female,29756,PPC,Conversion,1094.62,0.09,0.06,39,3.66,1.35,63,2,4,2,4615,1
2859,10859,52,Male,143670,SEO,Awareness,2696.45,0.26,0.16,3,7.75,6.65,44,8,9,7,908,1
2860,10860,58,Female,56308,Referral,Retention,2534.05,0.19,0.11,31,8.57,4.66,78,12,3,4,4203,1
2861,10861,46,Male,84079,Referral,Conversion,7448.0,0.11,0.06,40,2.1,14.58,53,5,2,5,1558,1
2862,10862,69,Female,85524,Referral,Retention,5770.17,0.18,0.07,33,1.61,5.97,5,18,2,3,4137,1
2863,10863,46,Male,80466,Email,Conversion,7663.36,0.2,0.02,4,6.39,10.12,25,1,8,0,2476,1
2864,10864,55,Female,29327,Social Media,Awareness,791.97,0.21,0.02,4,6.58,4.39,7,11,1,3,4644,0
2865,10865,59,Female,48520,PPC,Consideration,4903.62,0.25,0.15,3,6.6,14.76,7,10,2,9,2110,1
2866,10866,38,Male,63308,SEO,Consideration,3305.38,0.06,0.03,40,5.11,3.12,37,12,4,3,112,0
2867,10867,59,Female,125561,PPC,Retention,8514.4,0.28,0.1,11,9.41,13.65,7,2,3,3,3895,1
2868,10868,30,Female,114436,SEO,Consideration,7107.11,0.13,0.17,34,7.23,6.96,16,16,8,2,1054,1
2869,10869,66,Female,36533,Email,Awareness,8705.66,0.26,0.08,36,1.67,6.7,82,8,4,2,1626,1
2870,10870,58,Female,148754,PPC,Consideration,559.63,0.07,0.08,33,8.07,10.67,2,14,9,0,4968,1
2871,10871,34,Male,117417,Email,Retention,7236.15,0.02,0.18,44,3.48,1.85,40,14,4,7,4269,1
2872,10872,26,Female,113318,Email,Awareness,5446.08,0.18,0.17,27,7.51,8.43,72,3,6,6,3576,1
2873,10873,58,Male,64488,PPC,Awareness,8267.5,0.1,0.18,6,1.53,3.69,52,13,3,2,1601,1
2874,10874,18,Female,87160,PPC,Conversion,5120.89,0.3,0.12,39,7.9,2.78,96,13,4,6,1363,1
2875,10875,19,Female,60429,SEO,Conversion,5448.07,0.04,0.19,10,5.88,13.22,95,13,0,8,4763,1
2876,10876,65,Male,71726,Referral,Consideration,612.5,0.02,0.17,43,7.49,14.96,95,17,6,6,4814,1
2877,10877,46,Female,106348,Email,Retention,6718.38,0.02,0.09,31,5.45,14.58,69,2,3,3,3767,1
2878,10878,50,Male,93065,Social Media,Awareness,2804.08,0.07,0.13,49,8.21,12.41,61,5,1,0,3072,0
2879,10879,27,Female,40653,SEO,Consideration,294.97,0.18,0.03,49,9.52,13.84,52,7,6,8,983,1
2880,10880,67,Male,76921,SEO,Consideration,757.73,0.16,0.11,31,7.68,13.9,58,18,7,7,3484,1
2881,10881,57,Female,113396,Referral,Conversion,9577.13,0.11,0.06,30,7.7,3.06,92,1,8,2,3114,1
2882,10882,38,Male,33654,Referral,Consideration,3526.17,0.04,0.06,47,2.95,1.74,80,4,7,9,2137,0
2883,10883,45,Female,22108,Email,Consideration,8693.95,0.08,0.03,19,4.19,2.34,82,8,7,8,1106,1
2884,10884,28,Female,89483,SEO,Conversion,9600.8,0.06,0.08,5,2.13,2.86,94,10,7,4,801,1
2885,10885,51,Male,27899,SEO,Consideration,9438.35,0.23,0.1,49,5.79,12.43,82,15,6,3,4416,1
2886,10886,25,Female,33372,Social Media,Consideration,8829.08,0.24,0.12,48,5.02,14.15,22,19,1,5,2511,1
2887,10887,39,Female,57682,Email,Awareness,8958.95,0.24,0.07,17,3.65,5.6,46,1,1,6,1527,1
2888,10888,25,Female,115909,Email,Consideration,2961.18,0.29,0.16,20,1.62,1.0,34,6,8,5,2135,1
2889,10889,66,Female,124971,Referral,Conversion,1599.55,0.27,0.11,2,9.38,4.96,13,4,0,8,855,0
2890,10890,32,Female,87799,Email,Conversion,6428.7,0.15,0.13,40,6.45,10.74,64,0,0,0,4888,1
2891,10891,34,Male,111724,Social Media,Awareness,4932.25,0.13,0.06,27,3.92,14.17,96,3,6,3,3170,1
2892,10892,40,Male,56583,Email,Conversion,1077.59,0.28,0.16,27,4.13,7.02,48,8,9,0,4092,1
2893,10893,41,Female,49295,PPC,Conversion,6807.66,0.19,0.13,31,4.56,5.37,35,14,5,9,2470,1
2894,10894,62,Female,86113,PPC,Conversion,5672.31,0.1,0.17,38,8.3,9.97,0,17,5,6,3664,1
2895,10895,36,Male,100565,Social Media,Consideration,8644.37,0.17,0.04,23,2.89,3.56,83,9,7,3,4542,1
2896,10896,22,Male,69574,Referral,Awareness,6130.92,0.3,0.08,6,8.71,11.6,21,10,3,0,4327,1
2897,10897,49,Female,121067,SEO,Retention,5782.07,0.26,0.03,18,3.8,6.5,34,16,4,0,2918,1
2898,10898,61,Female,84934,Email,Awareness,4463.44,0.09,0.05,0,8.84,14.67,2,17,4,7,1208,1
2899,10899,18,Male,50066,Referral,Awareness,4681.59,0.29,0.09,32,9.06,14.04,11,11,5,3,1229,1
2900,10900,40,Female,103149,Referral,Awareness,9548.37,0.29,0.18,32,7.27,10.15,36,12,0,9,3944,1
2901,10901,54,Female,133949,Email,Retention,1470.62,0.08,0.12,10,9.05,9.9,57,17,3,2,4023,1
2902,10902,25,Female,105096,SEO,Retention,4517.57,0.27,0.07,22,7.72,2.29,76,16,2,8,3466,1
2903,10903,30,Male,28945,Email,Conversion,6592.69,0.27,0.15,49,2.3,4.57,11,9,6,1,4729,1
2904,10904,25,Female,49418,SEO,Consideration,4386.81,0.02,0.01,44,9.61,13.0,1,14,0,4,239,0
2905,10905,40,Female,102607,Social Media,Conversion,2903.83,0.2,0.08,27,2.71,5.76,83,19,1,1,2382,1
2906,10906,60,Male,69874,SEO,Conversion,2944.84,0.1,0.12,46,5.45,6.65,64,7,7,2,2420,1
2907,10907,18,Female,132158,Referral,Retention,2413.19,0.21,0.12,16,4.45,12.68,57,10,1,4,3435,1
2908,10908,62,Male,37130,Social Media,Conversion,3504.64,0.27,0.13,9,4.13,6.69,59,17,8,1,4752,1
2909,10909,68,Male,106257,PPC,Conversion,8729.58,0.15,0.05,7,8.05,12.83,40,3,3,6,4378,1
2910,10910,41,Female,88248,Social Media,Retention,5101.72,0.13,0.07,8,3.62,1.51,34,18,2,1,82,0
2911,10911,52,Female,102627,SEO,Awareness,2478.36,0.28,0.19,18,5.84,10.52,87,1,3,9,4066,1
2912,10912,41,Male,101393,Social Media,Awareness,3906.81,0.29,0.2,49,4.03,1.41,89,19,8,4,1577,1
2913,10913,34,Female,61394,Social Media,Retention,1147.72,0.03,0.07,7,9.04,11.96,10,2,6,4,181,0
2914,10914,22,Female,131372,PPC,Consideration,9049.95,0.28,0.13,4,2.4,8.51,51,15,3,2,1138,1
2915,10915,37,Female,69635,SEO,Conversion,4141.16,0.03,0.06,13,2.58,8.56,51,0,6,1,3154,1
2916,10916,38,Female,146398,Referral,Awareness,9805.87,0.11,0.08,44,2.0,5.96,61,16,7,7,2300,1
2917,10917,57,Male,133023,Social Media,Retention,3540.63,0.23,0.16,32,7.82,13.6,62,11,7,5,2366,1
2918,10918,48,Female,119837,Email,Consideration,8379.92,0.24,0.11,42,2.45,7.88,14,18,5,9,3207,1
2919,10919,63,Female,102089,Referral,Conversion,2638.21,0.22,0.17,43,5.8,4.28,69,9,0,4,3317,1
2920,10920,53,Female,37404,Social Media,Retention,853.91,0.02,0.13,37,7.9,12.45,39,19,9,2,3256,1
2921,10921,28,Female,92629,Referral,Retention,414.16,0.05,0.13,11,2.04,14.25,8,12,2,9,744,0
2922,10922,69,Male,33156,Email,Retention,6101.07,0.28,0.02,2,9.37,4.01,69,13,5,0,1820,1
2923,10923,32,Male,75618,Referral,Conversion,3184.58,0.03,0.15,39,3.56,9.28,16,15,0,9,1163,1
2924,10924,36,Female,69999,Referral,Awareness,4490.85,0.03,0.2,28,8.13,9.03,22,0,4,4,314,1
2925,10925,24,Female,33785,Email,Conversion,8204.61,0.25,0.1,21,8.14,9.34,57,17,1,0,2029,1
2926,10926,68,Female,68359,Email,Conversion,2556.27,0.2,0.04,33,4.14,8.68,94,2,0,0,2510,1
2927,10927,45,Female,110807,Email,Awareness,3155.66,0.11,0.2,5,5.96,1.95,79,13,9,2,214,1
2928,10928,68,Male,34694,PPC,Retention,8468.83,0.06,0.07,34,6.68,6.48,50,16,2,1,3356,1
2929,10929,60,Female,56114,Email,Consideration,4978.35,0.27,0.09,38,4.74,14.79,56,13,1,4,759,1
2930,10930,22,Female,89549,Referral,Consideration,8293.89,0.3,0.02,15,4.22,1.78,85,7,5,4,2791,1
2931,10931,22,Male,77230,Email,Awareness,3807.31,0.02,0.03,30,8.67,10.21,15,11,5,6,3626,1
2932,10932,47,Female,52799,Social Media,Awareness,4043.86,0.17,0.05,48,2.82,13.47,44,13,6,4,1796,1
2933,10933,49,Female,110288,Email,Retention,1754.67,0.09,0.11,43,8.15,3.41,60,1,6,6,1506,1
2934,10934,25,Female,31156,Email,Consideration,9171.82,0.25,0.12,14,2.83,12.14,11,5,4,7,2038,1
2935,10935,27,Male,30304,SEO,Consideration,8978.16,0.11,0.13,45,7.3,4.01,72,11,2,0,1317,1
2936,10936,55,Male,60645,Referral,Retention,9843.75,0.22,0.12,0,3.59,0.94,5,3,5,3,149,1
2937,10937,64,Male,58938,Referral,Awareness,4084.23,0.17,0.1,43,9.35,8.06,3,3,2,0,2956,1
2938,10938,49,Female,76982,Social Media,Awareness,8204.29,0.17,0.16,19,6.45,10.81,80,15,4,5,1817,1
2939,10939,65,Male,97614,PPC,Retention,4208.04,0.26,0.19,22,5.8,3.36,73,19,2,3,2549,1
2940,10940,45,Female,111614,SEO,Awareness,4597.56,0.15,0.06,19,3.66,1.52,34,15,5,8,2665,1
2941,10941,34,Female,22315,Social Media,Conversion,8316.99,0.26,0.03,31,5.58,8.53,46,7,3,0,111,1
2942,10942,48,Female,112756,Social Media,Awareness,1855.93,0.12,0.09,45,1.59,2.64,84,2,8,6,894,0
2943,10943,25,Female,117267,Referral,Conversion,2281.08,0.06,0.02,47,2.29,3.17,18,7,1,7,2810,0
2944,10944,57,Female,118369,SEO,Consideration,3215.81,0.14,0.18,24,3.66,10.7,26,12,6,0,3616,1
2945,10945,42,Female,32420,Referral,Consideration,7902.97,0.15,0.06,46,9.54,9.38,10,6,4,3,3576,1
2946,10946,26,Female,38312,PPC,Awareness,3789.25,0.15,0.11,7,5.21,14.23,69,1,8,0,4919,1
2947,10947,19,Female,41395,Referral,Retention,3645.87,0.24,0.03,32,4.6,5.19,58,4,9,5,1621,1
2948,10948,32,Female,60301,Email,Awareness,9988.28,0.17,0.12,44,7.95,3.61,40,13,4,2,3132,1
2949,10949,67,Female,140913,Referral,Retention,3899.68,0.27,0.02,29,7.24,10.01,42,4,4,4,4358,1
2950,10950,20,Male,66972,Email,Consideration,2552.93,0.16,0.16,2,6.98,14.59,27,3,1,0,4849,0
2951,10951,66,Female,83294,Social Media,Consideration,6269.82,0.08,0.19,23,6.45,8.53,62,16,2,0,3844,1
2952,10952,53,Female,100853,PPC,Consideration,8038.61,0.05,0.07,11,2.17,4.76,66,19,5,6,3897,1
2953,10953,21,Male,140135,Email,Retention,789.12,0.26,0.06,30,4.52,13.7,44,0,3,5,800,1
2954,10954,31,Male,68225,PPC,Retention,6227.03,0.03,0.1,6,9.11,9.35,23,15,2,8,3905,1
2955,10955,58,Male,102504,Referral,Consideration,453.78,0.04,0.13,39,9.64,3.58,76,10,4,4,3302,1
2956,10956,58,Female,42854,Referral,Awareness,5310.69,0.03,0.05,16,4.89,14.27,63,10,8,0,1016,1
2957,10957,42,Male,141373,Social Media,Retention,2644.22,0.13,0.16,49,1.01,4.46,78,16,2,7,470,0
2958,10958,67,Female,90780,Referral,Conversion,3135.75,0.16,0.05,9,5.49,13.53,72,3,6,0,3030,1
2959,10959,27,Male,50929,Email,Consideration,4724.25,0.02,0.01,14,3.04,9.41,38,15,8,0,500,0
2960,10960,38,Male,126458,Social Media,Retention,9278.36,0.16,0.11,20,2.69,7.79,98,11,3,9,1987,1
2961,10961,53,Female,77103,PPC,Consideration,7135.61,0.12,0.03,20,3.55,5.32,44,4,6,8,133,1
2962,10962,29,Male,136436,Social Media,Conversion,9374.77,0.23,0.14,28,2.1,2.22,60,12,6,6,69,1
2963,10963,44,Female,83620,PPC,Awareness,6633.71,0.25,0.04,41,1.41,4.05,81,12,2,4,859,0
2964,10964,57,Male,109590,SEO,Conversion,170.37,0.21,0.17,40,5.0,5.3,42,2,0,4,4684,1
2965,10965,19,Female,104124,Email,Awareness,2729.29,0.15,0.1,0,3.36,4.69,66,8,3,9,1862,1
2966,10966,30,Male,64590,Email,Awareness,9067.15,0.07,0.12,20,3.31,1.56,91,17,8,7,805,1
2967,10967,49,Male,120196,PPC,Retention,6470.11,0.26,0.05,4,2.99,8.91,79,17,9,2,4703,1
2968,10968,48,Female,92554,Referral,Awareness,9818.31,0.11,0.04,14,5.47,7.39,41,14,6,0,3445,1
2969,10969,33,Female,30621,Referral,Awareness,1644.04,0.11,0.13,45,7.6,2.04,40,14,9,4,3055,1
2970,10970,49,Male,137781,SEO,Awareness,3037.8,0.28,0.06,25,6.91,7.23,46,6,5,4,1749,1
2971,10971,49,Female,20973,PPC,Consideration,3687.44,0.29,0.08,10,9.78,1.64,42,8,4,6,1122,1
2972,10972,51,Female,138712,SEO,Retention,3332.92,0.27,0.1,48,9.23,14.01,22,15,9,9,3311,1
2973,10973,28,Male,129138,PPC,Retention,2594.72,0.3,0.05,20,4.76,4.26,31,1,9,7,1205,1
2974,10974,27,Male,78786,SEO,Awareness,4490.31,0.26,0.16,45,8.32,11.01,73,19,0,6,3479,1
2975,10975,32,Female,124919,PPC,Consideration,6458.75,0.21,0.19,5,2.66,4.14,56,12,3,6,2656,1
2976,10976,34,Female,57097,Email,Awareness,3181.44,0.1,0.09,3,2.91,7.38,37,3,2,8,1024,0
2977,10977,57,Female,141403,SEO,Retention,889.03,0.29,0.18,44,7.31,14.03,76,13,2,0,1875,1
2978,10978,35,Female,54245,SEO,Retention,7114.47,0.26,0.18,20,2.95,13.14,14,8,0,7,1070,1
2979,10979,26,Female,85211,PPC,Retention,4644.26,0.08,0.04,16,5.06,11.79,27,13,2,8,4737,1
2980,10980,42,Male,74841,Social Media,Retention,5609.17,0.15,0.04,30,3.9,11.96,12,10,9,1,753,1
2981,10981,57,Male,45346,Social Media,Consideration,4608.47,0.03,0.1,43,3.09,12.44,34,19,9,3,2335,1
2982,10982,31,Male,125633,Email,Conversion,8914.54,0.29,0.11,22,2.39,11.27,1,12,7,7,296,1
2983,10983,42,Female,91980,Referral,Conversion,5631.58,0.18,0.07,31,6.51,13.5,60,16,3,7,882,1
2984,10984,67,Female,110417,Referral,Consideration,9240.44,0.08,0.07,43,1.51,5.58,64,4,6,2,3441,1
2985,10985,39,Female,69153,Email,Awareness,5154.7,0.09,0.09,35,7.32,8.13,40,3,1,0,3797,1
2986,10986,69,Female,110382,Referral,Retention,2996.62,0.29,0.14,33,9.05,9.87,95,12,6,6,1734,1
2987,10987,47,Female,147396,PPC,Retention,3618.88,0.19,0.03,5,4.09,3.37,93,11,5,0,2503,0
2988,10988,37,Female,96942,Social Media,Retention,5269.08,0.13,0.15,37,4.72,7.8,85,2,7,6,3582,1
2989,10989,38,Male,125147,Email,Consideration,5346.9,0.16,0.19,21,6.32,2.3,3,3,7,7,4702,1
2990,10990,61,Female,110975,PPC,Consideration,6904.64,0.04,0.16,32,7.0,9.37,52,16,7,2,3099,1
2991,10991,49,Female,25972,Email,Retention,2322.5,0.03,0.05,10,5.9,1.92,87,17,9,9,375,0
2992,10992,68,Male,68063,Social Media,Retention,6622.54,0.18,0.03,22,7.21,7.8,13,14,3,1,1733,1
2993,10993,63,Female,85488,Referral,Awareness,7808.02,0.16,0.1,43,8.28,7.19,16,6,8,3,4643,1
2994,10994,66,Female,77055,PPC,Conversion,6798.26,0.11,0.19,35,9.91,2.12,13,8,7,0,2991,1
2995,10995,38,Male,123409,Social Media,Consideration,4870.1,0.17,0.17,27,4.53,6.87,40,13,3,1,3943,1
2996,10996,52,Male,84366,Email,Conversion,9917.64,0.03,0.12,47,6.26,10.33,61,9,1,8,1190,1
2997,10997,49,Female,30931,SEO,Retention,4107.65,0.28,0.04,18,4.39,9.12,51,9,0,7,2998,1
2998,10998,47,Female,27702,PPC,Conversion,1155.25,0.1,0.15,42,3.14,7.14,26,18,1,8,185,1
2999,10999,56,Female,104834,Email,Conversion,8232.89,0.03,0.16,42,9.98,5.79,84,12,4,0,1256,1
3000,11000,66,Male,41540,Email,Consideration,2200.79,0.06,0.19,12,1.12,1.33,39,2,4,9,3827,0
3001,11001,29,Male,77450,Social Media,Consideration,7161.53,0.04,0.13,12,1.58,14.36,34,15,9,5,3768,1
3002,11002,58,Male,117576,Email,Awareness,1871.87,0.06,0.11,7,6.25,6.34,89,10,1,0,1232,0
3003,11003,64,Male,85252,PPC,Retention,267.09,0.13,0.13,42,7.39,6.54,94,3,3,6,754,1
3004,11004,35,Male,66904,PPC,Awareness,1682.01,0.22,0.19,47,7.56,2.36,58,2,7,9,1167,1
3005,11005,38,Female,72320,Email,Consideration,3832.19,0.09,0.13,12,7.33,8.22,96,1,0,4,2143,1
3006,11006,30,Male,51000,Social Media,Awareness,1155.52,0.14,0.06,34,8.1,14.7,48,14,1,7,76,1
3007,11007,38,Female,115341,PPC,Conversion,2057.02,0.28,0.13,26,7.7,4.17,62,0,1,5,4452,1
3008,11008,25,Male,147524,SEO,Conversion,7669.8,0.1,0.18,10,5.91,5.04,10,0,4,0,1301,1
3009,11009,63,Male,22599,Referral,Consideration,7721.85,0.24,0.12,20,5.23,3.93,79,0,1,6,1148,1
3010,11010,57,Female,107636,Social Media,Conversion,8193.13,0.06,0.11,7,7.48,13.07,5,9,7,5,3372,1
3011,11011,63,Female,116045,Social Media,Retention,8427.44,0.06,0.15,41,7.59,7.39,97,0,2,2,906,1
3012,11012,24,Female,120539,Referral,Consideration,4262.32,0.14,0.14,25,3.99,12.44,40,15,2,7,1553,1
3013,11013,40,Female,104719,Referral,Retention,8688.74,0.08,0.02,29,1.03,12.83,31,4,7,2,3331,1
3014,11014,61,Male,76165,PPC,Consideration,5306.78,0.27,0.15,21,3.83,11.36,20,19,0,7,2531,1
3015,11015,49,Female,78855,Email,Consideration,4758.91,0.02,0.09,49,5.81,4.29,92,17,3,4,4794,1
3016,11016,28,Male,123777,Email,Conversion,7213.51,0.18,0.19,48,5.73,1.01,74,2,6,9,178,1
3017,11017,39,Female,20018,SEO,Consideration,2216.8,0.19,0.19,38,4.42,2.58,56,7,4,2,1252,1
3018,11018,39,Male,20858,Email,Consideration,7916.02,0.03,0.1,49,9.39,10.61,4,14,2,7,3553,1
3019,11019,60,Female,45992,SEO,Awareness,4351.71,0.22,0.19,9,5.29,11.24,90,2,7,1,227,0
3020,11020,42,Male,52580,SEO,Conversion,1360.22,0.15,0.07,25,2.25,11.61,27,18,4,9,4728,1
3021,11021,39,Female,90916,Social Media,Retention,1281.19,0.22,0.14,26,2.74,4.04,94,1,5,0,1350,0
3022,11022,45,Female,55800,Social Media,Consideration,1732.58,0.25,0.02,21,1.85,2.72,74,11,0,7,4712,0
3023,11023,46,Female,139193,PPC,Retention,8916.67,0.1,0.04,12,3.41,13.88,76,17,2,7,2270,1
3024,11024,30,Female,78770,Referral,Awareness,9910.28,0.15,0.17,38,3.74,10.13,69,9,9,3,3916,1
3025,11025,35,Female,74941,Referral,Consideration,3634.04,0.09,0.18,6,4.01,11.26,26,9,3,6,4192,1
3026,11026,19,Female,104451,SEO,Retention,2992.22,0.07,0.11,42,8.53,1.86,93,12,9,2,1756,1
3027,11027,46,Male,125775,Referral,Conversion,2265.83,0.01,0.07,41,7.89,6.48,52,11,9,8,2634,1
3028,11028,38,Male,57487,SEO,Awareness,8255.78,0.29,0.1,11,5.46,1.42,47,6,3,0,4427,1
3029,11029,32,Female,32943,Referral,Awareness,2171.15,0.14,0.18,12,5.0,10.04,82,15,4,7,694,1
3030,11030,69,Female,123167,PPC,Retention,9248.49,0.01,0.05,11,4.4,7.6,77,8,8,6,666,1
3031,11031,44,Male,122342,Social Media,Consideration,6706.77,0.01,0.07,11,1.12,7.05,57,4,3,7,2286,1
3032,11032,67,Male,81457,Social Media,Consideration,8981.57,0.09,0.16,37,9.28,13.59,8,3,6,4,780,1
3033,11033,48,Female,145111,SEO,Conversion,5584.7,0.01,0.19,2,3.62,11.23,54,8,7,7,4291,1
3034,11034,32,Male,38836,Referral,Conversion,6937.73,0.12,0.03,7,8.58,14.48,44,17,6,6,3530,1
3035,11035,68,Female,121150,Email,Consideration,6232.64,0.03,0.16,48,7.67,1.17,27,13,1,6,4368,1
3036,11036,40,Male,126368,PPC,Awareness,8328.84,0.02,0.13,30,2.03,9.43,27,0,0,4,4775,1
3037,11037,41,Female,31394,Referral,Conversion,8375.02,0.2,0.05,12,3.82,9.64,45,5,4,6,3766,1
3038,11038,61,Male,92158,Email,Conversion,5938.95,0.27,0.15,7,5.36,0.88,24,5,7,9,378,1
3039,11039,30,Female,144696,PPC,Awareness,6361.83,0.13,0.15,36,3.36,11.91,25,13,0,0,2445,1
3040,11040,39,Male,144660,PPC,Consideration,9226.57,0.25,0.04,23,4.62,2.73,61,15,1,7,909,1
3041,11041,60,Female,130599,Social Media,Retention,9305.68,0.02,0.11,27,3.54,10.67,67,5,8,8,476,1
3042,11042,54,Female,45280,SEO,Conversion,6676.07,0.24,0.15,3,6.72,1.05,66,19,5,9,346,1
3043,11043,50,Male,144221,Referral,Awareness,176.77,0.03,0.05,15,4.25,9.4,33,10,0,3,2903,1
3044,11044,20,Female,138150,PPC,Conversion,1133.67,0.25,0.1,17,4.12,8.05,20,13,7,4,3043,1
3045,11045,36,Female,97318,Referral,Awareness,8593.63,0.27,0.03,3,3.44,7.51,80,8,2,6,745,1
3046,11046,40,Male,21159,PPC,Conversion,938.67,0.24,0.07,42,8.21,5.82,33,6,3,5,3074,1
3047,11047,46,Female,90162,Social Media,Consideration,2213.84,0.25,0.05,39,6.81,6.59,43,7,9,5,2052,1
3048,11048,47,Male,43440,SEO,Awareness,2382.41,0.17,0.11,32,7.49,7.41,75,11,4,6,3892,1
3049,11049,56,Female,122026,Email,Retention,6042.32,0.09,0.04,44,4.54,4.82,88,9,8,8,460,1
3050,11050,61,Male,97166,Email,Retention,5808.66,0.2,0.08,26,8.56,14.06,20,10,4,1,353,1
3051,11051,64,Male,72712,Social Media,Conversion,2965.23,0.14,0.06,35,4.75,14.49,17,19,5,4,2543,1
3052,11052,42,Male,149712,PPC,Retention,2155.35,0.01,0.15,3,2.59,4.85,35,5,6,6,2886,0
3053,11053,54,Female,129578,Social Media,Conversion,7668.87,0.15,0.14,35,5.6,11.79,69,11,4,0,4379,1
3054,11054,64,Female,140805,SEO,Awareness,9361.02,0.2,0.03,12,5.0,11.4,83,12,4,6,1593,1
3055,11055,25,Female,67656,Email,Awareness,622.78,0.01,0.19,47,1.83,13.2,52,6,1,8,667,0
3056,11056,59,Male,26589,Referral,Retention,1418.49,0.19,0.15,13,6.96,0.56,19,8,1,8,3318,1
3057,11057,33,Male,68241,Email,Retention,6457.42,0.2,0.13,41,8.31,5.4,95,2,5,6,1580,1
3058,11058,25,Female,144595,SEO,Consideration,8063.97,0.06,0.1,36,4.21,2.6,94,2,9,9,771,1
3059,11059,18,Female,43233,PPC,Awareness,7932.77,0.14,0.04,46,7.83,6.17,83,15,5,5,1148,1
3060,11060,61,Male,55011,Social Media,Retention,7224.86,0.29,0.19,5,6.27,8.85,93,17,9,9,2175,1
3061,11061,22,Female,28177,Email,Retention,8885.54,0.27,0.01,13,3.46,13.68,2,12,5,0,4311,1
3062,11062,20,Male,149883,Email,Retention,2251.75,0.13,0.14,42,4.1,12.67,83,8,2,5,321,1
3063,11063,18,Female,54528,Referral,Conversion,1162.18,0.11,0.11,2,9.52,7.74,7,5,8,3,933,1
3064,11064,21,Female,134506,Social Media,Consideration,6192.09,0.05,0.18,24,2.94,0.84,84,14,6,3,3308,1
3065,11065,57,Female,123746,Referral,Awareness,8240.53,0.02,0.08,33,2.37,4.86,47,8,3,1,3130,1
3066,11066,52,Female,81351,Referral,Retention,5862.23,0.1,0.11,5,1.68,2.05,22,17,8,7,2583,1
3067,11067,49,Male,111908,PPC,Retention,9633.68,0.28,0.15,39,8.88,9.93,0,19,3,8,481,1
3068,11068,59,Female,76831,Email,Retention,7976.09,0.29,0.02,0,7.05,10.58,1,12,2,0,2512,1
3069,11069,51,Female,71827,Social Media,Conversion,7037.84,0.25,0.02,45,2.05,9.91,73,0,0,6,2093,1
3070,11070,60,Male,43508,PPC,Awareness,696.55,0.11,0.05,47,7.89,4.48,36,5,3,6,744,1
3071,11071,42,Female,74933,PPC,Retention,1166.65,0.05,0.04,48,6.66,13.83,93,18,2,6,339,0
3072,11072,27,Female,100501,PPC,Retention,7869.89,0.18,0.01,7,9.88,9.03,50,0,2,3,1750,1
3073,11073,38,Female,88772,SEO,Conversion,2062.56,0.2,0.13,16,5.6,9.16,43,11,5,5,4798,1
3074,11074,63,Male,35611,SEO,Conversion,385.47,0.13,0.16,12,5.65,12.33,23,15,8,9,3064,1
3075,11075,56,Female,42282,PPC,Consideration,9116.53,0.21,0.19,18,3.24,1.5,31,3,0,8,2013,1
3076,11076,44,Female,61003,SEO,Consideration,8918.97,0.23,0.09,40,2.72,3.54,55,3,8,8,1428,1
3077,11077,44,Male,101365,Social Media,Awareness,2262.99,0.24,0.06,34,7.6,9.05,49,9,1,3,229,1
3078,11078,19,Female,94216,Email,Consideration,7824.04,0.16,0.17,49,4.35,9.35,63,13,2,1,274,1
3079,11079,58,Female,138964,Social Media,Awareness,575.0,0.24,0.17,32,7.52,7.27,29,19,8,1,657,1
3080,11080,65,Female,31340,Email,Consideration,2922.07,0.02,0.13,44,7.97,11.81,37,17,7,1,3123,1
3081,11081,30,Male,116629,SEO,Retention,6274.3,0.21,0.06,44,9.13,5.51,77,2,8,0,2987,1
3082,11082,26,Female,106643,Social Media,Consideration,7655.47,0.08,0.18,43,4.85,0.66,54,5,7,9,2433,1
3083,11083,69,Female,94684,Referral,Retention,202.95,0.09,0.04,32,1.86,5.43,2,17,5,6,2910,1
3084,11084,53,Female,128610,PPC,Awareness,3329.47,0.04,0.02,41,1.2,14.51,24,8,9,5,4432,1
3085,11085,39,Female,140332,Email,Consideration,2222.02,0.07,0.16,38,3.63,11.8,44,12,8,4,2794,1
3086,11086,59,Male,103035,Email,Consideration,9987.93,0.3,0.12,45,9.39,5.11,61,18,2,2,4969,1
3087,11087,43,Male,38165,Referral,Consideration,6742.72,0.13,0.06,37,7.73,3.73,6,9,3,2,4052,1
3088,11088,29,Female,129322,Referral,Retention,4116.15,0.28,0.14,37,6.03,12.25,80,15,0,0,3452,1
3089,11089,34,Male,110762,PPC,Retention,848.96,0.06,0.16,8,3.16,3.4,26,18,6,0,3026,0
3090,11090,31,Female,38260,SEO,Consideration,6026.84,0.07,0.17,47,7.42,8.91,22,5,1,9,2382,1
3091,11091,31,Male,74515,Social Media,Awareness,6452.84,0.17,0.06,36,7.67,7.87,31,1,0,7,3430,1
3092,11092,51,Female,110452,Social Media,Retention,8182.42,0.11,0.01,46,3.07,6.63,1,15,7,5,1128,1
3093,11093,37,Male,129446,Social Media,Conversion,2956.91,0.2,0.11,0,7.37,6.68,74,19,9,4,3208,1
3094,11094,28,Female,50480,SEO,Awareness,9816.14,0.13,0.17,35,2.08,10.68,33,13,8,3,693,1
3095,11095,33,Male,72527,PPC,Awareness,4450.71,0.25,0.05,41,1.92,1.99,51,0,3,7,224,0
3096,11096,68,Male,79789,Social Media,Awareness,3029.84,0.14,0.09,37,1.5,6.23,60,3,8,9,1465,1
3097,11097,48,Male,71902,Email,Retention,3549.65,0.18,0.06,1,8.29,14.54,33,4,2,8,1007,1
3098,11098,23,Female,52191,Email,Consideration,5243.9,0.1,0.01,9,3.44,11.78,6,9,7,0,4482,1
3099,11099,36,Male,79488,Email,Consideration,9373.35,0.21,0.18,22,6.44,0.8,9,17,9,1,1587,1
3100,11100,54,Male,95082,Referral,Conversion,7378.07,0.2,0.04,8,2.3,6.98,88,8,4,3,978,1
3101,11101,21,Male,56044,Referral,Consideration,5813.39,0.13,0.16,10,4.98,2.2,1,6,1,5,893,1
3102,11102,64,Female,69600,SEO,Conversion,1711.82,0.09,0.08,35,1.25,7.53,29,3,4,9,4195,1
3103,11103,21,Male,107457,Social Media,Conversion,1578.6,0.19,0.06,41,8.74,2.0,80,14,5,2,3369,1
3104,11104,37,Male,68776,Referral,Consideration,5071.75,0.28,0.19,37,5.86,6.14,28,16,4,0,55,1
3105,11105,27,Male,122476,Email,Conversion,7314.22,0.05,0.13,34,9.01,8.4,81,4,6,2,3915,1
3106,11106,41,Female,131487,Referral,Awareness,7535.02,0.24,0.14,12,5.21,5.83,59,10,3,7,1617,1
3107,11107,52,Female,32836,Email,Awareness,2336.55,0.17,0.15,18,3.85,8.89,98,5,9,4,1534,1
3108,11108,43,Female,94525,Social Media,Awareness,1090.99,0.16,0.07,34,4.61,14.78,16,4,9,0,428,1
3109,11109,54,Female,72648,SEO,Retention,3906.16,0.29,0.12,29,3.19,4.06,55,12,6,4,2622,1
3110,11110,55,Female,33740,PPC,Conversion,9189.91,0.19,0.06,17,8.97,8.69,85,5,8,9,1198,1
3111,11111,38,Male,115716,PPC,Conversion,5499.14,0.25,0.17,11,3.66,7.33,50,14,1,7,1825,1
3112,11112,57,Female,33102,Email,Awareness,3268.99,0.16,0.12,11,3.63,12.23,24,12,8,8,3200,1
3113,11113,56,Female,100893,Referral,Retention,3304.01,0.08,0.06,20,6.68,5.07,83,12,9,5,1505,1
3114,11114,38,Female,71334,Referral,Consideration,1407.66,0.21,0.18,11,2.1,9.75,15,9,1,3,1617,1
3115,11115,27,Female,149677,Email,Awareness,4784.91,0.28,0.12,27,2.97,10.55,24,1,6,4,686,1
3116,11116,55,Female,133917,Social Media,Retention,7934.49,0.25,0.1,28,4.87,14.65,14,1,4,2,1523,1
3117,11117,63,Female,50255,Email,Consideration,9688.73,0.07,0.02,38,2.64,2.69,78,8,3,6,2939,1
3118,11118,21,Female,121630,Social Media,Retention,5065.79,0.1,0.18,40,3.32,14.98,56,19,6,9,717,1
3119,11119,62,Male,45221,SEO,Consideration,1755.43,0.16,0.19,43,7.3,10.96,14,9,0,3,3317,1
3120,11120,37,Male,83265,SEO,Conversion,6861.21,0.18,0.12,3,3.52,7.12,55,10,2,9,1239,1
3121,11121,34,Male,20719,Email,Conversion,7592.23,0.07,0.09,30,6.73,4.32,81,7,1,6,2860,1
3122,11122,24,Male,103442,SEO,Retention,809.83,0.08,0.08,23,5.45,9.62,36,17,1,9,330,1
3123,11123,21,Female,43140,Referral,Retention,8516.38,0.23,0.06,41,7.91,2.56,64,1,4,3,632,1
3124,11124,46,Male,75779,Social Media,Consideration,8310.29,0.22,0.12,48,7.76,14.23,32,3,9,0,3261,1
3125,11125,31,Male,21069,PPC,Retention,4778.16,0.25,0.03,17,2.78,3.17,2,17,1,8,1300,0
3126,11126,20,Female,74714,PPC,Retention,5648.18,0.28,0.18,41,9.49,11.73,48,15,2,9,1443,1
3127,11127,41,Female,93285,SEO,Consideration,7162.74,0.1,0.04,25,8.22,5.5,21,1,6,6,769,1
3128,11128,54,Female,32935,Social Media,Consideration,6799.81,0.26,0.15,43,5.79,3.63,53,6,1,9,892,1
3129,11129,33,Male,123191,Referral,Conversion,263.71,0.2,0.07,19,6.04,12.23,20,3,3,7,1171,1
3130,11130,69,Male,139362,PPC,Awareness,1312.11,0.29,0.05,7,8.46,13.37,26,4,1,4,1462,1
3131,11131,21,Female,64035,Referral,Retention,1709.65,0.09,0.12,32,5.36,0.58,3,17,7,1,1789,1
3132,11132,41,Female,146687,Referral,Consideration,7581.19,0.09,0.16,3,5.31,14.63,98,9,5,1,2145,1
3133,11133,51,Male,116256,PPC,Conversion,4456.83,0.21,0.15,37,6.67,6.62,0,8,7,9,577,1
3134,11134,47,Female,47937,PPC,Awareness,5500.48,0.28,0.05,21,1.79,1.89,3,15,5,0,4780,1
3135,11135,35,Female,38540,SEO,Retention,7749.61,0.25,0.07,35,6.24,7.07,54,18,0,8,3212,1
3136,11136,36,Female,93480,Social Media,Conversion,3475.72,0.22,0.18,47,3.02,2.22,23,16,8,6,3572,1
3137,11137,48,Female,68702,Email,Awareness,7514.01,0.12,0.15,30,2.05,4.25,28,3,8,3,1311,1
3138,11138,36,Male,98283,Social Media,Retention,4478.76,0.22,0.15,7,8.34,8.58,21,0,4,4,3639,1
3139,11139,66,Female,96041,Email,Conversion,3834.08,0.24,0.06,8,4.44,5.71,22,5,9,3,1326,1
3140,11140,63,Female,131753,PPC,Retention,3397.07,0.23,0.16,46,5.53,3.8,84,15,6,2,1909,1
3141,11141,36,Male,97233,Referral,Awareness,9652.95,0.21,0.08,17,3.64,3.35,77,12,2,8,1933,1
3142,11142,39,Female,56907,Social Media,Consideration,7742.54,0.02,0.09,34,1.28,9.73,7,3,1,6,2746,1
3143,11143,41,Male,35221,Referral,Conversion,299.94,0.2,0.06,23,4.98,13.69,57,19,7,1,2452,1
3144,11144,62,Female,74781,Social Media,Awareness,9578.41,0.15,0.03,16,7.75,1.32,79,8,2,1,3232,1
3145,11145,29,Male,27087,Social Media,Retention,7776.85,0.29,0.09,0,7.82,4.04,98,3,1,6,2159,1
3146,11146,47,Female,106998,Referral,Awareness,1576.83,0.19,0.01,38,9.3,10.15,87,4,6,8,85,1
3147,11147,55,Male,42789,SEO,Awareness,855.75,0.19,0.1,41,8.56,14.82,58,3,8,3,1674,1
3148,11148,48,Female,76023,PPC,Consideration,3151.12,0.3,0.15,14,9.84,10.38,89,10,5,5,2524,1
3149,11149,53,Female,53400,SEO,Conversion,6279.4,0.04,0.19,12,6.14,1.26,6,16,1,5,3801,1
3150,11150,36,Female,22199,SEO,Awareness,6203.81,0.09,0.02,22,1.46,3.09,24,6,1,8,3732,0
3151,11151,65,Female,67316,Social Media,Consideration,2830.92,0.2,0.06,28,8.77,5.54,44,8,0,1,1938,1
3152,11152,62,Female,129559,PPC,Consideration,4512.18,0.1,0.1,30,9.57,2.78,89,16,8,9,1263,1
3153,11153,53,Female,107273,Social Media,Consideration,2197.71,0.11,0.04,36,5.18,3.14,25,18,3,1,2214,1
3154,11154,47,Male,72062,Email,Retention,600.73,0.27,0.03,27,2.03,4.47,29,12,3,4,3891,1
3155,11155,66,Male,135310,Social Media,Consideration,5218.01,0.18,0.1,31,1.22,5.91,65,3,9,2,542,1
3156,11156,50,Male,91609,Referral,Consideration,3535.21,0.04,0.12,6,6.52,6.18,52,8,3,4,2170,1
3157,11157,35,Male,36744,Social Media,Consideration,5474.54,0.1,0.17,13,7.01,7.74,72,10,0,6,317,1
3158,11158,69,Female,96095,Email,Consideration,9470.42,0.03,0.2,13,1.15,13.96,38,12,9,9,2234,1
3159,11159,66,Male,75517,Social Media,Conversion,1519.37,0.17,0.16,31,9.54,14.9,10,15,7,0,1521,1
3160,11160,45,Female,118231,Email,Conversion,119.42,0.06,0.05,8,5.88,0.79,78,9,8,3,944,1
3161,11161,64,Female,68865,PPC,Consideration,861.09,0.26,0.15,5,6.51,7.66,11,3,8,3,3486,1
3162,11162,28,Female,93937,Social Media,Awareness,4680.81,0.18,0.11,14,6.08,11.41,98,2,8,3,3016,1
3163,11163,62,Female,97195,Email,Retention,7098.63,0.03,0.1,29,3.85,1.56,49,6,5,2,3405,1
3164,11164,50,Female,127426,PPC,Awareness,5849.56,0.1,0.19,29,9.11,14.15,55,11,6,3,2560,1
3165,11165,34,Male,33894,Referral,Awareness,4999.46,0.19,0.14,15,1.03,14.1,39,17,0,6,3904,1
3166,11166,23,Male,49160,SEO,Consideration,3604.23,0.11,0.14,22,7.72,3.52,15,4,4,2,1770,1
3167,11167,21,Female,73095,Email,Awareness,3168.74,0.16,0.01,30,4.25,11.89,48,16,5,9,316,1
3168,11168,37,Female,49272,Referral,Conversion,3825.23,0.27,0.17,11,2.71,8.93,31,4,7,8,3799,1
3169,11169,65,Female,74021,PPC,Conversion,6155.19,0.11,0.16,20,4.92,0.99,81,19,0,9,940,1
3170,11170,64,Female,110048,Referral,Retention,1760.76,0.11,0.07,2,2.78,4.81,44,11,7,7,2641,1
3171,11171,44,Female,53645,Social Media,Conversion,7736.48,0.25,0.07,2,8.82,4.32,84,15,6,7,531,1
3172,11172,32,Female,132079,SEO,Conversion,5795.01,0.1,0.02,37,8.16,13.26,79,15,1,4,185,1
3173,11173,23,Male,41179,Email,Consideration,2764.65,0.03,0.02,21,8.71,13.51,70,6,6,2,4571,1
3174,11174,64,Female,142479,PPC,Conversion,5061.41,0.06,0.14,20,8.52,1.0,4,19,3,1,4261,1
3175,11175,31,Female,30691,SEO,Awareness,9631.51,0.29,0.05,43,8.42,11.25,43,12,9,3,1148,1
3176,11176,28,Male,149436,PPC,Awareness,302.87,0.28,0.19,15,6.23,2.24,40,4,9,9,2215,1
3177,11177,56,Male,148933,Referral,Conversion,2075.27,0.08,0.17,17,9.12,11.97,96,18,5,1,2592,1
3178,11178,26,Female,101646,PPC,Retention,4538.96,0.17,0.08,3,1.53,12.76,94,19,8,8,4862,1
3179,11179,43,Male,120827,PPC,Retention,6420.55,0.05,0.08,19,3.57,1.36,84,15,3,1,63,1
3180,11180,33,Male,65311,Referral,Retention,2201.06,0.21,0.07,44,2.91,5.23,66,9,9,3,1707,1
3181,11181,22,Female,115381,Referral,Conversion,9320.9,0.06,0.03,12,2.09,6.01,73,11,1,6,2468,1
3182,11182,69,Male,59038,SEO,Retention,6461.46,0.02,0.02,30,1.06,14.35,74,5,8,2,2059,1
3183,11183,27,Female,44967,Email,Conversion,8786.58,0.25,0.1,1,4.62,5.88,21,18,0,0,1620,1
3184,11184,67,Male,48478,Referral,Awareness,3360.25,0.1,0.19,29,7.52,4.21,16,1,5,9,1029,1
3185,11185,20,Female,75775,SEO,Retention,8306.64,0.04,0.18,30,6.8,9.49,88,7,6,5,1343,1
3186,11186,30,Female,90624,PPC,Retention,3844.37,0.25,0.16,27,6.86,2.8,91,19,7,0,495,1
3187,11187,60,Female,60332,PPC,Retention,2602.24,0.23,0.13,8,8.99,9.56,49,8,3,1,769,1
3188,11188,66,Male,27066,Social Media,Awareness,9125.39,0.21,0.17,10,9.62,7.15,83,2,0,5,767,1
3189,11189,47,Female,59313,Referral,Conversion,1012.96,0.27,0.11,34,7.13,11.11,93,6,0,1,2774,1
3190,11190,62,Female,87857,SEO,Awareness,9434.6,0.15,0.04,48,1.76,8.89,30,2,0,4,2481,1
3191,11191,23,Female,65900,SEO,Awareness,4639.3,0.05,0.14,43,7.09,3.06,12,10,2,3,2026,1
3192,11192,34,Female,110069,Email,Consideration,9926.99,0.03,0.18,36,5.99,14.09,73,11,8,7,2149,1
3193,11193,62,Female,110045,SEO,Retention,5441.99,0.1,0.01,45,1.58,7.01,50,12,5,1,1808,1
3194,11194,68,Female,146861,Referral,Conversion,7599.13,0.04,0.06,16,3.31,11.3,32,3,6,1,9,1
3195,11195,36,Male,61098,SEO,Conversion,170.0,0.17,0.06,25,3.14,8.21,19,1,6,3,2378,1
3196,11196,59,Male,28294,Social Media,Consideration,5017.0,0.01,0.03,3,7.96,13.05,47,5,1,0,935,0
3197,11197,52,Female,131857,PPC,Consideration,7400.79,0.14,0.05,32,4.11,5.39,77,11,5,9,4254,1
3198,11198,63,Male,82580,PPC,Awareness,7849.99,0.06,0.08,16,5.51,9.76,71,9,8,2,4802,1
3199,11199,43,Female,58101,SEO,Consideration,1664.68,0.12,0.19,41,8.07,1.65,71,19,3,7,1182,1
3200,11200,68,Female,45059,SEO,Conversion,4247.81,0.21,0.17,7,9.43,1.63,91,3,7,8,2533,1
3201,11201,22,Female,116784,SEO,Conversion,4248.81,0.11,0.19,25,5.84,12.73,73,16,7,2,2784,1
3202,11202,46,Male,60626,SEO,Conversion,1126.04,0.11,0.03,42,6.0,12.37,13,11,2,6,4590,1
3203,11203,54,Male,40703,Social Media,Awareness,4486.15,0.3,0.02,19,1.86,5.71,61,18,6,3,3607,1
3204,11204,37,Female,123693,Referral,Retention,8090.22,0.22,0.03,41,5.45,10.3,50,14,7,2,2869,1
3205,11205,66,Female,81417,Social Media,Retention,3071.79,0.16,0.18,37,7.18,12.52,77,1,5,4,2887,1
3206,11206,38,Female,136536,Social Media,Awareness,4382.49,0.18,0.04,42,2.7,2.59,69,6,3,8,97,0
3207,11207,27,Male,79228,Social Media,Conversion,9613.49,0.19,0.12,47,2.0,14.78,97,18,7,3,4472,1
3208,11208,22,Male,23205,PPC,Conversion,413.91,0.02,0.05,41,8.77,13.34,80,7,3,7,3086,1
3209,11209,53,Male,54929,Social Media,Awareness,5956.07,0.03,0.01,32,2.03,10.52,20,17,5,1,1743,1
3210,11210,23,Female,103384,SEO,Awareness,7460.02,0.2,0.03,39,9.22,8.38,91,13,1,8,2266,1
3211,11211,43,Male,53411,Social Media,Consideration,7632.74,0.12,0.14,16,3.46,13.48,37,7,1,9,1365,1
3212,11212,21,Male,100522,SEO,Awareness,7187.79,0.03,0.04,8,3.97,11.22,14,5,3,0,1236,0
3213,11213,56,Male,31628,Referral,Retention,7291.87,0.1,0.05,19,5.73,8.98,35,2,5,7,2820,1
3214,11214,56,Male,123655,PPC,Awareness,684.23,0.05,0.08,7,2.69,13.43,99,11,2,7,3996,0
3215,11215,67,Female,90089,Referral,Conversion,5387.95,0.28,0.13,40,7.2,3.55,8,0,2,2,709,1
3216,11216,52,Female,26518,Referral,Conversion,7851.39,0.07,0.1,47,5.72,4.04,98,16,5,0,3609,1
3217,11217,18,Male,58491,PPC,Conversion,1031.24,0.05,0.19,45,9.52,13.99,58,4,9,3,1486,1
3218,11218,41,Male,27946,SEO,Retention,219.29,0.19,0.09,5,9.2,1.47,81,11,7,2,4067,1
3219,11219,53,Male,20610,SEO,Retention,8164.16,0.16,0.05,8,7.93,1.17,53,17,5,1,56,0
3220,11220,23,Male,89838,SEO,Consideration,7151.71,0.18,0.11,10,2.66,11.98,16,12,7,5,2019,1
3221,11221,58,Male,54311,PPC,Awareness,4180.84,0.14,0.1,46,2.92,6.5,81,8,3,2,3583,1
3222,11222,63,Female,146419,Social Media,Consideration,9409.92,0.15,0.16,46,3.42,13.79,3,2,4,6,2607,1
3223,11223,61,Male,119770,Email,Awareness,7689.32,0.24,0.19,4,8.51,4.86,83,3,2,1,215,0
3224,11224,48,Male,61876,Social Media,Awareness,9681.82,0.07,0.17,7,6.83,4.66,12,9,6,3,4723,1
3225,11225,37,Male,100192,Social Media,Retention,9300.22,0.13,0.08,34,2.58,14.38,74,9,6,7,151,1
3226,11226,41,Female,124540,Referral,Conversion,4864.81,0.29,0.05,24,5.12,8.53,42,1,5,2,2642,1
3227,11227,42,Female,132023,Email,Awareness,7571.62,0.07,0.18,35,9.77,9.4,96,17,3,0,2466,1
3228,11228,53,Female,70333,SEO,Retention,6724.99,0.1,0.08,38,7.59,13.52,91,2,6,4,1976,1
3229,11229,38,Female,149895,Social Media,Consideration,8133.31,0.07,0.16,48,9.41,6.02,7,10,2,6,1525,1
3230,11230,47,Female,71298,PPC,Conversion,7898.12,0.02,0.2,43,8.28,4.09,19,4,5,4,4142,1
3231,11231,41,Male,104192,Social Media,Consideration,1617.0,0.09,0.12,5,7.53,8.78,81,14,3,5,4952,1
3232,11232,61,Female,61811,SEO,Consideration,2413.98,0.02,0.1,23,8.47,6.45,70,16,4,9,4215,1
3233,11233,59,Male,90072,Social Media,Retention,2730.74,0.05,0.14,20,7.23,2.87,60,1,5,0,370,0
3234,11234,47,Female,135407,Referral,Conversion,8203.14,0.12,0.05,35,6.11,2.22,43,4,6,1,4520,1
3235,11235,39,Female,139368,Referral,Awareness,8126.34,0.02,0.1,17,7.62,11.02,96,16,6,0,1846,1
3236,11236,45,Female,62974,Social Media,Consideration,5003.82,0.23,0.07,47,3.07,1.0,50,10,6,2,4079,1
3237,11237,24,Female,39856,Referral,Awareness,5850.24,0.24,0.04,0,5.41,8.15,57,9,4,2,3622,1
3238,11238,52,Female,121946,PPC,Conversion,8286.53,0.13,0.13,28,9.56,5.28,74,18,9,9,1647,1
3239,11239,45,Female,64830,Email,Retention,3194.68,0.3,0.12,16,8.28,2.69,29,5,6,3,2320,1
3240,11240,31,Female,101983,Social Media,Retention,596.77,0.21,0.15,4,9.34,13.41,98,9,4,5,1195,1
3241,11241,27,Female,65823,PPC,Retention,4877.7,0.23,0.18,49,9.71,11.24,83,10,4,1,2166,1
3242,11242,33,Female,118863,PPC,Awareness,9145.8,0.07,0.05,5,6.28,11.71,9,6,2,0,280,0
3243,11243,33,Female,142134,PPC,Awareness,7925.64,0.25,0.16,44,2.77,6.82,93,15,8,0,3985,1
3244,11244,48,Female,120037,SEO,Conversion,3729.51,0.28,0.08,7,7.67,9.9,17,12,8,9,2027,1
3245,11245,59,Male,94397,Social Media,Awareness,741.24,0.08,0.13,24,1.07,1.81,24,10,0,2,4049,0
3246,11246,42,Male,105814,Social Media,Retention,6405.5,0.21,0.17,18,1.8,2.52,95,2,3,3,1520,1
3247,11247,30,Female,87078,Social Media,Consideration,8361.46,0.23,0.06,47,3.58,5.18,33,7,2,1,1062,1
3248,11248,23,Female,127767,Email,Consideration,6682.99,0.1,0.12,49,1.14,7.14,43,3,3,4,1998,1
3249,11249,61,Female,87951,PPC,Consideration,4308.24,0.15,0.1,38,7.15,1.86,38,6,1,4,3492,1
3250,11250,26,Female,129287,Social Media,Retention,1321.2,0.04,0.16,8,8.35,8.69,94,9,5,8,3085,1
3251,11251,62,Female,32905,Referral,Awareness,9116.67,0.06,0.14,27,7.78,3.98,91,11,5,6,1346,1
3252,11252,53,Male,140778,SEO,Consideration,2831.99,0.03,0.16,30,2.3,11.73,89,10,6,0,3326,1
3253,11253,60,Male,41601,Email,Awareness,2320.44,0.17,0.06,0,8.24,0.51,67,4,5,6,4637,1
3254,11254,37,Male,123691,SEO,Awareness,8178.17,0.19,0.14,40,8.46,13.06,42,4,7,2,3310,1
3255,11255,35,Male,107099,PPC,Retention,9814.08,0.28,0.13,9,1.87,11.12,19,18,3,9,209,1
3256,11256,60,Female,60955,Referral,Awareness,6635.59,0.17,0.1,49,5.43,8.42,71,14,1,2,1404,1
3257,11257,38,Female,92179,PPC,Awareness,6285.62,0.09,0.08,21,7.19,11.19,1,6,9,3,2500,1
3258,11258,21,Female,68435,Social Media,Retention,3262.37,0.03,0.07,0,4.66,5.79,26,3,6,1,1536,0
3259,11259,67,Female,44044,SEO,Conversion,302.09,0.27,0.01,12,9.0,2.86,33,6,0,8,3706,1
3260,11260,50,Male,31246,Referral,Consideration,1998.8,0.15,0.04,13,5.76,0.63,54,6,0,5,2389,1
3261,11261,44,Male,22458,SEO,Consideration,5885.86,0.22,0.02,22,2.1,8.45,35,9,4,9,4478,1
3262,11262,24,Female,145945,Email,Awareness,1598.03,0.01,0.17,38,5.77,4.73,84,3,4,5,4324,1
3263,11263,23,Male,78507,Referral,Conversion,8849.97,0.15,0.17,27,6.2,3.58,71,17,4,8,1898,1
3264,11264,32,Male,26028,Email,Retention,1962.63,0.1,0.17,28,9.58,13.07,86,5,2,1,1835,1
3265,11265,35,Female,123751,Referral,Awareness,5268.83,0.02,0.17,39,4.8,11.01,71,0,5,5,3019,1
3266,11266,49,Male,139247,Social Media,Retention,5168.93,0.23,0.05,32,9.04,14.86,68,1,1,8,1801,1
3267,11267,28,Female,71901,SEO,Consideration,6079.06,0.16,0.1,1,3.88,10.09,64,2,9,6,1927,1
3268,11268,37,Male,148636,SEO,Retention,3341.6,0.11,0.18,42,5.07,13.48,84,6,7,8,1591,1
3269,11269,41,Male,120252,PPC,Consideration,8747.99,0.24,0.15,32,7.08,2.22,43,1,7,0,4663,1
3270,11270,32,Male,26306,Referral,Retention,4498.59,0.14,0.01,23,8.97,10.98,42,13,4,8,3311,1
3271,11271,65,Male,126555,Referral,Retention,7031.52,0.01,0.1,11,7.97,1.75,73,4,5,5,4362,1
3272,11272,24,Female,126396,Email,Conversion,6395.52,0.28,0.01,39,2.4,1.87,65,4,1,5,311,0
3273,11273,38,Female,47678,Referral,Retention,1259.85,0.08,0.06,27,2.74,12.94,20,15,4,4,2896,1
3274,11274,59,Female,110444,SEO,Awareness,6264.13,0.25,0.09,34,1.61,5.72,60,14,7,1,1649,1
3275,11275,43,Female,32363,Referral,Conversion,5551.96,0.25,0.18,9,6.59,5.09,12,15,9,5,4344,1
3276,11276,61,Male,34066,PPC,Awareness,8996.18,0.06,0.13,46,4.96,3.16,27,8,6,0,3423,1
3277,11277,31,Female,83804,PPC,Retention,8820.68,0.15,0.08,43,8.88,7.53,29,7,8,0,4297,1
3278,11278,54,Male,134433,SEO,Retention,1594.45,0.02,0.1,33,9.9,3.45,81,1,8,6,466,0
3279,11279,38,Male,68544,SEO,Conversion,908.68,0.11,0.17,4,8.91,8.3,1,9,7,0,2662,1
3280,11280,35,Female,118247,SEO,Consideration,3016.46,0.22,0.07,40,1.42,10.08,57,17,1,4,4620,1
3281,11281,22,Female,20189,Referral,Conversion,9867.47,0.08,0.13,17,9.5,10.0,82,17,3,5,2552,1
3282,11282,20,Female,31752,Referral,Consideration,313.58,0.04,0.06,5,1.93,5.79,20,18,3,3,1984,1
3283,11283,40,Male,140696,Social Media,Consideration,6761.63,0.16,0.1,10,5.02,10.71,89,4,7,4,1224,1
3284,11284,43,Male,27482,Email,Retention,6124.29,0.17,0.01,45,3.68,4.36,45,0,1,1,3379,0
3285,11285,54,Female,36679,Referral,Awareness,6501.12,0.21,0.17,0,2.41,12.21,88,10,9,9,2126,1
3286,11286,41,Male,145428,Social Media,Conversion,2261.03,0.23,0.02,22,2.54,0.5,82,10,8,6,4505,1
3287,11287,66,Male,143056,Social Media,Conversion,2344.5,0.21,0.05,3,4.11,14.52,24,2,1,9,1944,1
3288,11288,36,Male,110088,PPC,Retention,4363.36,0.26,0.07,6,1.23,6.79,56,2,3,0,2468,0
3289,11289,68,Male,20799,Referral,Retention,1048.99,0.07,0.13,40,1.58,5.34,19,15,2,1,1512,0
3290,11290,42,Male,110917,Social Media,Conversion,838.67,0.18,0.15,48,7.43,9.55,5,19,9,7,4270,1
3291,11291,38,Female,141691,PPC,Conversion,974.76,0.11,0.03,16,6.64,13.25,17,14,7,9,2860,1
3292,11292,29,Female,29934,Email,Awareness,5772.49,0.29,0.02,10,1.89,5.61,48,12,0,1,2374,0
3293,11293,58,Female,77558,PPC,Retention,4037.64,0.14,0.16,26,4.89,1.52,81,9,6,0,3676,1
3294,11294,50,Male,79223,Email,Awareness,3006.81,0.29,0.15,11,6.47,5.63,19,18,6,4,1696,1
3295,11295,67,Male,104620,SEO,Retention,3226.61,0.23,0.17,46,1.88,0.57,33,9,8,1,2163,1
3296,11296,21,Female,61556,SEO,Retention,2152.1,0.22,0.14,33,9.75,3.18,9,15,9,9,2724,1
3297,11297,59,Female,29909,PPC,Awareness,4173.9,0.15,0.15,7,8.64,1.25,32,5,7,2,4981,1
3298,11298,24,Female,111467,SEO,Consideration,2110.27,0.14,0.08,22,3.05,6.12,54,4,5,5,4883,1
3299,11299,39,Female,130719,Referral,Consideration,7010.66,0.16,0.12,25,5.67,1.37,18,14,5,5,2086,1
3300,11300,50,Male,111404,PPC,Consideration,1326.93,0.1,0.16,33,5.57,14.77,65,16,5,2,4624,1
3301,11301,34,Female,63558,Social Media,Retention,9487.6,0.27,0.04,31,4.01,11.84,46,3,4,9,3712,1
3302,11302,41,Female,99382,Referral,Awareness,989.21,0.24,0.09,5,7.84,6.58,48,7,0,9,476,1
3303,11303,51,Male,107793,PPC,Consideration,9440.26,0.24,0.15,0,6.92,11.96,66,11,1,2,3457,1
3304,11304,45,Female,48013,Email,Conversion,8349.62,0.14,0.11,49,8.78,6.55,29,12,5,6,3500,1
3305,11305,60,Female,123018,SEO,Consideration,6839.05,0.03,0.14,3,1.05,9.88,82,8,1,5,4066,1
3306,11306,58,Male,42875,SEO,Awareness,9131.79,0.21,0.07,24,6.44,12.41,84,14,4,0,2315,1
3307,11307,56,Male,110253,SEO,Retention,1478.27,0.12,0.02,7,9.93,10.42,58,10,9,4,4105,1
3308,11308,39,Male,31408,PPC,Awareness,1845.52,0.26,0.02,39,8.1,1.73,77,14,0,6,1958,1
3309,11309,66,Female,55607,Referral,Retention,2596.31,0.24,0.19,45,4.1,1.13,30,14,0,5,3352,1
3310,11310,34,Male,81684,Email,Awareness,2523.63,0.05,0.19,19,2.4,8.76,20,3,5,3,3391,1
3311,11311,51,Male,56281,SEO,Awareness,3177.4,0.18,0.05,13,4.85,3.35,16,15,0,0,4677,1
3312,11312,23,Male,47326,Referral,Conversion,5798.75,0.21,0.04,32,4.82,14.77,52,9,3,6,282,1
3313,11313,63,Female,33601,Social Media,Consideration,378.91,0.17,0.01,2,6.27,0.74,50,1,1,3,3171,0
3314,11314,23,Female,144594,Social Media,Consideration,3884.5,0.16,0.05,14,1.59,11.35,23,11,8,3,1286,1
3315,11315,51,Female,21135,Email,Awareness,2539.21,0.08,0.07,26,4.48,1.12,39,7,0,4,1388,1
3316,11316,18,Male,42741,SEO,Consideration,6105.64,0.08,0.06,18,8.69,9.36,97,16,2,6,2501,1
3317,11317,27,Female,31913,Social Media,Conversion,9853.18,0.23,0.16,0,6.79,6.59,46,4,6,8,464,1
3318,11318,38,Female,30101,Referral,Awareness,5224.78,0.02,0.15,34,4.91,9.68,19,18,0,3,2502,1
3319,11319,22,Female,38631,Referral,Consideration,4314.28,0.24,0.03,32,3.79,11.55,15,10,0,0,4464,1
3320,11320,19,Female,92084,Social Media,Consideration,3745.61,0.16,0.14,16,3.52,0.98,57,16,5,2,4110,1
3321,11321,39,Female,122820,SEO,Retention,7871.0,0.28,0.11,12,7.74,8.06,48,5,5,6,1962,1
3322,11322,65,Female,56870,Email,Consideration,812.61,0.3,0.04,47,4.86,14.16,41,11,3,9,2161,1
3323,11323,19,Male,68985,SEO,Consideration,9601.73,0.2,0.15,11,3.22,3.66,11,6,9,9,2910,1
3324,11324,27,Female,136236,PPC,Retention,4237.39,0.13,0.03,38,8.31,1.62,40,15,2,6,3530,1
3325,11325,51,Female,47215,Social Media,Awareness,3205.64,0.15,0.04,25,3.39,11.68,57,2,9,1,2176,1
3326,11326,33,Female,149309,PPC,Awareness,9743.27,0.07,0.04,26,1.58,11.25,59,11,0,5,1834,1
3327,11327,65,Female,82110,Social Media,Conversion,9365.2,0.04,0.19,23,5.93,6.16,23,7,7,2,4566,1
3328,11328,68,Female,141220,Email,Retention,6455.15,0.18,0.14,16,3.51,12.54,12,2,7,9,4158,1
3329,11329,56,Male,122815,SEO,Awareness,283.22,0.24,0.09,10,1.04,8.39,33,14,6,6,3068,1
3330,11330,39,Male,39215,SEO,Consideration,7510.5,0.09,0.17,21,5.51,7.39,60,5,3,0,796,1
3331,11331,29,Female,111118,Social Media,Consideration,3422.02,0.13,0.05,7,9.05,12.42,26,7,1,1,4733,1
3332,11332,41,Female,34024,Referral,Consideration,3943.97,0.17,0.19,41,6.8,1.92,84,11,6,5,347,1
3333,11333,64,Male,96949,PPC,Conversion,1671.55,0.27,0.14,47,1.16,3.75,66,12,7,8,3961,1
3334,11334,57,Male,101855,SEO,Awareness,5282.24,0.05,0.12,31,4.41,6.94,13,16,4,1,3123,1
3335,11335,55,Female,104982,SEO,Retention,7471.07,0.08,0.16,28,3.22,1.74,40,16,8,3,747,1
3336,11336,27,Female,65483,Social Media,Awareness,2802.81,0.28,0.13,41,7.03,14.94,56,13,9,4,3248,1
3337,11337,52,Female,126279,Referral,Retention,9393.46,0.02,0.18,31,5.11,5.05,29,15,7,1,3990,1
3338,11338,68,Female,137740,PPC,Retention,2027.89,0.2,0.17,39,2.55,14.24,44,10,3,7,209,1
3339,11339,66,Female,117572,Referral,Awareness,756.0,0.2,0.05,4,5.11,7.38,73,5,9,2,2771,1
3340,11340,49,Female,98157,Referral,Consideration,6479.2,0.12,0.06,48,9.38,13.91,0,9,8,3,4257,1
3341,11341,24,Female,30511,Social Media,Consideration,8508.26,0.15,0.02,12,4.7,6.88,91,6,0,8,466,1
3342,11342,38,Female,141898,Referral,Retention,9536.02,0.26,0.05,24,8.83,12.31,82,8,8,9,4079,1
3343,11343,37,Female,39923,PPC,Consideration,7694.99,0.06,0.08,41,5.28,11.39,93,9,0,4,3792,1
3344,11344,43,Female,30558,Email,Conversion,2076.54,0.08,0.02,9,7.82,14.23,83,11,4,2,951,1
3345,11345,21,Female,117771,Email,Conversion,9778.85,0.16,0.07,25,8.07,9.74,51,18,4,6,2417,1
3346,11346,63,Male,20526,PPC,Retention,9202.42,0.13,0.16,25,7.85,3.79,19,11,7,0,4442,1
3347,11347,69,Male,137495,Social Media,Consideration,1715.36,0.18,0.17,20,6.75,8.36,22,18,4,2,2688,1
3348,11348,39,Male,144075,SEO,Retention,5631.98,0.28,0.01,22,9.57,2.62,94,14,7,3,4080,1
3349,11349,32,Male,21753,Social Media,Conversion,5599.62,0.28,0.01,43,9.36,5.36,95,19,0,7,3167,1
3350,11350,57,Male,46248,PPC,Conversion,4481.09,0.08,0.04,11,3.73,11.94,89,5,9,5,1619,1
3351,11351,38,Male,34656,Referral,Conversion,9844.39,0.1,0.18,38,7.25,0.7,77,14,2,2,4675,1
3352,11352,32,Male,43266,Email,Awareness,690.26,0.06,0.1,42,6.98,9.5,5,19,6,8,4263,1
3353,11353,39,Female,84555,Referral,Conversion,6309.37,0.28,0.2,24,2.8,10.55,32,15,5,7,3996,1
3354,11354,69,Female,82995,Social Media,Consideration,2132.51,0.13,0.18,11,3.39,13.55,7,1,4,9,2436,1
3355,11355,45,Male,95756,PPC,Awareness,5320.58,0.14,0.18,35,3.8,11.47,62,17,6,0,1944,1
3356,11356,31,Female,103574,Email,Conversion,7819.43,0.24,0.03,31,3.98,6.34,3,4,4,4,1915,1
3357,11357,44,Female,98277,PPC,Consideration,2542.6,0.16,0.1,17,8.69,11.6,12,7,6,0,2508,1
3358,11358,58,Female,90377,Email,Conversion,3994.26,0.04,0.2,41,7.82,9.57,34,10,9,9,592,1
3359,11359,57,Female,122345,Email,Consideration,9512.6,0.14,0.04,19,8.27,9.01,92,14,2,8,2205,1
3360,11360,45,Male,116111,Email,Consideration,7638.66,0.19,0.12,1,9.22,1.57,88,4,5,1,2086,1
3361,11361,43,Male,85402,Social Media,Conversion,5769.96,0.22,0.08,32,5.63,8.33,33,13,1,3,4089,1
3362,11362,66,Female,74176,PPC,Conversion,2297.77,0.2,0.08,45,8.52,13.07,55,9,0,0,2507,1
3363,11363,19,Male,143727,SEO,Awareness,4310.52,0.04,0.18,16,7.26,6.83,10,5,1,3,2583,1
3364,11364,42,Female,143747,SEO,Conversion,7763.21,0.1,0.12,35,5.18,10.71,37,13,3,8,1950,1
3365,11365,20,Male,61733,SEO,Consideration,8223.38,0.22,0.15,29,2.74,13.6,92,19,9,9,954,1
3366,11366,25,Male,34418,PPC,Retention,2521.6,0.27,0.14,8,4.87,8.25,44,3,5,4,2238,1
3367,11367,61,Male,143422,Referral,Awareness,6654.4,0.02,0.11,30,2.86,1.78,85,13,4,4,4248,1
3368,11368,50,Male,57185,PPC,Consideration,1040.53,0.02,0.16,38,3.58,1.29,57,2,7,1,1418,0
3369,11369,59,Female,61745,Email,Consideration,329.8,0.2,0.19,20,3.55,12.07,33,17,1,9,4587,1
3370,11370,69,Female,113417,Referral,Retention,5531.87,0.17,0.19,21,7.85,0.97,74,19,2,5,1673,1
3371,11371,52,Male,73787,Email,Conversion,2321.36,0.06,0.16,16,5.57,14.98,91,10,1,0,1672,1
3372,11372,23,Male,100123,Email,Consideration,881.23,0.17,0.1,2,8.14,2.35,71,11,9,9,1731,1
3373,11373,56,Male,72035,PPC,Retention,7325.3,0.29,0.04,31,8.9,11.74,23,15,1,0,3588,1
3374,11374,69,Male,107804,SEO,Retention,5029.95,0.19,0.02,32,6.51,13.08,73,19,3,3,3087,1
3375,11375,40,Female,85984,Referral,Conversion,7983.14,0.14,0.05,9,4.66,4.94,78,8,1,6,2380,1
3376,11376,42,Male,72462,Social Media,Retention,6673.05,0.25,0.07,4,8.71,8.35,62,10,1,4,4865,1
3377,11377,67,Female,57353,SEO,Retention,7325.07,0.07,0.03,3,6.11,14.31,38,8,2,2,4881,1
3378,11378,60,Female,144785,Social Media,Retention,3142.87,0.13,0.05,37,8.71,14.35,20,8,0,8,292,1
3379,11379,36,Male,131055,PPC,Retention,2706.43,0.16,0.03,31,3.39,13.99,99,6,4,8,3812,1
3380,11380,22,Female,93644,Referral,Retention,6048.66,0.16,0.11,37,6.09,4.49,35,8,3,2,2824,1
3381,11381,68,Female,139097,PPC,Retention,2080.81,0.28,0.03,40,2.91,1.36,47,0,0,8,2241,0
3382,11382,28,Female,68302,Social Media,Consideration,8172.58,0.09,0.15,19,7.29,1.99,83,3,5,2,669,1
3383,11383,29,Female,142561,Email,Awareness,5276.91,0.03,0.07,8,6.28,2.56,12,5,6,5,4881,1
3384,11384,27,Female,96979,PPC,Conversion,2347.2,0.28,0.14,14,6.0,10.24,1,10,3,1,2215,1
3385,11385,25,Female,42435,Referral,Awareness,6289.17,0.07,0.18,7,6.75,12.14,26,16,2,1,2155,1
3386,11386,41,Male,77728,PPC,Conversion,9455.85,0.12,0.03,33,4.38,1.23,6,0,8,5,4901,1
3387,11387,45,Female,118598,SEO,Awareness,912.74,0.16,0.2,29,2.73,13.41,89,13,2,4,1036,1
3388,11388,58,Female,21238,PPC,Conversion,1182.52,0.29,0.13,9,8.26,11.34,93,16,4,4,2172,1
3389,11389,53,Female,100857,Social Media,Retention,8454.01,0.17,0.02,13,4.46,8.19,18,16,4,6,4055,1
3390,11390,54,Female,101610,PPC,Awareness,1184.98,0.14,0.07,33,9.9,14.85,39,8,6,0,30,1
3391,11391,38,Female,33049,Referral,Awareness,489.82,0.18,0.18,21,5.33,4.35,20,9,0,5,4086,1
3392,11392,25,Male,77193,PPC,Conversion,3544.51,0.29,0.12,12,5.41,3.66,57,17,2,8,319,1
3393,11393,26,Male,55584,PPC,Conversion,4720.39,0.25,0.06,28,7.1,5.35,25,8,2,4,1927,1
3394,11394,64,Female,86634,Referral,Consideration,5737.5,0.06,0.19,28,7.0,8.13,73,12,9,9,2520,1
3395,11395,32,Female,34679,PPC,Retention,5122.27,0.24,0.16,6,2.62,6.11,35,10,9,9,3703,1
3396,11396,65,Female,54505,Referral,Retention,9140.53,0.25,0.15,43,3.45,12.53,43,1,7,6,4052,1
3397,11397,63,Female,71341,Social Media,Consideration,7709.81,0.21,0.18,5,3.08,13.47,63,3,2,2,1054,1
3398,11398,57,Female,121069,Referral,Conversion,9839.72,0.2,0.16,34,1.48,14.52,26,10,6,9,141,1
3399,11399,35,Female,70374,Social Media,Retention,4816.91,0.14,0.06,36,1.2,12.36,7,8,8,7,56,1
3400,11400,59,Male,66998,Social Media,Conversion,934.86,0.2,0.12,3,6.8,9.32,89,11,7,0,215,1
3401,11401,37,Female,96970,Referral,Retention,9559.75,0.22,0.17,13,5.49,9.4,0,16,5,9,1869,1
3402,11402,23,Female,75701,PPC,Awareness,140.72,0.05,0.04,5,9.05,3.2,22,1,4,6,75,0
3403,11403,29,Female,64859,SEO,Awareness,7783.35,0.08,0.04,16,3.71,4.32,72,13,6,5,254,1
3404,11404,19,Female,147203,Referral,Retention,409.69,0.07,0.04,48,8.09,14.96,30,19,8,9,990,1
3405,11405,24,Female,53178,PPC,Retention,7636.02,0.25,0.05,23,1.93,4.29,6,8,5,5,2225,1
3406,11406,33,Male,47575,Social Media,Retention,9385.6,0.21,0.03,12,8.35,7.27,8,3,1,0,1936,1
3407,11407,20,Male,39329,Email,Consideration,3953.68,0.14,0.17,11,9.29,6.09,70,4,7,1,166,1
3408,11408,62,Female,77254,SEO,Retention,2485.55,0.25,0.17,28,6.65,10.48,91,16,3,5,3543,1
3409,11409,20,Male,123090,PPC,Consideration,2340.16,0.22,0.04,23,7.62,5.36,97,12,5,1,4777,1
3410,11410,44,Male,127373,SEO,Consideration,4968.0,0.27,0.14,33,9.89,10.4,52,13,1,3,1654,1
3411,11411,67,Male,135474,Email,Awareness,1791.78,0.03,0.13,13,4.4,14.43,15,17,5,5,985,1
3412,11412,60,Female,104029,Email,Retention,6761.94,0.16,0.06,26,1.26,4.16,73,8,1,1,790,0
3413,11413,57,Male,107366,Email,Awareness,3746.69,0.22,0.05,4,7.14,5.87,23,9,0,5,3311,1
3414,11414,55,Female,124139,Referral,Awareness,3298.78,0.07,0.06,39,1.12,5.46,73,11,4,8,3982,1
3415,11415,50,Female,120290,SEO,Consideration,4666.73,0.1,0.15,46,6.11,4.86,45,8,3,5,728,1
3416,11416,45,Female,93662,Referral,Conversion,5471.62,0.13,0.07,8,6.38,4.42,28,11,3,9,1935,1
3417,11417,18,Female,127374,Email,Consideration,1505.11,0.24,0.06,15,6.26,9.64,88,9,0,6,3099,1
3418,11418,25,Male,60068,PPC,Awareness,7106.86,0.15,0.01,12,2.49,8.45,29,5,8,2,4283,1
3419,11419,54,Female,78951,Email,Consideration,8841.18,0.15,0.18,14,1.69,7.88,50,8,7,3,2971,1
3420,11420,49,Female,107629,Referral,Consideration,2852.07,0.14,0.15,35,9.17,12.11,82,19,0,3,4503,1
3421,11421,65,Female,133852,Email,Consideration,1885.87,0.08,0.1,24,5.87,2.62,30,13,4,0,4965,1
3422,11422,60,Female,55171,Email,Retention,7629.0,0.28,0.19,15,3.91,2.96,29,13,8,8,662,1
3423,11423,54,Female,28262,Referral,Consideration,1917.06,0.1,0.07,43,7.95,7.94,33,12,0,8,465,1
3424,11424,21,Male,63270,Referral,Awareness,508.43,0.17,0.14,43,9.29,5.63,91,3,9,6,3929,1
3425,11425,47,Male,40785,PPC,Consideration,6230.51,0.05,0.07,30,4.64,3.02,18,6,9,1,956,1
3426,11426,23,Female,59469,Referral,Retention,2473.54,0.14,0.07,46,1.88,10.51,74,4,2,2,3942,1
3427,11427,63,Male,88831,PPC,Awareness,1800.92,0.27,0.17,36,7.23,7.69,27,3,3,6,2650,1
3428,11428,36,Male,101223,Social Media,Consideration,9817.87,0.3,0.16,32,9.17,3.43,5,17,1,0,2860,1
3429,11429,49,Female,143641,Social Media,Awareness,2989.46,0.11,0.07,19,9.82,4.33,16,1,8,2,1243,1
3430,11430,26,Male,65643,Referral,Retention,9044.09,0.05,0.03,25,8.32,10.98,90,19,0,3,1431,1
3431,11431,29,Male,87657,Email,Conversion,1864.37,0.1,0.08,34,3.41,5.25,35,9,3,4,3411,1
3432,11432,28,Female,23582,SEO,Retention,8207.87,0.1,0.15,39,4.22,3.47,0,7,9,6,1953,1
3433,11433,63,Female,132781,Email,Retention,5069.99,0.2,0.03,6,2.23,14.5,15,19,2,8,2352,1
3434,11434,33,Male,50280,Referral,Awareness,878.09,0.15,0.14,44,7.41,1.78,67,8,9,1,3342,1
3435,11435,18,Female,138885,PPC,Awareness,7362.69,0.23,0.18,41,2.52,2.63,46,2,8,5,1036,1
3436,11436,62,Female,62589,Email,Conversion,8931.53,0.21,0.04,30,4.89,10.9,22,17,2,1,28,1
3437,11437,38,Female,124004,Social Media,Conversion,1713.87,0.08,0.17,16,5.79,6.67,95,19,6,9,1835,1
3438,11438,47,Male,60000,Referral,Conversion,7283.34,0.24,0.02,42,4.44,11.42,66,12,1,1,4494,1
3439,11439,30,Male,122592,Email,Retention,4506.02,0.26,0.14,7,2.35,8.52,61,10,7,9,2075,1
3440,11440,51,Female,117208,Email,Retention,7563.32,0.18,0.16,22,3.61,1.08,84,19,1,4,4944,1
3441,11441,21,Male,21085,PPC,Conversion,7167.89,0.28,0.09,46,6.69,10.42,87,9,9,4,832,1
3442,11442,45,Female,101427,PPC,Conversion,363.34,0.24,0.05,43,7.54,12.18,14,12,8,0,4345,1
3443,11443,55,Female,35600,PPC,Conversion,1869.34,0.18,0.19,17,6.53,8.51,74,2,8,7,3819,1
3444,11444,48,Female,117994,SEO,Consideration,4763.17,0.27,0.01,41,9.69,4.96,66,2,8,7,3411,1
3445,11445,44,Female,79801,Referral,Consideration,9342.58,0.18,0.12,11,6.52,0.73,82,19,5,0,4154,1
3446,11446,22,Female,81739,Referral,Conversion,3486.53,0.16,0.08,29,3.03,13.65,42,19,6,5,3441,1
3447,11447,42,Male,146146,Social Media,Retention,6325.85,0.11,0.1,35,5.42,10.75,7,16,3,8,4706,1
3448,11448,20,Male,94181,Social Media,Awareness,219.63,0.27,0.11,14,8.53,1.15,97,11,1,4,1293,1
3449,11449,50,Female,137309,Referral,Retention,7140.16,0.05,0.11,17,3.93,12.69,97,12,2,6,1058,1
3450,11450,21,Male,127114,Email,Awareness,6070.38,0.15,0.05,24,7.63,1.27,43,15,2,5,514,1
3451,11451,42,Female,61596,Referral,Conversion,7182.41,0.17,0.14,12,8.07,10.82,25,18,0,0,1520,1
3452,11452,37,Female,137036,SEO,Consideration,9056.14,0.17,0.01,23,9.41,10.56,66,6,2,2,2532,1
3453,11453,51,Female,90410,Social Media,Consideration,1550.34,0.2,0.01,16,4.61,13.78,31,6,3,6,326,1
3454,11454,43,Female,99303,Social Media,Awareness,2689.74,0.16,0.1,0,3.33,2.9,63,16,3,7,4952,1
3455,11455,22,Female,72188,Social Media,Conversion,9958.23,0.08,0.11,36,5.57,8.73,42,14,2,6,4701,1
3456,11456,52,Male,46825,Referral,Consideration,1647.21,0.26,0.06,48,9.94,8.4,73,3,9,0,3676,1
3457,11457,45,Female,30913,Social Media,Conversion,7234.21,0.2,0.11,26,9.12,1.01,73,12,3,2,3088,1
3458,11458,46,Male,101751,Social Media,Conversion,7278.25,0.26,0.11,19,3.56,9.76,61,16,3,1,3220,1
3459,11459,26,Female,104269,Referral,Awareness,6861.64,0.09,0.08,17,2.77,4.18,10,0,2,3,2959,0
3460,11460,69,Male,34332,Email,Conversion,2351.66,0.19,0.13,8,5.29,5.32,77,7,4,2,4856,1
3461,11461,55,Female,74895,Social Media,Conversion,2229.83,0.22,0.19,9,2.49,4.0,94,17,2,8,920,0
3462,11462,67,Male,24432,Social Media,Awareness,6696.78,0.12,0.1,24,7.82,1.31,8,15,7,5,732,1
3463,11463,23,Male,108095,Social Media,Consideration,1943.88,0.25,0.16,48,1.33,2.92,47,15,2,5,4486,1
3464,11464,36,Female,46570,SEO,Retention,6649.48,0.01,0.06,0,3.02,3.51,5,8,9,5,2435,1
3465,11465,61,Female,125569,Referral,Conversion,4976.03,0.18,0.15,35,1.16,8.87,53,16,2,8,1595,1
3466,11466,28,Male,26103,Social Media,Awareness,3927.63,0.19,0.13,17,3.04,2.46,61,8,7,8,3838,1
3467,11467,19,Male,148758,SEO,Consideration,3072.3,0.16,0.13,46,1.47,13.85,53,16,0,8,1596,1
3468,11468,64,Female,129316,Email,Conversion,9481.01,0.19,0.18,14,7.06,3.86,98,9,3,3,197,1
3469,11469,61,Female,142046,Email,Retention,5130.13,0.06,0.05,32,6.13,9.95,97,14,2,5,798,1
3470,11470,61,Male,35900,SEO,Consideration,5656.39,0.21,0.08,21,2.93,2.78,55,7,0,8,968,1
3471,11471,26,Female,78415,Email,Awareness,9497.64,0.11,0.03,23,2.85,12.03,81,16,0,5,1763,1
3472,11472,38,Male,87567,PPC,Conversion,6573.39,0.14,0.15,0,3.62,1.54,86,7,6,7,4382,1
3473,11473,41,Female,82713,Email,Awareness,9582.74,0.11,0.17,10,8.18,11.2,29,16,3,7,2010,1
3474,11474,51,Male,103169,PPC,Retention,1153.03,0.15,0.09,42,2.35,6.2,2,12,4,4,2933,1
3475,11475,39,Female,78639,SEO,Retention,8481.73,0.19,0.08,25,2.1,7.25,60,7,1,2,3543,1
3476,11476,20,Male,108728,PPC,Awareness,3420.6,0.25,0.14,25,5.57,5.81,14,1,2,5,3906,1
3477,11477,29,Female,105476,Email,Conversion,8123.83,0.15,0.02,5,8.78,6.33,2,14,0,4,4856,1
3478,11478,45,Male,126823,Social Media,Awareness,8570.8,0.1,0.07,32,3.02,0.58,14,5,3,2,1800,1
3479,11479,47,Male,28988,PPC,Consideration,2787.73,0.15,0.08,13,1.96,0.88,66,7,7,5,4468,1
3480,11480,43,Male,123603,Email,Awareness,4147.42,0.21,0.11,23,5.43,12.01,28,2,2,3,300,1
3481,11481,65,Female,145741,Social Media,Retention,7287.54,0.11,0.1,37,7.59,3.6,30,15,0,5,2838,1
3482,11482,38,Female,98488,SEO,Conversion,1080.65,0.13,0.05,48,6.56,9.31,70,1,3,6,561,1
3483,11483,45,Female,112905,SEO,Conversion,7579.78,0.17,0.11,40,4.76,9.97,70,9,8,0,702,1
3484,11484,43,Female,121398,Referral,Retention,1193.68,0.1,0.19,16,1.36,10.62,54,2,9,5,1490,1
3485,11485,50,Female,22977,SEO,Retention,9153.11,0.07,0.02,13,3.71,9.16,74,10,7,7,189,1
3486,11486,38,Female,135650,Referral,Consideration,2835.76,0.05,0.14,18,9.27,9.62,91,14,9,9,4107,1
3487,11487,52,Male,124029,SEO,Retention,5798.43,0.11,0.13,7,3.01,8.93,99,1,2,2,2309,1
3488,11488,69,Female,74641,SEO,Retention,1259.82,0.02,0.19,22,6.53,13.96,42,8,3,1,1055,1
3489,11489,51,Male,21268,SEO,Retention,2767.98,0.18,0.13,43,9.17,10.14,24,18,4,6,3207,1
3490,11490,58,Female,134465,Referral,Conversion,4099.15,0.06,0.13,1,5.39,5.62,80,16,6,9,1954,1
3491,11491,68,Female,74431,Referral,Retention,4921.78,0.12,0.16,2,5.02,5.67,54,0,0,3,2011,1
3492,11492,64,Female,36756,PPC,Awareness,100.67,0.09,0.06,12,2.27,1.65,49,7,2,6,3605,0
3493,11493,35,Female,40764,Email,Awareness,8897.69,0.19,0.12,4,9.83,14.88,37,0,0,8,813,1
3494,11494,28,Female,79912,Email,Conversion,175.98,0.26,0.11,17,2.59,13.42,59,10,2,7,2602,1
3495,11495,40,Female,60385,Email,Consideration,7759.48,0.19,0.09,0,5.33,1.12,84,15,5,1,1218,1
3496,11496,65,Male,35032,SEO,Consideration,4758.73,0.17,0.03,36,2.54,13.0,51,6,8,9,4593,1
3497,11497,39,Male,115014,Email,Conversion,5286.41,0.2,0.07,20,4.14,2.51,83,14,5,5,4050,1
3498,11498,34,Female,65702,Referral,Awareness,2161.83,0.02,0.06,43,8.96,3.97,73,6,7,2,1219,1
3499,11499,22,Female,31885,PPC,Conversion,6112.95,0.05,0.15,18,6.79,10.37,69,5,3,1,2379,1
3500,11500,61,Male,29796,Social Media,Retention,5418.6,0.04,0.18,37,1.09,11.09,75,3,4,9,3425,1
3501,11501,28,Male,124583,PPC,Conversion,1725.94,0.04,0.05,33,9.7,7.83,80,3,7,2,2010,1
3502,11502,47,Male,52863,Email,Consideration,2457.38,0.09,0.02,1,8.06,14.53,44,9,0,6,4808,0
3503,11503,32,Male,101014,Email,Awareness,762.35,0.16,0.2,19,9.98,7.6,96,18,7,5,2296,1
3504,11504,44,Female,52117,Referral,Consideration,756.21,0.04,0.14,30,7.87,4.25,99,9,1,8,1239,1
3505,11505,52,Female,40753,PPC,Consideration,236.38,0.28,0.18,12,7.88,0.63,18,11,5,2,405,1
3506,11506,50,Female,40325,Referral,Awareness,2282.7,0.26,0.04,13,7.29,13.08,4,19,3,2,2532,1
3507,11507,37,Female,27021,Referral,Retention,6828.65,0.29,0.16,37,4.81,6.23,41,8,9,7,1121,1
3508,11508,33,Female,100721,Social Media,Awareness,3230.53,0.02,0.16,11,3.83,11.85,92,6,9,2,372,1
3509,11509,51,Male,144080,Referral,Awareness,3493.07,0.26,0.04,12,5.73,11.72,29,0,3,3,1382,1
3510,11510,19,Male,73096,Referral,Conversion,1405.86,0.24,0.04,23,2.6,1.13,64,19,4,9,4241,1
3511,11511,52,Female,91404,Social Media,Awareness,5797.16,0.27,0.07,39,7.5,12.41,75,5,0,9,4833,1
3512,11512,57,Male,33071,SEO,Conversion,3487.22,0.16,0.05,30,9.98,4.69,78,15,3,7,4485,1
3513,11513,45,Female,140084,SEO,Consideration,6795.54,0.24,0.2,13,6.41,12.7,4,15,7,2,3904,1
3514,11514,64,Male,84649,Social Media,Awareness,7440.45,0.02,0.08,49,8.71,7.64,37,1,8,6,338,1
3515,11515,56,Male,28041,Referral,Retention,5888.46,0.03,0.15,29,2.55,9.08,10,2,1,4,2705,1
3516,11516,23,Male,102051,Email,Conversion,2833.09,0.04,0.16,26,8.43,1.97,83,18,5,8,4325,1
3517,11517,26,Female,129611,PPC,Conversion,5135.22,0.28,0.08,35,9.17,6.0,28,5,4,0,3504,1
3518,11518,37,Male,60058,Email,Retention,2594.11,0.03,0.14,5,8.55,14.58,13,9,7,3,899,1
3519,11519,18,Female,68263,Email,Conversion,9038.84,0.04,0.03,5,6.65,13.93,89,7,7,2,1117,1
3520,11520,25,Male,111502,Referral,Conversion,7687.22,0.28,0.09,14,9.34,14.92,97,0,7,8,3699,1
3521,11521,40,Female,124820,PPC,Retention,4980.76,0.04,0.19,23,9.65,7.9,73,2,9,6,1431,1
3522,11522,20,Female,127645,PPC,Consideration,9658.03,0.26,0.04,12,8.34,12.36,90,0,0,4,1482,1
3523,11523,21,Female,64470,SEO,Awareness,5512.88,0.24,0.08,6,5.92,7.1,88,7,9,9,4575,1
3524,11524,42,Female,107826,Social Media,Awareness,3352.5,0.02,0.16,44,8.52,14.15,9,6,3,0,2442,1
3525,11525,64,Male,116238,Referral,Awareness,1045.13,0.02,0.14,20,4.35,14.8,38,10,1,7,4924,1
3526,11526,55,Male,48223,PPC,Awareness,5483.08,0.17,0.13,37,4.12,13.23,59,9,3,0,734,1
3527,11527,32,Female,53575,Referral,Awareness,8618.12,0.3,0.17,37,4.13,9.51,95,19,5,0,3986,1
3528,11528,38,Male,65799,SEO,Awareness,8680.52,0.26,0.02,13,2.79,14.84,97,10,3,2,1542,1
3529,11529,52,Male,134738,Email,Conversion,6085.21,0.1,0.16,2,6.61,14.76,22,19,4,0,1980,1
3530,11530,63,Female,129704,PPC,Awareness,3995.04,0.12,0.18,42,6.95,7.39,96,16,2,2,4931,1
3531,11531,69,Female,41661,SEO,Conversion,6537.93,0.12,0.01,44,8.74,4.9,95,13,1,4,4562,1
3532,11532,31,Female,101975,Referral,Retention,7645.19,0.22,0.12,34,7.25,3.22,21,3,6,1,1738,1
3533,11533,53,Female,56432,SEO,Consideration,4175.09,0.11,0.08,11,8.02,10.32,85,0,5,4,2539,1
3534,11534,29,Female,119047,SEO,Conversion,4814.92,0.05,0.02,20,7.2,1.0,86,4,2,9,1981,0
3535,11535,34,Female,51147,SEO,Consideration,6838.1,0.23,0.09,19,7.27,11.58,82,1,9,5,4194,1
3536,11536,56,Female,49114,SEO,Retention,8778.86,0.14,0.13,26,4.06,1.24,22,9,8,4,707,1
3537,11537,26,Male,26030,SEO,Awareness,7931.0,0.03,0.18,4,9.69,4.35,21,17,5,7,849,1
3538,11538,52,Male,110051,SEO,Consideration,321.67,0.24,0.13,44,6.75,7.72,61,8,4,5,2126,1
3539,11539,30,Female,67429,Social Media,Consideration,1331.29,0.18,0.17,10,6.28,1.91,93,17,7,3,2038,1
3540,11540,32,Female,67743,Referral,Retention,8542.5,0.15,0.03,48,8.62,1.03,18,4,1,1,4498,0
3541,11541,35,Female,115869,Email,Retention,8354.85,0.21,0.05,41,4.79,7.46,21,11,5,7,2913,1
3542,11542,68,Female,145756,Referral,Retention,3949.19,0.16,0.19,43,1.87,13.36,0,15,5,8,1784,1
3543,11543,50,Female,85615,PPC,Conversion,5884.35,0.2,0.18,5,3.16,6.42,33,1,6,7,478,1
3544,11544,23,Male,67577,PPC,Conversion,9067.87,0.26,0.05,4,8.27,3.4,25,1,2,9,3409,1
3545,11545,44,Male,114584,Referral,Consideration,9124.43,0.19,0.13,21,7.59,6.42,3,15,5,8,463,1
3546,11546,40,Female,130436,SEO,Retention,7852.62,0.2,0.08,0,2.05,10.98,47,3,2,0,1882,0
3547,11547,44,Female,22966,Social Media,Consideration,2174.93,0.19,0.1,19,1.63,1.1,44,2,7,4,4114,1
3548,11548,51,Male,149356,Email,Awareness,7329.8,0.16,0.17,23,6.6,0.95,11,19,4,2,1779,1
3549,11549,63,Male,133838,SEO,Retention,1100.87,0.06,0.15,19,9.45,7.21,91,1,5,3,2198,1
3550,11550,55,Male,23728,Referral,Conversion,8949.99,0.11,0.06,46,2.57,10.31,36,1,8,4,4841,1
3551,11551,31,Female,57304,Referral,Retention,1576.57,0.21,0.07,47,5.94,9.4,2,19,8,9,4419,1
3552,11552,53,Female,69277,Social Media,Consideration,6657.25,0.13,0.07,28,8.31,9.75,27,11,4,0,974,1
3553,11553,25,Female,124117,Social Media,Conversion,6141.41,0.13,0.16,41,5.76,2.9,92,12,9,1,2904,1
3554,11554,52,Male,110330,Referral,Awareness,7791.31,0.23,0.1,23,4.16,8.31,83,18,6,7,1197,1
3555,11555,36,Female,20947,SEO,Awareness,5560.62,0.01,0.19,7,8.12,5.98,1,0,5,9,589,1
3556,11556,47,Female,98101,SEO,Consideration,689.71,0.21,0.17,33,7.94,2.1,55,6,9,5,395,1
3557,11557,31,Female,101380,SEO,Retention,7087.88,0.15,0.05,21,8.47,2.36,64,18,3,8,120,1
3558,11558,37,Male,86130,Email,Awareness,3893.23,0.12,0.16,38,9.51,9.86,45,12,0,1,2675,1
3559,11559,66,Female,41414,Email,Consideration,3270.82,0.11,0.11,32,2.36,14.38,99,3,3,5,1301,1
3560,11560,42,Female,116226,SEO,Conversion,9917.57,0.06,0.06,29,4.07,2.04,43,15,1,8,1088,1
3561,11561,57,Male,102060,Referral,Conversion,5944.96,0.11,0.08,5,9.87,7.68,17,17,7,0,3868,1
3562,11562,41,Male,113005,Social Media,Consideration,7136.12,0.12,0.19,12,6.35,4.09,72,14,1,9,2258,1
3563,11563,31,Female,39439,PPC,Retention,5310.63,0.14,0.1,43,7.03,4.58,36,10,8,9,3541,1
3564,11564,43,Female,111742,Social Media,Retention,7722.73,0.21,0.15,18,8.96,3.75,53,4,9,7,4837,1
3565,11565,55,Male,78220,Social Media,Retention,7545.52,0.14,0.1,25,7.22,8.41,24,13,5,3,2680,1
3566,11566,40,Male,66785,PPC,Retention,6605.75,0.24,0.08,16,7.15,1.32,82,10,4,4,1388,1
3567,11567,39,Male,56973,SEO,Consideration,9977.66,0.2,0.16,36,1.94,11.27,61,17,8,4,3853,1
3568,11568,65,Female,107091,Social Media,Consideration,4651.96,0.07,0.17,26,5.56,9.3,24,7,1,3,4672,1
3569,11569,36,Female,93318,PPC,Conversion,7091.3,0.09,0.02,23,7.06,6.08,51,8,0,2,3713,1
3570,11570,63,Female,88196,Referral,Conversion,7998.0,0.03,0.06,46,8.27,3.66,62,11,8,2,3452,1
3571,11571,68,Female,134317,Referral,Retention,3822.74,0.28,0.11,13,4.72,8.28,14,17,9,4,836,1
3572,11572,20,Male,125160,Referral,Awareness,4626.03,0.27,0.07,2,2.11,14.35,45,10,3,0,2126,1
3573,11573,59,Female,26089,SEO,Awareness,9694.76,0.03,0.16,4,4.29,10.77,55,4,1,3,4817,1
3574,11574,36,Female,146270,Social Media,Conversion,419.68,0.18,0.03,13,4.87,4.55,25,8,5,8,2171,1
3575,11575,26,Male,90854,Social Media,Conversion,3419.43,0.29,0.16,7,7.76,11.27,63,7,0,1,3627,1
3576,11576,45,Female,82235,Email,Consideration,4913.51,0.23,0.13,42,1.18,7.81,19,17,3,0,709,1
3577,11577,37,Female,112141,Referral,Conversion,114.5,0.15,0.07,24,4.47,1.2,66,16,3,8,736,1
3578,11578,62,Female,49400,SEO,Conversion,9001.36,0.08,0.08,14,5.03,9.45,24,12,9,9,3642,1
3579,11579,24,Male,35405,PPC,Retention,2933.82,0.09,0.04,44,5.95,3.89,20,5,6,6,2073,0
3580,11580,31,Female,137240,SEO,Awareness,2651.28,0.22,0.06,36,9.73,6.44,33,6,2,4,1660,1
3581,11581,26,Female,72763,Social Media,Awareness,8221.23,0.24,0.15,44,7.67,7.44,87,1,7,7,1017,1
3582,11582,36,Male,50209,Referral,Consideration,2852.03,0.16,0.08,2,3.0,12.09,24,1,1,7,3994,1
3583,11583,64,Male,93598,Email,Awareness,6610.46,0.05,0.14,44,6.7,8.91,64,11,3,4,2702,1
3584,11584,69,Male,37424,SEO,Retention,8232.88,0.28,0.11,10,4.12,5.43,28,1,7,1,1130,1
3585,11585,31,Female,126810,Email,Retention,7945.52,0.26,0.04,8,8.3,10.03,31,0,3,2,2336,1
3586,11586,55,Female,109523,Social Media,Consideration,7841.31,0.05,0.1,3,2.54,3.29,0,1,4,1,2767,0
3587,11587,53,Male,129955,PPC,Conversion,977.51,0.03,0.15,48,2.3,12.43,34,4,9,5,4042,1
3588,11588,57,Male,40556,SEO,Conversion,890.48,0.17,0.07,14,1.91,3.42,55,10,7,1,3778,1
3589,11589,34,Male,113137,Social Media,Retention,3137.02,0.09,0.13,26,5.9,8.6,15,13,7,2,4179,1
3590,11590,47,Female,39330,Referral,Consideration,455.88,0.09,0.05,30,2.11,3.47,31,7,4,3,2687,0
3591,11591,26,Female,101266,SEO,Retention,5054.25,0.04,0.04,49,1.38,5.22,78,16,5,1,4247,1
3592,11592,50,Female,23236,Email,Awareness,4008.34,0.29,0.08,15,3.99,6.63,4,12,8,0,2709,1
3593,11593,69,Female,89216,SEO,Awareness,5614.56,0.25,0.08,31,8.18,5.83,9,7,1,6,1600,1
3594,11594,42,Female,50312,Social Media,Retention,3058.01,0.04,0.15,33,2.4,14.04,85,14,2,0,542,0
3595,11595,31,Male,133687,Social Media,Conversion,4908.96,0.26,0.1,5,4.22,3.74,71,6,8,9,2612,1
3596,11596,28,Male,41191,Email,Awareness,3413.97,0.21,0.03,43,4.92,3.11,78,14,2,6,551,0
3597,11597,52,Female,129602,Social Media,Consideration,2032.56,0.1,0.13,4,8.88,8.0,19,8,4,4,1636,1
3598,11598,58,Male,103457,SEO,Conversion,6528.73,0.26,0.1,23,5.29,14.26,88,13,2,1,3367,1
3599,11599,31,Male,56640,Email,Awareness,6767.02,0.18,0.07,48,5.61,7.8,11,14,9,8,3683,1
3600,11600,47,Female,120171,Social Media,Retention,8309.39,0.26,0.16,18,3.29,14.41,89,10,3,5,2348,1
3601,11601,58,Female,82293,Social Media,Conversion,8760.04,0.15,0.04,29,7.02,3.26,67,3,2,6,3196,1
3602,11602,21,Male,134124,SEO,Conversion,7074.17,0.16,0.18,11,1.23,0.65,62,13,9,8,4563,1
3603,11603,21,Male,135849,Social Media,Awareness,6906.23,0.09,0.07,4,9.68,4.89,25,14,3,7,2672,1
3604,11604,45,Male,56688,SEO,Consideration,661.09,0.12,0.1,27,5.48,9.75,59,3,0,7,575,1
3605,11605,25,Female,91229,Referral,Awareness,1186.81,0.17,0.19,38,1.56,9.08,73,13,7,2,3363,1
3606,11606,19,Male,105802,SEO,Awareness,8144.37,0.28,0.15,33,6.03,4.01,60,3,9,7,4352,1
3607,11607,58,Male,129252,PPC,Awareness,2406.22,0.18,0.02,11,5.63,10.09,14,8,6,3,893,1
3608,11608,63,Female,112024,Social Media,Awareness,3620.09,0.05,0.12,22,3.17,12.54,4,0,5,6,4783,1
3609,11609,39,Male,44122,Referral,Awareness,1538.44,0.01,0.07,4,2.88,10.46,31,7,6,5,1641,1
3610,11610,58,Male,61224,Email,Retention,2032.0,0.26,0.11,39,3.44,11.05,95,14,7,0,839,1
3611,11611,33,Male,114540,PPC,Awareness,7776.63,0.12,0.15,36,2.17,4.96,21,5,0,3,491,0
3612,11612,46,Male,26331,Email,Consideration,2692.41,0.1,0.1,15,5.78,8.17,21,0,6,8,1174,1
3613,11613,66,Male,107102,PPC,Conversion,4545.45,0.24,0.02,8,8.91,1.12,11,5,8,8,3315,1
3614,11614,65,Male,131411,Referral,Retention,1601.55,0.28,0.11,32,9.31,5.71,63,19,3,6,4210,1
3615,11615,47,Female,62262,Referral,Consideration,6811.51,0.23,0.01,36,9.58,12.33,74,13,1,2,340,1
3616,11616,29,Male,132157,Referral,Awareness,7309.87,0.06,0.08,32,6.4,11.96,87,7,0,2,3776,1
3617,11617,52,Female,127690,PPC,Consideration,3680.75,0.12,0.1,48,6.59,14.14,79,6,7,7,147,1
3618,11618,28,Female,136214,SEO,Conversion,7868.99,0.23,0.13,0,3.79,14.55,15,15,8,8,1210,1
3619,11619,63,Female,126435,Email,Consideration,2475.08,0.27,0.11,46,8.97,14.6,64,0,2,2,4197,1
3620,11620,67,Male,130100,SEO,Awareness,6949.85,0.3,0.04,36,5.39,2.78,50,9,7,7,1198,1
3621,11621,38,Male,106314,SEO,Conversion,7326.65,0.16,0.19,8,3.51,2.25,86,11,7,5,3120,1
3622,11622,38,Female,79592,Social Media,Awareness,9689.71,0.25,0.13,17,9.69,13.19,91,8,0,4,399,1
3623,11623,22,Female,53926,Email,Awareness,2399.98,0.02,0.07,37,7.35,6.06,31,9,7,6,3351,1
3624,11624,65,Female,106287,PPC,Retention,1027.73,0.09,0.19,20,5.18,5.68,52,9,1,1,3164,1
3625,11625,37,Male,139318,Social Media,Conversion,2704.05,0.12,0.18,43,1.62,8.24,99,2,1,0,1291,1
3626,11626,54,Female,138201,Social Media,Conversion,1316.34,0.29,0.04,13,2.26,7.05,2,1,3,1,3906,1
3627,11627,20,Male,144958,Referral,Awareness,1779.97,0.01,0.13,38,2.77,3.73,12,8,9,1,577,0
3628,11628,61,Male,37528,PPC,Consideration,3407.73,0.1,0.12,38,9.13,12.75,91,16,6,3,2725,1
3629,11629,50,Female,20068,SEO,Conversion,4198.51,0.28,0.05,5,9.74,13.68,91,4,1,1,3131,0
3630,11630,26,Male,89253,SEO,Consideration,9046.87,0.1,0.05,2,3.4,11.34,57,11,4,3,3934,1
3631,11631,26,Female,100754,SEO,Consideration,2036.6,0.08,0.12,47,5.48,1.2,44,3,3,3,732,0
3632,11632,21,Female,63968,Referral,Conversion,9720.41,0.22,0.07,47,8.13,2.21,23,9,5,0,1491,1
3633,11633,52,Female,110938,SEO,Consideration,8120.52,0.23,0.17,17,4.46,5.52,50,16,2,8,4803,1
3634,11634,34,Female,68623,Email,Conversion,8826.57,0.15,0.03,36,5.43,8.57,12,1,8,2,348,1
3635,11635,51,Female,117179,SEO,Retention,9301.5,0.28,0.18,19,8.99,9.34,23,19,0,3,1737,1
3636,11636,41,Female,62129,SEO,Conversion,7557.09,0.07,0.17,28,2.87,1.95,4,5,7,2,307,1
3637,11637,49,Male,143863,Email,Conversion,7908.92,0.27,0.15,35,9.94,14.42,80,4,5,0,4157,1
3638,11638,18,Female,133996,Referral,Conversion,4434.4,0.23,0.06,15,5.11,8.18,49,7,3,9,162,1
3639,11639,25,Male,114688,Social Media,Retention,5153.46,0.12,0.15,3,3.32,6.76,75,15,8,6,2970,1
3640,11640,62,Male,81321,PPC,Consideration,9331.61,0.24,0.09,44,9.03,3.27,48,2,0,7,256,1
3641,11641,40,Male,31526,Referral,Retention,3844.73,0.05,0.13,13,1.69,14.29,17,8,8,0,2968,1
3642,11642,64,Female,112452,SEO,Consideration,515.28,0.05,0.07,16,6.78,6.99,32,3,1,8,2198,1
3643,11643,57,Female,128511,Social Media,Conversion,7651.27,0.28,0.17,34,1.56,2.21,57,0,5,8,4627,1
3644,11644,29,Female,111564,PPC,Conversion,5774.26,0.04,0.02,34,9.52,9.41,30,5,7,0,1290,1
3645,11645,29,Male,46709,PPC,Retention,8167.27,0.01,0.14,48,6.76,5.58,33,17,1,7,600,1
3646,11646,63,Female,127535,PPC,Retention,847.96,0.12,0.17,44,4.58,12.22,93,3,4,3,1350,1
3647,11647,64,Female,35063,Email,Retention,6250.2,0.04,0.13,31,4.82,8.41,95,11,9,2,387,1
3648,11648,32,Female,24723,Email,Retention,2552.29,0.26,0.05,9,2.49,2.03,73,13,9,6,4280,0
3649,11649,58,Female,24213,Social Media,Conversion,9042.36,0.28,0.06,28,4.24,11.38,30,2,3,1,901,1
3650,11650,36,Male,42797,SEO,Conversion,1188.11,0.15,0.11,11,9.13,4.92,98,18,4,2,2529,1
3651,11651,43,Female,121770,Social Media,Awareness,8446.39,0.13,0.07,8,8.25,6.42,78,1,9,8,915,1
3652,11652,69,Female,104946,SEO,Retention,976.69,0.17,0.01,25,6.95,11.75,26,1,3,4,3697,1
3653,11653,46,Female,108918,Referral,Retention,348.46,0.08,0.02,20,9.71,2.04,58,16,2,5,4157,0
3654,11654,39,Female,65217,PPC,Consideration,2427.09,0.1,0.16,0,6.16,14.68,26,4,3,2,2081,1
3655,11655,57,Female,88283,PPC,Consideration,3397.14,0.04,0.03,35,2.59,10.68,0,0,4,2,1141,0
3656,11656,38,Female,43655,Email,Conversion,6302.63,0.14,0.19,18,7.42,3.29,75,15,0,7,3165,1
3657,11657,68,Male,115884,Referral,Awareness,1404.07,0.19,0.09,5,6.33,1.34,67,5,3,2,2330,1
3658,11658,55,Male,97990,Referral,Retention,4429.57,0.28,0.15,46,4.93,8.4,22,4,8,9,4744,1
3659,11659,37,Female,32587,SEO,Awareness,2122.21,0.22,0.03,17,2.32,6.0,97,11,7,3,4994,1
3660,11660,46,Female,42555,Referral,Awareness,8567.5,0.22,0.19,36,7.1,0.93,51,16,4,6,3105,1
3661,11661,68,Male,48071,Email,Conversion,545.17,0.1,0.02,7,5.0,9.33,56,10,2,8,4150,1
3662,11662,21,Female,40239,SEO,Awareness,3623.78,0.27,0.02,10,6.21,4.98,86,18,1,2,1392,0
3663,11663,24,Female,143441,Social Media,Retention,6350.6,0.28,0.02,4,3.84,5.17,50,1,7,5,3872,1
3664,11664,45,Female,117138,SEO,Conversion,9139.57,0.28,0.03,20,2.4,2.85,82,15,7,2,559,1
3665,11665,45,Female,69151,Social Media,Awareness,8693.13,0.02,0.1,39,4.24,2.54,83,18,4,2,172,1
3666,11666,21,Female,22203,SEO,Conversion,8962.4,0.19,0.16,42,8.67,2.59,62,7,6,5,450,1
3667,11667,39,Female,33635,PPC,Conversion,722.25,0.2,0.06,20,2.44,13.35,83,3,0,0,2974,1
3668,11668,29,Female,72571,Social Media,Consideration,8425.14,0.1,0.15,19,5.24,8.23,92,5,5,0,1029,1
3669,11669,62,Female,21144,Email,Conversion,7821.13,0.3,0.16,41,3.68,7.31,76,19,9,3,1194,1
3670,11670,20,Male,52699,Social Media,Awareness,9034.07,0.09,0.18,8,9.66,10.71,27,2,8,2,1868,1
3671,11671,39,Male,104619,Social Media,Consideration,3184.61,0.07,0.04,1,1.76,5.14,23,8,6,6,4832,0
3672,11672,61,Female,111663,SEO,Retention,9126.47,0.15,0.04,48,3.21,12.42,21,18,4,6,2240,1
3673,11673,19,Female,149844,PPC,Retention,4086.15,0.1,0.03,3,5.05,3.36,85,0,5,3,4604,0
3674,11674,41,Female,32213,SEO,Retention,6377.59,0.28,0.08,25,3.23,12.14,39,2,6,6,1205,1
3675,11675,51,Female,36944,SEO,Retention,4299.37,0.14,0.1,11,7.36,1.31,74,0,5,3,2261,1
3676,11676,44,Male,86723,PPC,Retention,4333.72,0.13,0.1,18,4.34,2.77,7,14,4,7,3761,1
3677,11677,58,Female,88669,SEO,Awareness,5511.71,0.19,0.06,18,8.03,13.44,95,4,1,3,3708,1
3678,11678,18,Female,88947,PPC,Conversion,3623.67,0.03,0.13,18,5.96,2.08,87,15,2,1,1185,1
3679,11679,25,Female,54457,Email,Consideration,7948.1,0.23,0.07,28,4.84,4.06,11,4,3,9,4532,1
3680,11680,40,Female,122711,PPC,Conversion,6373.02,0.23,0.08,38,4.28,1.12,48,18,4,3,3008,1
3681,11681,55,Female,55191,Referral,Conversion,6928.58,0.15,0.03,44,3.0,9.18,20,11,0,9,2596,1
3682,11682,23,Female,136057,PPC,Awareness,2387.24,0.29,0.12,33,3.27,5.25,66,12,9,2,2838,1
3683,11683,39,Female,149173,PPC,Awareness,9698.8,0.18,0.13,7,2.59,9.69,38,7,6,4,3979,1
3684,11684,42,Male,140695,Referral,Awareness,6635.74,0.21,0.15,5,8.67,1.74,61,16,7,3,4717,1
3685,11685,35,Female,92264,PPC,Consideration,2052.24,0.28,0.18,31,5.93,6.23,81,11,6,9,4883,1
3686,11686,34,Female,77924,Social Media,Awareness,7529.85,0.2,0.16,27,5.35,5.89,57,13,4,5,2554,1
3687,11687,29,Female,53744,SEO,Conversion,1819.77,0.14,0.05,10,3.9,8.28,61,10,0,2,4434,1
3688,11688,23,Male,73424,SEO,Consideration,727.51,0.02,0.05,27,5.65,4.78,69,0,8,2,4278,1
3689,11689,43,Female,108417,Email,Awareness,5322.78,0.22,0.18,31,8.94,14.78,35,1,1,3,705,1
3690,11690,44,Female,98337,Email,Awareness,5579.89,0.29,0.16,40,8.7,5.08,44,15,9,2,4551,1
3691,11691,25,Female,96084,Referral,Awareness,1970.76,0.15,0.16,7,6.39,10.6,78,1,0,2,4769,1
3692,11692,36,Male,52886,Social Media,Conversion,3548.95,0.11,0.15,19,5.77,5.81,14,0,1,3,1140,1
3693,11693,59,Female,119846,Email,Awareness,9463.12,0.16,0.06,23,3.03,8.24,61,0,3,9,1063,1
3694,11694,18,Female,139550,SEO,Conversion,2921.53,0.22,0.17,26,7.24,3.79,37,9,1,7,1489,1
3695,11695,46,Female,104963,Email,Consideration,1640.12,0.01,0.04,46,8.68,3.01,63,17,5,6,3638,1
3696,11696,62,Male,20972,Email,Awareness,9926.36,0.27,0.08,10,3.75,14.6,87,1,7,0,2826,1
3697,11697,66,Male,119219,PPC,Retention,3092.82,0.27,0.08,46,4.92,8.34,70,2,8,3,2503,1
3698,11698,52,Female,26621,Email,Retention,6834.51,0.17,0.12,22,1.96,7.18,8,13,7,5,2497,1
3699,11699,57,Male,111549,Referral,Conversion,2392.45,0.05,0.1,21,8.72,9.8,74,11,7,6,1766,1
3700,11700,31,Male,69738,SEO,Awareness,5546.2,0.2,0.1,4,1.88,3.74,79,8,8,9,1576,1
3701,11701,52,Male,77694,Referral,Awareness,3924.19,0.05,0.12,47,7.34,12.42,70,12,7,8,2972,1
3702,11702,65,Female,74777,Referral,Retention,9619.63,0.16,0.09,33,2.68,4.1,24,9,1,0,1037,1
3703,11703,62,Female,34530,Social Media,Consideration,4384.78,0.04,0.06,30,7.6,8.37,77,5,6,0,3662,1
3704,11704,37,Male,27354,PPC,Consideration,5883.32,0.18,0.14,46,6.78,2.34,64,4,2,1,4786,1
3705,11705,66,Male,66529,Referral,Conversion,9453.19,0.1,0.16,36,7.21,8.83,19,17,0,3,814,1
3706,11706,30,Female,122895,Social Media,Retention,9893.42,0.25,0.1,46,6.72,7.5,27,6,9,1,1782,1
3707,11707,55,Female,71714,SEO,Conversion,1106.42,0.24,0.13,25,4.57,4.57,48,15,8,6,4015,1
3708,11708,66,Male,108759,SEO,Conversion,8359.78,0.3,0.11,22,6.58,4.96,33,10,7,9,4398,1
3709,11709,63,Male,144750,Social Media,Consideration,3882.95,0.08,0.02,42,3.11,0.64,72,9,5,7,1924,1
3710,11710,66,Female,61232,Referral,Retention,5988.8,0.03,0.09,37,3.47,0.9,19,7,1,0,4426,1
3711,11711,25,Female,72079,Referral,Conversion,3812.98,0.14,0.01,37,1.59,9.21,94,4,0,9,868,0
3712,11712,60,Female,140883,PPC,Consideration,4071.05,0.03,0.14,31,6.52,10.92,84,0,9,7,4438,1
3713,11713,37,Female,32550,PPC,Consideration,1672.69,0.06,0.11,4,8.57,8.43,21,2,5,9,2672,1
3714,11714,50,Male,146319,SEO,Awareness,5770.39,0.18,0.03,24,4.41,1.69,76,14,4,8,73,1
3715,11715,43,Female,108196,PPC,Retention,5512.49,0.18,0.11,32,2.88,14.14,43,9,1,8,4474,1
3716,11716,56,Female,80385,Social Media,Retention,1974.62,0.02,0.18,6,8.42,10.84,46,0,0,1,761,0
3717,11717,38,Female,84736,SEO,Awareness,5463.13,0.14,0.07,15,6.8,3.94,24,9,2,2,2094,1
3718,11718,66,Male,116565,Referral,Conversion,9733.71,0.16,0.2,48,9.04,10.24,21,15,4,8,3781,1
3719,11719,59,Female,50268,SEO,Consideration,7172.65,0.09,0.19,28,1.06,2.12,60,11,8,7,3580,1
3720,11720,60,Female,146828,Email,Consideration,4861.73,0.26,0.16,14,4.61,11.8,51,4,7,3,3915,1
3721,11721,58,Male,132655,SEO,Consideration,9169.23,0.06,0.16,19,9.11,7.47,19,10,8,4,3973,1
3722,11722,26,Female,111876,PPC,Awareness,5795.61,0.08,0.09,21,7.08,6.44,95,4,4,3,3841,1
3723,11723,41,Male,24290,Social Media,Consideration,1436.98,0.06,0.09,9,5.22,0.63,79,5,3,4,4856,0
3724,11724,54,Male,75034,Referral,Conversion,5520.35,0.04,0.19,7,4.73,9.96,19,1,2,0,4738,1
3725,11725,66,Male,50138,Referral,Conversion,1891.63,0.26,0.08,31,9.06,12.52,85,9,2,1,4248,1
3726,11726,58,Male,91982,PPC,Awareness,7698.3,0.09,0.03,27,8.49,4.68,44,3,3,1,2989,0
3727,11727,34,Male,139855,PPC,Conversion,9675.02,0.22,0.04,8,1.11,0.67,36,11,4,4,5,1
3728,11728,41,Female,144650,PPC,Retention,3672.1,0.13,0.15,30,2.09,11.74,14,4,9,1,2015,1
3729,11729,38,Female,33432,Email,Retention,4405.69,0.19,0.08,22,5.61,9.72,75,15,6,0,2163,1
3730,11730,68,Female,87058,Social Media,Consideration,4272.82,0.28,0.05,18,2.03,11.76,8,18,8,9,1220,1
3731,11731,56,Male,78175,Email,Consideration,2924.47,0.25,0.16,31,3.47,8.31,43,14,3,4,1611,1
3732,11732,58,Female,53329,PPC,Retention,7962.38,0.03,0.1,9,8.51,7.18,14,18,4,1,1620,1
3733,11733,56,Female,89076,Social Media,Conversion,6215.51,0.26,0.12,19,4.48,3.68,43,11,4,1,2798,1
3734,11734,30,Female,32328,PPC,Awareness,734.11,0.14,0.04,34,5.06,1.64,85,0,3,0,2239,0
3735,11735,28,Female,54247,Social Media,Consideration,8404.18,0.11,0.05,30,2.57,7.34,11,9,2,9,3937,1
3736,11736,63,Female,26677,Referral,Consideration,1952.17,0.21,0.03,10,6.42,13.09,26,7,6,2,4686,1
3737,11737,36,Female,81810,Email,Retention,9793.6,0.29,0.11,42,2.08,1.36,18,2,4,1,3768,1
3738,11738,28,Female,70357,PPC,Retention,3828.97,0.04,0.16,39,6.67,14.84,24,11,1,6,4880,1
3739,11739,30,Male,75812,PPC,Awareness,6202.85,0.23,0.15,9,7.72,14.23,73,6,8,7,3909,1
3740,11740,63,Female,61616,SEO,Consideration,870.45,0.07,0.06,8,8.86,9.79,98,19,0,8,789,0
3741,11741,62,Female,81284,Referral,Conversion,3512.17,0.12,0.17,41,6.24,13.76,63,5,3,7,2789,1
3742,11742,18,Female,69741,PPC,Conversion,8043.3,0.26,0.03,9,3.99,8.53,11,4,6,5,4141,1
3743,11743,57,Female,73478,Email,Retention,4824.36,0.17,0.03,49,8.67,6.37,49,13,7,7,197,1
3744,11744,61,Female,74056,Referral,Awareness,9055.57,0.03,0.17,36,6.37,8.79,71,6,9,0,2528,1
3745,11745,36,Female,111483,PPC,Retention,5793.87,0.16,0.06,36,4.22,13.21,10,14,5,8,1470,1
3746,11746,29,Male,65534,Email,Awareness,9292.86,0.24,0.14,6,3.9,14.38,82,15,6,7,4325,1
3747,11747,25,Male,99056,SEO,Conversion,9827.84,0.16,0.01,19,3.89,12.65,22,18,8,2,125,1
3748,11748,25,Male,84162,SEO,Awareness,4593.56,0.06,0.03,19,1.51,3.11,87,1,5,1,3843,0
3749,11749,62,Female,64711,Email,Conversion,5695.05,0.14,0.13,7,1.91,9.08,14,1,6,8,3143,1
3750,11750,29,Female,42805,Referral,Awareness,8365.71,0.28,0.04,16,1.81,6.95,62,8,1,2,823,1
3751,11751,65,Female,115980,Email,Retention,2293.18,0.2,0.02,37,3.81,7.48,19,9,6,5,731,1
3752,11752,50,Female,40143,Email,Conversion,8630.13,0.22,0.1,24,5.27,6.71,88,3,6,1,2986,1
3753,11753,62,Female,95828,SEO,Consideration,5960.01,0.24,0.07,12,2.33,1.48,77,0,1,4,3027,1
3754,11754,43,Female,128380,SEO,Consideration,7282.45,0.04,0.16,44,8.45,12.77,9,4,4,5,1394,1
3755,11755,56,Female,82473,SEO,Conversion,890.55,0.18,0.17,12,1.59,14.69,60,18,3,8,1527,1
3756,11756,45,Female,36017,PPC,Consideration,7685.26,0.12,0.13,47,9.51,3.54,92,0,6,3,306,1
3757,11757,22,Female,83202,PPC,Conversion,3176.79,0.05,0.07,1,1.67,9.52,46,16,3,9,153,1
3758,11758,25,Male,110859,Social Media,Retention,8071.8,0.07,0.1,36,9.05,8.28,48,18,8,8,4466,1
3759,11759,42,Female,61423,PPC,Retention,5140.61,0.24,0.14,41,3.35,13.5,48,2,8,6,4957,1
3760,11760,44,Female,61713,Referral,Awareness,2818.68,0.06,0.02,41,9.88,10.71,75,2,4,8,4245,1
3761,11761,63,Male,107856,Referral,Consideration,9532.32,0.1,0.07,10,5.69,11.37,32,11,7,2,4658,1
3762,11762,40,Female,94310,SEO,Consideration,7674.12,0.09,0.17,19,1.16,14.3,86,18,2,8,4212,1
3763,11763,47,Female,22205,Email,Consideration,9858.29,0.02,0.09,8,3.54,10.12,77,10,3,6,2771,1
3764,11764,62,Female,73266,SEO,Conversion,3708.25,0.14,0.13,44,9.46,7.08,22,9,1,6,1549,1
3765,11765,64,Male,32342,Email,Retention,6527.27,0.23,0.03,44,3.7,1.25,52,9,2,5,4555,1
3766,11766,40,Female,89563,SEO,Consideration,6154.73,0.02,0.16,28,4.24,13.64,36,2,3,9,0,1
3767,11767,66,Female,83190,SEO,Awareness,6906.81,0.04,0.03,33,1.4,9.05,21,17,8,1,874,0
3768,11768,64,Male,101863,Referral,Consideration,479.33,0.22,0.17,4,3.28,10.39,92,4,3,6,22,1
3769,11769,37,Female,41200,Email,Awareness,2988.02,0.18,0.03,30,3.33,7.83,99,5,0,7,4245,1
3770,11770,35,Male,27188,Social Media,Consideration,9102.44,0.22,0.18,25,7.44,6.21,1,17,1,9,3248,1
3771,11771,35,Male,146233,Social Media,Consideration,4295.82,0.08,0.08,36,5.55,7.81,19,12,6,0,1468,1
3772,11772,19,Male,22808,SEO,Retention,9610.37,0.24,0.13,43,2.45,1.2,4,0,1,7,2723,1
3773,11773,21,Male,33851,SEO,Awareness,2213.68,0.15,0.17,19,8.16,12.07,90,3,2,7,4952,1
3774,11774,47,Female,100890,Referral,Consideration,9974.5,0.19,0.01,7,6.5,2.79,2,9,9,4,2335,1
3775,11775,50,Male,84928,Email,Awareness,7006.05,0.04,0.06,5,3.42,5.32,81,15,2,3,2966,1
3776,11776,53,Female,149831,SEO,Awareness,7786.29,0.07,0.18,17,3.01,1.76,76,15,7,1,722,1
3777,11777,35,Female,35058,Social Media,Retention,4028.93,0.23,0.08,7,9.32,12.39,85,16,6,2,4342,1
3778,11778,54,Female,34620,Email,Retention,9079.38,0.07,0.14,24,6.73,2.94,76,10,0,2,4525,1
3779,11779,36,Female,72755,SEO,Awareness,5500.08,0.04,0.04,1,8.27,6.28,11,7,7,5,3764,1
3780,11780,64,Female,82995,Email,Retention,6841.29,0.18,0.14,27,3.03,6.52,31,13,2,5,1392,1
3781,11781,45,Female,116766,Referral,Consideration,1038.6,0.17,0.02,41,6.3,5.09,57,17,4,8,819,1
3782,11782,57,Male,56681,Social Media,Consideration,6353.64,0.19,0.15,24,1.48,12.97,99,0,6,7,3505,1
3783,11783,37,Female,84509,Email,Retention,8802.88,0.19,0.07,19,6.35,11.69,70,8,2,8,4905,1
3784,11784,66,Female,103339,Social Media,Awareness,1865.0,0.16,0.1,5,2.83,11.28,69,19,7,0,3185,1
3785,11785,50,Male,87703,SEO,Consideration,7403.49,0.15,0.04,36,7.02,3.76,39,10,7,9,3133,1
3786,11786,29,Male,87680,PPC,Conversion,351.47,0.28,0.13,15,9.39,3.25,5,3,8,0,23,1
3787,11787,68,Male,87703,Email,Awareness,9269.41,0.16,0.07,34,5.13,4.08,62,1,5,3,389,1
3788,11788,32,Female,128056,Social Media,Awareness,9830.88,0.19,0.08,35,3.75,6.1,24,17,1,4,3154,1
3789,11789,58,Female,62136,Email,Conversion,3606.38,0.09,0.13,0,2.11,7.44,90,4,7,6,2674,1
3790,11790,56,Female,111380,SEO,Conversion,1160.03,0.26,0.04,13,7.04,4.13,68,1,9,2,2674,1
3791,11791,19,Male,140579,SEO,Awareness,6619.91,0.02,0.17,13,6.26,7.14,82,10,1,0,4171,1
3792,11792,46,Female,113699,Social Media,Conversion,395.36,0.17,0.15,23,5.9,3.17,72,1,8,7,159,1
3793,11793,58,Male,108456,Referral,Retention,4876.61,0.12,0.12,18,9.42,4.4,49,11,1,4,664,1
3794,11794,27,Male,103086,Email,Retention,2790.61,0.19,0.03,37,9.8,4.28,39,9,6,4,63,1
3795,11795,19,Female,56343,Email,Awareness,4786.06,0.11,0.14,43,7.45,11.04,0,18,2,5,735,1
3796,11796,68,Male,137529,SEO,Retention,280.93,0.22,0.01,17,2.76,7.15,45,3,0,8,515,0
3797,11797,28,Male,38254,Email,Consideration,610.96,0.02,0.16,8,9.52,9.42,72,6,7,1,4225,1
3798,11798,30,Male,81273,Social Media,Retention,258.16,0.13,0.07,12,4.1,10.2,38,13,6,3,1430,1
3799,11799,27,Female,79611,PPC,Retention,6229.41,0.25,0.03,44,1.71,1.49,9,12,2,3,3155,1
3800,11800,31,Female,137574,SEO,Conversion,5644.92,0.08,0.04,18,3.17,12.03,48,0,0,6,3619,1
3801,11801,35,Female,134847,PPC,Retention,2408.26,0.03,0.19,9,8.47,4.62,13,19,9,5,699,0
3802,11802,68,Female,125547,Email,Awareness,6501.77,0.15,0.16,37,2.83,7.89,45,0,3,5,3508,1
3803,11803,26,Male,80002,Referral,Retention,8853.65,0.29,0.06,2,4.56,5.41,39,1,4,9,16,1
3804,11804,56,Female,105683,Social Media,Retention,2845.49,0.03,0.19,47,3.46,11.72,88,15,2,0,1621,1
3805,11805,45,Female,32926,Email,Awareness,8336.74,0.03,0.04,40,1.43,3.81,18,1,4,8,3910,0
3806,11806,20,Male,119359,Social Media,Awareness,6658.84,0.18,0.15,16,6.06,14.47,16,11,0,6,250,1
3807,11807,37,Male,84264,Email,Conversion,434.82,0.08,0.13,22,6.66,6.3,81,18,6,2,4711,1
3808,11808,23,Male,135021,Email,Consideration,3813.98,0.13,0.17,26,8.12,10.82,45,14,1,9,4950,1
3809,11809,44,Female,138284,Email,Retention,5126.8,0.25,0.08,8,4.73,9.8,72,15,4,3,1485,1
3810,11810,19,Male,109527,SEO,Consideration,7343.82,0.07,0.09,4,2.27,11.27,64,15,9,0,4077,1
3811,11811,46,Female,127387,PPC,Conversion,2942.59,0.22,0.13,18,6.87,8.49,69,10,1,1,3832,1
3812,11812,55,Male,47563,Referral,Awareness,9829.03,0.16,0.09,28,9.01,6.07,37,5,7,5,1901,1
3813,11813,20,Male,50688,PPC,Awareness,6876.94,0.27,0.02,14,2.08,3.1,16,16,2,6,3536,1
3814,11814,33,Female,114559,PPC,Awareness,3790.86,0.29,0.15,41,2.64,8.03,72,6,0,4,295,1
3815,11815,47,Female,54130,Social Media,Conversion,1060.55,0.15,0.13,35,3.96,1.38,10,10,5,1,4400,1
3816,11816,57,Male,20925,SEO,Retention,1895.54,0.18,0.09,11,6.85,1.35,52,12,7,6,823,1
3817,11817,19,Male,140207,SEO,Conversion,4927.32,0.23,0.07,13,5.71,9.39,17,15,6,6,3408,1
3818,11818,34,Male,71595,Email,Awareness,4997.48,0.1,0.07,14,7.41,7.47,6,12,5,2,3849,1
3819,11819,58,Male,36321,PPC,Retention,7700.42,0.08,0.15,30,1.28,7.84,34,7,4,0,4258,1
3820,11820,29,Male,30769,Referral,Awareness,7289.15,0.29,0.15,4,8.29,5.12,43,8,7,0,1417,1
3821,11821,52,Female,56748,Social Media,Awareness,2092.6,0.14,0.17,43,9.89,11.96,70,4,9,7,4906,1
3822,11822,60,Female,60028,SEO,Conversion,5990.07,0.01,0.15,2,1.42,3.42,38,13,3,6,4115,1
3823,11823,18,Female,36151,Email,Conversion,304.16,0.25,0.15,46,5.46,9.0,10,10,6,3,719,1
3824,11824,62,Male,96133,Referral,Consideration,4045.62,0.18,0.06,29,7.66,12.98,9,11,1,3,1574,1
3825,11825,32,Male,54187,PPC,Awareness,7664.64,0.06,0.03,46,5.29,12.59,97,19,8,0,2097,1
3826,11826,43,Male,63835,Referral,Retention,4055.14,0.02,0.15,11,6.34,0.92,87,19,7,0,3912,1
3827,11827,54,Female,20059,SEO,Awareness,8372.4,0.09,0.03,14,9.29,4.55,75,9,3,0,1996,1
3828,11828,38,Female,120828,Social Media,Retention,9763.94,0.28,0.2,37,5.86,10.86,8,0,6,7,4271,1
3829,11829,66,Male,105717,PPC,Consideration,6111.4,0.28,0.18,27,3.13,11.24,85,15,0,1,4512,1
3830,11830,48,Female,47235,Social Media,Awareness,1535.54,0.1,0.11,48,7.65,7.5,95,6,4,6,2850,1
3831,11831,42,Female,114208,Referral,Retention,3858.8,0.25,0.08,22,4.38,3.44,7,15,1,9,1112,1
3832,11832,40,Male,87114,Referral,Retention,193.89,0.14,0.11,46,3.57,4.55,47,13,1,6,4323,1
3833,11833,41,Male,65366,Email,Consideration,6066.99,0.2,0.15,14,3.24,12.11,20,3,1,6,886,1
3834,11834,55,Female,149191,PPC,Conversion,8233.53,0.11,0.15,10,1.71,3.29,79,2,1,4,4444,1
3835,11835,45,Female,132831,Referral,Consideration,6336.41,0.16,0.02,29,9.4,14.16,96,18,4,5,3236,1
3836,11836,38,Male,141889,SEO,Retention,7882.25,0.1,0.16,11,6.07,7.76,88,16,3,7,2505,1
3837,11837,60,Male,145985,SEO,Consideration,8019.05,0.03,0.13,18,9.6,4.61,5,11,0,3,2633,1
3838,11838,35,Female,101583,Social Media,Conversion,8525.02,0.05,0.02,31,8.76,6.15,58,16,5,2,2363,1
3839,11839,53,Male,52160,SEO,Awareness,2739.97,0.09,0.07,0,1.27,4.22,67,0,2,1,1969,0
3840,11840,52,Female,119011,Referral,Consideration,8725.56,0.29,0.11,15,3.23,6.07,22,0,7,3,2668,1
3841,11841,62,Female,110085,SEO,Consideration,6575.53,0.29,0.05,10,3.84,2.4,72,10,1,0,4364,0
3842,11842,26,Male,25277,PPC,Awareness,2968.28,0.25,0.04,30,5.41,12.44,99,2,7,3,2194,1
3843,11843,55,Male,21780,Social Media,Consideration,9874.22,0.08,0.01,32,7.45,14.47,74,3,5,3,3350,1
3844,11844,47,Female,66579,PPC,Conversion,9506.81,0.14,0.18,35,7.13,10.06,34,6,4,8,3126,1
3845,11845,61,Male,137101,Referral,Retention,5786.97,0.14,0.02,29,9.89,12.22,11,17,9,9,3593,1
3846,11846,51,Male,148339,Referral,Consideration,8447.76,0.12,0.08,37,9.31,3.81,98,19,5,8,1207,1
3847,11847,49,Female,131449,SEO,Awareness,2688.8,0.02,0.05,3,2.68,1.41,70,6,5,5,1139,0
3848,11848,20,Male,80750,Email,Awareness,4218.77,0.17,0.15,24,8.74,9.59,56,10,3,2,2976,1
3849,11849,20,Female,76902,Email,Consideration,1921.32,0.03,0.14,33,8.59,12.35,28,13,0,9,567,1
3850,11850,45,Male,100198,Referral,Awareness,5249.02,0.24,0.16,16,6.17,12.6,84,7,1,8,1644,1
3851,11851,61,Female,136849,Referral,Retention,5010.41,0.21,0.13,32,4.04,8.23,66,19,7,5,3651,1
3852,11852,32,Male,117052,Social Media,Retention,2206.85,0.11,0.12,29,2.88,9.52,60,15,8,8,1155,1
3853,11853,58,Female,147894,Referral,Awareness,6760.74,0.2,0.09,12,2.91,5.84,60,17,3,9,4238,1
3854,11854,40,Female,52161,Referral,Consideration,1266.12,0.08,0.13,11,4.04,12.54,87,11,7,8,3742,1
3855,11855,57,Male,64499,Social Media,Consideration,710.75,0.09,0.03,31,5.54,10.62,29,8,9,3,4865,1
3856,11856,28,Female,51886,PPC,Awareness,3910.56,0.1,0.14,22,6.25,3.2,26,19,5,2,1739,1
3857,11857,65,Male,28800,PPC,Retention,4157.27,0.24,0.03,28,3.93,4.55,92,8,0,0,2208,0
3858,11858,49,Female,69460,Social Media,Retention,3265.43,0.07,0.17,33,4.21,2.7,29,12,5,4,1457,1
3859,11859,53,Female,149424,Social Media,Consideration,2653.67,0.17,0.11,18,1.12,7.83,99,5,6,3,2497,1
3860,11860,50,Female,90975,PPC,Retention,3453.89,0.07,0.11,11,1.02,3.43,54,4,0,2,4947,0
3861,11861,41,Male,89843,PPC,Conversion,1717.42,0.09,0.12,3,9.16,2.8,22,9,8,7,1015,1
3862,11862,56,Female,22364,PPC,Retention,4094.18,0.08,0.16,24,1.13,2.83,36,10,5,9,535,0
3863,11863,51,Male,36568,PPC,Consideration,9055.57,0.2,0.1,25,1.3,4.36,25,13,7,6,2189,1
3864,11864,45,Female,58092,SEO,Retention,2321.83,0.16,0.09,17,2.85,12.23,35,15,7,1,3632,1
3865,11865,54,Female,91019,Social Media,Retention,6876.07,0.22,0.06,29,7.69,14.11,91,6,8,8,1960,1
3866,11866,24,Male,82679,Email,Awareness,1503.67,0.07,0.03,33,7.11,14.94,62,17,0,7,2847,1
3867,11867,21,Male,85781,SEO,Conversion,3603.68,0.01,0.05,32,6.82,1.08,36,7,5,9,186,1
3868,11868,54,Female,28430,Email,Awareness,3279.63,0.21,0.01,30,6.17,8.75,50,13,8,3,3711,1
3869,11869,18,Female,93719,Email,Retention,9376.59,0.04,0.18,30,2.82,4.36,67,9,7,3,2021,1
3870,11870,18,Male,58692,Referral,Retention,4337.02,0.08,0.16,12,4.58,14.84,92,13,3,6,503,1
3871,11871,64,Male,50086,Social Media,Awareness,6935.61,0.1,0.05,23,5.3,14.77,77,19,4,6,2646,1
3872,11872,37,Female,69671,SEO,Conversion,6064.38,0.23,0.01,4,6.24,14.04,62,12,8,3,732,1
3873,11873,36,Male,118262,Social Media,Consideration,1496.2,0.19,0.1,0,2.79,0.71,36,16,4,0,2622,0
3874,11874,46,Male,33901,PPC,Awareness,9401.45,0.06,0.09,33,7.56,2.74,96,5,8,5,2758,1
3875,11875,27,Male,23907,Social Media,Retention,3524.11,0.18,0.16,45,3.78,8.51,30,14,0,5,4004,1
3876,11876,35,Male,118580,Email,Retention,543.11,0.22,0.09,8,6.94,3.22,77,7,9,2,3460,1
3877,11877,45,Female,48604,PPC,Consideration,3074.39,0.12,0.17,7,5.63,12.9,24,4,8,4,2089,1
3878,11878,52,Female,57869,Social Media,Retention,3422.77,0.08,0.03,42,6.33,10.65,72,7,9,7,2284,1
3879,11879,60,Female,34537,Social Media,Retention,1018.18,0.21,0.08,35,4.72,3.17,24,8,8,3,2259,1
3880,11880,64,Male,32501,Email,Consideration,6237.78,0.19,0.19,28,5.01,12.37,45,6,5,8,2759,1
3881,11881,48,Female,143485,PPC,Retention,3532.97,0.03,0.01,34,8.81,7.72,88,17,6,9,599,1
3882,11882,44,Female,139261,Email,Retention,6328.43,0.2,0.08,4,5.28,10.79,29,13,5,4,1432,1
3883,11883,28,Male,57371,Social Media,Conversion,166.73,0.15,0.06,45,8.14,2.53,19,7,3,4,1325,1
3884,11884,66,Female,134639,SEO,Awareness,9822.28,0.23,0.11,9,4.56,8.01,22,0,6,6,1818,1
3885,11885,66,Female,131690,SEO,Conversion,1788.11,0.07,0.06,37,7.3,11.76,0,16,1,0,95,1
3886,11886,55,Female,56821,Referral,Conversion,6627.38,0.08,0.18,9,3.1,5.51,14,5,2,5,4524,1
3887,11887,22,Female,108732,SEO,Retention,7186.26,0.17,0.19,10,9.25,3.21,20,13,3,1,2179,1
3888,11888,25,Female,145592,PPC,Awareness,1798.92,0.15,0.17,7,9.71,9.77,29,16,2,2,3483,1
3889,11889,51,Male,26073,Referral,Awareness,1205.95,0.12,0.09,3,9.11,9.84,10,16,8,7,2093,1
3890,11890,65,Female,134829,PPC,Retention,1610.51,0.23,0.2,17,4.12,3.46,89,11,3,3,700,1
3891,11891,69,Male,81005,SEO,Conversion,2543.5,0.17,0.15,19,3.49,1.51,51,15,9,6,4975,1
3892,11892,29,Female,96097,SEO,Conversion,1765.5,0.22,0.08,45,2.64,2.91,29,2,0,9,4647,1
3893,11893,55,Female,38101,Social Media,Conversion,6772.59,0.05,0.03,2,8.86,4.5,8,16,7,9,3873,1
3894,11894,18,Female,131052,PPC,Awareness,4266.25,0.22,0.14,43,2.07,1.03,68,1,3,4,2419,1
3895,11895,48,Female,51426,Email,Retention,5424.14,0.14,0.15,14,6.78,13.88,46,12,8,1,1945,1
3896,11896,21,Female,114877,Social Media,Awareness,568.63,0.02,0.03,7,3.98,3.84,33,13,8,0,394,0
3897,11897,66,Male,27313,PPC,Conversion,8626.36,0.08,0.11,45,2.69,11.21,32,3,8,4,4244,1
3898,11898,62,Female,50773,Referral,Awareness,1788.66,0.02,0.2,5,2.66,6.51,97,5,8,3,1723,0
3899,11899,67,Female,48003,PPC,Awareness,3665.51,0.14,0.07,45,8.84,7.78,64,19,6,5,1603,1
3900,11900,22,Female,79668,Referral,Retention,811.83,0.1,0.07,35,8.74,8.29,50,8,8,2,3713,1
3901,11901,47,Female,111956,Referral,Retention,1454.25,0.3,0.18,19,3.45,11.71,78,13,6,1,3411,1
3902,11902,41,Male,91250,SEO,Awareness,6691.41,0.26,0.03,31,1.3,11.92,30,16,7,2,4059,1
3903,11903,20,Male,135087,Email,Consideration,6956.61,0.25,0.19,5,8.82,2.55,55,7,1,3,4586,1
3904,11904,28,Female,139451,PPC,Retention,6801.96,0.16,0.16,15,1.52,4.9,75,18,3,5,3268,1
3905,11905,62,Female,112675,Email,Consideration,5566.15,0.24,0.08,48,1.76,8.81,70,1,3,8,3721,1
3906,11906,21,Male,111634,Referral,Retention,9529.96,0.09,0.03,1,8.4,5.29,44,16,3,1,2120,1
3907,11907,43,Female,62294,SEO,Conversion,5121.05,0.17,0.01,17,8.35,2.43,32,6,2,5,1822,1
3908,11908,44,Female,33582,Email,Consideration,4549.18,0.12,0.08,44,2.82,6.42,95,2,0,8,4194,1
3909,11909,63,Male,129119,Social Media,Conversion,2550.7,0.06,0.14,25,1.34,3.67,50,3,5,1,4742,0
3910,11910,60,Female,33760,Referral,Conversion,1078.61,0.03,0.1,19,1.57,2.58,4,17,4,0,2395,1
3911,11911,44,Female,91791,Social Media,Awareness,5526.73,0.17,0.15,15,5.08,4.91,37,13,2,7,2662,1
3912,11912,59,Female,102158,Email,Conversion,3217.41,0.04,0.14,20,4.76,4.85,4,19,6,3,2417,1
3913,11913,68,Female,55983,Email,Conversion,5287.85,0.22,0.12,44,2.64,1.91,55,12,5,1,4364,1
3914,11914,67,Female,60309,Email,Conversion,2140.58,0.28,0.19,13,9.18,8.97,80,16,3,7,747,1
3915,11915,23,Male,49715,PPC,Conversion,8397.91,0.06,0.15,17,5.97,5.06,70,11,8,4,759,1
3916,11916,32,Male,56415,Referral,Awareness,9997.0,0.15,0.18,7,8.27,3.01,88,6,3,7,4759,1
3917,11917,47,Male,107328,Referral,Awareness,3291.79,0.22,0.06,4,1.93,12.37,24,2,8,3,4319,1
3918,11918,59,Female,128112,Referral,Conversion,8439.04,0.09,0.15,23,9.76,0.54,66,4,2,3,3157,1
3919,11919,54,Male,108260,PPC,Consideration,8742.56,0.28,0.12,40,8.29,7.09,51,19,6,4,3051,1
3920,11920,54,Male,71581,Email,Retention,9961.13,0.27,0.19,46,3.59,6.81,35,0,6,0,3943,1
3921,11921,59,Male,23652,Email,Consideration,3492.93,0.04,0.11,28,1.19,10.23,91,13,0,9,3231,1
3922,11922,54,Male,46297,Social Media,Conversion,7584.81,0.02,0.06,8,2.48,6.15,22,8,0,2,87,1
3923,11923,52,Female,117958,PPC,Awareness,2365.21,0.29,0.08,41,4.77,7.93,7,14,1,7,3428,1
3924,11924,40,Male,34028,SEO,Conversion,6285.48,0.29,0.05,17,1.03,13.67,30,1,3,3,1671,1
3925,11925,23,Female,33803,PPC,Conversion,7077.94,0.13,0.05,45,1.37,2.94,62,17,1,0,4526,1
3926,11926,21,Female,26307,Social Media,Awareness,7437.09,0.02,0.1,17,1.89,2.03,20,3,9,5,4843,1
3927,11927,35,Male,51325,Social Media,Consideration,2151.0,0.19,0.18,47,8.29,11.33,98,1,9,5,1921,1
3928,11928,26,Female,78616,Social Media,Retention,8502.38,0.1,0.05,27,5.92,11.27,49,12,4,1,4928,1
3929,11929,66,Female,80483,Email,Conversion,4267.62,0.28,0.06,36,2.72,13.83,28,17,1,7,1652,1
3930,11930,46,Male,51574,SEO,Awareness,2242.06,0.24,0.17,9,3.38,14.76,59,19,7,3,2835,1
3931,11931,30,Male,139828,Social Media,Retention,5471.06,0.2,0.07,19,6.78,6.07,66,3,5,7,2546,1
3932,11932,64,Male,104798,Referral,Retention,8647.24,0.09,0.19,37,3.87,5.97,43,2,2,7,4460,1
3933,11933,69,Male,87071,Email,Retention,9674.17,0.21,0.06,40,7.14,13.62,88,6,1,2,2656,1
3934,11934,34,Male,34932,SEO,Awareness,7507.26,0.09,0.09,22,8.0,12.98,1,1,8,4,3413,1
3935,11935,62,Female,35749,Referral,Conversion,155.67,0.02,0.03,47,3.76,5.94,97,13,0,7,3230,1
3936,11936,49,Female,28727,SEO,Awareness,1433.54,0.16,0.2,42,4.3,1.61,14,4,5,0,4322,1
3937,11937,65,Female,75406,SEO,Conversion,855.11,0.15,0.18,19,1.45,8.93,38,1,6,9,777,1
3938,11938,39,Male,37332,Referral,Consideration,1102.02,0.23,0.17,22,8.38,4.4,39,8,8,3,3413,1
3939,11939,21,Male,115070,PPC,Retention,3892.05,0.26,0.04,49,6.45,13.67,46,15,6,2,3536,1
3940,11940,22,Female,30834,SEO,Conversion,3451.08,0.11,0.19,4,8.99,12.19,75,7,3,5,4666,1
3941,11941,54,Male,40325,PPC,Consideration,1225.48,0.14,0.19,26,2.7,13.56,51,5,1,9,2410,1
3942,11942,58,Male,29213,SEO,Awareness,8834.13,0.15,0.09,8,9.65,1.67,87,2,5,7,4325,1
3943,11943,66,Female,141291,Referral,Retention,6192.73,0.1,0.14,42,7.36,13.04,5,6,9,8,1158,1
3944,11944,30,Male,133741,SEO,Conversion,7984.99,0.23,0.2,40,2.77,9.1,69,17,6,6,4388,1
3945,11945,51,Female,143313,Social Media,Retention,3778.34,0.16,0.09,35,5.17,3.62,47,15,5,2,2933,1
3946,11946,62,Male,21403,Social Media,Retention,4161.34,0.28,0.03,39,7.29,4.87,57,3,3,4,3074,1
3947,11947,39,Female,76971,SEO,Retention,3244.45,0.2,0.17,36,1.15,7.12,89,3,6,4,2854,1
3948,11948,40,Female,138199,Referral,Awareness,4440.42,0.07,0.1,2,8.02,9.6,2,15,9,0,905,0
3949,11949,68,Female,137623,Referral,Retention,6142.73,0.06,0.2,35,9.53,3.87,95,17,5,1,4004,1
3950,11950,20,Male,74030,Email,Conversion,4980.54,0.12,0.11,47,1.73,3.5,45,1,5,6,3862,1
3951,11951,59,Female,93042,Referral,Awareness,8395.38,0.11,0.02,44,9.08,13.44,17,11,1,3,4897,1
3952,11952,51,Female,115195,PPC,Consideration,9011.38,0.13,0.1,34,5.18,12.76,55,8,1,2,771,1
3953,11953,49,Female,27591,SEO,Conversion,4749.87,0.06,0.15,35,5.64,11.62,91,6,5,3,1951,1
3954,11954,62,Female,147144,Social Media,Awareness,2473.51,0.29,0.01,28,8.56,11.53,32,7,0,6,3241,1
3955,11955,68,Female,32996,Referral,Conversion,9457.4,0.05,0.09,32,6.31,11.61,16,5,7,3,4497,1
3956,11956,66,Male,123364,Social Media,Conversion,7376.88,0.2,0.04,25,4.16,13.9,31,11,8,8,819,1
3957,11957,38,Female,72485,Email,Consideration,6437.26,0.01,0.13,7,7.59,12.73,75,7,7,6,4224,1
3958,11958,63,Female,67830,SEO,Awareness,7479.6,0.13,0.19,8,2.24,6.13,84,9,9,1,4182,1
3959,11959,61,Male,54370,Referral,Retention,852.22,0.1,0.13,21,7.0,7.33,1,3,5,9,2508,1
3960,11960,38,Male,77572,Social Media,Conversion,769.5,0.12,0.14,4,7.97,9.27,25,9,9,3,899,1
3961,11961,61,Female,99008,Referral,Conversion,1615.89,0.15,0.09,43,4.01,7.4,38,6,0,3,4325,1
3962,11962,28,Female,49098,Email,Conversion,1559.76,0.18,0.12,40,9.73,4.81,62,18,7,2,2733,1
3963,11963,56,Male,81561,Social Media,Conversion,4264.64,0.18,0.11,35,6.77,12.99,16,2,1,0,1089,1
3964,11964,21,Male,22196,Social Media,Conversion,1658.3,0.19,0.15,31,1.86,12.15,99,11,3,8,1969,1
3965,11965,68,Male,31091,SEO,Awareness,8559.8,0.25,0.17,29,9.7,6.15,33,18,0,4,1359,1
3966,11966,18,Female,100576,SEO,Conversion,5823.16,0.27,0.14,48,7.7,2.16,18,9,0,8,4456,1
3967,11967,45,Male,85254,Social Media,Conversion,3745.79,0.22,0.2,43,7.26,0.57,61,5,4,7,2301,1
3968,11968,41,Female,69262,SEO,Conversion,789.26,0.03,0.17,44,3.28,1.84,31,19,5,9,2753,1
3969,11969,52,Male,134320,Social Media,Retention,5951.18,0.29,0.03,42,5.26,2.74,49,14,8,6,291,1
3970,11970,30,Female,144124,PPC,Retention,1253.67,0.28,0.11,16,9.11,10.04,85,18,2,0,3910,1
3971,11971,64,Female,26023,Referral,Awareness,7457.88,0.22,0.18,29,3.77,3.68,44,10,1,3,1422,1
3972,11972,51,Male,40543,PPC,Conversion,8047.31,0.16,0.19,46,4.81,9.7,53,7,1,3,3172,1
3973,11973,28,Male,80029,PPC,Conversion,5485.36,0.08,0.08,8,3.31,5.26,81,9,7,3,2376,1
3974,11974,53,Female,113913,Referral,Consideration,1581.07,0.23,0.15,3,2.94,13.48,87,13,8,7,1535,1
3975,11975,68,Male,122171,Social Media,Retention,7889.94,0.26,0.09,11,1.39,7.3,0,19,7,5,1751,1
3976,11976,34,Male,62337,Social Media,Consideration,3147.5,0.2,0.03,34,7.63,10.26,65,13,2,0,2029,1
3977,11977,52,Female,60409,SEO,Conversion,2304.27,0.19,0.18,19,1.82,7.18,39,14,9,3,2543,1
3978,11978,35,Female,90540,Email,Conversion,4758.51,0.07,0.19,16,5.78,13.73,23,11,9,9,4106,1
3979,11979,57,Female,29963,Social Media,Consideration,9234.2,0.11,0.11,21,1.45,10.47,51,16,7,6,167,1
3980,11980,39,Male,33796,Referral,Awareness,3044.0,0.22,0.01,6,9.85,9.81,1,9,9,8,2437,1
3981,11981,41,Male,60972,Email,Awareness,9065.23,0.01,0.17,38,7.39,9.09,60,11,5,1,3562,1
3982,11982,36,Male,92613,Referral,Consideration,631.17,0.2,0.1,43,6.67,14.83,26,18,5,1,4785,1
3983,11983,54,Female,115384,Referral,Conversion,926.88,0.23,0.02,41,2.68,10.43,65,7,8,4,3783,1
3984,11984,56,Female,98062,Referral,Consideration,7015.75,0.11,0.05,7,5.75,11.44,86,15,7,4,1487,1
3985,11985,38,Female,23261,Email,Retention,1986.87,0.03,0.04,8,5.53,1.68,32,17,0,6,2992,0
3986,11986,25,Male,37046,PPC,Awareness,3234.54,0.25,0.14,45,4.23,12.31,33,19,6,3,3092,1
3987,11987,45,Female,33397,Referral,Consideration,1450.09,0.05,0.07,5,2.41,9.15,61,9,5,3,878,0
3988,11988,22,Male,80436,SEO,Awareness,3389.26,0.12,0.03,18,4.3,5.38,31,10,4,1,346,1
3989,11989,34,Male,110805,Social Media,Retention,2876.55,0.22,0.18,21,6.48,8.93,2,5,2,1,4386,1
3990,11990,54,Female,121694,Social Media,Conversion,7389.74,0.25,0.19,46,5.39,9.57,54,17,0,3,1659,1
3991,11991,53,Male,45757,Social Media,Conversion,7050.03,0.26,0.04,19,6.13,4.27,26,12,7,1,3712,1
3992,11992,36,Female,137706,Email,Conversion,9553.78,0.16,0.05,19,6.15,6.84,75,10,2,1,3471,1
3993,11993,44,Female,35299,SEO,Awareness,7271.77,0.15,0.12,26,3.2,10.96,7,13,6,9,1566,1
3994,11994,51,Female,144384,SEO,Retention,6978.7,0.26,0.04,26,2.0,3.77,19,13,5,3,3813,1
3995,11995,28,Female,21902,SEO,Consideration,6972.62,0.17,0.04,6,5.7,12.62,51,3,1,2,3209,1
3996,11996,62,Female,138859,SEO,Conversion,8841.38,0.18,0.07,23,9.03,1.62,16,9,1,9,4912,1
3997,11997,64,Female,135016,SEO,Awareness,3032.74,0.14,0.19,7,9.96,8.93,32,19,2,3,2550,1
3998,11998,29,Male,62399,PPC,Conversion,3070.91,0.12,0.19,2,8.07,6.01,54,17,2,9,2857,1
3999,11999,38,Female,68330,SEO,Retention,7438.02,0.15,0.17,10,2.99,1.27,74,8,1,6,2781,1
4000,12000,28,Female,66308,SEO,Consideration,2364.18,0.12,0.14,35,6.67,11.73,72,12,7,2,1957,1
4001,12001,56,Female,140983,Email,Conversion,9129.0,0.11,0.15,1,3.15,8.42,97,18,0,0,1320,1
4002,12002,45,Female,23846,Email,Retention,5394.34,0.3,0.1,0,6.19,10.87,70,7,2,3,2858,1
4003,12003,22,Male,32359,SEO,Awareness,3071.24,0.11,0.11,6,5.33,6.01,15,10,0,6,4459,1
4004,12004,34,Male,69376,PPC,Retention,7783.39,0.08,0.13,23,4.43,12.96,90,7,3,1,2257,1
4005,12005,37,Male,88056,SEO,Awareness,3191.97,0.11,0.15,11,6.77,1.71,78,17,0,9,778,1
4006,12006,58,Female,60832,SEO,Conversion,9636.46,0.18,0.03,7,8.72,3.88,63,16,0,9,2991,1
4007,12007,63,Female,40098,SEO,Conversion,9831.59,0.27,0.05,12,4.04,12.02,87,9,3,1,2689,1
4008,12008,29,Female,137095,Referral,Retention,6701.28,0.24,0.19,5,5.38,14.34,39,9,5,5,4187,1
4009,12009,23,Male,124987,PPC,Awareness,1224.98,0.25,0.07,38,5.1,12.77,57,3,5,4,3539,1
4010,12010,34,Male,69962,Social Media,Retention,2705.77,0.26,0.06,23,3.24,3.85,82,7,3,3,3214,1
4011,12011,68,Female,108672,SEO,Retention,5202.63,0.28,0.09,23,4.79,5.55,22,1,6,5,2260,1
4012,12012,36,Female,55885,Social Media,Conversion,8529.33,0.08,0.07,37,1.19,11.6,94,13,7,8,2561,1
4013,12013,43,Female,116256,PPC,Conversion,1930.38,0.14,0.03,43,5.66,14.22,93,7,1,3,2738,1
4014,12014,65,Female,41157,SEO,Conversion,1133.59,0.12,0.05,6,7.49,4.69,6,13,8,4,1911,1
4015,12015,61,Male,68372,Social Media,Retention,837.33,0.12,0.13,9,4.31,6.1,58,7,4,8,4847,1
4016,12016,61,Female,39674,Social Media,Retention,5118.98,0.2,0.05,29,7.72,0.83,58,17,5,0,4683,1
4017,12017,69,Female,52357,PPC,Consideration,8858.54,0.13,0.13,38,7.76,7.81,2,7,0,9,3063,1
4018,12018,49,Female,32578,SEO,Consideration,519.36,0.19,0.03,23,9.86,1.78,29,9,3,2,4028,1
4019,12019,23,Female,148457,Referral,Retention,2201.98,0.12,0.02,26,5.91,1.74,9,3,6,0,2833,0
4020,12020,53,Female,22251,PPC,Consideration,6963.24,0.1,0.17,29,4.64,11.54,97,10,5,4,2164,1
4021,12021,55,Female,99049,Referral,Retention,8276.05,0.11,0.15,14,6.76,5.49,12,13,1,4,364,1
4022,12022,28,Female,57429,SEO,Conversion,8093.26,0.24,0.14,1,6.64,14.07,38,15,6,2,706,1
4023,12023,50,Female,112641,Social Media,Awareness,7872.17,0.18,0.02,7,9.89,10.88,76,9,8,4,3362,1
4024,12024,41,Female,66871,PPC,Conversion,1385.02,0.29,0.06,16,7.37,4.77,63,14,8,0,93,1
4025,12025,40,Male,106526,PPC,Retention,4032.65,0.25,0.16,47,3.76,10.39,24,7,2,1,2882,1
4026,12026,32,Female,45499,PPC,Conversion,9848.97,0.15,0.04,12,2.69,13.05,40,14,5,1,1169,1
4027,12027,44,Female,26421,Email,Retention,9889.99,0.08,0.16,17,8.13,6.82,97,18,0,9,482,1
4028,12028,28,Male,72204,SEO,Retention,6064.03,0.21,0.12,20,2.62,8.65,39,7,3,0,1033,1
4029,12029,68,Female,44591,Email,Consideration,7121.75,0.22,0.15,35,6.65,3.65,61,16,4,5,42,1
4030,12030,67,Male,80940,PPC,Retention,9517.71,0.14,0.13,11,2.19,6.33,39,17,8,6,2663,1
4031,12031,34,Male,112515,PPC,Awareness,4554.29,0.08,0.09,42,7.47,8.9,33,1,2,1,4935,0
4032,12032,68,Male,106371,Referral,Consideration,1454.98,0.17,0.07,1,8.05,9.42,78,4,8,0,1908,1
4033,12033,31,Female,123229,Email,Awareness,6722.59,0.08,0.14,19,9.91,10.94,2,15,4,4,4891,1
4034,12034,44,Female,32202,Social Media,Retention,9605.01,0.28,0.16,22,9.59,14.38,51,16,2,8,1592,1
4035,12035,35,Female,120950,SEO,Conversion,7002.34,0.19,0.02,20,7.42,12.66,45,14,1,6,224,1
4036,12036,45,Female,143981,Social Media,Retention,8052.88,0.09,0.08,30,3.5,12.85,85,18,8,4,4304,1
4037,12037,68,Female,145855,Social Media,Retention,4285.21,0.07,0.08,15,1.39,8.58,97,14,5,4,140,1
4038,12038,64,Male,111202,SEO,Conversion,1054.99,0.22,0.12,12,6.0,2.59,68,12,5,8,1510,1
4039,12039,64,Male,39290,PPC,Conversion,1771.93,0.22,0.03,3,7.89,9.71,40,16,1,9,365,1
4040,12040,21,Female,38130,Referral,Awareness,9828.28,0.18,0.19,1,1.1,6.39,85,19,7,5,4532,1
4041,12041,24,Female,57077,PPC,Consideration,4982.52,0.19,0.11,49,5.72,0.96,59,11,4,9,1102,1
4042,12042,62,Female,144600,PPC,Consideration,219.0,0.19,0.19,0,8.95,3.33,28,2,9,5,4900,1
4043,12043,52,Female,135136,Email,Consideration,9558.14,0.11,0.17,25,6.73,11.51,7,9,5,2,266,1
4044,12044,65,Female,39396,Social Media,Awareness,5028.02,0.28,0.05,29,7.15,9.65,97,9,8,2,203,1
4045,12045,26,Male,80848,Social Media,Awareness,8379.06,0.15,0.04,37,5.27,14.69,3,12,7,8,399,1
4046,12046,25,Female,103488,Social Media,Conversion,5529.74,0.02,0.17,19,9.49,13.89,24,6,8,8,896,1
4047,12047,69,Female,80530,Referral,Consideration,1106.85,0.11,0.11,24,4.37,9.12,49,4,6,4,4501,1
4048,12048,62,Female,84274,Referral,Retention,6194.14,0.05,0.01,18,4.41,2.75,22,8,0,9,185,0
4049,12049,34,Male,138179,Referral,Awareness,9974.26,0.12,0.19,26,5.66,5.38,24,3,0,5,687,1
4050,12050,34,Female,47122,SEO,Retention,443.9,0.19,0.1,9,6.27,3.88,97,2,3,6,4654,1
4051,12051,66,Female,49381,Referral,Consideration,8433.76,0.02,0.07,40,5.84,7.32,69,10,1,8,1845,1
4052,12052,50,Male,65435,Email,Consideration,2431.26,0.26,0.11,16,8.37,12.11,97,16,8,6,1682,1
4053,12053,49,Female,125614,Email,Awareness,3999.28,0.19,0.17,46,8.51,12.42,20,1,3,4,4214,1
4054,12054,25,Male,43267,PPC,Awareness,3789.82,0.1,0.03,1,2.18,3.08,93,8,4,7,3391,0
4055,12055,36,Female,133271,PPC,Conversion,8998.09,0.1,0.08,16,6.37,8.46,55,5,1,8,577,1
4056,12056,55,Female,140672,PPC,Retention,5094.41,0.15,0.07,6,9.86,10.31,2,11,8,2,3476,1
4057,12057,20,Female,127543,PPC,Conversion,4527.03,0.08,0.17,15,6.4,6.25,78,18,7,2,1961,1
4058,12058,22,Male,81978,Email,Conversion,8198.45,0.01,0.16,48,7.19,13.63,20,3,6,4,3542,1
4059,12059,30,Male,27088,PPC,Retention,584.18,0.02,0.09,26,8.75,5.71,82,10,6,1,4873,1
4060,12060,64,Male,117354,Email,Consideration,955.92,0.11,0.14,0,8.8,7.61,82,4,7,7,1107,1
4061,12061,63,Male,147728,Referral,Retention,314.72,0.05,0.08,21,1.15,9.01,48,19,9,9,779,1
4062,12062,48,Male,32822,Referral,Consideration,6911.03,0.02,0.12,21,3.15,6.7,45,5,9,4,350,1
4063,12063,33,Female,139456,SEO,Conversion,5303.6,0.26,0.2,26,8.77,14.47,97,19,6,4,2088,1
4064,12064,67,Male,70216,PPC,Consideration,8772.62,0.09,0.11,15,7.0,11.53,77,15,9,5,2615,1
4065,12065,49,Female,56589,Referral,Consideration,5035.48,0.16,0.2,35,6.69,12.52,67,10,6,7,205,1
4066,12066,39,Male,85262,Referral,Consideration,2296.01,0.06,0.15,15,8.74,11.41,30,8,5,7,36,1
4067,12067,46,Female,77911,Social Media,Retention,8070.96,0.02,0.03,23,8.26,9.03,45,1,8,7,3737,1
4068,12068,39,Female,21436,Social Media,Consideration,3013.81,0.23,0.16,34,7.76,0.91,74,3,3,0,3790,1
4069,12069,60,Female,81854,Email,Retention,9363.33,0.05,0.04,32,1.43,11.59,43,15,4,0,447,0
4070,12070,20,Female,81888,SEO,Awareness,2579.2,0.02,0.11,16,8.03,9.38,44,3,5,9,1280,1
4071,12071,27,Male,131201,Social Media,Awareness,1760.43,0.18,0.13,4,2.81,1.67,74,8,6,0,2646,0
4072,12072,59,Female,47281,SEO,Conversion,4983.91,0.01,0.18,34,1.23,2.22,48,7,4,7,3586,1
4073,12073,38,Female,108017,Referral,Conversion,600.1,0.14,0.05,18,5.43,7.48,3,6,4,9,3093,1
4074,12074,33,Female,116005,Email,Retention,460.48,0.09,0.18,42,9.48,12.87,79,17,9,3,2616,1
4075,12075,29,Female,104403,SEO,Consideration,5010.54,0.1,0.19,46,8.98,8.53,56,8,9,2,587,1
4076,12076,19,Female,126023,Social Media,Consideration,2229.56,0.01,0.03,33,9.84,13.83,55,9,5,1,1708,1
4077,12077,58,Female,73952,Referral,Awareness,192.59,0.29,0.18,31,3.22,12.33,37,10,9,9,2207,1
4078,12078,41,Female,42766,PPC,Retention,3030.96,0.16,0.06,24,7.26,9.65,5,1,8,8,4869,1
4079,12079,52,Female,115273,Referral,Consideration,4825.94,0.18,0.03,21,1.5,5.04,81,18,5,3,1400,1
4080,12080,47,Female,41213,Social Media,Consideration,4003.46,0.2,0.19,38,8.23,12.86,88,9,7,7,37,1
4081,12081,47,Male,113891,Social Media,Retention,1441.15,0.24,0.08,49,5.71,10.06,23,14,3,0,4390,1
4082,12082,64,Male,82239,PPC,Conversion,5838.78,0.19,0.13,26,9.97,8.52,51,17,6,0,3444,1
4083,12083,52,Female,42537,Referral,Retention,7132.3,0.23,0.12,32,3.16,7.76,38,4,4,5,1555,1
4084,12084,36,Female,22794,SEO,Retention,6787.84,0.14,0.05,7,8.06,3.59,72,11,3,8,4615,1
4085,12085,67,Male,79204,SEO,Consideration,3998.24,0.12,0.14,29,2.54,0.73,36,7,1,0,1306,0
4086,12086,25,Male,129832,Referral,Awareness,1462.2,0.25,0.02,47,3.58,10.89,97,5,8,4,602,1
4087,12087,43,Female,52324,SEO,Consideration,5044.92,0.26,0.05,25,3.66,13.83,33,0,4,8,4691,1
4088,12088,66,Female,76764,Referral,Consideration,8915.27,0.05,0.19,14,6.2,3.16,39,12,5,7,4201,1
4089,12089,57,Male,50858,Referral,Consideration,4740.36,0.17,0.19,35,4.29,14.05,39,14,0,7,713,1
4090,12090,24,Female,62850,Social Media,Retention,2037.24,0.21,0.1,44,4.95,1.54,36,10,3,8,3060,1
4091,12091,47,Female,33018,Email,Retention,1021.23,0.03,0.04,11,5.7,8.51,91,3,4,6,576,0
4092,12092,24,Female,147171,Social Media,Consideration,9444.87,0.28,0.09,40,1.51,2.18,49,7,3,8,2922,1
4093,12093,20,Female,103017,SEO,Consideration,7455.79,0.16,0.18,44,6.99,13.39,10,6,1,7,3147,1
4094,12094,18,Female,70790,Email,Awareness,3198.37,0.2,0.02,42,6.84,2.0,77,12,0,5,2441,1
4095,12095,53,Male,101120,Referral,Conversion,3023.99,0.06,0.03,11,9.68,4.14,58,4,8,4,2640,1
4096,12096,42,Female,29850,SEO,Consideration,8962.66,0.09,0.18,3,2.2,12.19,25,0,3,2,4549,1
4097,12097,54,Male,111237,PPC,Retention,1857.93,0.05,0.09,2,1.28,10.48,59,15,7,2,1150,1
4098,12098,18,Female,126759,SEO,Conversion,5396.87,0.09,0.03,36,2.2,6.13,7,10,7,6,3469,1
4099,12099,32,Male,129488,Email,Conversion,7163.69,0.15,0.04,37,4.8,12.63,27,17,3,0,829,1
4100,12100,54,Female,65975,Email,Awareness,4024.26,0.25,0.18,31,2.93,9.72,83,8,7,9,4305,1
4101,12101,30,Male,85510,Referral,Conversion,495.03,0.16,0.1,25,2.95,4.27,59,3,3,5,1113,1
4102,12102,57,Female,85696,PPC,Consideration,2354.81,0.08,0.04,3,8.82,11.23,88,6,5,4,3399,1
4103,12103,25,Male,45832,Referral,Consideration,9027.9,0.02,0.18,0,3.91,5.33,9,6,4,0,2903,1
4104,12104,22,Female,116746,PPC,Retention,5278.88,0.19,0.17,4,4.75,12.33,62,12,0,4,3341,1
4105,12105,26,Female,107826,PPC,Consideration,8172.87,0.13,0.01,1,7.16,11.83,60,18,8,2,2663,1
4106,12106,18,Female,114977,Referral,Consideration,5601.29,0.3,0.12,45,4.06,4.97,74,6,5,5,383,1
4107,12107,53,Female,44886,SEO,Awareness,9441.66,0.24,0.06,10,5.99,2.0,25,6,9,0,960,1
4108,12108,52,Male,117930,Social Media,Conversion,9100.43,0.24,0.11,8,5.71,12.4,22,12,8,8,3806,1
4109,12109,19,Female,28418,PPC,Awareness,4880.59,0.01,0.06,7,3.35,5.78,62,3,3,1,3676,0
4110,12110,57,Female,143152,Email,Conversion,3250.91,0.24,0.07,38,7.45,5.22,18,11,3,7,2315,1
4111,12111,40,Female,27081,Referral,Awareness,6056.52,0.07,0.12,14,8.51,0.76,17,7,3,5,2244,1
4112,12112,26,Female,122716,SEO,Retention,6781.39,0.18,0.11,8,8.05,11.03,49,15,1,2,2046,1
4113,12113,51,Female,30114,PPC,Awareness,5033.72,0.14,0.09,41,4.56,4.47,18,10,2,1,1292,1
4114,12114,63,Female,137845,SEO,Awareness,8240.6,0.18,0.03,49,9.4,6.82,14,3,4,8,3769,1
4115,12115,31,Female,38722,Referral,Retention,1914.95,0.05,0.19,29,9.09,13.55,15,14,3,1,566,1
4116,12116,21,Female,107508,Email,Consideration,3410.68,0.14,0.04,28,3.4,2.32,19,11,0,3,597,0
4117,12117,47,Female,149752,PPC,Consideration,6895.13,0.02,0.13,24,2.12,1.05,18,1,7,1,4713,0
4118,12118,48,Female,148870,PPC,Retention,2542.17,0.02,0.03,21,9.04,8.63,74,5,3,4,631,0
4119,12119,55,Male,37985,SEO,Retention,4454.46,0.2,0.14,33,7.7,10.65,70,17,3,1,3108,1
4120,12120,28,Male,25888,Referral,Awareness,9640.96,0.29,0.03,21,3.8,8.16,18,11,6,0,2091,1
4121,12121,52,Male,89254,Social Media,Retention,6296.17,0.24,0.05,45,3.74,5.42,87,15,5,2,4106,1
4122,12122,25,Male,117683,PPC,Retention,9495.67,0.15,0.13,29,3.9,5.74,30,0,1,3,2423,1
4123,12123,20,Female,140234,Email,Conversion,7252.17,0.03,0.06,9,8.75,2.67,51,18,3,4,159,1
4124,12124,31,Female,128918,PPC,Conversion,7274.2,0.02,0.11,4,3.16,5.02,47,3,1,3,2217,1
4125,12125,30,Male,103845,PPC,Consideration,5959.39,0.06,0.03,4,6.86,11.5,7,9,2,1,1767,0
4126,12126,62,Female,143446,Social Media,Retention,1507.87,0.29,0.05,1,8.51,7.74,49,9,9,1,3738,1
4127,12127,49,Female,39299,Social Media,Awareness,5245.17,0.13,0.15,29,4.49,13.42,60,6,5,1,4652,1
4128,12128,51,Female,76050,Referral,Consideration,2601.4,0.25,0.02,21,1.55,2.94,87,5,8,5,1413,0
4129,12129,62,Female,126747,PPC,Consideration,9986.86,0.21,0.03,12,7.83,6.92,7,11,0,9,2937,1
4130,12130,36,Female,42036,PPC,Consideration,2742.92,0.19,0.05,38,1.18,10.67,12,9,3,2,1154,1
4131,12131,55,Female,145234,SEO,Retention,2383.79,0.28,0.01,24,8.48,4.45,73,11,7,2,458,1
4132,12132,33,Male,105421,SEO,Retention,6276.44,0.08,0.03,26,4.25,4.37,18,12,3,5,3102,1
4133,12133,19,Male,49346,Email,Awareness,5158.39,0.14,0.06,46,8.21,2.03,49,14,5,0,3,1
4134,12134,57,Male,133507,Email,Awareness,311.39,0.26,0.03,26,5.91,13.45,22,12,0,5,1345,1
4135,12135,34,Male,145191,SEO,Consideration,1382.38,0.17,0.17,20,4.23,3.0,56,18,9,4,3886,1
4136,12136,51,Female,134673,Email,Retention,8129.33,0.08,0.02,30,9.09,14.57,96,15,3,2,2227,1
4137,12137,59,Female,46691,PPC,Awareness,4888.55,0.07,0.17,14,7.9,7.01,29,10,6,8,727,1
4138,12138,33,Female,125578,Social Media,Conversion,1545.55,0.23,0.17,37,1.73,14.74,93,0,5,7,642,1
4139,12139,55,Female,134063,PPC,Conversion,4705.9,0.01,0.03,38,9.38,1.09,28,17,8,2,4318,1
4140,12140,19,Male,37986,SEO,Consideration,2606.18,0.28,0.01,35,5.2,8.72,60,6,2,4,2121,1
4141,12141,19,Female,47846,Referral,Conversion,2313.56,0.02,0.02,35,2.34,10.52,34,11,4,0,457,0
4142,12142,43,Female,142047,Referral,Consideration,9581.48,0.19,0.12,0,7.94,7.99,8,17,6,4,4068,1
4143,12143,30,Male,69665,SEO,Retention,3684.04,0.19,0.14,10,5.66,8.77,71,11,0,1,4234,1
4144,12144,64,Male,133408,PPC,Consideration,559.67,0.18,0.13,4,7.05,8.31,24,8,8,3,3532,1
4145,12145,48,Female,61401,Email,Consideration,9706.23,0.15,0.11,33,7.25,2.67,63,16,8,2,3309,1
4146,12146,51,Female,93728,Email,Retention,7968.91,0.26,0.04,36,2.77,8.21,36,3,2,8,58,0
4147,12147,56,Female,124805,Referral,Awareness,2618.69,0.2,0.17,4,9.74,8.36,37,3,7,4,3902,1
4148,12148,20,Female,148114,SEO,Awareness,4148.03,0.24,0.07,19,1.95,5.66,7,19,1,7,26,1
4149,12149,25,Female,70054,SEO,Awareness,8636.67,0.04,0.2,44,6.45,9.31,89,19,3,0,249,1
4150,12150,40,Male,58487,Social Media,Awareness,3638.39,0.02,0.08,43,2.32,6.47,74,0,6,5,4566,1
4151,12151,31,Male,29412,Referral,Consideration,5717.3,0.02,0.06,41,8.9,11.45,39,2,8,6,1516,1
4152,12152,44,Female,142836,SEO,Awareness,5395.08,0.05,0.18,12,2.56,1.05,22,18,3,3,4692,1
4153,12153,46,Female,101499,Social Media,Conversion,4072.82,0.2,0.12,8,4.97,0.64,95,7,0,6,251,1
4154,12154,56,Female,71473,Email,Conversion,6431.07,0.15,0.15,4,1.78,8.1,44,19,6,5,1131,1
4155,12155,56,Female,119159,Referral,Awareness,4785.58,0.23,0.09,37,5.03,14.84,0,0,2,5,2887,1
4156,12156,18,Female,86553,Referral,Conversion,310.18,0.07,0.18,31,1.04,6.96,48,5,9,2,2069,1
4157,12157,34,Female,25279,SEO,Conversion,8162.39,0.12,0.18,29,4.99,0.67,8,8,8,2,1134,1
4158,12158,58,Female,95948,SEO,Retention,1220.24,0.27,0.09,48,7.19,5.1,39,17,9,1,3783,1
4159,12159,47,Female,27712,PPC,Retention,4694.49,0.28,0.06,27,2.65,7.28,27,8,8,2,3038,1
4160,12160,30,Male,35817,Email,Awareness,5841.02,0.28,0.13,36,5.98,13.57,96,19,1,6,1922,1
4161,12161,38,Female,73832,Email,Consideration,7084.51,0.25,0.19,27,5.27,2.26,95,9,6,1,2769,1
4162,12162,36,Female,113616,Social Media,Consideration,4166.89,0.21,0.13,42,4.01,13.9,7,15,7,4,3019,1
4163,12163,36,Female,76224,Social Media,Retention,7381.93,0.28,0.19,5,7.04,14.13,36,11,0,3,121,1
4164,12164,42,Male,26624,PPC,Retention,1400.37,0.22,0.08,40,9.96,9.79,81,5,4,3,2662,1
4165,12165,39,Female,49126,Email,Consideration,6569.11,0.29,0.18,43,9.44,3.77,70,13,7,6,2462,1
4166,12166,48,Female,102115,Social Media,Awareness,8280.76,0.02,0.03,28,9.73,8.28,17,7,9,0,3559,1
4167,12167,34,Female,100667,Email,Consideration,8905.5,0.28,0.08,3,1.18,12.34,75,14,1,0,2018,1
4168,12168,40,Female,57462,Email,Consideration,5837.71,0.17,0.1,17,3.31,5.69,67,9,0,6,1452,1
4169,12169,49,Male,78676,Social Media,Conversion,3197.66,0.04,0.13,14,9.3,13.63,76,4,9,3,3556,1
4170,12170,27,Female,66815,SEO,Consideration,1717.23,0.07,0.07,24,1.43,1.76,74,19,3,0,1135,0
4171,12171,27,Female,122955,SEO,Retention,3521.03,0.26,0.19,3,4.28,4.95,79,15,0,1,4435,0
4172,12172,53,Female,108911,Social Media,Awareness,5445.75,0.16,0.18,13,6.87,14.9,43,7,4,3,4881,1
4173,12173,25,Male,46093,PPC,Consideration,2043.67,0.3,0.16,49,9.85,8.97,77,10,7,4,1052,1
4174,12174,69,Male,131030,Referral,Conversion,9529.9,0.04,0.03,16,3.48,9.06,15,2,7,6,2129,1
4175,12175,37,Female,137385,Email,Retention,8981.64,0.13,0.02,33,7.88,3.98,51,1,8,9,2660,1
4176,12176,49,Female,52525,Referral,Retention,426.28,0.11,0.1,18,6.94,12.93,52,0,4,1,1225,1
4177,12177,67,Female,49030,Social Media,Conversion,5663.42,0.16,0.16,28,6.52,6.72,85,0,7,3,68,1
4178,12178,31,Male,64067,Email,Retention,7914.16,0.19,0.03,21,7.69,12.01,17,19,9,4,2081,1
4179,12179,67,Female,135745,Referral,Conversion,2529.38,0.2,0.13,13,3.29,12.25,39,9,4,3,4455,1
4180,12180,45,Female,25207,SEO,Retention,5286.57,0.01,0.11,35,4.05,3.04,60,17,6,9,4785,1
4181,12181,63,Male,96433,PPC,Retention,4119.32,0.04,0.15,1,6.04,7.78,24,15,7,6,558,1
4182,12182,69,Female,46639,Referral,Retention,2045.81,0.02,0.09,44,4.95,6.07,34,18,7,1,703,1
4183,12183,41,Female,22792,PPC,Retention,6185.9,0.26,0.14,6,7.5,2.75,70,15,1,5,1574,1
4184,12184,32,Female,20420,SEO,Conversion,9937.55,0.1,0.04,27,8.21,2.29,83,2,0,9,2389,1
4185,12185,39,Male,114760,Referral,Consideration,3716.34,0.12,0.05,7,5.75,1.16,26,6,7,2,1539,1
4186,12186,47,Female,39198,Social Media,Retention,5568.55,0.14,0.18,28,4.55,10.68,92,5,8,3,993,1
4187,12187,21,Male,55608,Email,Conversion,3345.76,0.26,0.07,9,9.21,11.84,9,10,6,7,3759,1
4188,12188,30,Male,66205,SEO,Conversion,8781.79,0.01,0.2,20,7.75,7.34,74,4,7,5,3391,1
4189,12189,40,Male,102951,PPC,Conversion,8659.57,0.04,0.02,34,7.06,8.68,19,8,8,9,2297,1
4190,12190,25,Female,125943,PPC,Consideration,1869.86,0.21,0.1,3,1.52,4.3,32,3,9,6,568,0
4191,12191,35,Male,37875,SEO,Awareness,9009.49,0.29,0.07,20,5.75,10.86,76,11,9,2,3073,1
4192,12192,29,Female,90511,Social Media,Conversion,1599.94,0.2,0.2,37,2.09,8.97,79,9,9,8,3542,1
4193,12193,48,Male,111997,Social Media,Conversion,1044.86,0.09,0.2,24,6.94,13.29,10,2,3,0,2771,1
4194,12194,31,Male,41331,PPC,Conversion,6564.05,0.16,0.05,19,3.7,11.32,68,6,2,0,4620,1
4195,12195,51,Female,36893,SEO,Consideration,3920.45,0.29,0.06,6,7.65,0.77,66,1,3,4,1250,1
4196,12196,35,Male,84913,SEO,Retention,5354.33,0.16,0.15,6,8.0,12.24,58,7,9,3,3432,1
4197,12197,51,Female,38243,Email,Consideration,6560.45,0.12,0.18,31,3.7,0.89,65,12,2,4,1170,1
4198,12198,28,Male,35535,PPC,Conversion,623.09,0.12,0.14,31,9.79,12.3,52,14,1,0,1428,1
4199,12199,58,Male,83203,Social Media,Awareness,3000.24,0.29,0.17,21,5.65,14.82,37,0,0,5,2376,1
4200,12200,29,Male,90597,Referral,Conversion,4662.97,0.22,0.02,48,2.96,7.47,9,1,3,3,650,1
4201,12201,66,Female,87394,Social Media,Retention,2739.22,0.21,0.13,24,7.98,3.79,5,17,4,0,2889,1
4202,12202,32,Male,45489,Social Media,Awareness,584.82,0.08,0.14,5,7.85,0.64,84,18,7,4,1832,1
4203,12203,48,Female,99214,Referral,Awareness,958.1,0.17,0.05,26,4.73,2.68,94,6,6,3,3258,1
4204,12204,66,Female,140295,PPC,Consideration,8037.3,0.11,0.16,17,6.93,7.8,33,1,5,1,2309,1
4205,12205,46,Female,120369,Email,Consideration,9122.73,0.08,0.19,11,1.2,12.2,48,15,5,4,3814,1
4206,12206,43,Female,132695,Social Media,Retention,1607.11,0.27,0.18,27,3.62,13.14,31,15,4,1,1911,1
4207,12207,35,Female,104886,Social Media,Consideration,2567.69,0.12,0.06,18,8.93,10.41,28,3,3,2,532,1
4208,12208,49,Female,33346,PPC,Retention,6557.27,0.09,0.07,42,3.09,1.76,64,16,7,5,2348,1
4209,12209,39,Male,68005,PPC,Awareness,9547.29,0.28,0.1,16,9.15,14.87,32,13,7,0,3183,1
4210,12210,55,Male,26773,SEO,Awareness,3065.94,0.07,0.04,34,6.22,11.33,16,7,9,6,4683,1
4211,12211,34,Male,115001,PPC,Awareness,8566.61,0.23,0.19,14,9.13,6.68,97,8,2,1,3937,1
4212,12212,40,Male,146717,PPC,Retention,5109.64,0.2,0.04,4,2.18,12.3,48,7,7,7,2854,1
4213,12213,41,Male,142580,Social Media,Consideration,9569.93,0.28,0.15,35,5.18,9.03,15,17,4,2,1213,1
4214,12214,67,Female,95324,Email,Consideration,1448.96,0.25,0.07,32,3.67,9.24,6,6,0,8,3977,1
4215,12215,25,Female,52343,Social Media,Consideration,9739.36,0.21,0.12,20,8.98,14.58,99,12,7,0,933,1
4216,12216,58,Female,132398,PPC,Conversion,4465.69,0.1,0.02,34,4.07,12.12,12,0,6,3,1651,1
4217,12217,23,Male,122746,SEO,Awareness,9534.09,0.15,0.05,41,6.3,4.3,83,7,6,5,704,1
4218,12218,22,Male,94783,Email,Awareness,4641.03,0.28,0.09,26,8.45,3.04,3,8,4,6,2777,1
4219,12219,61,Female,65963,SEO,Conversion,5347.81,0.02,0.14,44,3.06,3.0,62,18,4,7,4620,1
4220,12220,46,Female,61983,Referral,Awareness,8067.27,0.24,0.16,29,1.41,7.09,68,14,6,6,4882,1
4221,12221,45,Female,55972,SEO,Awareness,7254.02,0.08,0.02,38,5.45,6.13,79,2,8,1,612,0
4222,12222,28,Female,36959,SEO,Conversion,6234.07,0.06,0.04,45,7.15,7.07,72,10,9,4,758,1
4223,12223,18,Female,134886,PPC,Awareness,4228.1,0.08,0.15,29,7.47,1.41,75,13,0,2,4919,1
4224,12224,60,Female,109343,PPC,Consideration,7945.14,0.03,0.16,44,4.75,3.43,77,11,7,7,4828,1
4225,12225,36,Male,54133,PPC,Conversion,9487.46,0.3,0.05,20,1.71,12.06,14,4,9,3,2202,1
4226,12226,26,Female,109754,PPC,Awareness,197.13,0.26,0.05,25,4.63,11.49,4,1,8,8,1931,1
4227,12227,44,Female,71150,PPC,Consideration,5919.67,0.16,0.03,23,2.1,6.2,41,6,6,9,1851,1
4228,12228,51,Male,41734,SEO,Retention,8673.21,0.22,0.04,21,1.65,6.16,17,4,1,6,4439,1
4229,12229,61,Female,108364,Referral,Awareness,6565.81,0.17,0.01,36,3.73,13.32,71,2,4,3,2406,1
4230,12230,21,Female,37400,PPC,Conversion,8028.21,0.25,0.12,42,7.99,3.14,7,9,3,4,2877,1
4231,12231,53,Female,40002,Referral,Consideration,8961.1,0.26,0.18,25,7.92,5.68,88,10,6,9,2150,1
4232,12232,35,Male,118329,Referral,Retention,7534.42,0.08,0.04,21,6.47,11.57,67,7,2,7,3468,1
4233,12233,32,Female,144438,Social Media,Retention,7198.47,0.14,0.15,45,8.44,8.83,25,5,7,6,3311,1
4234,12234,68,Female,56492,Social Media,Awareness,9650.98,0.19,0.12,32,5.51,1.37,74,11,4,7,3105,1
4235,12235,30,Female,117753,Email,Retention,8650.48,0.29,0.19,23,3.19,0.67,69,12,5,4,4570,1
4236,12236,36,Male,121762,Social Media,Conversion,8172.24,0.21,0.16,4,6.13,0.78,32,1,3,0,1017,1
4237,12237,66,Female,113468,PPC,Retention,955.39,0.27,0.17,23,9.31,10.01,21,15,6,8,3738,1
4238,12238,23,Female,141281,Referral,Awareness,2466.4,0.26,0.13,34,1.33,9.53,92,12,8,3,3011,1
4239,12239,65,Male,128863,Email,Retention,5611.88,0.18,0.16,21,9.68,1.15,68,8,3,0,2523,1
4240,12240,29,Male,50875,Social Media,Awareness,7124.65,0.27,0.08,32,7.7,2.41,0,12,5,8,2649,1
4241,12241,68,Female,45046,SEO,Retention,3101.83,0.12,0.05,16,7.18,10.98,85,14,5,3,4017,1
4242,12242,54,Female,145347,Email,Consideration,1023.95,0.12,0.18,11,6.52,4.99,34,7,0,2,2324,1
4243,12243,34,Male,43664,PPC,Awareness,3179.88,0.24,0.15,29,3.32,14.88,55,16,8,5,1951,1
4244,12244,40,Female,44453,Referral,Conversion,7733.19,0.05,0.03,25,8.97,5.03,94,9,1,5,4506,1
4245,12245,43,Female,24746,PPC,Conversion,8786.27,0.1,0.17,12,9.74,5.37,66,8,9,5,4971,1
4246,12246,46,Male,109509,PPC,Retention,9137.75,0.19,0.08,5,9.32,6.58,2,16,0,1,3312,1
4247,12247,50,Female,143765,SEO,Consideration,3850.78,0.13,0.07,2,1.98,12.5,70,16,4,6,2265,1
4248,12248,44,Male,33217,SEO,Retention,3788.13,0.28,0.13,10,7.63,8.58,0,18,1,4,1492,1
4249,12249,42,Female,83184,Referral,Retention,4126.4,0.29,0.12,42,6.01,12.93,41,18,9,7,3814,1
4250,12250,27,Female,108898,Social Media,Consideration,3820.51,0.16,0.11,9,8.1,6.69,57,1,4,4,1753,1
4251,12251,64,Female,61835,PPC,Awareness,6695.35,0.17,0.06,10,4.17,9.32,87,10,0,3,1541,1
4252,12252,40,Male,29133,Social Media,Conversion,3647.4,0.22,0.19,15,9.61,0.57,93,7,6,4,449,1
4253,12253,38,Male,121345,Referral,Consideration,301.4,0.14,0.19,19,3.81,8.85,95,16,3,3,1105,1
4254,12254,38,Female,60533,PPC,Retention,4446.34,0.07,0.01,41,7.64,1.67,95,0,7,3,4805,0
4255,12255,60,Female,25404,Social Media,Awareness,2319.11,0.23,0.07,43,5.53,3.3,84,17,7,8,3841,1
4256,12256,30,Female,53339,PPC,Retention,385.19,0.22,0.02,18,6.55,14.96,63,6,6,4,662,1
4257,12257,54,Female,48725,SEO,Awareness,4761.35,0.08,0.17,8,2.04,9.74,79,8,0,5,1460,0
4258,12258,50,Female,94332,SEO,Conversion,2138.95,0.25,0.18,35,6.5,13.1,3,8,2,8,4990,1
4259,12259,41,Male,65380,Email,Conversion,4582.14,0.19,0.11,14,6.07,1.33,16,9,5,9,3073,1
4260,12260,61,Male,68073,Referral,Awareness,2849.72,0.08,0.17,22,7.47,6.08,76,15,5,4,705,1
4261,12261,28,Male,80873,Social Media,Conversion,6076.72,0.2,0.14,20,3.59,13.01,98,10,5,3,245,1
4262,12262,34,Female,106900,PPC,Retention,9909.69,0.08,0.1,38,8.49,6.46,39,5,1,7,179,1
4263,12263,21,Male,147240,Email,Awareness,5517.6,0.09,0.08,4,9.51,4.18,33,11,7,2,1900,1
4264,12264,64,Male,61341,Referral,Retention,6504.27,0.26,0.06,21,8.94,7.47,55,9,2,9,3301,1
4265,12265,42,Female,21236,Referral,Awareness,9200.83,0.28,0.06,30,4.52,7.33,10,15,4,8,1089,1
4266,12266,47,Male,87916,Referral,Retention,3802.6,0.08,0.12,14,7.86,14.86,99,13,8,4,4111,1
4267,12267,26,Female,125481,Social Media,Conversion,1748.83,0.28,0.04,27,4.29,5.64,88,16,6,4,1459,1
4268,12268,38,Male,148357,SEO,Consideration,2899.69,0.08,0.04,37,8.77,14.38,39,19,8,8,2289,1
4269,12269,37,Male,34538,Email,Retention,4087.67,0.04,0.01,14,4.38,13.72,93,4,3,1,4757,0
4270,12270,36,Female,31971,Social Media,Awareness,6485.68,0.03,0.13,48,2.67,7.02,12,3,0,0,4282,0
4271,12271,36,Male,128601,PPC,Conversion,145.42,0.08,0.2,18,5.4,14.2,23,12,9,0,3438,1
4272,12272,29,Female,119821,Social Media,Awareness,8548.49,0.12,0.18,34,2.22,11.07,99,6,2,0,551,1
4273,12273,54,Female,103453,PPC,Retention,853.33,0.28,0.14,17,6.28,13.33,33,10,4,7,3543,1
4274,12274,59,Male,58655,PPC,Awareness,9016.49,0.08,0.16,9,6.19,13.43,7,10,9,4,4760,1
4275,12275,34,Male,97022,Referral,Awareness,9499.4,0.12,0.09,14,5.42,1.74,81,11,0,1,1704,1
4276,12276,54,Female,80784,Social Media,Retention,9902.02,0.22,0.07,49,6.43,13.5,6,2,6,9,1546,1
4277,12277,65,Male,142547,SEO,Conversion,8114.15,0.1,0.08,23,9.78,7.6,61,11,0,6,4518,1
4278,12278,56,Male,138177,PPC,Conversion,1504.37,0.21,0.03,46,4.45,9.74,45,2,7,7,2571,1
4279,12279,45,Female,81289,Referral,Retention,7091.05,0.14,0.13,19,4.8,4.86,85,0,6,4,133,1
4280,12280,58,Female,57410,SEO,Conversion,2112.88,0.07,0.04,36,3.47,9.86,70,9,1,4,309,1
4281,12281,52,Female,110982,Social Media,Consideration,8981.57,0.22,0.15,10,2.66,0.89,12,0,6,3,3404,1
4282,12282,64,Female,71302,SEO,Awareness,3234.4,0.02,0.05,8,3.6,5.88,1,0,5,6,1455,0
4283,12283,65,Female,146112,Social Media,Retention,3335.28,0.09,0.05,4,2.91,9.61,1,10,6,7,4929,1
4284,12284,35,Male,41703,PPC,Consideration,9184.77,0.11,0.19,10,4.89,3.35,28,15,0,8,4042,1
4285,12285,31,Female,64191,Email,Awareness,230.99,0.14,0.03,38,3.1,10.25,90,2,6,5,3068,1
4286,12286,52,Female,138454,Email,Retention,2020.26,0.21,0.1,26,5.66,12.52,81,2,8,1,2778,1
4287,12287,61,Male,74112,PPC,Conversion,4277.13,0.14,0.02,1,3.58,1.04,57,7,7,1,4845,1
4288,12288,58,Female,31399,SEO,Retention,7037.14,0.18,0.03,19,4.82,9.26,1,12,6,2,1847,1
4289,12289,24,Male,124365,Social Media,Retention,6510.91,0.18,0.13,20,2.16,8.92,58,15,1,4,4602,1
4290,12290,58,Male,32685,Email,Awareness,6727.18,0.12,0.13,49,2.48,11.84,52,14,6,7,1623,1
4291,12291,30,Female,107777,Social Media,Awareness,8812.22,0.28,0.05,29,6.53,10.61,67,9,1,7,853,1
4292,12292,35,Female,24487,PPC,Awareness,1298.2,0.29,0.18,47,6.09,7.09,60,16,3,8,35,1
4293,12293,54,Male,32018,SEO,Consideration,5269.4,0.18,0.14,0,2.54,5.64,48,2,0,0,2775,0
4294,12294,30,Male,50825,Social Media,Conversion,7282.23,0.03,0.07,34,3.65,14.79,45,13,2,4,2892,1
4295,12295,53,Female,27750,SEO,Retention,6397.57,0.15,0.06,25,2.99,7.78,71,0,4,7,4870,1
4296,12296,48,Female,78956,Email,Retention,4538.31,0.06,0.15,31,8.18,6.41,99,8,5,9,4263,1
4297,12297,19,Female,70229,Social Media,Conversion,269.43,0.15,0.15,8,4.28,14.9,58,18,2,2,4819,1
4298,12298,33,Female,103220,Referral,Retention,698.48,0.06,0.04,48,4.65,3.12,47,9,2,2,365,0
4299,12299,26,Male,63118,Email,Awareness,1277.52,0.21,0.08,39,6.98,3.2,8,10,9,5,4937,1
4300,12300,26,Male,79615,SEO,Retention,3497.95,0.03,0.05,20,3.93,14.66,17,13,5,3,3014,1
4301,12301,55,Female,99946,PPC,Conversion,1264.77,0.29,0.07,15,4.4,10.04,49,15,8,7,2214,1
4302,12302,28,Female,141337,Referral,Consideration,4318.21,0.07,0.06,11,8.18,8.04,85,6,1,6,2986,1
4303,12303,39,Male,141869,Social Media,Consideration,1868.56,0.2,0.2,35,8.15,1.48,74,8,1,0,4603,1
4304,12304,50,Male,77290,Email,Conversion,7813.75,0.28,0.15,36,6.44,5.66,26,12,6,7,536,1
4305,12305,53,Female,35105,Social Media,Retention,8727.73,0.08,0.16,26,6.03,6.78,31,6,3,4,427,1
4306,12306,62,Female,38913,Social Media,Retention,3957.51,0.28,0.06,6,2.63,7.92,65,0,0,5,3431,0
4307,12307,40,Female,121564,Referral,Consideration,5162.18,0.12,0.01,29,5.26,6.83,65,6,5,6,3710,1
4308,12308,62,Male,69515,Referral,Retention,9539.61,0.29,0.02,23,3.47,6.85,93,1,8,4,595,1
4309,12309,62,Female,67342,Referral,Consideration,5401.53,0.29,0.12,49,7.57,14.93,21,1,9,8,923,1
4310,12310,51,Female,132016,Referral,Conversion,9951.22,0.06,0.06,29,6.65,14.62,85,0,5,7,252,1
4311,12311,26,Female,135533,PPC,Conversion,1507.1,0.25,0.05,19,4.4,1.75,23,8,5,6,1895,1
4312,12312,41,Female,72184,SEO,Retention,8636.04,0.07,0.02,45,5.82,2.95,90,9,3,7,2363,1
4313,12313,25,Female,103247,Referral,Awareness,5022.31,0.08,0.18,39,4.79,14.15,74,9,0,2,3097,1
4314,12314,24,Female,80506,Email,Awareness,324.87,0.03,0.12,44,2.32,5.13,12,4,6,3,640,0
4315,12315,53,Female,44967,Social Media,Consideration,9725.01,0.06,0.03,27,8.03,9.37,90,6,3,1,266,1
4316,12316,35,Female,56023,Referral,Conversion,9653.97,0.19,0.16,3,9.08,12.07,14,9,8,0,2860,1
4317,12317,20,Female,74288,Email,Consideration,3894.38,0.14,0.15,11,9.37,7.33,48,2,3,2,2900,1
4318,12318,45,Female,141796,PPC,Conversion,9546.01,0.24,0.07,2,8.1,0.74,16,11,8,7,1728,1
4319,12319,23,Female,144939,Email,Consideration,1496.0,0.11,0.05,36,8.39,12.51,38,19,0,7,2445,1
4320,12320,61,Female,121541,Email,Consideration,6833.09,0.29,0.16,3,1.5,11.47,72,15,9,0,985,1
4321,12321,61,Female,46622,PPC,Consideration,2000.1,0.02,0.07,14,8.04,1.1,86,17,3,7,98,1
4322,12322,38,Female,65201,PPC,Retention,2541.81,0.03,0.17,27,3.73,13.51,3,15,1,2,3188,1
4323,12323,45,Female,95033,Social Media,Awareness,7815.44,0.21,0.02,36,2.24,12.93,56,9,5,6,1624,1
4324,12324,57,Female,36350,Referral,Conversion,3835.85,0.27,0.1,8,5.7,4.49,14,0,8,0,1815,1
4325,12325,18,Female,74820,Email,Consideration,170.56,0.24,0.04,13,6.13,1.66,42,15,1,3,837,0
4326,12326,53,Female,68709,SEO,Awareness,4200.96,0.15,0.14,31,5.36,6.35,30,4,1,2,577,1
4327,12327,38,Male,108232,SEO,Consideration,2357.89,0.09,0.2,47,6.88,13.19,5,11,0,1,3421,1
4328,12328,60,Female,47470,Social Media,Consideration,6864.97,0.01,0.09,2,7.43,7.49,89,15,8,9,1395,1
4329,12329,52,Male,50889,SEO,Conversion,2025.04,0.16,0.03,46,2.23,4.58,58,13,0,9,3331,1
4330,12330,30,Male,30224,Social Media,Retention,8438.31,0.15,0.07,17,6.55,3.86,64,9,1,4,4435,1
4331,12331,66,Female,127260,Referral,Consideration,2744.22,0.11,0.18,49,1.49,5.65,85,15,4,3,738,1
4332,12332,27,Male,25465,Social Media,Conversion,3990.98,0.18,0.16,13,5.04,14.91,29,14,6,0,625,1
4333,12333,61,Male,102418,PPC,Retention,3050.56,0.22,0.05,24,1.9,13.24,57,10,8,8,1937,1
4334,12334,64,Male,117739,PPC,Retention,6474.84,0.21,0.19,38,5.05,8.43,85,5,0,6,2020,1
4335,12335,27,Male,113480,PPC,Awareness,1101.52,0.09,0.13,25,2.58,12.22,96,18,7,5,3726,1
4336,12336,63,Female,75214,PPC,Awareness,4833.18,0.18,0.04,5,7.61,5.09,55,14,0,6,231,0
4337,12337,30,Female,115373,PPC,Consideration,3411.1,0.05,0.12,25,9.1,9.42,68,12,8,9,1057,1
4338,12338,54,Female,22944,PPC,Awareness,8852.97,0.05,0.1,47,2.53,13.15,35,18,9,0,3111,1
4339,12339,55,Male,44336,PPC,Conversion,826.78,0.24,0.17,40,7.63,5.83,45,0,1,5,4498,1
4340,12340,41,Male,58624,PPC,Conversion,8313.98,0.21,0.08,0,2.32,12.11,73,9,2,0,4475,1
4341,12341,19,Male,85206,PPC,Awareness,1760.04,0.23,0.18,49,4.9,9.41,0,10,9,7,319,1
4342,12342,39,Female,64764,Referral,Conversion,976.92,0.05,0.16,20,6.63,9.42,11,11,3,3,1236,1
4343,12343,34,Female,117332,PPC,Conversion,2103.0,0.28,0.14,13,5.84,1.1,66,13,2,5,67,1
4344,12344,53,Female,114325,Social Media,Consideration,1116.26,0.05,0.06,45,1.51,13.54,9,15,1,1,1310,0
4345,12345,31,Female,65420,Referral,Consideration,5257.74,0.26,0.19,7,4.26,11.75,0,6,4,9,3785,1
4346,12346,27,Female,109758,SEO,Conversion,9883.33,0.11,0.11,24,5.23,1.03,18,3,1,1,4999,1
4347,12347,52,Female,124381,Email,Awareness,439.84,0.04,0.18,48,4.52,9.36,81,15,1,1,115,0
4348,12348,42,Female,85671,Referral,Conversion,4665.17,0.09,0.05,17,6.99,11.32,94,18,7,5,1146,1
4349,12349,20,Male,35773,PPC,Retention,3922.1,0.06,0.2,14,8.99,12.03,54,2,1,2,1929,1
4350,12350,64,Male,127596,Referral,Retention,3462.1,0.15,0.17,41,7.01,1.78,48,8,7,8,4455,1
4351,12351,55,Female,46447,Email,Retention,3385.45,0.29,0.19,19,6.31,9.78,54,16,7,2,3450,1
4352,12352,34,Female,24033,Email,Consideration,8960.63,0.11,0.05,15,2.34,3.88,85,3,0,2,3150,1
4353,12353,29,Female,75852,PPC,Awareness,287.86,0.19,0.09,6,4.14,7.05,67,8,4,2,1662,1
4354,12354,69,Female,40497,PPC,Conversion,7771.67,0.27,0.03,28,5.93,8.13,40,13,8,6,1249,1
4355,12355,41,Male,99714,Social Media,Awareness,2604.04,0.19,0.04,30,9.41,0.9,54,11,7,0,3235,1
4356,12356,46,Female,146892,Email,Awareness,3894.63,0.12,0.06,28,3.74,4.84,73,18,9,2,3571,1
4357,12357,60,Female,92082,PPC,Awareness,4259.48,0.3,0.19,16,4.04,12.06,73,10,8,7,4774,1
4358,12358,42,Male,93932,Email,Retention,3116.84,0.06,0.14,4,6.31,12.71,78,3,2,2,585,0
4359,12359,53,Female,40978,Social Media,Conversion,1026.23,0.16,0.07,17,9.1,5.29,68,12,1,7,4987,1
4360,12360,43,Male,128867,SEO,Consideration,1231.88,0.24,0.19,13,5.89,6.91,42,13,0,0,3062,1
4361,12361,55,Male,32882,Email,Awareness,3051.5,0.01,0.15,30,2.57,12.55,80,9,7,3,568,1
4362,12362,18,Female,36945,Social Media,Awareness,8235.91,0.21,0.18,49,1.68,3.41,81,15,7,1,3732,1
4363,12363,37,Female,107320,Social Media,Retention,1432.81,0.09,0.19,17,9.0,11.1,56,19,7,7,1799,1
4364,12364,45,Male,76485,Social Media,Retention,7452.13,0.06,0.15,46,7.03,6.41,47,19,2,7,1671,1
4365,12365,33,Male,88850,Referral,Conversion,2959.81,0.09,0.06,24,2.98,14.81,49,5,0,4,2832,1
4366,12366,64,Female,138648,PPC,Consideration,8846.3,0.29,0.2,10,7.52,9.23,68,11,8,2,1318,1
4367,12367,34,Male,79870,Email,Consideration,4340.45,0.27,0.07,25,7.48,2.65,7,15,6,9,1919,1
4368,12368,57,Female,38595,Referral,Retention,1800.06,0.07,0.14,4,7.95,2.99,55,7,5,1,122,0
4369,12369,45,Female,104291,Email,Conversion,9859.86,0.04,0.17,15,9.03,0.9,90,2,6,6,1675,1
4370,12370,29,Male,117847,Referral,Awareness,1848.68,0.12,0.04,7,2.37,10.87,88,14,5,6,4917,1
4371,12371,44,Female,84038,PPC,Conversion,5719.44,0.18,0.13,12,9.61,6.93,25,17,3,4,787,1
4372,12372,59,Female,76126,Social Media,Consideration,5735.94,0.26,0.08,31,9.99,0.66,22,7,1,4,809,1
4373,12373,64,Female,131231,Email,Retention,3790.85,0.29,0.06,26,1.13,1.97,40,8,0,5,2302,1
4374,12374,47,Male,116134,Social Media,Awareness,9519.74,0.23,0.01,48,1.82,4.7,86,19,8,5,3935,1
4375,12375,58,Male,55449,PPC,Awareness,8454.36,0.18,0.18,25,4.91,6.65,92,11,1,6,3451,1
4376,12376,51,Female,121110,Email,Consideration,8315.21,0.05,0.04,8,1.31,14.11,96,14,5,9,3343,1
4377,12377,54,Female,130265,SEO,Awareness,9744.1,0.03,0.18,46,7.61,8.35,58,11,7,9,187,1
4378,12378,23,Male,38639,SEO,Conversion,4625.38,0.18,0.12,6,6.86,13.47,17,14,6,4,128,1
4379,12379,24,Male,65370,SEO,Consideration,1062.14,0.17,0.13,49,7.98,4.13,70,17,8,4,3601,1
4380,12380,49,Female,116559,PPC,Consideration,7678.01,0.26,0.17,45,9.99,5.32,95,2,8,2,344,1
4381,12381,49,Female,94628,SEO,Awareness,3870.04,0.1,0.11,7,9.4,13.27,70,17,3,3,4535,1
4382,12382,42,Male,91918,Email,Consideration,1984.42,0.02,0.08,1,3.7,7.62,7,7,8,1,4319,1
4383,12383,50,Female,62710,SEO,Retention,4884.15,0.13,0.04,17,4.57,9.06,57,17,9,1,1513,1
4384,12384,24,Male,74051,Email,Conversion,9264.62,0.29,0.12,35,7.98,8.83,84,9,1,9,3465,1
4385,12385,69,Female,80639,PPC,Consideration,1796.43,0.24,0.12,23,4.49,9.86,16,6,0,0,1638,1
4386,12386,29,Female,23159,Social Media,Retention,8502.12,0.02,0.07,33,7.29,9.04,50,1,5,0,3128,1
4387,12387,33,Female,91192,Referral,Awareness,4240.23,0.26,0.12,41,9.27,10.57,32,17,3,6,1310,1
4388,12388,33,Male,86988,SEO,Consideration,1454.34,0.15,0.09,37,4.65,2.64,29,9,3,8,1940,1
4389,12389,60,Female,127739,Referral,Retention,8498.98,0.12,0.16,10,6.04,10.8,65,18,9,9,486,1
4390,12390,53,Male,38706,Social Media,Awareness,9699.24,0.11,0.12,9,8.57,2.68,59,2,9,3,636,1
4391,12391,30,Male,29862,PPC,Retention,2983.58,0.18,0.19,28,5.3,5.44,45,5,0,8,2848,1
4392,12392,24,Female,30219,PPC,Awareness,3105.01,0.16,0.11,48,3.6,12.55,99,9,5,3,89,1
4393,12393,53,Female,109017,Social Media,Conversion,3966.41,0.2,0.18,39,3.32,9.31,21,19,2,8,1937,1
4394,12394,64,Male,54536,Referral,Consideration,8159.89,0.18,0.11,5,1.65,14.52,31,9,6,8,2911,1
4395,12395,68,Male,91632,SEO,Conversion,203.13,0.05,0.12,47,3.97,4.16,24,12,0,6,354,1
4396,12396,26,Female,123489,Email,Conversion,2317.17,0.08,0.08,9,7.17,13.85,7,9,7,6,1661,1
4397,12397,49,Female,97391,PPC,Consideration,7088.41,0.25,0.09,29,1.53,9.81,96,18,8,8,1463,1
4398,12398,28,Male,82886,Social Media,Conversion,4115.83,0.2,0.19,27,3.47,5.85,62,13,3,6,3484,1
4399,12399,25,Female,128798,Referral,Conversion,3369.93,0.14,0.05,28,2.0,11.91,28,10,4,6,258,1
4400,12400,50,Female,99996,SEO,Retention,8735.6,0.06,0.03,24,4.64,14.35,80,19,7,2,2194,1
4401,12401,40,Female,53937,Referral,Awareness,9181.61,0.01,0.17,35,1.84,11.8,39,15,4,6,3372,1
4402,12402,42,Female,41094,SEO,Conversion,9485.06,0.1,0.12,26,7.71,0.59,44,2,9,4,1930,1
4403,12403,25,Male,145312,Email,Consideration,2798.25,0.03,0.06,33,9.35,0.65,1,12,3,1,466,0
4404,12404,62,Female,124894,Email,Retention,9133.87,0.15,0.09,33,2.73,2.33,48,13,4,6,2865,1
4405,12405,39,Female,135074,Social Media,Awareness,7395.96,0.25,0.11,31,3.26,12.84,30,8,1,0,691,1
4406,12406,21,Female,137118,Social Media,Conversion,1626.73,0.09,0.12,43,2.44,11.38,67,3,9,4,3826,1
4407,12407,57,Female,47924,SEO,Conversion,6141.67,0.26,0.17,3,2.69,9.78,89,13,1,6,664,1
4408,12408,20,Female,103325,SEO,Consideration,360.71,0.21,0.08,47,3.8,10.57,8,10,0,6,2004,1
4409,12409,46,Male,20123,SEO,Conversion,7112.94,0.05,0.14,33,3.53,9.49,94,11,3,4,3274,1
4410,12410,58,Male,73149,SEO,Consideration,7362.32,0.2,0.17,15,4.47,5.54,9,16,9,6,3727,1
4411,12411,46,Male,133930,Email,Conversion,7914.45,0.05,0.17,46,5.72,10.95,50,15,7,7,4981,1
4412,12412,51,Female,91445,Social Media,Conversion,1808.0,0.2,0.06,45,7.55,14.06,69,0,9,9,4633,1
4413,12413,51,Female,51854,Social Media,Consideration,6319.67,0.05,0.08,10,8.96,11.37,43,15,9,4,4937,1
4414,12414,45,Female,80796,PPC,Awareness,1870.68,0.12,0.12,14,5.13,13.08,25,17,9,9,3398,1
4415,12415,30,Male,89432,Social Media,Retention,9471.84,0.17,0.18,37,9.18,3.94,74,10,9,5,644,1
4416,12416,32,Female,78968,Social Media,Consideration,6782.61,0.02,0.16,29,7.12,5.56,78,1,1,6,1024,1
4417,12417,40,Female,60834,Referral,Awareness,1043.73,0.05,0.12,26,7.56,7.86,83,15,6,6,1949,1
4418,12418,61,Female,127677,Referral,Awareness,1951.62,0.1,0.2,15,5.7,7.34,77,15,7,4,252,1
4419,12419,43,Male,37111,PPC,Consideration,6668.25,0.14,0.09,0,5.71,7.26,20,3,9,1,3047,1
4420,12420,21,Male,92575,SEO,Retention,4819.04,0.26,0.17,24,5.79,9.79,90,0,0,5,1043,1
4421,12421,43,Female,130380,PPC,Consideration,7389.35,0.06,0.17,27,5.43,12.9,29,10,2,4,1882,1
4422,12422,57,Female,44099,PPC,Conversion,2879.81,0.11,0.18,42,5.13,13.36,70,6,5,5,229,1
4423,12423,26,Male,89206,Email,Conversion,6613.38,0.15,0.2,13,7.97,2.68,14,5,6,2,654,1
4424,12424,22,Female,70293,Social Media,Awareness,1851.91,0.1,0.1,33,4.49,1.81,79,5,4,0,4654,0
4425,12425,49,Male,128871,Email,Conversion,5482.73,0.19,0.05,47,2.86,5.01,58,19,6,8,3398,1
4426,12426,37,Female,138719,Social Media,Retention,9582.22,0.08,0.1,3,2.22,11.19,83,17,5,9,4576,1
4427,12427,67,Female,35029,PPC,Consideration,6319.4,0.23,0.17,13,8.92,12.01,83,7,6,0,1964,1
4428,12428,28,Male,51811,Social Media,Retention,594.94,0.16,0.17,15,8.77,6.06,85,5,3,9,54,1
4429,12429,32,Female,35793,SEO,Awareness,9888.75,0.04,0.07,14,3.19,5.0,69,7,1,8,1411,1
4430,12430,49,Male,126854,SEO,Conversion,1652.98,0.19,0.02,33,2.06,2.39,19,2,7,9,4509,1
4431,12431,45,Male,68106,PPC,Conversion,7208.88,0.18,0.11,12,9.64,3.95,68,3,0,3,2018,1
4432,12432,39,Female,105662,Referral,Consideration,5372.05,0.11,0.1,16,5.34,1.96,52,5,3,7,194,1
4433,12433,58,Male,104764,SEO,Retention,3014.17,0.01,0.03,27,1.84,4.91,74,16,3,5,2373,0
4434,12434,34,Male,147418,PPC,Retention,1855.37,0.07,0.16,9,2.94,10.3,1,0,0,7,439,0
4435,12435,43,Male,104131,Email,Consideration,1859.25,0.13,0.06,46,7.33,2.37,29,14,7,7,2662,1
4436,12436,61,Male,20972,Referral,Conversion,8598.16,0.07,0.13,16,1.73,5.16,7,14,5,1,1922,1
4437,12437,24,Male,20360,SEO,Awareness,8741.83,0.18,0.03,7,4.9,8.17,39,11,1,2,455,1
4438,12438,59,Male,22632,PPC,Awareness,4704.94,0.22,0.17,1,4.85,5.24,7,5,3,8,2649,1
4439,12439,43,Female,55958,PPC,Consideration,1125.85,0.26,0.15,0,7.17,6.87,16,19,6,1,2994,1
4440,12440,42,Male,123252,Email,Consideration,8853.23,0.2,0.08,4,2.79,7.7,98,4,8,3,4489,1
4441,12441,27,Female,100882,Email,Consideration,4921.46,0.21,0.13,34,9.85,11.74,29,6,6,0,1376,1
4442,12442,62,Male,133858,Referral,Retention,4443.75,0.19,0.05,21,2.4,12.72,0,7,1,3,2680,1
4443,12443,36,Male,38008,SEO,Conversion,4132.83,0.3,0.2,42,6.39,3.29,68,9,0,2,3093,1
4444,12444,28,Male,97656,PPC,Conversion,3713.64,0.09,0.16,15,3.95,5.86,63,6,9,3,3930,1
4445,12445,30,Female,50283,Referral,Consideration,5307.45,0.09,0.16,8,2.2,8.84,79,6,6,2,2406,1
4446,12446,25,Female,70908,Referral,Awareness,6084.96,0.05,0.04,35,5.85,7.74,35,13,8,4,101,1
4447,12447,57,Female,27818,Email,Retention,4717.68,0.15,0.01,8,2.53,1.67,78,3,1,3,2190,0
4448,12448,21,Male,90655,PPC,Consideration,8976.82,0.04,0.12,13,7.12,5.5,48,9,2,8,4532,1
4449,12449,64,Female,50579,Social Media,Retention,3244.85,0.09,0.04,9,1.29,3.8,80,12,3,4,4826,0
4450,12450,48,Male,75178,Email,Consideration,5825.29,0.15,0.16,21,5.59,6.55,76,6,8,4,1024,1
4451,12451,45,Male,77584,PPC,Retention,3069.54,0.29,0.09,15,2.97,5.4,23,2,6,1,1790,1
4452,12452,28,Female,85020,Referral,Awareness,7558.17,0.29,0.07,40,9.55,10.58,3,4,1,3,872,1
4453,12453,60,Male,131257,Referral,Awareness,1111.0,0.23,0.02,2,7.39,6.32,76,17,3,3,4660,1
4454,12454,18,Female,133204,SEO,Awareness,1968.12,0.12,0.2,27,7.8,4.0,61,6,3,4,4486,1
4455,12455,66,Male,115373,Social Media,Awareness,8031.89,0.26,0.19,29,7.35,9.48,8,5,3,4,1062,1
4456,12456,64,Female,141663,Email,Conversion,1913.66,0.26,0.04,28,6.99,11.04,25,7,9,3,216,1
4457,12457,69,Female,20975,SEO,Conversion,6294.89,0.27,0.07,0,2.24,2.07,46,6,6,9,3352,1
4458,12458,55,Female,83479,SEO,Retention,9705.41,0.2,0.08,27,9.98,4.14,15,19,5,1,4816,1
4459,12459,41,Male,36265,Social Media,Consideration,5276.62,0.07,0.07,21,6.92,3.53,36,10,1,6,3188,1
4460,12460,64,Male,83518,Email,Conversion,1955.22,0.04,0.19,31,9.08,3.42,69,9,9,9,4771,1
4461,12461,48,Female,24318,Email,Consideration,3274.84,0.28,0.15,10,5.53,13.58,10,5,1,1,828,0
4462,12462,58,Male,140611,Referral,Retention,8252.23,0.03,0.19,25,3.57,2.33,1,17,2,6,488,1
4463,12463,63,Female,55081,Email,Consideration,3581.44,0.1,0.18,30,4.94,13.13,93,5,9,8,2155,1
4464,12464,67,Female,78649,SEO,Awareness,7262.76,0.15,0.15,19,4.59,6.21,82,9,0,7,4546,1
4465,12465,43,Male,135475,Referral,Awareness,7795.77,0.02,0.14,19,1.14,9.79,22,8,8,8,3816,1
4466,12466,66,Female,137116,Email,Conversion,5061.71,0.27,0.17,32,7.07,6.89,46,7,6,7,428,1
4467,12467,67,Female,127051,Social Media,Retention,7853.81,0.09,0.14,4,7.64,9.18,61,11,6,1,1909,1
4468,12468,22,Male,63069,SEO,Conversion,3237.34,0.02,0.05,40,1.37,8.5,75,9,8,8,1078,1
4469,12469,37,Male,133352,PPC,Conversion,5209.98,0.3,0.13,2,3.21,6.78,38,11,6,6,4638,1
4470,12470,69,Female,98670,Social Media,Conversion,6896.93,0.1,0.11,43,6.98,4.49,5,17,0,3,4503,1
4471,12471,58,Male,124968,Social Media,Retention,1763.92,0.26,0.2,49,3.9,14.0,35,18,3,9,1007,1
4472,12472,28,Female,131686,Email,Awareness,2808.86,0.14,0.11,33,9.4,13.78,61,13,8,6,334,1
4473,12473,50,Male,96377,Referral,Awareness,6555.16,0.2,0.02,30,2.01,1.53,59,12,5,8,2638,1
4474,12474,67,Female,111671,Referral,Conversion,6588.07,0.08,0.06,41,9.35,3.74,78,6,7,0,3105,1
4475,12475,55,Male,32427,SEO,Consideration,4983.7,0.16,0.18,6,9.23,8.82,35,7,2,3,3357,1
4476,12476,44,Female,60251,Email,Awareness,7976.3,0.08,0.19,29,9.6,14.72,76,14,5,8,2209,1
4477,12477,51,Female,119667,Referral,Awareness,4872.34,0.29,0.15,17,1.7,11.05,71,8,3,9,2483,1
4478,12478,32,Male,122263,PPC,Retention,8825.09,0.03,0.02,15,3.45,12.37,88,2,7,3,96,1
4479,12479,49,Male,45165,Email,Awareness,7385.44,0.09,0.01,12,3.26,5.06,87,4,2,6,4688,1
4480,12480,38,Female,87285,Email,Awareness,3215.48,0.27,0.1,32,8.97,3.67,30,3,4,1,2209,1
4481,12481,63,Female,141359,Referral,Conversion,4013.01,0.15,0.2,6,8.26,3.78,39,19,1,2,3303,1
4482,12482,22,Male,118844,Social Media,Conversion,6710.1,0.18,0.18,29,2.43,7.51,59,19,6,7,1910,1
4483,12483,23,Female,84927,Email,Retention,8955.08,0.2,0.19,10,2.27,12.95,12,5,8,0,2258,1
4484,12484,55,Male,93170,Social Media,Retention,1869.22,0.03,0.13,5,5.27,3.64,92,7,4,2,3002,1
4485,12485,39,Male,96150,SEO,Consideration,5195.17,0.02,0.17,20,2.56,8.77,95,2,8,7,4565,1
4486,12486,35,Female,44866,SEO,Awareness,1275.97,0.28,0.07,31,5.28,12.23,36,3,1,5,3744,1
4487,12487,31,Female,30282,Referral,Conversion,2866.61,0.09,0.02,4,8.6,7.76,60,16,7,9,2050,1
4488,12488,27,Male,40319,SEO,Conversion,6891.22,0.12,0.18,41,5.5,6.55,17,16,2,8,497,1
4489,12489,63,Female,56726,Referral,Awareness,869.57,0.21,0.05,28,7.52,5.52,89,4,9,4,1326,1
4490,12490,30,Male,35412,Referral,Retention,6657.35,0.08,0.15,34,3.25,9.21,17,16,4,8,2265,1
4491,12491,48,Female,122163,Social Media,Conversion,9018.03,0.22,0.14,46,3.39,12.36,33,11,2,8,2977,1
4492,12492,47,Female,93586,Social Media,Retention,9696.77,0.14,0.04,11,6.34,14.94,53,2,4,9,3618,1
4493,12493,20,Female,144135,SEO,Conversion,2244.66,0.26,0.05,36,8.67,13.11,30,1,4,7,173,1
4494,12494,47,Female,140019,Social Media,Conversion,7514.09,0.09,0.07,45,5.78,7.06,78,10,0,9,4228,1
4495,12495,23,Male,44583,Email,Consideration,9271.07,0.07,0.15,43,2.78,1.65,36,5,7,0,437,0
4496,12496,46,Female,103577,PPC,Conversion,1004.56,0.25,0.02,21,2.96,2.25,83,16,6,7,1041,1
4497,12497,25,Female,81922,Email,Awareness,4198.83,0.1,0.09,10,6.55,0.93,91,18,7,7,2224,1
4498,12498,61,Male,26185,Email,Awareness,9202.16,0.13,0.14,22,1.93,5.76,67,12,2,9,3863,1
4499,12499,62,Female,106348,Referral,Awareness,2107.6,0.24,0.04,44,1.59,7.48,71,4,6,9,3793,1
4500,12500,60,Male,111368,PPC,Retention,9344.23,0.19,0.03,9,1.93,12.4,57,4,6,2,2705,1
4501,12501,61,Female,76389,Referral,Conversion,5319.2,0.14,0.08,41,4.53,1.74,81,18,1,8,4346,1
4502,12502,50,Male,146830,Social Media,Retention,1088.94,0.08,0.06,23,4.19,3.81,95,14,2,7,2726,1
4503,12503,34,Male,37423,Social Media,Consideration,4553.79,0.23,0.13,45,1.02,7.9,52,3,5,9,1481,1
4504,12504,65,Male,71268,PPC,Conversion,3329.99,0.06,0.19,15,2.46,12.82,86,5,3,6,136,1
4505,12505,28,Female,132692,SEO,Awareness,2893.82,0.28,0.01,11,4.13,1.77,61,2,3,1,4724,0
4506,12506,30,Female,61644,Social Media,Consideration,5460.61,0.05,0.18,49,4.87,4.03,78,10,0,0,1424,1
4507,12507,67,Male,56786,Email,Consideration,4887.57,0.24,0.09,31,4.62,8.39,6,18,7,4,2274,1
4508,12508,28,Male,115201,PPC,Conversion,4871.47,0.13,0.14,23,3.88,5.2,30,3,1,0,2210,1
4509,12509,48,Male,95525,PPC,Awareness,972.6,0.06,0.17,3,8.31,14.89,95,6,5,3,969,1
4510,12510,45,Female,142234,Social Media,Retention,8042.95,0.13,0.12,41,4.74,7.06,39,2,9,3,1011,1
4511,12511,61,Female,103744,Social Media,Conversion,4866.25,0.07,0.03,32,6.8,13.71,77,4,9,1,703,0
4512,12512,23,Male,138222,Referral,Awareness,8226.97,0.05,0.04,17,8.49,14.14,82,15,0,3,4552,1
4513,12513,58,Male,108590,Referral,Consideration,8263.49,0.08,0.16,46,8.68,4.26,49,18,0,0,3354,1
4514,12514,33,Female,50477,Email,Conversion,3239.64,0.26,0.05,16,8.71,5.23,79,17,9,1,681,1
4515,12515,21,Male,115910,PPC,Consideration,143.03,0.04,0.12,20,5.45,5.2,8,2,1,7,2943,1
4516,12516,52,Male,142942,SEO,Awareness,9121.33,0.29,0.09,0,6.95,6.83,64,4,5,3,607,1
4517,12517,65,Male,126756,SEO,Retention,7630.88,0.01,0.07,45,3.83,1.42,24,6,3,3,615,1
4518,12518,43,Female,23571,PPC,Retention,1161.79,0.2,0.16,43,8.76,12.21,7,6,7,7,4176,1
4519,12519,29,Female,39576,Email,Consideration,7047.1,0.26,0.15,24,2.92,2.4,38,2,6,8,3904,1
4520,12520,28,Female,139641,Referral,Consideration,298.23,0.28,0.13,30,8.09,13.46,31,8,3,7,1933,1
4521,12521,54,Male,82703,Referral,Consideration,374.81,0.05,0.08,42,5.23,8.86,7,7,3,0,3271,1
4522,12522,42,Female,29680,Referral,Conversion,5305.65,0.21,0.05,19,3.69,7.48,12,17,4,7,2444,1
4523,12523,35,Male,45706,SEO,Awareness,1050.77,0.04,0.11,25,4.42,10.08,66,9,6,8,4228,1
4524,12524,36,Female,99854,SEO,Consideration,9646.93,0.11,0.17,18,6.29,14.03,65,19,9,3,3867,1
4525,12525,40,Female,106195,Email,Consideration,8948.93,0.22,0.12,29,9.37,4.8,27,7,8,7,105,1
4526,12526,55,Female,84527,SEO,Consideration,6533.14,0.11,0.19,24,1.88,4.42,3,7,4,9,3435,1
4527,12527,35,Male,135042,Social Media,Retention,730.72,0.1,0.01,35,9.28,5.86,22,16,2,4,1951,1
4528,12528,43,Male,90565,SEO,Consideration,3315.87,0.04,0.2,48,8.34,7.56,33,16,8,0,1933,1
4529,12529,23,Female,68436,Referral,Awareness,3780.06,0.03,0.14,17,6.29,1.6,54,3,0,6,4158,0
4530,12530,21,Female,22774,Email,Retention,4860.71,0.04,0.17,3,2.17,10.36,70,5,1,1,2818,0
4531,12531,61,Male,36972,PPC,Awareness,1772.14,0.26,0.07,26,8.31,8.05,93,18,3,4,1272,1
4532,12532,68,Female,34048,PPC,Retention,5817.37,0.01,0.11,32,7.22,8.33,57,0,5,0,3014,1
4533,12533,46,Female,118908,Email,Retention,4414.13,0.21,0.16,5,5.48,4.12,72,3,2,4,3501,0
4534,12534,51,Female,128724,Social Media,Conversion,9478.24,0.23,0.15,6,8.97,12.69,18,10,9,5,721,1
4535,12535,34,Female,126669,PPC,Retention,9368.33,0.17,0.07,0,6.98,6.27,8,5,2,8,3668,1
4536,12536,60,Male,100225,Referral,Retention,5698.19,0.22,0.07,37,3.6,9.96,22,11,8,9,1502,1
4537,12537,60,Male,102273,PPC,Awareness,6479.06,0.2,0.14,34,1.39,3.98,74,4,2,2,2731,1
4538,12538,33,Male,146170,PPC,Awareness,1464.19,0.14,0.19,22,7.83,12.34,12,13,4,2,1549,1
4539,12539,19,Female,101550,Referral,Consideration,2310.9,0.12,0.09,15,3.3,4.85,92,16,2,0,3061,1
4540,12540,51,Male,107354,SEO,Conversion,9017.08,0.28,0.08,33,3.52,13.86,30,3,0,5,2521,1
4541,12541,25,Female,118737,Social Media,Retention,7021.74,0.29,0.18,33,5.05,7.09,71,14,4,3,1176,1
4542,12542,30,Male,96680,Referral,Conversion,1975.36,0.2,0.14,30,7.75,2.6,18,5,4,1,565,1
4543,12543,59,Male,116537,Referral,Consideration,5745.08,0.07,0.08,42,9.32,9.36,4,12,2,3,2689,1
4544,12544,25,Female,77602,Email,Conversion,9354.14,0.14,0.02,30,2.95,8.57,90,11,8,8,4128,1
4545,12545,47,Male,86403,Social Media,Retention,3517.19,0.15,0.15,10,8.94,6.61,38,9,9,2,1835,1
4546,12546,49,Male,47182,SEO,Awareness,1939.62,0.23,0.08,7,6.44,12.39,13,5,3,7,1764,1
4547,12547,53,Female,99876,Referral,Conversion,9426.05,0.2,0.02,23,8.7,6.61,21,8,2,4,442,1
4548,12548,64,Male,97373,SEO,Retention,4666.53,0.16,0.13,22,8.63,2.48,21,15,4,4,1151,1
4549,12549,47,Male,67059,Referral,Consideration,4230.7,0.21,0.07,31,4.53,0.91,4,7,6,6,340,1
4550,12550,18,Male,28787,Referral,Retention,2748.92,0.02,0.07,14,7.1,13.44,61,6,1,4,951,1
4551,12551,60,Female,140452,Email,Conversion,8926.69,0.24,0.1,27,9.52,7.27,51,13,4,6,261,1
4552,12552,56,Female,20393,PPC,Retention,8471.61,0.07,0.15,19,7.05,8.66,79,3,2,1,2613,1
4553,12553,34,Female,81775,Social Media,Retention,4089.6,0.2,0.06,13,5.12,2.16,38,2,8,0,1377,1
4554,12554,37,Male,79454,Email,Conversion,403.07,0.04,0.03,25,4.35,7.6,25,2,7,9,626,1
4555,12555,41,Male,32056,SEO,Conversion,4521.85,0.04,0.09,49,2.29,8.23,79,18,8,6,3246,1
4556,12556,67,Female,81483,Referral,Consideration,1890.49,0.02,0.02,36,9.99,7.25,55,9,5,4,4345,1
4557,12557,39,Female,128696,Referral,Retention,1513.07,0.27,0.14,1,6.92,14.33,11,13,3,6,891,1
4558,12558,46,Male,64957,Social Media,Awareness,3991.63,0.19,0.19,33,3.49,8.79,79,5,8,0,3631,1
4559,12559,39,Male,48429,Email,Conversion,1080.86,0.12,0.14,33,1.67,14.63,48,11,3,6,3970,1
4560,12560,61,Female,65909,Email,Retention,9578.9,0.24,0.06,33,7.79,2.72,11,11,3,0,3406,1
4561,12561,26,Female,72906,SEO,Awareness,570.64,0.19,0.04,8,8.7,13.76,95,3,1,2,798,0
4562,12562,54,Male,117435,Email,Awareness,4073.56,0.19,0.05,43,4.85,8.52,4,9,0,2,1942,1
4563,12563,27,Male,117757,Email,Retention,1710.76,0.15,0.05,49,9.6,4.79,99,11,9,2,207,1
4564,12564,53,Male,106290,PPC,Retention,6919.23,0.01,0.07,2,3.96,11.31,91,16,3,4,3545,1
4565,12565,54,Male,64389,Social Media,Retention,880.23,0.09,0.03,29,7.8,8.57,50,6,5,1,3562,1
4566,12566,45,Female,40905,Email,Awareness,5513.38,0.04,0.18,18,3.37,8.85,3,9,3,0,3248,1
4567,12567,45,Female,109619,SEO,Retention,7753.7,0.2,0.18,30,4.02,2.99,92,0,3,5,348,1
4568,12568,59,Female,73730,Referral,Conversion,9505.59,0.08,0.13,15,6.45,10.36,82,18,1,9,3439,1
4569,12569,60,Male,77557,Email,Awareness,7015.42,0.14,0.02,42,1.33,4.77,24,19,2,9,1096,1
4570,12570,38,Male,136814,Email,Conversion,1084.97,0.11,0.16,23,2.9,5.66,98,4,2,3,3071,1
4571,12571,41,Male,126634,Referral,Conversion,976.35,0.05,0.02,14,2.59,13.65,23,5,6,0,3615,0
4572,12572,59,Male,115157,PPC,Retention,7342.82,0.29,0.03,21,3.95,3.1,55,0,3,8,3517,1
4573,12573,57,Female,106113,Social Media,Conversion,2231.76,0.28,0.07,31,8.0,13.36,18,14,2,6,2835,1
4574,12574,19,Male,122264,PPC,Retention,4527.67,0.03,0.09,10,9.17,7.76,22,1,4,5,2795,1
4575,12575,25,Male,86199,SEO,Awareness,9768.55,0.25,0.08,28,1.11,3.09,94,17,3,3,4411,1
4576,12576,65,Male,67301,Email,Conversion,8217.08,0.15,0.04,41,3.32,12.27,82,12,0,6,1674,1
4577,12577,44,Female,104752,PPC,Retention,8481.27,0.23,0.03,23,1.23,9.96,95,1,5,6,1185,1
4578,12578,39,Female,67259,Social Media,Consideration,8621.62,0.05,0.17,18,8.75,5.53,76,7,4,7,4191,1
4579,12579,54,Female,94801,SEO,Retention,6233.5,0.05,0.08,4,2.79,4.86,45,4,6,8,2224,0
4580,12580,44,Male,24574,PPC,Consideration,7464.95,0.27,0.05,45,7.94,6.6,17,14,7,9,4928,1
4581,12581,46,Female,108291,Email,Retention,3653.71,0.27,0.1,40,1.3,2.48,60,12,2,0,1446,0
4582,12582,20,Male,146902,Social Media,Consideration,9984.62,0.15,0.02,37,4.59,12.23,70,16,3,2,3167,1
4583,12583,61,Male,76776,Email,Conversion,2868.26,0.26,0.12,0,4.23,4.54,44,3,4,5,1987,1
4584,12584,30,Female,116777,Email,Consideration,5941.07,0.2,0.06,29,3.96,12.49,87,6,7,4,1942,1
4585,12585,62,Male,108212,SEO,Conversion,2892.41,0.06,0.12,11,6.13,11.1,45,1,9,9,2300,1
4586,12586,27,Female,107097,Social Media,Conversion,1209.5,0.11,0.13,45,4.52,14.16,16,8,6,8,3032,1
4587,12587,53,Male,44737,Referral,Retention,5719.1,0.05,0.16,3,4.63,1.94,14,1,6,9,2211,1
4588,12588,26,Female,43390,Email,Conversion,3598.15,0.23,0.05,14,2.7,5.56,72,16,4,1,2099,1
4589,12589,44,Female,111612,Social Media,Awareness,5873.87,0.3,0.1,16,4.73,9.55,33,17,3,3,1147,1
4590,12590,51,Female,72330,Email,Consideration,5630.92,0.17,0.19,11,7.67,12.95,98,5,0,4,3986,1
4591,12591,68,Female,91082,PPC,Retention,5468.34,0.2,0.15,0,3.91,2.76,7,17,5,5,2510,1
4592,12592,18,Female,73642,PPC,Conversion,1320.68,0.23,0.2,12,8.71,12.99,49,5,8,9,2207,1
4593,12593,49,Male,41280,Social Media,Consideration,4457.79,0.08,0.19,29,2.5,1.47,10,1,1,2,672,0
4594,12594,42,Female,118489,SEO,Consideration,8138.84,0.11,0.13,9,8.62,7.38,87,1,0,1,4923,1
4595,12595,46,Female,41037,Referral,Awareness,3219.92,0.13,0.06,35,6.54,1.72,41,5,9,7,452,1
4596,12596,24,Male,136668,PPC,Consideration,4493.93,0.18,0.15,5,4.81,2.67,93,8,4,8,3822,1
4597,12597,66,Female,139229,SEO,Retention,4988.93,0.26,0.14,8,1.32,11.74,84,3,3,1,1413,0
4598,12598,20,Female,60576,Referral,Retention,8641.04,0.08,0.12,49,2.14,0.77,42,9,3,2,3041,1
4599,12599,37,Female,48564,PPC,Conversion,6590.44,0.15,0.14,1,4.73,8.55,34,19,0,5,640,1
4600,12600,37,Male,119133,Referral,Conversion,1092.01,0.23,0.13,5,8.9,1.93,58,1,0,4,2292,1
4601,12601,47,Female,105439,Email,Retention,8665.19,0.04,0.11,10,9.61,12.26,11,12,0,7,1386,1
4602,12602,52,Male,116342,Social Media,Consideration,8337.45,0.16,0.09,25,9.37,12.22,72,3,7,4,1173,1
4603,12603,52,Male,131864,PPC,Consideration,7561.1,0.05,0.02,27,3.47,10.69,11,10,0,8,2821,1
4604,12604,66,Female,109928,PPC,Awareness,4713.97,0.17,0.17,12,3.31,11.46,27,9,4,0,4539,1
4605,12605,56,Male,48087,Email,Conversion,7599.7,0.23,0.17,37,7.66,9.07,92,12,9,5,3324,1
4606,12606,44,Female,129824,PPC,Consideration,4839.55,0.08,0.12,11,9.46,7.54,45,6,5,6,438,1
4607,12607,43,Male,129844,PPC,Consideration,7392.57,0.26,0.06,18,2.2,6.45,39,3,6,1,3777,1
4608,12608,31,Male,107829,PPC,Conversion,8813.09,0.11,0.02,17,4.4,10.09,98,4,4,5,1069,1
4609,12609,34,Male,96213,PPC,Retention,8916.36,0.07,0.01,18,8.53,6.05,28,6,8,0,433,1
4610,12610,35,Female,32803,PPC,Consideration,4600.33,0.14,0.02,27,5.43,0.54,69,10,0,2,2585,1
4611,12611,62,Female,132192,SEO,Awareness,8607.49,0.26,0.08,11,8.58,1.96,15,2,6,1,3832,1
4612,12612,69,Male,66002,PPC,Consideration,1104.43,0.03,0.05,31,2.05,9.95,45,12,5,6,1795,1
4613,12613,46,Male,86761,Email,Consideration,1108.01,0.11,0.06,12,7.99,5.79,91,2,8,8,2402,1
4614,12614,37,Male,148574,PPC,Awareness,5527.84,0.2,0.14,22,4.51,14.85,64,4,5,2,4276,1
4615,12615,44,Female,91310,Referral,Retention,6553.26,0.11,0.19,35,7.24,5.63,28,13,1,2,4124,1
4616,12616,35,Male,98579,Referral,Awareness,1614.64,0.03,0.05,29,3.64,2.07,51,19,8,8,2006,1
4617,12617,21,Female,36163,Email,Awareness,4774.58,0.11,0.1,21,7.23,5.26,39,4,3,8,1207,1
4618,12618,18,Female,88380,SEO,Conversion,1034.19,0.25,0.2,37,7.32,10.46,5,16,8,7,102,1
4619,12619,67,Female,92883,Email,Consideration,6060.78,0.29,0.19,44,4.77,8.16,26,13,2,2,2756,1
4620,12620,18,Female,71885,SEO,Retention,8565.43,0.02,0.08,41,9.72,9.35,36,15,2,9,3603,1
4621,12621,43,Female,106340,Social Media,Consideration,7402.63,0.18,0.07,2,1.0,2.11,21,19,4,5,4034,1
4622,12622,62,Male,56764,Referral,Retention,3845.09,0.04,0.06,8,7.07,12.49,6,5,7,3,4090,1
4623,12623,37,Female,112782,Referral,Awareness,9938.56,0.21,0.04,14,9.18,13.58,0,4,8,5,3493,1
4624,12624,69,Female,82126,Referral,Conversion,6663.06,0.01,0.1,29,8.72,2.61,76,17,3,7,4451,1
4625,12625,40,Male,127994,SEO,Awareness,8170.96,0.01,0.07,25,6.08,9.58,47,17,7,4,1259,1
4626,12626,27,Female,87224,Email,Consideration,6730.0,0.24,0.15,29,9.06,3.83,50,14,9,3,3727,1
4627,12627,28,Male,67055,SEO,Conversion,9895.22,0.03,0.06,4,1.97,3.14,13,18,4,9,4482,1
4628,12628,58,Male,71599,Referral,Conversion,8231.46,0.1,0.15,30,5.89,3.47,78,3,8,1,2111,1
4629,12629,58,Male,102787,Referral,Consideration,5242.29,0.29,0.06,21,9.83,8.06,11,5,2,0,92,1
4630,12630,22,Female,98040,Referral,Retention,3732.11,0.3,0.12,40,9.92,13.35,48,8,7,0,1081,1
4631,12631,18,Female,59720,Referral,Conversion,6853.33,0.06,0.13,14,7.11,12.37,40,8,4,8,925,1
4632,12632,34,Female,113120,Social Media,Retention,5943.2,0.17,0.14,44,2.51,2.58,67,18,7,8,1577,1
4633,12633,39,Male,64484,Referral,Retention,6330.57,0.17,0.04,34,2.02,7.89,84,16,9,9,2496,1
4634,12634,51,Female,147976,SEO,Retention,3495.82,0.14,0.06,18,9.3,2.69,1,19,0,1,1534,1
4635,12635,62,Male,134067,Referral,Conversion,4344.41,0.28,0.06,33,8.93,6.85,84,13,8,0,199,1
4636,12636,58,Female,58852,PPC,Awareness,5625.16,0.23,0.12,17,3.84,8.66,61,7,4,5,2811,1
4637,12637,46,Male,33219,Social Media,Conversion,8408.91,0.23,0.02,13,9.38,12.27,56,8,2,4,2828,1
4638,12638,21,Male,128508,Referral,Awareness,7652.8,0.09,0.11,21,2.17,12.99,13,1,1,1,1064,0
4639,12639,22,Male,110351,PPC,Conversion,1274.69,0.14,0.03,23,3.65,0.9,43,7,2,4,80,1
4640,12640,28,Female,68865,SEO,Awareness,2530.99,0.15,0.07,12,6.8,10.49,65,8,0,1,864,1
4641,12641,68,Female,74457,Social Media,Awareness,363.91,0.1,0.14,7,2.54,6.45,74,12,5,1,3183,0
4642,12642,38,Female,110159,Referral,Conversion,178.81,0.04,0.09,41,9.9,7.68,36,9,6,6,212,1
4643,12643,52,Female,56817,SEO,Retention,2321.32,0.05,0.06,1,3.0,3.72,77,12,9,7,4469,1
4644,12644,29,Female,88993,PPC,Retention,8013.28,0.06,0.13,41,3.21,1.0,46,4,6,8,2639,1
4645,12645,43,Female,113391,Social Media,Awareness,9057.0,0.07,0.15,26,5.27,12.61,60,14,1,4,3870,1
4646,12646,68,Female,72380,Referral,Consideration,3978.51,0.08,0.06,33,8.01,3.84,83,19,2,4,2667,1
4647,12647,36,Male,70400,SEO,Consideration,5675.67,0.08,0.07,28,2.08,13.26,98,6,3,7,3417,1
4648,12648,62,Male,135855,Social Media,Conversion,7089.92,0.14,0.13,25,7.01,1.51,26,11,9,0,2664,1
4649,12649,24,Female,56258,PPC,Conversion,9534.07,0.16,0.19,22,1.89,6.42,48,19,6,4,784,1
4650,12650,64,Female,101006,Referral,Conversion,9138.03,0.1,0.05,35,1.85,11.26,59,15,9,8,4639,1
4651,12651,24,Male,68957,Social Media,Consideration,666.2,0.27,0.13,8,1.37,4.22,69,1,7,3,1432,0
4652,12652,43,Female,131466,PPC,Retention,2556.84,0.17,0.18,20,5.9,14.53,70,9,8,3,1367,1
4653,12653,57,Female,38281,PPC,Conversion,586.53,0.24,0.1,41,4.92,9.74,44,8,5,8,100,1
4654,12654,22,Male,97264,SEO,Conversion,6203.77,0.28,0.07,35,3.77,3.65,0,19,6,6,1701,1
4655,12655,38,Female,71331,PPC,Retention,7133.88,0.06,0.14,2,5.74,12.01,12,2,7,1,2744,1
4656,12656,31,Female,65680,PPC,Awareness,3152.01,0.13,0.02,6,5.52,14.78,37,10,6,1,1160,1
4657,12657,21,Female,58723,Email,Conversion,8553.13,0.14,0.08,22,5.26,4.11,16,9,6,7,4803,1
4658,12658,40,Male,30162,PPC,Consideration,4582.85,0.11,0.06,31,2.55,12.43,99,12,8,3,4846,1
4659,12659,59,Female,114808,Referral,Consideration,9983.98,0.01,0.05,22,9.07,14.67,37,1,9,9,1472,1
4660,12660,37,Female,121024,Social Media,Conversion,103.96,0.25,0.04,15,6.58,3.7,0,15,5,4,4104,1
4661,12661,32,Female,128877,Referral,Consideration,1183.95,0.04,0.15,4,2.15,3.9,0,7,0,0,2881,0
4662,12662,67,Female,71095,Referral,Retention,3087.75,0.3,0.19,12,3.3,10.9,82,19,2,3,1392,1
4663,12663,69,Male,31338,SEO,Awareness,352.53,0.23,0.08,9,7.88,14.28,29,9,4,5,708,1
4664,12664,62,Female,107832,Email,Awareness,7845.16,0.18,0.02,1,7.99,10.58,76,16,8,6,355,1
4665,12665,46,Male,31675,Email,Conversion,622.44,0.05,0.15,15,7.53,7.82,6,17,0,5,4463,1
4666,12666,25,Female,109606,Referral,Conversion,7514.9,0.16,0.11,0,8.11,2.03,19,19,1,1,1290,1
4667,12667,58,Female,40080,Social Media,Awareness,620.43,0.09,0.15,5,6.38,13.9,43,9,2,6,2193,1
4668,12668,65,Female,132675,Email,Awareness,2602.0,0.08,0.13,18,3.6,1.5,72,1,3,3,4129,1
4669,12669,36,Female,137513,Email,Conversion,8428.64,0.25,0.18,32,4.22,3.57,12,1,5,6,4783,1
4670,12670,65,Female,33936,Referral,Consideration,9515.84,0.12,0.04,27,5.59,7.04,38,9,6,9,4357,1
4671,12671,56,Male,30019,Email,Conversion,4203.81,0.14,0.04,4,3.21,7.76,19,1,6,1,2170,1
4672,12672,63,Female,126718,SEO,Retention,9702.4,0.25,0.07,11,8.68,1.3,88,13,1,2,3067,1
4673,12673,45,Male,87282,Referral,Conversion,6306.12,0.04,0.1,29,7.72,1.69,4,18,2,4,4888,1
4674,12674,63,Female,69681,Email,Conversion,4216.77,0.18,0.19,16,9.82,2.31,51,8,0,3,761,1
4675,12675,44,Male,108304,Email,Conversion,8047.73,0.18,0.18,18,4.74,1.08,24,15,0,4,2008,1
4676,12676,21,Female,93861,Email,Conversion,3023.75,0.13,0.18,39,8.84,14.67,11,2,5,9,2413,1
4677,12677,32,Female,130299,Referral,Conversion,2731.38,0.25,0.05,41,8.01,3.95,89,10,3,9,4768,1
4678,12678,52,Female,24486,Social Media,Conversion,6599.82,0.28,0.15,24,8.49,13.25,55,11,9,3,4005,1
4679,12679,54,Male,102021,PPC,Consideration,3965.82,0.14,0.08,34,7.19,11.87,85,6,3,2,3549,1
4680,12680,18,Female,99864,Email,Conversion,1445.59,0.14,0.19,8,4.14,10.74,0,4,8,4,4446,1
4681,12681,20,Female,138411,PPC,Awareness,762.95,0.16,0.05,31,3.2,10.04,71,19,7,2,3673,1
4682,12682,64,Female,39112,PPC,Conversion,7899.64,0.22,0.04,38,3.45,7.73,99,1,2,6,50,1
4683,12683,41,Female,71697,Email,Consideration,6791.52,0.2,0.17,37,6.1,8.68,48,3,2,4,153,1
4684,12684,44,Female,137246,Email,Retention,4176.8,0.07,0.15,14,8.92,13.41,66,16,7,4,561,1
4685,12685,57,Female,75998,PPC,Awareness,8972.65,0.03,0.17,44,5.04,11.77,21,17,1,8,1054,1
4686,12686,53,Male,129537,Social Media,Conversion,4167.48,0.29,0.04,45,6.39,3.85,84,1,9,4,3678,1
4687,12687,51,Female,117816,PPC,Conversion,7131.93,0.09,0.18,36,7.6,2.01,84,8,4,4,674,1
4688,12688,46,Female,46576,Social Media,Awareness,9100.24,0.2,0.14,25,8.7,4.76,30,17,5,0,4419,1
4689,12689,41,Female,70100,SEO,Conversion,8423.08,0.25,0.13,30,6.84,2.42,0,11,4,2,3812,1
4690,12690,41,Male,128064,Social Media,Consideration,5159.94,0.1,0.12,29,6.66,14.34,26,9,0,0,263,1
4691,12691,59,Female,101238,Referral,Conversion,6838.3,0.19,0.16,1,9.89,6.05,1,6,4,5,1861,1
4692,12692,21,Female,41320,Email,Retention,4195.29,0.04,0.09,6,8.76,3.01,92,2,8,1,2127,0
4693,12693,20,Male,103973,SEO,Consideration,6507.25,0.29,0.04,29,7.6,9.52,0,17,9,4,3120,1
4694,12694,51,Female,145885,PPC,Conversion,2649.77,0.03,0.11,32,8.49,6.27,41,1,1,8,2155,1
4695,12695,66,Male,85729,Social Media,Retention,4403.95,0.14,0.15,47,10.0,3.66,7,2,2,5,1613,1
4696,12696,40,Male,110853,SEO,Awareness,2174.5,0.17,0.04,38,5.55,1.34,34,14,5,6,2029,1
4697,12697,69,Female,141992,Referral,Consideration,478.03,0.24,0.05,46,7.35,1.84,34,8,2,8,3973,1
4698,12698,40,Female,114018,Social Media,Conversion,5926.54,0.05,0.14,37,8.32,8.67,6,2,5,5,4412,1
4699,12699,62,Male,104879,PPC,Conversion,8657.85,0.14,0.06,19,5.0,11.38,22,5,6,6,1873,1
4700,12700,22,Female,49144,PPC,Awareness,353.22,0.1,0.04,18,9.59,13.92,22,10,2,2,2527,1
4701,12701,48,Female,145143,Social Media,Awareness,2040.69,0.1,0.18,8,4.44,8.99,45,1,3,3,4074,1
4702,12702,58,Female,77326,Referral,Consideration,4655.83,0.24,0.04,21,3.19,9.96,18,16,5,2,4651,1
4703,12703,23,Female,97148,Email,Consideration,6692.38,0.01,0.08,31,7.09,4.01,78,2,0,5,2275,1
4704,12704,54,Female,39307,Email,Consideration,1795.17,0.23,0.09,29,1.73,4.48,71,6,0,4,4958,1
4705,12705,27,Female,80598,PPC,Conversion,661.28,0.25,0.1,5,2.14,6.55,96,9,4,0,2279,1
4706,12706,57,Male,39623,Referral,Conversion,5238.58,0.27,0.08,16,9.73,13.1,98,18,7,9,2659,1
4707,12707,24,Female,40249,PPC,Consideration,8205.23,0.19,0.18,36,3.53,6.81,12,2,0,9,4059,1
4708,12708,56,Female,93765,Email,Conversion,448.83,0.11,0.14,14,1.3,3.97,49,19,0,6,2681,1
4709,12709,55,Female,111810,PPC,Awareness,3558.76,0.13,0.08,6,5.27,13.83,30,0,0,1,2141,0
4710,12710,38,Male,122870,Social Media,Retention,6668.8,0.29,0.08,13,8.81,6.47,70,9,9,4,3814,1
4711,12711,37,Female,92131,Social Media,Conversion,1394.35,0.27,0.11,19,4.0,1.65,83,12,0,8,3097,1
4712,12712,20,Male,114138,Referral,Consideration,2435.87,0.14,0.02,29,4.77,8.41,37,7,8,3,2497,1
4713,12713,68,Female,58377,Email,Conversion,5401.38,0.28,0.19,17,2.41,9.58,56,14,1,5,1964,1
4714,12714,39,Male,72365,Referral,Awareness,9536.99,0.25,0.05,21,4.11,14.35,7,0,5,3,238,1
4715,12715,64,Female,123412,Referral,Consideration,2944.69,0.27,0.14,24,9.69,12.2,99,11,1,6,2164,1
4716,12716,21,Female,54551,Email,Retention,4926.52,0.21,0.16,23,8.89,1.97,13,2,4,8,4756,1
4717,12717,45,Female,62926,SEO,Consideration,4059.32,0.26,0.17,30,7.66,7.92,93,5,4,5,3939,1
4718,12718,29,Male,110214,SEO,Consideration,8984.23,0.27,0.04,48,8.08,6.79,50,9,8,9,3269,1
4719,12719,55,Male,107750,PPC,Consideration,811.71,0.04,0.11,17,7.02,6.2,8,5,3,9,4925,1
4720,12720,68,Male,58599,SEO,Conversion,5704.86,0.29,0.03,33,2.06,2.53,12,16,5,2,4858,1
4721,12721,53,Male,118345,Social Media,Retention,8476.59,0.11,0.16,17,2.06,5.94,75,6,3,7,4511,1
4722,12722,64,Female,129490,Referral,Awareness,9882.36,0.14,0.1,13,5.83,7.32,65,13,5,8,1268,1
4723,12723,58,Male,113330,PPC,Conversion,7017.38,0.24,0.04,3,6.36,3.67,37,1,2,0,4687,0
4724,12724,22,Female,42593,Referral,Retention,3861.36,0.2,0.15,6,9.75,8.85,20,13,3,7,920,1
4725,12725,30,Male,80334,Email,Retention,4177.06,0.27,0.07,6,5.06,3.71,28,5,8,5,1960,1
4726,12726,40,Female,114400,SEO,Conversion,3581.65,0.13,0.03,0,9.26,2.26,83,0,0,0,2519,0
4727,12727,67,Female,129865,Email,Consideration,6075.77,0.12,0.1,39,9.91,14.77,49,17,6,8,300,1
4728,12728,47,Male,135749,PPC,Retention,7420.12,0.02,0.05,23,8.6,10.48,63,5,2,0,1665,1
4729,12729,54,Female,79893,Social Media,Awareness,8212.73,0.14,0.19,31,4.59,9.12,8,17,8,7,3075,1
4730,12730,42,Male,62636,SEO,Conversion,4224.27,0.22,0.08,9,7.78,5.25,14,3,6,0,4569,1
4731,12731,65,Male,89225,Email,Retention,7195.41,0.1,0.12,8,5.91,3.52,52,13,1,7,3337,1
4732,12732,44,Female,60363,SEO,Awareness,9170.6,0.14,0.19,38,2.79,2.41,96,2,4,1,480,0
4733,12733,68,Female,75959,Referral,Awareness,9216.17,0.07,0.08,2,2.17,1.41,52,13,0,1,1638,0
4734,12734,31,Female,100223,Social Media,Awareness,7069.89,0.23,0.08,43,1.63,10.65,70,4,0,9,2196,1
4735,12735,65,Female,105917,SEO,Awareness,6405.33,0.03,0.04,34,3.94,4.5,2,13,6,7,388,1
4736,12736,64,Female,118629,Social Media,Conversion,5362.11,0.21,0.19,4,7.2,5.11,86,18,6,3,812,1
4737,12737,53,Female,109125,Referral,Awareness,1913.66,0.12,0.16,6,9.22,2.83,21,7,7,6,1199,1
4738,12738,56,Female,21120,Referral,Conversion,1323.93,0.02,0.05,11,3.88,2.2,38,4,7,9,4377,1
4739,12739,33,Female,36491,Email,Awareness,4908.54,0.26,0.07,22,5.78,7.68,76,9,6,9,1170,1
4740,12740,39,Male,63638,PPC,Awareness,1678.5,0.15,0.18,24,5.22,11.05,8,12,2,9,3498,1
4741,12741,38,Male,59062,Email,Conversion,5812.3,0.18,0.11,16,1.98,14.87,33,5,2,4,2838,1
4742,12742,38,Female,25193,Social Media,Consideration,6492.46,0.22,0.12,13,7.84,5.42,11,19,1,1,4392,1
4743,12743,25,Female,109144,Email,Retention,5303.59,0.2,0.13,34,5.67,10.13,33,9,0,1,4562,1
4744,12744,66,Male,35213,SEO,Retention,460.62,0.22,0.15,0,9.26,2.18,44,12,7,7,747,1
4745,12745,33,Female,143214,Email,Conversion,671.51,0.23,0.19,21,8.52,8.56,96,19,5,2,2957,1
4746,12746,48,Male,133915,PPC,Awareness,1222.08,0.18,0.16,27,3.5,8.01,49,9,4,9,1392,1
4747,12747,59,Female,99766,PPC,Conversion,1621.09,0.12,0.19,22,3.81,0.96,98,0,0,7,404,1
4748,12748,27,Male,103959,Social Media,Awareness,9899.84,0.08,0.17,17,5.83,7.5,27,3,4,2,2626,1
4749,12749,49,Female,37187,Referral,Conversion,3510.5,0.27,0.02,45,2.13,7.68,38,12,9,4,2128,1
4750,12750,51,Female,30040,PPC,Retention,2990.54,0.29,0.03,44,3.26,5.89,2,5,7,2,2318,1
4751,12751,26,Male,86302,Social Media,Conversion,617.44,0.11,0.18,43,8.39,8.82,46,7,7,0,4090,1
4752,12752,34,Female,49949,PPC,Retention,6389.67,0.04,0.02,36,2.38,1.16,11,8,9,8,13,0
4753,12753,28,Female,132000,PPC,Retention,6556.69,0.07,0.16,2,5.92,12.74,42,8,5,4,2786,1
4754,12754,49,Male,23527,Referral,Retention,1836.94,0.2,0.17,13,4.55,8.05,76,13,1,2,4259,1
4755,12755,27,Male,136994,SEO,Conversion,9200.49,0.06,0.09,38,2.81,0.97,66,0,1,3,4693,1
4756,12756,39,Male,96557,Social Media,Consideration,8024.89,0.24,0.08,6,9.73,14.76,17,4,1,5,2431,1
4757,12757,34,Female,103408,PPC,Conversion,2380.16,0.28,0.05,16,8.43,6.04,89,16,7,7,3087,1
4758,12758,21,Female,122433,PPC,Conversion,4909.91,0.29,0.02,5,3.4,14.81,9,5,7,1,3472,1
4759,12759,65,Male,97294,Email,Consideration,4638.07,0.01,0.15,46,8.07,3.11,3,16,7,1,901,0
4760,12760,69,Female,38757,SEO,Consideration,3550.35,0.29,0.02,18,1.06,0.93,11,4,0,2,548,0
4761,12761,64,Male,45412,Referral,Retention,8194.58,0.22,0.19,14,3.5,10.84,52,1,8,5,3287,1
4762,12762,42,Female,137997,Social Media,Awareness,1181.72,0.03,0.07,38,1.97,14.21,50,17,9,8,4759,1
4763,12763,38,Male,141522,PPC,Awareness,4211.61,0.13,0.16,4,4.82,1.63,15,5,3,8,2911,1
4764,12764,54,Female,34312,Social Media,Retention,4337.51,0.21,0.02,14,6.74,11.17,16,13,8,9,3583,1
4765,12765,55,Female,42119,Referral,Conversion,4740.38,0.29,0.11,44,2.54,1.5,94,0,6,8,66,1
4766,12766,66,Female,31804,SEO,Awareness,8627.36,0.06,0.08,25,3.15,12.01,25,10,2,8,2085,1
4767,12767,18,Female,73986,Email,Conversion,2259.85,0.05,0.02,38,4.53,8.93,1,9,9,5,4921,1
4768,12768,42,Female,66545,SEO,Consideration,1118.94,0.15,0.13,44,6.68,11.84,28,14,9,9,3287,1
4769,12769,68,Male,96519,Email,Consideration,6216.3,0.29,0.19,12,3.8,5.89,93,8,2,2,4954,1
4770,12770,53,Female,49999,Social Media,Retention,1820.96,0.29,0.01,30,6.41,13.63,46,6,1,4,4883,1
4771,12771,34,Female,116093,SEO,Conversion,841.83,0.08,0.06,12,4.14,4.89,10,11,6,5,3410,1
4772,12772,58,Female,59758,SEO,Retention,4323.83,0.1,0.14,22,3.32,4.61,33,7,7,8,2019,1
4773,12773,41,Female,114324,SEO,Awareness,2274.5,0.27,0.18,39,8.7,14.43,70,9,0,8,4221,1
4774,12774,19,Female,117486,Referral,Awareness,3676.04,0.22,0.05,31,4.45,2.28,28,1,6,2,0,0
4775,12775,57,Female,89519,Social Media,Awareness,2671.14,0.29,0.02,36,9.27,9.09,96,13,1,6,2452,1
4776,12776,32,Male,23768,Email,Conversion,1017.1,0.27,0.01,3,3.75,8.82,48,8,6,8,1585,1
4777,12777,49,Female,21504,SEO,Retention,5647.44,0.07,0.05,16,5.89,3.93,90,0,5,2,521,1
4778,12778,56,Female,141481,Social Media,Retention,367.48,0.23,0.02,19,1.48,5.1,15,15,8,9,3357,1
4779,12779,23,Female,87986,Referral,Awareness,9667.12,0.02,0.08,45,7.12,4.66,80,4,6,4,4380,1
4780,12780,18,Female,96772,Referral,Retention,3479.17,0.25,0.09,10,8.16,12.77,74,7,8,0,3074,1
4781,12781,64,Female,136721,Social Media,Consideration,6982.06,0.18,0.1,41,9.74,6.15,13,19,4,8,1259,1
4782,12782,40,Male,28002,Email,Consideration,8122.59,0.29,0.04,32,8.53,5.7,12,0,5,9,139,1
4783,12783,56,Female,95427,Social Media,Consideration,2863.14,0.29,0.1,38,3.81,9.73,34,16,5,0,3676,1
4784,12784,34,Female,58787,Social Media,Consideration,7512.51,0.02,0.01,5,6.01,7.68,89,6,2,3,964,0
4785,12785,51,Female,33898,PPC,Retention,8340.97,0.06,0.06,38,6.33,6.68,51,10,2,3,211,1
4786,12786,58,Male,30472,Referral,Consideration,2489.04,0.15,0.08,46,1.51,10.79,24,6,0,7,2091,1
4787,12787,46,Male,100800,Email,Consideration,9925.7,0.27,0.03,37,1.65,6.48,58,6,3,4,1538,1
4788,12788,26,Male,103227,PPC,Consideration,304.82,0.25,0.16,17,3.93,3.72,75,3,2,2,4497,1
4789,12789,30,Female,129023,Social Media,Consideration,2248.3,0.29,0.05,1,7.7,11.26,67,19,6,0,3897,1
4790,12790,23,Female,52632,Referral,Consideration,7822.21,0.19,0.15,40,3.57,1.48,41,0,5,0,1607,1
4791,12791,23,Male,146718,PPC,Conversion,2021.9,0.08,0.1,37,8.87,15.0,47,14,8,3,2982,1
4792,12792,37,Female,53743,PPC,Conversion,7012.77,0.02,0.1,16,6.8,9.15,90,1,9,6,3640,1
4793,12793,69,Female,128552,Email,Consideration,8569.75,0.07,0.13,23,5.21,3.64,44,8,2,7,4860,1
4794,12794,20,Female,98538,Social Media,Consideration,9596.22,0.21,0.02,29,5.87,3.37,71,13,5,0,3856,1
4795,12795,34,Male,132517,Email,Retention,4795.05,0.28,0.03,42,3.98,4.47,71,15,8,7,3343,1
4796,12796,66,Female,63386,PPC,Consideration,9713.98,0.1,0.07,23,9.77,13.25,28,16,9,4,4077,1
4797,12797,29,Male,113786,PPC,Awareness,4175.06,0.26,0.09,3,2.58,12.49,2,6,2,5,243,0
4798,12798,65,Female,63388,Email,Conversion,2259.47,0.12,0.09,6,8.74,2.6,20,1,8,7,4707,1
4799,12799,64,Male,41323,PPC,Consideration,5187.83,0.1,0.14,14,7.1,9.2,30,5,2,9,1087,1
4800,12800,62,Female,89269,SEO,Conversion,6533.25,0.16,0.01,29,7.4,13.71,12,2,0,0,3191,1
4801,12801,18,Female,61319,Referral,Consideration,4633.84,0.14,0.19,28,8.52,11.13,94,5,2,0,1349,1
4802,12802,34,Male,87759,Social Media,Awareness,5713.03,0.28,0.04,48,2.23,9.02,80,5,4,7,452,1
4803,12803,20,Male,36868,Referral,Consideration,4222.45,0.15,0.06,43,7.26,3.53,47,7,7,7,2702,1
4804,12804,43,Female,119732,Social Media,Conversion,5295.14,0.09,0.18,44,7.99,14.18,95,7,0,3,3906,1
4805,12805,32,Female,22080,PPC,Conversion,9530.7,0.25,0.01,12,9.86,13.43,23,8,3,4,3041,1
4806,12806,53,Female,33776,Email,Conversion,5048.33,0.3,0.2,39,7.73,5.16,1,14,9,8,4795,1
4807,12807,49,Male,86231,Email,Retention,2606.48,0.2,0.02,38,9.57,7.72,2,16,7,1,2591,1
4808,12808,49,Male,75452,PPC,Conversion,7611.59,0.08,0.03,28,8.65,1.69,25,3,5,0,255,0
4809,12809,21,Female,73812,Social Media,Consideration,3442.09,0.08,0.06,25,8.88,9.66,1,0,3,6,3170,1
4810,12810,35,Male,83271,PPC,Awareness,8180.45,0.03,0.09,35,9.25,1.29,32,5,2,9,4687,1
4811,12811,66,Female,118505,Social Media,Awareness,662.74,0.03,0.11,34,5.78,13.64,33,18,0,3,2624,1
4812,12812,36,Male,97585,PPC,Consideration,3388.56,0.28,0.03,48,7.4,13.27,89,4,9,6,2201,1
4813,12813,60,Female,78542,PPC,Retention,1034.16,0.04,0.02,47,2.12,4.58,97,10,7,2,2986,0
4814,12814,69,Male,144147,PPC,Consideration,944.65,0.15,0.02,18,4.21,11.26,37,9,1,3,1977,1
4815,12815,52,Male,35628,Email,Conversion,6618.06,0.21,0.06,1,8.91,6.87,77,8,6,9,2869,1
4816,12816,57,Female,145850,Social Media,Retention,3914.81,0.26,0.19,13,9.8,12.76,94,15,2,7,3720,1
4817,12817,31,Female,148445,PPC,Consideration,8727.64,0.06,0.08,15,2.01,1.39,19,18,4,0,925,0
4818,12818,50,Male,28265,Referral,Retention,5212.41,0.14,0.16,48,6.28,7.83,9,17,5,6,4524,1
4819,12819,31,Male,44671,Referral,Awareness,3023.9,0.08,0.05,35,7.61,6.26,83,12,2,6,3984,1
4820,12820,51,Male,148872,Email,Consideration,7236.8,0.08,0.02,39,5.64,4.28,32,6,5,5,3821,1
4821,12821,21,Female,32460,SEO,Consideration,6277.77,0.1,0.12,40,3.1,3.53,44,16,6,0,97,1
4822,12822,41,Female,148898,Email,Awareness,8015.99,0.18,0.17,30,1.38,10.31,59,8,9,9,1356,1
4823,12823,46,Male,23477,SEO,Retention,6471.52,0.01,0.18,47,9.56,3.43,65,9,6,3,4116,1
4824,12824,36,Female,22202,Email,Awareness,1753.43,0.13,0.11,47,3.13,9.67,60,19,1,7,1705,1
4825,12825,23,Female,133846,Referral,Retention,6736.07,0.06,0.07,48,3.69,6.15,50,12,1,1,2932,1
4826,12826,50,Female,109410,PPC,Consideration,3976.34,0.29,0.03,34,6.79,4.02,11,15,2,9,3705,1
4827,12827,66,Female,132928,Social Media,Retention,4685.12,0.18,0.14,21,4.86,11.86,79,3,6,1,854,1
4828,12828,57,Male,126753,PPC,Retention,9223.49,0.26,0.06,20,4.81,5.78,8,9,0,4,4402,1
4829,12829,36,Male,31850,Referral,Conversion,3663.64,0.07,0.17,27,1.74,0.72,10,0,7,0,3882,0
4830,12830,18,Male,124621,Social Media,Conversion,6158.4,0.24,0.13,16,9.93,12.84,20,7,3,7,2336,1
4831,12831,22,Female,40809,SEO,Conversion,3698.47,0.13,0.17,49,3.56,5.06,75,19,5,9,987,1
4832,12832,44,Female,90886,SEO,Awareness,1037.8,0.06,0.12,17,1.99,12.42,67,17,4,3,3092,1
4833,12833,33,Female,22806,Referral,Awareness,4589.9,0.23,0.16,31,7.13,8.42,25,4,0,5,914,1
4834,12834,23,Male,27163,Social Media,Conversion,6010.91,0.23,0.07,22,7.77,13.28,62,10,4,5,3181,1
4835,12835,57,Female,114368,PPC,Consideration,4134.28,0.3,0.11,5,1.23,6.56,18,18,4,3,4334,1
4836,12836,30,Male,20185,Referral,Consideration,3967.6,0.24,0.01,28,3.42,2.96,16,8,6,4,3289,1
4837,12837,65,Male,126374,SEO,Consideration,8221.75,0.05,0.13,5,2.75,0.76,43,14,8,5,2622,1
4838,12838,52,Female,44718,Referral,Awareness,393.88,0.1,0.11,32,8.1,11.79,60,4,8,0,2314,1
4839,12839,36,Male,97081,PPC,Retention,3026.3,0.14,0.15,47,2.65,11.8,0,4,0,5,1432,1
4840,12840,29,Male,76202,Email,Awareness,8136.4,0.05,0.15,31,3.12,3.34,71,11,4,6,4798,1
4841,12841,33,Female,45215,Email,Conversion,9213.25,0.24,0.13,16,9.88,14.35,57,8,3,5,3878,1
4842,12842,60,Male,48325,PPC,Retention,4181.77,0.16,0.02,3,7.32,14.26,93,4,6,3,3785,1
4843,12843,27,Male,38458,Social Media,Consideration,8899.06,0.28,0.18,47,4.49,5.8,40,9,4,5,1339,1
4844,12844,42,Male,142342,Referral,Awareness,2069.41,0.18,0.01,30,7.78,2.64,23,5,1,1,2560,0
4845,12845,37,Female,36006,PPC,Awareness,2292.13,0.16,0.16,21,5.2,4.62,42,9,3,0,890,1
4846,12846,48,Female,114080,Email,Conversion,8477.29,0.03,0.1,26,2.91,13.97,80,5,9,5,49,1
4847,12847,21,Male,52969,SEO,Consideration,9042.25,0.05,0.17,20,5.39,9.34,93,19,3,0,4166,1
4848,12848,61,Female,96820,PPC,Awareness,2305.78,0.26,0.1,19,7.95,13.76,8,9,9,9,3728,1
4849,12849,40,Male,124014,PPC,Awareness,687.31,0.3,0.13,33,2.61,0.83,65,8,2,3,3296,1
4850,12850,19,Female,149693,PPC,Retention,994.21,0.13,0.08,22,5.37,14.87,89,2,4,5,1169,1
4851,12851,39,Female,137853,Email,Awareness,2687.67,0.24,0.15,43,2.07,9.61,31,10,7,5,1643,1
4852,12852,68,Female,47655,Email,Retention,7638.35,0.19,0.06,15,8.58,3.19,90,10,1,7,72,1
4853,12853,54,Female,114679,PPC,Awareness,5148.92,0.29,0.15,5,8.37,7.85,40,3,1,0,3030,1
4854,12854,25,Female,101234,PPC,Consideration,4610.33,0.08,0.05,15,7.06,12.39,10,16,8,0,1049,1
4855,12855,24,Female,149282,Social Media,Conversion,5882.99,0.17,0.15,6,9.28,2.55,64,8,4,7,2516,1
4856,12856,31,Female,120406,SEO,Consideration,8913.21,0.13,0.07,13,4.6,9.32,17,5,1,4,2420,1
4857,12857,20,Female,29102,Referral,Conversion,995.26,0.17,0.06,2,2.19,10.56,7,10,1,4,2159,1
4858,12858,67,Male,87107,Referral,Awareness,6977.77,0.09,0.16,32,9.78,6.49,26,18,2,9,4191,1
4859,12859,33,Male,123429,Referral,Consideration,9275.23,0.15,0.16,48,5.62,8.35,81,17,8,2,3356,1
4860,12860,36,Male,146328,Email,Retention,2212.17,0.19,0.14,35,5.28,12.64,8,7,5,9,610,1
4861,12861,68,Male,125001,Email,Conversion,8393.95,0.03,0.19,38,1.57,14.3,1,13,0,9,2871,1
4862,12862,35,Female,41553,Social Media,Conversion,7010.44,0.23,0.04,28,6.13,8.54,80,18,9,8,750,1
4863,12863,69,Female,104079,Email,Awareness,243.24,0.21,0.06,38,6.8,10.69,74,15,2,9,3395,1
4864,12864,33,Female,149169,PPC,Conversion,2392.96,0.27,0.07,3,5.26,5.18,45,2,4,7,4126,1
4865,12865,25,Male,114437,SEO,Conversion,6097.86,0.13,0.07,38,9.19,5.34,69,12,3,9,652,1
4866,12866,50,Male,99570,SEO,Conversion,5073.76,0.03,0.07,39,7.68,13.38,4,16,4,7,3904,1
4867,12867,66,Female,112656,SEO,Awareness,5326.57,0.14,0.14,40,1.35,1.93,11,18,0,2,1747,1
4868,12868,29,Male,86865,SEO,Consideration,2396.11,0.05,0.06,21,5.88,3.48,43,4,0,8,1057,0
4869,12869,28,Male,138301,Referral,Awareness,6782.53,0.2,0.06,14,9.94,4.41,41,15,1,4,1310,1
4870,12870,22,Female,61420,Referral,Retention,2737.54,0.02,0.12,3,2.8,1.87,98,13,8,0,1961,0
4871,12871,44,Female,45382,PPC,Conversion,3955.41,0.12,0.05,17,6.55,10.18,87,18,2,1,4981,1
4872,12872,29,Female,89235,Social Media,Conversion,3752.27,0.03,0.08,43,3.46,13.64,29,19,7,6,4954,1
4873,12873,34,Female,58795,Email,Consideration,6753.05,0.01,0.02,22,4.34,0.89,51,3,9,0,2522,0
4874,12874,23,Female,71425,Email,Conversion,993.5,0.29,0.19,37,1.3,4.16,80,5,2,1,4137,0
4875,12875,50,Female,77402,Referral,Consideration,2134.86,0.3,0.07,3,7.19,13.85,46,8,2,4,831,1
4876,12876,22,Female,82539,SEO,Conversion,2084.92,0.17,0.17,3,7.89,7.25,35,7,8,4,2726,1
4877,12877,45,Male,96203,PPC,Conversion,1173.4,0.08,0.11,17,7.96,13.34,69,11,8,5,1911,1
4878,12878,31,Female,123127,Social Media,Awareness,2155.19,0.27,0.05,0,9.73,14.19,31,10,1,5,640,1
4879,12879,22,Male,127651,Referral,Awareness,6109.9,0.28,0.05,31,8.54,14.87,97,6,7,8,730,1
4880,12880,50,Male,43459,PPC,Retention,7348.46,0.26,0.14,20,2.87,6.24,43,7,8,6,3016,1
4881,12881,67,Female,69649,PPC,Consideration,6637.0,0.17,0.19,37,3.08,5.47,15,9,6,7,3421,1
4882,12882,65,Female,92495,Referral,Retention,4804.36,0.03,0.04,25,7.91,11.36,70,2,7,4,2635,1
4883,12883,58,Female,115117,PPC,Awareness,619.1,0.04,0.03,40,7.99,9.12,95,5,0,8,4616,0
4884,12884,36,Female,66384,SEO,Consideration,9594.17,0.27,0.08,48,2.11,10.06,16,10,1,1,3358,1
4885,12885,39,Female,91746,PPC,Awareness,1763.96,0.26,0.08,20,1.06,8.22,31,3,7,6,2215,1
4886,12886,22,Female,98053,Social Media,Consideration,6717.37,0.14,0.16,42,4.61,7.96,13,11,2,1,1026,1
4887,12887,19,Female,76278,PPC,Conversion,9137.62,0.11,0.1,28,7.25,5.07,25,2,6,7,511,1
4888,12888,47,Male,98156,Email,Retention,7007.99,0.2,0.02,40,8.8,9.14,72,9,6,4,498,1
4889,12889,64,Male,56744,PPC,Retention,2258.69,0.24,0.18,42,2.49,4.39,12,6,7,7,1953,1
4890,12890,56,Female,108340,Referral,Consideration,3226.38,0.22,0.08,31,8.34,5.66,88,1,7,4,169,1
4891,12891,21,Male,50568,Email,Retention,399.04,0.19,0.14,3,7.16,9.64,11,11,7,2,1771,1
4892,12892,50,Female,37991,Referral,Awareness,6166.31,0.08,0.14,12,2.49,9.73,44,13,4,2,2408,1
4893,12893,30,Female,28912,Social Media,Retention,6168.63,0.09,0.02,34,8.86,8.87,15,6,0,5,3498,1
4894,12894,37,Female,52527,SEO,Consideration,7282.46,0.22,0.01,26,9.4,10.28,93,16,8,6,10,1
4895,12895,24,Female,116399,Social Media,Retention,208.86,0.24,0.03,0,3.39,6.47,51,14,8,6,1031,1
4896,12896,32,Female,70426,Email,Retention,8196.63,0.04,0.19,48,2.34,9.12,20,17,5,2,2788,1
4897,12897,40,Male,130363,SEO,Awareness,7413.24,0.06,0.16,48,9.71,1.88,23,4,8,1,4890,1
4898,12898,31,Male,118994,PPC,Conversion,1494.78,0.21,0.04,38,1.21,7.51,42,10,6,4,3400,1
4899,12899,40,Male,40407,Email,Awareness,3541.5,0.12,0.13,13,9.54,9.0,4,7,3,2,1608,1
4900,12900,36,Female,141935,SEO,Retention,6421.4,0.17,0.13,36,2.95,6.62,32,13,9,6,2177,1
4901,12901,46,Male,32344,Referral,Retention,5008.39,0.19,0.01,29,4.94,0.75,30,1,9,2,1084,1
4902,12902,37,Female,121741,SEO,Conversion,1239.43,0.24,0.09,13,3.78,10.66,8,19,3,7,2512,1
4903,12903,46,Female,22355,Referral,Conversion,964.72,0.24,0.15,10,2.38,7.1,34,6,0,6,3329,1
4904,12904,41,Male,116429,Referral,Awareness,7836.42,0.09,0.05,30,4.17,2.76,7,7,8,7,1529,1
4905,12905,35,Male,74733,SEO,Conversion,1644.07,0.17,0.17,27,5.85,14.6,74,3,5,0,1239,1
4906,12906,27,Female,86285,Social Media,Awareness,1803.72,0.05,0.14,26,1.84,14.17,16,9,6,6,4837,1
4907,12907,58,Female,104971,Social Media,Consideration,8326.14,0.25,0.01,2,8.28,2.8,79,13,1,3,3522,1
4908,12908,25,Female,65733,Referral,Retention,6160.18,0.26,0.17,5,8.2,10.75,19,14,2,8,3989,1
4909,12909,43,Female,76915,Email,Conversion,6086.68,0.1,0.01,38,8.18,8.0,90,9,3,3,3232,1
4910,12910,46,Female,72716,SEO,Consideration,4845.52,0.06,0.18,18,7.18,4.69,77,15,2,3,3894,1
4911,12911,27,Female,131151,Email,Consideration,5733.05,0.03,0.07,40,5.1,10.42,21,2,9,2,1989,1
4912,12912,34,Female,58526,Social Media,Awareness,6057.52,0.18,0.14,33,8.5,6.99,53,1,8,0,4789,1
4913,12913,19,Female,38088,Email,Awareness,9681.48,0.04,0.16,27,8.67,13.53,70,0,7,2,1961,1
4914,12914,23,Male,85377,PPC,Conversion,2307.44,0.21,0.06,11,3.57,10.7,74,10,1,9,3879,1
4915,12915,22,Female,64405,PPC,Awareness,2224.17,0.21,0.08,38,5.33,7.86,80,15,8,4,1867,1
4916,12916,45,Male,58842,Social Media,Consideration,666.46,0.19,0.11,9,2.83,7.05,76,11,7,9,1296,1
4917,12917,58,Male,81788,Email,Consideration,6616.17,0.26,0.12,46,3.3,0.96,80,4,3,0,544,1
4918,12918,22,Male,131682,SEO,Retention,5535.52,0.12,0.07,24,3.15,2.83,74,19,2,1,1002,1
4919,12919,35,Female,71529,Social Media,Consideration,1201.27,0.27,0.2,22,8.44,1.15,67,14,3,0,111,1
4920,12920,43,Male,109939,PPC,Conversion,3708.94,0.02,0.15,25,3.26,1.42,79,16,1,7,2416,1
4921,12921,37,Male,132833,Social Media,Retention,1868.77,0.04,0.06,18,5.92,1.47,30,7,7,8,2361,1
4922,12922,58,Female,123578,Email,Awareness,3381.67,0.13,0.13,37,6.65,0.7,84,18,5,6,1887,1
4923,12923,66,Female,72383,Email,Retention,9517.52,0.18,0.09,19,7.7,11.97,96,18,9,0,4941,1
4924,12924,44,Female,132311,Email,Consideration,6864.86,0.02,0.17,44,1.26,7.44,12,11,0,3,2477,1
4925,12925,66,Female,59177,Referral,Conversion,174.93,0.17,0.07,43,5.28,11.36,28,6,6,7,4959,1
4926,12926,29,Female,136903,Email,Awareness,2599.83,0.1,0.05,17,3.63,2.93,78,5,3,8,133,0
4927,12927,24,Female,59056,PPC,Awareness,202.58,0.27,0.02,47,8.51,12.7,9,1,3,3,2397,1
4928,12928,20,Male,108249,PPC,Consideration,7177.2,0.16,0.2,10,1.33,1.86,32,2,4,1,1653,0
4929,12929,27,Female,86421,Referral,Conversion,4747.28,0.18,0.08,24,2.86,5.17,14,8,7,1,2037,1
4930,12930,51,Female,53632,PPC,Consideration,9940.79,0.28,0.05,42,3.84,5.88,76,10,9,3,741,1
4931,12931,42,Female,59685,PPC,Consideration,7362.47,0.23,0.1,0,1.7,3.92,34,17,1,7,3693,1
4932,12932,52,Female,97222,Social Media,Conversion,5227.34,0.14,0.07,31,4.56,2.49,53,15,6,5,2605,1
4933,12933,33,Female,88590,Email,Consideration,8066.58,0.15,0.05,32,7.69,9.61,20,9,8,9,2854,1
4934,12934,19,Female,28977,Social Media,Conversion,7077.56,0.2,0.13,6,2.91,0.62,29,15,7,7,1511,1
4935,12935,41,Male,110568,Social Media,Conversion,2513.38,0.07,0.02,30,7.79,11.98,45,8,9,1,4978,1
4936,12936,27,Female,68967,PPC,Consideration,5349.56,0.04,0.11,25,5.76,1.11,41,19,9,2,460,1
4937,12937,55,Female,94072,SEO,Consideration,5604.39,0.1,0.08,6,4.1,14.48,70,1,1,9,3428,1
4938,12938,39,Female,35070,Email,Retention,4567.19,0.24,0.11,35,4.32,13.09,48,17,3,5,109,1
4939,12939,43,Female,102473,SEO,Awareness,1874.01,0.08,0.07,45,2.05,6.51,23,15,0,9,902,0
4940,12940,60,Male,41500,PPC,Awareness,2311.35,0.05,0.12,23,3.25,2.57,79,19,3,0,4960,1
4941,12941,56,Male,125987,Referral,Conversion,2882.37,0.07,0.03,4,7.58,13.12,68,13,4,5,3913,1
4942,12942,44,Male,135475,Social Media,Retention,201.53,0.21,0.08,21,8.76,9.84,5,11,5,5,3917,1
4943,12943,46,Female,30011,PPC,Conversion,9177.74,0.19,0.06,43,3.39,7.82,1,3,1,0,2358,1
4944,12944,64,Female,68039,PPC,Retention,6892.35,0.21,0.09,35,6.3,5.13,2,16,4,2,296,1
4945,12945,55,Male,28896,SEO,Conversion,6927.21,0.1,0.09,2,1.31,8.64,52,19,4,0,1562,1
4946,12946,37,Male,115335,Referral,Awareness,5766.07,0.27,0.13,49,1.7,6.52,9,19,3,5,4540,1
4947,12947,44,Female,100118,Social Media,Retention,6924.18,0.14,0.13,36,9.68,7.25,23,6,7,8,3863,1
4948,12948,58,Male,139595,Referral,Consideration,9820.44,0.16,0.09,37,9.07,12.76,32,3,9,5,3643,1
4949,12949,37,Female,59958,Referral,Consideration,3913.09,0.29,0.04,45,1.73,14.31,83,14,6,5,1613,1
4950,12950,61,Male,61912,Referral,Awareness,7154.0,0.29,0.12,5,8.4,14.46,21,13,1,1,1457,1
4951,12951,36,Female,20814,Email,Retention,3659.34,0.2,0.19,24,1.92,13.67,60,19,7,0,2953,1
4952,12952,37,Male,95276,Referral,Consideration,8557.46,0.28,0.05,22,8.46,12.13,95,0,7,3,1887,1
4953,12953,52,Female,44719,PPC,Consideration,8594.48,0.17,0.02,11,9.22,7.08,93,8,4,8,1906,1
4954,12954,64,Female,121081,Email,Consideration,9032.44,0.1,0.06,27,2.38,1.78,66,3,6,0,3421,0
4955,12955,19,Male,40150,Email,Awareness,154.09,0.1,0.09,43,2.33,9.64,3,19,3,6,113,1
4956,12956,47,Female,90494,Referral,Conversion,3052.1,0.17,0.07,39,9.34,6.33,50,8,4,2,3965,1
4957,12957,51,Female,23825,PPC,Consideration,1425.85,0.19,0.17,31,3.71,10.46,3,8,2,8,4693,1
4958,12958,39,Female,70368,Social Media,Consideration,4594.46,0.14,0.1,24,5.25,3.7,38,11,3,1,889,1
4959,12959,20,Female,34800,Referral,Conversion,5004.95,0.27,0.06,33,3.74,11.59,30,15,3,1,3997,1
4960,12960,23,Male,95535,Email,Consideration,2633.45,0.13,0.19,29,7.74,2.97,56,4,6,6,1751,1
4961,12961,32,Female,106390,Social Media,Retention,7262.12,0.09,0.03,36,2.9,12.22,72,16,9,7,1273,1
4962,12962,44,Female,131268,Social Media,Consideration,2770.72,0.01,0.03,17,5.45,13.72,29,5,9,0,4004,0
4963,12963,27,Female,112851,Email,Conversion,8553.52,0.29,0.06,34,8.65,13.55,92,8,9,8,1997,1
4964,12964,26,Female,125076,Social Media,Awareness,1858.83,0.25,0.02,47,9.48,5.53,88,10,0,6,1032,1
4965,12965,50,Male,95017,PPC,Awareness,3735.63,0.19,0.15,36,4.17,6.15,38,1,6,2,2537,1
4966,12966,49,Female,68505,PPC,Retention,6260.15,0.25,0.07,40,2.03,12.65,98,6,4,6,3828,1
4967,12967,65,Female,142405,Referral,Consideration,6092.82,0.25,0.15,5,8.29,10.54,24,16,7,5,3033,1
4968,12968,23,Male,77899,Referral,Consideration,872.49,0.28,0.15,18,2.0,8.14,57,10,7,7,1667,1
4969,12969,58,Female,102782,Social Media,Conversion,8477.96,0.12,0.06,21,8.01,14.43,35,9,5,7,963,1
4970,12970,53,Female,42601,Email,Conversion,6020.84,0.17,0.11,31,7.2,7.99,10,0,2,0,206,1
4971,12971,19,Male,30677,PPC,Retention,8711.61,0.04,0.11,26,6.2,4.04,89,18,1,3,2507,1
4972,12972,46,Male,49552,SEO,Retention,8689.59,0.29,0.18,15,9.46,10.36,45,0,8,1,286,1
4973,12973,21,Female,149249,Referral,Consideration,5504.6,0.3,0.01,25,3.9,7.93,88,19,7,7,1136,1
4974,12974,18,Male,107858,PPC,Consideration,9116.74,0.24,0.07,38,1.84,3.46,20,19,9,7,1449,1
4975,12975,36,Male,87891,Social Media,Retention,8499.24,0.14,0.18,3,9.83,2.71,1,5,4,2,777,1
4976,12976,43,Female,94693,PPC,Awareness,9585.42,0.15,0.06,15,4.97,5.65,73,15,9,3,3508,1
4977,12977,42,Male,120699,PPC,Awareness,8519.93,0.14,0.04,48,4.9,14.57,38,11,2,0,880,1
4978,12978,27,Female,143355,Social Media,Awareness,8229.92,0.1,0.12,18,1.81,2.61,98,10,6,3,1430,1
4979,12979,32,Female,111450,Referral,Awareness,4746.67,0.16,0.07,27,7.69,7.34,32,17,1,4,2767,1
4980,12980,39,Female,53292,Referral,Retention,2199.11,0.03,0.1,16,7.48,5.24,30,6,4,7,2370,1
4981,12981,68,Female,148424,SEO,Conversion,9116.02,0.3,0.17,44,2.31,14.17,3,13,3,3,3887,1
4982,12982,65,Female,145451,SEO,Awareness,7253.24,0.13,0.11,1,3.1,5.97,66,12,4,4,194,1
4983,12983,38,Male,86097,Referral,Retention,2889.3,0.28,0.11,1,1.15,3.78,68,19,9,2,25,0
4984,12984,39,Female,93703,Referral,Awareness,3475.86,0.22,0.06,23,9.01,7.43,80,7,4,2,4929,1
4985,12985,53,Female,36184,Referral,Consideration,6892.18,0.09,0.16,26,3.2,2.73,12,13,0,4,3125,1
4986,12986,51,Male,110033,Referral,Awareness,4830.39,0.07,0.15,3,9.34,6.0,64,17,9,1,1374,1
4987,12987,47,Female,109336,PPC,Retention,906.68,0.3,0.05,47,6.14,11.12,44,3,7,0,991,1
4988,12988,42,Female,81046,SEO,Consideration,1500.33,0.23,0.07,35,4.83,9.19,38,3,1,4,2886,1
4989,12989,62,Female,122968,Social Media,Consideration,7481.92,0.08,0.16,19,1.07,0.66,86,8,8,9,2591,1
4990,12990,45,Female,86741,Email,Awareness,3352.84,0.03,0.08,11,1.83,7.72,88,1,3,0,4376,0
4991,12991,18,Female,81377,Social Media,Awareness,5125.73,0.21,0.09,27,2.43,12.29,52,13,7,4,3188,1
4992,12992,66,Female,32039,Email,Consideration,7689.55,0.1,0.08,28,1.95,8.66,30,11,9,3,753,1
4993,12993,62,Female,65161,PPC,Conversion,7536.64,0.07,0.04,45,3.31,7.32,12,18,2,9,885,1
4994,12994,21,Male,55006,SEO,Retention,1753.45,0.22,0.07,32,2.39,6.52,0,17,4,7,3022,1
4995,12995,24,Male,37544,Email,Retention,1074.1,0.21,0.16,48,6.97,8.28,97,11,0,1,4882,1
4996,12996,66,Female,32987,Referral,Retention,5952.41,0.15,0.1,17,3.67,1.57,28,0,5,6,3704,1
4997,12997,26,Female,25239,PPC,Retention,7442.17,0.28,0.1,11,7.46,12.1,60,9,7,7,1638,1
4998,12998,53,Male,64785,Email,Retention,1575.5,0.21,0.04,9,2.22,12.92,94,1,3,4,467,0
4999,12999,36,Male,43358,Referral,Consideration,3782.36,0.27,0.04,23,2.88,9.09,71,13,0,2,3725,1
5000,13000,18,Male,134759,PPC,Retention,8715.75,0.07,0.02,46,8.09,14.7,1,19,9,5,4633,1
5001,13001,27,Female,102674,Email,Conversion,9447.81,0.1,0.01,16,6.71,8.55,11,15,9,0,1414,1
5002,13002,53,Female,76450,Referral,Conversion,4595.29,0.04,0.1,42,1.87,0.89,55,18,7,2,4873,1
5003,13003,26,Female,108520,SEO,Awareness,887.21,0.1,0.09,31,9.63,7.23,96,13,5,8,1753,1
5004,13004,62,Female,48428,PPC,Awareness,2651.19,0.29,0.06,24,7.86,6.3,93,13,9,9,3,1
5005,13005,63,Female,29096,Email,Awareness,2406.4,0.29,0.2,6,5.97,3.31,40,3,7,4,3189,1
5006,13006,59,Female,67582,Referral,Awareness,2465.74,0.23,0.09,19,4.09,8.25,26,10,1,5,534,1
5007,13007,49,Male,44536,SEO,Consideration,4989.43,0.16,0.16,28,1.85,7.09,88,1,5,8,3928,1
5008,13008,49,Male,77395,Referral,Conversion,5873.93,0.24,0.05,18,4.22,2.98,37,6,1,1,4810,1
5009,13009,23,Female,131595,SEO,Consideration,1312.84,0.17,0.06,10,3.91,7.84,96,12,5,6,1117,1
5010,13010,65,Male,88157,Email,Conversion,8904.62,0.01,0.12,32,1.71,12.6,51,7,5,5,2693,1
5011,13011,55,Female,121494,Referral,Consideration,6237.74,0.16,0.01,49,8.05,7.88,79,11,9,8,3347,1
5012,13012,34,Female,89484,Referral,Conversion,6012.79,0.18,0.01,14,4.74,3.65,31,6,6,0,2539,1
5013,13013,27,Female,21287,Social Media,Awareness,9874.06,0.09,0.04,30,9.01,10.45,87,1,0,3,2792,1
5014,13014,67,Female,74510,PPC,Conversion,6318.63,0.07,0.05,12,2.42,13.11,1,5,0,2,2700,1
5015,13015,44,Female,43902,Referral,Awareness,9296.7,0.09,0.11,47,3.86,5.5,65,10,0,0,890,1
5016,13016,67,Male,76188,SEO,Conversion,2933.94,0.19,0.14,18,3.51,1.53,19,16,4,3,3292,1
5017,13017,52,Female,132894,PPC,Consideration,2477.28,0.05,0.07,5,8.79,13.77,56,14,0,9,3940,1
5018,13018,69,Female,41164,Email,Retention,5213.53,0.22,0.06,27,5.57,10.39,61,19,2,5,20,1
5019,13019,38,Male,101204,PPC,Conversion,5135.23,0.13,0.17,21,2.28,14.88,90,10,0,0,4924,1
5020,13020,42,Male,21772,Social Media,Consideration,2342.19,0.11,0.04,27,4.22,10.57,85,8,6,8,2003,1
5021,13021,45,Female,73054,Email,Retention,7026.59,0.24,0.14,15,9.49,2.3,47,16,7,4,4626,1
5022,13022,64,Female,74878,Referral,Consideration,393.37,0.16,0.19,49,5.96,6.78,82,19,3,2,2849,1
5023,13023,32,Female,146800,Email,Retention,6937.24,0.12,0.05,32,1.33,1.12,6,9,8,8,652,1
5024,13024,21,Female,52238,Email,Awareness,4626.06,0.26,0.03,49,1.52,5.45,66,3,7,9,4157,1
5025,13025,46,Female,124504,Social Media,Conversion,6921.17,0.12,0.2,40,3.12,11.89,49,3,6,0,3127,1
5026,13026,26,Male,78293,SEO,Consideration,4823.1,0.26,0.06,44,6.59,8.56,33,15,8,1,3185,1
5027,13027,44,Female,101298,Email,Conversion,9775.6,0.16,0.06,47,3.21,7.15,86,0,9,7,4802,1
5028,13028,43,Female,121442,SEO,Awareness,3413.38,0.07,0.1,25,8.65,12.79,68,6,2,2,2724,1
5029,13029,36,Male,27213,PPC,Awareness,9827.47,0.19,0.05,22,6.66,3.07,66,1,1,9,1086,1
5030,13030,45,Female,34941,Social Media,Conversion,743.24,0.09,0.2,0,3.71,8.31,87,3,9,8,1135,1
5031,13031,34,Female,115881,Referral,Consideration,6869.23,0.05,0.02,28,4.55,9.89,90,1,4,4,4243,1
5032,13032,60,Male,120720,Email,Consideration,4596.77,0.04,0.1,7,4.38,13.92,33,15,9,8,3132,1
5033,13033,58,Female,35964,SEO,Consideration,8239.16,0.08,0.11,41,3.83,2.87,42,3,8,0,4743,1
5034,13034,59,Female,46855,Email,Conversion,7917.2,0.22,0.1,38,6.67,10.75,20,9,1,4,3639,1
5035,13035,67,Female,78769,Social Media,Consideration,8022.08,0.25,0.11,2,2.82,1.16,11,9,1,3,4777,1
5036,13036,37,Male,141739,Referral,Consideration,1037.91,0.26,0.2,12,3.63,8.73,31,2,4,6,3862,1
5037,13037,62,Female,103504,PPC,Retention,8241.42,0.09,0.18,19,1.77,9.85,46,8,8,0,1159,1
5038,13038,57,Male,21046,PPC,Consideration,2219.0,0.2,0.07,42,4.38,12.68,85,6,8,2,2358,1
5039,13039,56,Male,34909,SEO,Awareness,354.23,0.08,0.11,4,1.58,5.2,97,18,9,4,4173,1
5040,13040,66,Female,99114,PPC,Consideration,2255.61,0.19,0.01,44,1.16,10.6,86,7,3,7,2935,1
5041,13041,40,Female,43368,SEO,Conversion,4844.92,0.27,0.09,11,6.81,1.84,54,17,8,7,149,1
5042,13042,64,Female,136853,Referral,Conversion,7446.9,0.02,0.04,47,2.46,3.73,64,3,0,2,1433,0
5043,13043,49,Female,114135,Email,Consideration,2264.46,0.3,0.15,16,1.32,11.72,67,4,8,4,4621,1
5044,13044,69,Male,91255,Social Media,Conversion,1218.77,0.25,0.05,13,1.61,13.44,16,15,6,8,4241,1
5045,13045,64,Female,101496,Referral,Conversion,6495.08,0.23,0.15,25,2.79,0.74,25,17,8,1,3719,1
5046,13046,50,Female,109142,Referral,Consideration,9840.59,0.21,0.07,29,7.49,2.91,94,5,9,6,1333,1
5047,13047,63,Female,135864,PPC,Retention,6048.62,0.23,0.19,41,1.11,3.55,32,11,4,6,1514,1
5048,13048,22,Female,133902,PPC,Retention,6941.47,0.3,0.09,44,7.54,8.03,63,19,5,1,4769,1
5049,13049,60,Female,35624,Social Media,Retention,5655.56,0.23,0.17,31,6.37,2.74,91,4,0,5,4033,1
5050,13050,65,Female,124715,Email,Retention,7845.25,0.11,0.13,29,5.63,14.65,9,18,1,7,4818,1
5051,13051,51,Female,126378,Referral,Awareness,9760.46,0.19,0.2,11,9.18,6.12,99,12,0,2,1974,1
5052,13052,57,Female,30352,PPC,Consideration,5486.88,0.11,0.15,35,8.47,2.57,45,12,0,8,1859,1
5053,13053,28,Female,116421,Referral,Conversion,4226.23,0.29,0.15,18,4.77,11.73,72,3,6,7,417,1
5054,13054,67,Male,100539,Email,Conversion,8617.4,0.27,0.06,43,1.06,8.65,89,10,2,2,4015,1
5055,13055,20,Male,29223,SEO,Consideration,9700.31,0.17,0.11,24,7.4,13.75,50,5,0,6,4825,1
5056,13056,50,Female,116969,Email,Conversion,1378.9,0.24,0.07,32,1.43,14.07,33,8,0,7,1231,1
5057,13057,28,Male,137976,Referral,Awareness,5823.89,0.27,0.01,41,3.5,12.91,13,19,6,0,1426,1
5058,13058,33,Female,98254,Referral,Retention,7945.35,0.08,0.15,20,5.44,8.68,40,6,4,2,1941,1
5059,13059,35,Male,86851,Social Media,Consideration,5380.06,0.18,0.05,1,1.89,3.73,89,11,0,9,3458,1
5060,13060,47,Male,70044,Referral,Conversion,4151.05,0.15,0.09,36,7.11,6.71,94,9,7,8,287,1
5061,13061,65,Female,107089,PPC,Awareness,6586.78,0.23,0.06,20,3.89,7.5,37,2,5,6,2168,1
5062,13062,27,Female,110218,Social Media,Conversion,2774.27,0.12,0.05,25,4.25,14.65,47,6,4,0,2956,1
5063,13063,35,Female,105000,Referral,Awareness,3556.42,0.22,0.02,31,6.83,4.16,42,9,5,4,2722,1
5064,13064,55,Female,127240,Email,Conversion,9923.54,0.13,0.07,26,4.58,6.8,27,0,7,9,3762,1
5065,13065,36,Female,51419,Referral,Retention,6401.01,0.04,0.03,16,3.02,8.65,40,11,8,2,1654,1
5066,13066,53,Male,33767,Email,Consideration,8741.98,0.04,0.11,3,2.59,6.17,55,0,8,1,4489,0
5067,13067,30,Male,92002,Email,Retention,8096.91,0.04,0.01,38,7.52,2.25,80,12,2,0,1747,0
5068,13068,63,Female,51028,Referral,Retention,6557.5,0.02,0.19,14,7.76,13.41,75,6,0,1,4872,1
5069,13069,20,Female,67953,Email,Conversion,8423.22,0.16,0.19,32,2.76,12.12,90,17,9,0,3445,1
5070,13070,27,Female,77965,SEO,Retention,2942.87,0.2,0.07,13,3.87,4.22,64,7,5,5,4746,1
5071,13071,55,Female,123394,Social Media,Consideration,6407.45,0.05,0.06,25,9.61,6.99,59,5,6,8,3583,1
5072,13072,18,Male,89776,Referral,Awareness,5946.97,0.19,0.03,46,9.86,11.16,96,14,5,2,2743,1
5073,13073,44,Male,51459,SEO,Awareness,6261.95,0.18,0.18,1,6.27,14.62,12,17,4,9,4815,1
5074,13074,63,Female,110932,Email,Conversion,1769.46,0.05,0.12,19,7.81,2.93,68,3,9,9,2561,1
5075,13075,25,Female,102331,Email,Consideration,2844.71,0.13,0.13,25,7.73,9.75,51,11,4,0,3855,1
5076,13076,68,Male,44689,Social Media,Consideration,2937.92,0.23,0.18,1,4.56,12.35,42,7,9,5,3429,1
5077,13077,63,Male,100446,SEO,Awareness,6059.27,0.01,0.18,47,1.44,0.88,91,4,2,5,4177,0
5078,13078,59,Male,87982,SEO,Awareness,9728.21,0.05,0.17,1,7.67,12.26,87,1,3,1,2885,1
5079,13079,34,Female,23346,Referral,Retention,9545.27,0.3,0.16,47,2.22,11.95,83,17,9,3,606,1
5080,13080,26,Female,65179,Email,Conversion,2349.18,0.22,0.18,16,3.61,13.89,39,3,2,4,4739,1
5081,13081,23,Female,134773,PPC,Awareness,3117.97,0.14,0.18,17,3.84,1.72,41,18,8,5,1175,1
5082,13082,60,Female,60517,Referral,Awareness,457.01,0.19,0.08,47,4.14,2.3,36,7,2,5,4489,1
5083,13083,42,Female,89678,Referral,Consideration,4048.27,0.26,0.19,3,5.19,8.02,83,0,4,1,3500,1
5084,13084,56,Female,101606,Referral,Consideration,8363.27,0.25,0.14,16,5.51,13.14,22,11,5,4,2178,1
5085,13085,66,Male,132491,Social Media,Consideration,9165.94,0.1,0.08,32,5.35,13.18,66,5,7,4,4561,1
5086,13086,45,Male,92623,Social Media,Awareness,2441.32,0.15,0.09,22,2.47,10.65,68,19,9,9,3190,1
5087,13087,50,Male,109288,Referral,Conversion,2731.37,0.2,0.14,12,6.84,7.01,78,6,5,1,4917,1
5088,13088,54,Female,101171,PPC,Retention,2286.41,0.03,0.08,6,8.11,3.85,68,10,5,6,4445,1
5089,13089,26,Female,78916,SEO,Conversion,3566.03,0.28,0.17,40,5.16,7.38,97,8,5,9,2176,1
5090,13090,35,Female,107754,SEO,Awareness,8067.12,0.14,0.04,45,8.54,3.65,57,7,0,1,2757,1
5091,13091,38,Female,117409,Email,Retention,6503.89,0.12,0.18,0,5.0,11.71,45,16,9,0,4012,1
5092,13092,19,Male,68575,SEO,Conversion,7880.82,0.27,0.07,39,6.11,6.61,86,10,5,5,2317,1
5093,13093,60,Female,128501,SEO,Awareness,5872.01,0.04,0.04,41,1.63,8.32,46,15,0,0,2856,0
5094,13094,55,Female,65039,PPC,Conversion,2651.56,0.02,0.17,30,2.32,10.37,16,8,1,3,2053,1
5095,13095,57,Female,69955,SEO,Awareness,2357.14,0.21,0.06,35,7.91,8.13,8,11,7,3,872,1
5096,13096,53,Male,100260,PPC,Consideration,189.11,0.12,0.17,24,3.24,11.45,67,3,7,5,1857,1
5097,13097,67,Female,75871,Social Media,Conversion,7831.72,0.23,0.07,44,1.84,11.9,93,2,1,4,2181,1
5098,13098,60,Female,80678,PPC,Consideration,8486.5,0.03,0.19,49,6.11,4.02,77,11,2,3,222,1
5099,13099,54,Female,140773,Social Media,Consideration,7706.0,0.12,0.05,40,1.85,4.82,29,17,5,5,1227,1
5100,13100,32,Female,51351,PPC,Retention,836.58,0.08,0.02,39,7.16,1.36,94,3,3,9,4736,0
5101,13101,45,Female,80693,Referral,Retention,7645.99,0.22,0.19,29,7.2,1.79,60,15,8,4,2082,1
5102,13102,35,Male,51433,Social Media,Conversion,553.1,0.08,0.04,37,5.08,12.53,64,6,6,6,4666,1
5103,13103,51,Male,94797,Social Media,Awareness,1145.37,0.14,0.19,20,7.17,3.6,57,9,9,4,1234,1
5104,13104,39,Male,99015,SEO,Retention,4460.71,0.25,0.17,18,8.19,12.6,26,0,8,8,2808,1
5105,13105,28,Male,35804,Social Media,Retention,4813.86,0.28,0.03,15,2.78,14.8,65,13,6,2,3333,1
5106,13106,30,Female,112781,PPC,Consideration,8179.57,0.22,0.09,32,6.85,4.02,44,17,5,1,2305,1
5107,13107,21,Female,65101,Referral,Consideration,6827.32,0.13,0.02,46,7.23,7.18,39,0,3,0,2422,1
5108,13108,39,Female,80115,Referral,Awareness,1617.87,0.18,0.07,5,2.75,8.29,60,6,7,4,1196,1
5109,13109,24,Male,98363,SEO,Retention,2338.85,0.21,0.08,41,7.54,14.17,40,17,5,7,881,1
5110,13110,60,Female,138870,PPC,Retention,2928.18,0.26,0.12,36,7.48,3.09,73,16,9,8,3035,1
5111,13111,41,Male,149826,PPC,Awareness,1324.36,0.27,0.2,7,2.42,12.62,87,10,4,2,277,1
5112,13112,21,Male,127904,Email,Retention,2947.68,0.28,0.04,0,3.86,14.39,83,1,5,6,4259,1
5113,13113,45,Female,64700,Social Media,Conversion,7313.12,0.25,0.07,12,9.47,8.54,41,7,5,3,2561,1
5114,13114,32,Female,134952,SEO,Conversion,2489.87,0.05,0.12,25,1.64,2.71,61,4,1,6,4618,0
5115,13115,18,Female,97576,Referral,Awareness,8370.06,0.23,0.04,15,3.06,5.34,79,3,2,4,149,1
5116,13116,20,Male,39477,Email,Consideration,4748.22,0.25,0.15,48,6.21,14.41,37,2,9,5,2420,1
5117,13117,31,Female,36127,PPC,Awareness,3297.06,0.26,0.09,38,9.72,2.94,59,10,8,7,2056,1
5118,13118,55,Male,106718,Social Media,Conversion,4182.94,0.28,0.19,46,3.31,7.57,48,14,7,9,1908,1
5119,13119,67,Male,46049,Referral,Retention,7124.02,0.16,0.13,45,8.35,3.25,17,6,7,9,4086,1
5120,13120,18,Female,110063,Email,Retention,5216.25,0.2,0.08,27,4.31,13.61,98,2,0,8,581,1
5121,13121,55,Male,149255,PPC,Consideration,172.06,0.01,0.15,48,4.17,9.06,93,16,8,7,868,1
5122,13122,55,Male,32473,Referral,Consideration,9231.01,0.18,0.17,22,9.96,13.89,4,19,3,5,428,1
5123,13123,38,Female,102245,Referral,Conversion,753.36,0.15,0.16,6,8.35,14.22,10,16,1,4,1610,1
5124,13124,65,Female,119510,PPC,Consideration,9392.35,0.29,0.06,23,3.24,7.59,3,19,6,3,3082,1
5125,13125,46,Female,81836,PPC,Awareness,378.71,0.27,0.09,45,2.67,14.09,60,10,5,1,2356,1
5126,13126,22,Female,62464,SEO,Conversion,7732.7,0.24,0.1,7,1.76,0.51,74,17,8,7,213,1
5127,13127,66,Male,33714,Referral,Retention,5393.28,0.03,0.08,44,5.34,3.29,11,5,1,2,1048,1
5128,13128,27,Male,80878,PPC,Retention,5106.69,0.13,0.07,0,4.01,11.14,48,13,5,5,453,1
5129,13129,45,Male,54208,Email,Retention,820.51,0.21,0.15,3,4.43,8.13,27,4,7,0,4936,1
5130,13130,38,Female,117481,Social Media,Consideration,2463.58,0.02,0.01,42,4.88,14.87,89,14,5,4,1707,1
5131,13131,67,Female,107104,SEO,Conversion,7797.72,0.08,0.07,40,9.92,11.87,33,1,7,2,1142,1
5132,13132,24,Female,94683,PPC,Consideration,8923.47,0.27,0.04,18,1.03,10.13,55,18,1,0,1079,1
5133,13133,20,Female,101803,Social Media,Awareness,5338.27,0.05,0.03,21,4.83,13.73,64,14,8,6,1680,1
5134,13134,62,Male,61514,SEO,Conversion,3598.1,0.02,0.06,35,1.58,5.39,5,8,5,7,1806,1
5135,13135,64,Female,116988,Referral,Consideration,693.44,0.18,0.15,0,7.06,2.93,32,4,6,9,4892,1
5136,13136,37,Male,25136,Social Media,Retention,6853.57,0.28,0.19,18,1.45,8.43,46,1,1,8,412,1
5137,13137,36,Female,118115,SEO,Retention,2856.62,0.25,0.11,28,7.9,3.96,23,0,9,3,1362,1
5138,13138,52,Female,51516,PPC,Awareness,644.64,0.29,0.07,18,8.81,3.87,33,2,7,1,679,0
5139,13139,21,Female,96982,PPC,Awareness,6691.93,0.23,0.17,42,9.74,4.94,71,4,8,7,2212,1
5140,13140,22,Female,83878,SEO,Awareness,4908.63,0.14,0.02,5,2.09,10.29,15,19,2,8,3397,0
5141,13141,18,Female,65099,Referral,Retention,218.43,0.28,0.03,24,9.81,0.84,79,15,3,3,3529,1
5142,13142,21,Male,110060,SEO,Consideration,1198.15,0.13,0.08,38,4.71,12.82,15,5,5,5,4716,1
5143,13143,29,Male,33188,Email,Retention,7022.1,0.11,0.1,22,6.69,9.37,97,7,2,4,1435,1
5144,13144,44,Female,124123,SEO,Retention,730.35,0.14,0.16,0,1.0,4.91,83,2,9,8,4926,0
5145,13145,59,Male,126373,SEO,Retention,8673.03,0.25,0.19,14,4.33,2.14,13,11,6,3,1683,1
5146,13146,40,Female,131073,PPC,Consideration,3182.13,0.28,0.11,24,4.18,11.96,58,0,7,6,864,1
5147,13147,42,Female,71188,Referral,Retention,977.8,0.11,0.1,3,5.53,6.83,61,19,4,1,2750,1
5148,13148,38,Female,144166,SEO,Awareness,7621.6,0.14,0.05,44,2.19,6.81,89,13,4,0,2607,1
5149,13149,69,Female,144077,Social Media,Awareness,5291.83,0.27,0.1,43,7.21,7.32,65,10,2,0,4258,1
5150,13150,41,Male,25560,PPC,Awareness,3135.74,0.02,0.19,0,6.36,6.5,18,19,3,4,1843,1
5151,13151,42,Female,131157,PPC,Awareness,4120.37,0.24,0.08,39,2.91,7.94,60,6,2,6,237,1
5152,13152,62,Female,128763,SEO,Retention,311.98,0.14,0.05,20,9.85,9.64,65,3,7,4,1652,1
5153,13153,63,Female,56397,Social Media,Retention,6660.72,0.12,0.07,42,1.05,6.75,25,5,2,3,4515,1
5154,13154,49,Male,97193,SEO,Retention,3721.16,0.14,0.11,9,4.02,14.61,88,13,1,8,3981,1
5155,13155,49,Female,143651,Social Media,Awareness,7168.97,0.13,0.12,1,3.36,6.27,48,9,5,1,626,1
5156,13156,22,Male,58082,PPC,Consideration,6318.89,0.23,0.09,16,6.04,3.61,18,3,7,1,3269,1
5157,13157,53,Female,104376,Social Media,Conversion,6547.42,0.28,0.15,12,9.0,14.71,48,12,9,9,3290,1
5158,13158,63,Male,61430,SEO,Conversion,7949.64,0.15,0.12,26,6.92,4.79,80,7,7,0,1699,1
5159,13159,59,Female,70522,Email,Conversion,6348.46,0.25,0.14,40,1.43,9.5,29,17,5,4,4747,1
5160,13160,66,Female,60397,Email,Consideration,4245.39,0.22,0.17,47,8.77,12.51,75,4,5,4,1600,1
5161,13161,59,Male,96860,Social Media,Retention,3960.28,0.11,0.17,27,3.39,0.56,56,11,5,0,2501,1
5162,13162,56,Male,149189,SEO,Conversion,1283.86,0.18,0.05,48,1.99,4.6,84,4,4,5,4176,1
5163,13163,33,Female,45247,Referral,Conversion,7816.49,0.2,0.13,9,4.89,8.21,35,6,3,4,4036,1
5164,13164,50,Male,103094,Email,Retention,7634.97,0.02,0.15,48,9.09,7.11,39,18,1,6,2534,1
5165,13165,66,Female,134798,PPC,Conversion,2538.35,0.12,0.04,9,1.31,1.56,27,13,4,0,2888,0
5166,13166,38,Female,39943,SEO,Retention,8640.55,0.3,0.17,45,6.63,6.98,96,10,1,2,15,1
5167,13167,26,Female,59460,SEO,Conversion,5931.13,0.19,0.04,46,3.99,2.04,45,19,8,9,3537,1
5168,13168,23,Female,61986,Email,Retention,4839.0,0.11,0.16,8,6.6,4.12,72,10,3,8,1852,1
5169,13169,68,Male,64514,Referral,Awareness,273.21,0.08,0.04,33,3.4,11.36,81,2,0,5,1720,0
5170,13170,62,Male,100908,PPC,Consideration,3889.14,0.07,0.15,45,9.7,3.09,87,12,9,1,2001,1
5171,13171,52,Male,72385,Referral,Conversion,6442.64,0.13,0.04,38,2.02,10.15,31,5,0,8,1453,1
5172,13172,56,Female,32631,PPC,Retention,988.5,0.07,0.08,3,2.42,14.61,86,15,9,2,809,0
5173,13173,39,Female,87008,Email,Awareness,4649.72,0.05,0.04,44,1.41,4.08,57,5,4,2,3733,0
5174,13174,58,Male,46955,SEO,Retention,9935.02,0.12,0.06,3,8.15,4.26,75,5,7,1,3443,1
5175,13175,22,Male,67367,PPC,Conversion,7193.73,0.19,0.2,3,1.85,14.32,97,5,6,4,1209,1
5176,13176,59,Female,50802,SEO,Conversion,5514.02,0.05,0.03,40,3.49,10.14,25,12,6,2,2387,1
5177,13177,40,Female,90408,Social Media,Conversion,5377.03,0.02,0.09,10,2.85,11.67,69,7,4,5,113,1
5178,13178,34,Female,113083,Social Media,Conversion,533.27,0.02,0.14,0,4.18,11.98,68,16,8,4,1875,1
5179,13179,29,Female,63341,Email,Conversion,9577.41,0.09,0.03,44,7.89,11.08,86,1,4,8,2102,1
5180,13180,40,Female,33691,Email,Awareness,9288.96,0.07,0.03,20,9.55,14.66,49,5,0,9,528,0
5181,13181,33,Male,129786,Email,Retention,6855.81,0.17,0.04,24,8.91,4.48,78,5,4,9,1985,1
5182,13182,20,Female,24753,Social Media,Retention,1080.22,0.14,0.13,8,8.57,8.02,31,6,2,2,4257,1
5183,13183,47,Female,21833,PPC,Conversion,2157.56,0.1,0.18,24,4.76,10.13,57,0,2,2,4389,1
5184,13184,39,Female,124232,Referral,Retention,1920.7,0.25,0.17,17,8.22,10.76,63,7,4,3,1650,1
5185,13185,26,Female,28645,Email,Awareness,5243.83,0.16,0.2,6,7.99,3.29,76,2,0,4,4351,1
5186,13186,46,Male,125120,Referral,Conversion,2157.26,0.04,0.12,45,3.23,13.19,27,3,7,9,3587,1
5187,13187,64,Male,135428,Referral,Consideration,6988.43,0.1,0.19,25,3.36,12.31,96,16,8,7,1489,1
5188,13188,54,Female,115977,Social Media,Awareness,5497.78,0.29,0.07,48,5.49,4.33,71,2,9,1,2185,1
5189,13189,40,Male,60024,PPC,Conversion,274.82,0.29,0.09,17,9.67,8.39,79,1,3,9,3642,1
5190,13190,30,Female,137068,Social Media,Retention,7466.17,0.08,0.09,0,1.97,4.77,38,13,0,0,4939,0
5191,13191,49,Female,128853,Email,Awareness,1969.4,0.06,0.02,8,9.9,5.81,95,5,1,6,1666,0
5192,13192,63,Female,100598,Social Media,Conversion,8266.36,0.15,0.17,9,2.43,8.24,79,17,6,7,1571,1
5193,13193,69,Female,29635,Social Media,Retention,3614.95,0.15,0.01,47,5.37,8.32,44,1,0,4,1723,1
5194,13194,64,Female,40064,Social Media,Retention,3452.33,0.13,0.15,10,3.74,8.21,12,11,2,7,2380,1
5195,13195,65,Male,29940,Email,Conversion,216.99,0.16,0.09,31,4.78,8.39,19,4,6,7,4674,1
5196,13196,40,Female,55169,Email,Awareness,9878.52,0.08,0.01,20,9.62,9.72,57,9,3,3,2315,1
5197,13197,62,Female,98647,Social Media,Conversion,6158.84,0.04,0.07,35,6.69,0.73,18,14,9,9,4490,1
5198,13198,34,Female,129667,Social Media,Conversion,4285.03,0.18,0.08,31,3.68,2.53,74,12,3,2,2442,1
5199,13199,57,Female,65200,Referral,Conversion,1056.55,0.28,0.19,18,6.66,7.32,90,9,0,8,3242,1
5200,13200,38,Female,76329,PPC,Conversion,7021.57,0.05,0.14,7,5.07,10.77,79,16,7,3,1772,1
5201,13201,19,Male,71158,Referral,Conversion,2899.03,0.21,0.11,34,9.49,7.88,8,12,3,5,942,1
5202,13202,54,Male,49739,PPC,Retention,9883.98,0.14,0.03,21,4.18,9.62,76,6,8,1,4688,1
5203,13203,23,Female,128282,PPC,Conversion,9510.42,0.1,0.08,3,6.26,14.58,18,3,4,6,397,1
5204,13204,61,Female,37793,Social Media,Awareness,7379.44,0.26,0.02,28,8.64,11.09,93,1,5,6,4288,1
5205,13205,35,Female,103682,Referral,Consideration,9713.61,0.14,0.15,30,9.63,14.13,54,4,5,5,3699,1
5206,13206,47,Female,53677,PPC,Conversion,1145.78,0.18,0.04,7,8.19,0.78,38,9,8,0,1701,1
5207,13207,39,Female,86296,PPC,Awareness,2871.16,0.14,0.12,11,9.42,6.98,16,18,2,1,4401,1
5208,13208,50,Female,43022,Email,Consideration,2607.11,0.03,0.14,4,5.17,5.64,61,8,5,2,797,1
5209,13209,47,Female,91148,PPC,Awareness,812.93,0.18,0.08,29,7.88,10.73,93,1,8,2,3617,1
5210,13210,34,Female,121544,Social Media,Retention,9725.04,0.13,0.13,34,1.85,13.98,92,8,7,5,4788,1
5211,13211,60,Female,47265,SEO,Retention,693.74,0.04,0.16,36,6.34,1.08,59,12,6,7,3984,1
5212,13212,49,Female,20530,Email,Consideration,8581.22,0.18,0.05,3,1.12,1.33,41,0,3,2,2261,0
5213,13213,59,Male,29551,SEO,Consideration,7704.8,0.01,0.12,42,3.34,10.26,1,14,4,3,445,1
5214,13214,68,Female,48394,Social Media,Consideration,3821.08,0.07,0.15,20,6.99,5.52,49,12,6,8,4364,1
5215,13215,31,Male,62987,SEO,Retention,286.19,0.24,0.08,15,2.54,3.44,66,13,5,7,2639,1
5216,13216,27,Male,68984,PPC,Retention,160.35,0.02,0.04,17,2.8,14.34,19,10,4,7,283,0
5217,13217,64,Male,88096,SEO,Awareness,2119.54,0.2,0.06,30,1.56,0.7,0,1,8,0,232,0
5218,13218,68,Male,104097,Referral,Retention,4989.38,0.29,0.19,37,7.73,4.47,4,0,4,8,2554,1
5219,13219,53,Female,90639,Social Media,Consideration,4633.31,0.06,0.08,31,5.03,5.31,96,10,5,6,871,1
5220,13220,51,Male,44090,Referral,Conversion,5894.4,0.13,0.03,47,8.99,11.85,38,15,9,9,2792,1
5221,13221,26,Male,103457,SEO,Conversion,7742.4,0.18,0.03,32,4.26,8.65,86,4,6,3,4939,1
5222,13222,59,Female,127769,Referral,Consideration,3835.81,0.14,0.04,18,4.92,5.26,17,18,1,5,1006,1
5223,13223,45,Female,22781,Email,Retention,1687.6,0.19,0.03,19,5.45,2.96,67,9,4,0,2386,1
5224,13224,28,Male,37330,SEO,Consideration,8020.48,0.13,0.1,47,8.75,3.66,96,19,5,7,4219,1
5225,13225,31,Female,25257,Referral,Retention,3393.64,0.05,0.08,9,3.63,1.06,89,14,2,8,2467,0
5226,13226,56,Female,78642,PPC,Conversion,2940.13,0.04,0.17,25,1.46,12.63,21,1,3,8,3044,1
5227,13227,64,Female,74249,SEO,Awareness,7666.69,0.23,0.18,45,6.64,2.2,29,2,1,8,3218,1
5228,13228,36,Female,71663,Email,Retention,9347.98,0.08,0.1,17,8.43,12.43,89,13,6,0,4055,1
5229,13229,32,Male,54956,PPC,Awareness,9158.12,0.26,0.18,44,6.01,2.52,0,16,1,9,1380,1
5230,13230,45,Female,124367,SEO,Conversion,1460.68,0.23,0.1,44,3.88,13.64,69,6,1,9,812,1
5231,13231,41,Female,35615,PPC,Awareness,5081.27,0.02,0.13,14,6.67,10.34,80,13,4,9,409,1
5232,13232,25,Male,20881,SEO,Awareness,1019.42,0.07,0.04,35,9.92,5.6,94,9,4,8,386,1
5233,13233,60,Female,21847,SEO,Consideration,9613.66,0.09,0.02,17,6.17,6.19,50,15,5,9,1099,1
5234,13234,26,Female,124903,Social Media,Awareness,2230.76,0.18,0.04,30,3.84,4.63,67,13,1,5,3223,1
5235,13235,64,Female,71127,Referral,Conversion,2054.55,0.24,0.06,14,3.19,3.56,73,13,8,5,2899,1
5236,13236,50,Female,141265,SEO,Retention,8899.97,0.03,0.15,37,9.98,13.71,60,9,1,0,1842,1
5237,13237,50,Female,107646,Email,Awareness,9681.72,0.08,0.04,28,8.65,3.17,47,14,0,1,1486,0
5238,13238,36,Female,147148,Referral,Retention,7006.56,0.12,0.03,41,3.52,3.05,52,17,3,9,2835,1
5239,13239,20,Female,57336,Social Media,Consideration,1297.95,0.06,0.19,14,3.36,5.72,33,0,1,7,4246,1
5240,13240,27,Female,101850,Referral,Conversion,4909.97,0.17,0.14,0,8.23,14.77,85,2,6,1,1722,1
5241,13241,57,Female,115654,Referral,Conversion,8184.39,0.15,0.1,36,9.93,7.24,85,8,3,9,242,1
5242,13242,64,Female,59931,SEO,Retention,5767.52,0.1,0.03,40,5.19,5.65,6,9,1,8,1585,1
5243,13243,59,Female,63924,Email,Conversion,1412.69,0.16,0.17,22,3.05,14.98,38,4,9,3,1823,1
5244,13244,18,Female,42966,SEO,Consideration,1801.69,0.11,0.03,45,3.07,11.23,36,4,4,3,4981,1
5245,13245,46,Female,64023,Email,Retention,8655.0,0.11,0.13,10,8.18,14.2,62,14,8,4,3898,1
5246,13246,67,Female,31320,Email,Conversion,5317.59,0.09,0.14,37,6.45,4.11,54,3,3,6,2781,1
5247,13247,51,Female,77841,PPC,Consideration,7087.78,0.17,0.09,15,6.7,11.44,14,3,0,0,3922,1
5248,13248,68,Male,85125,SEO,Consideration,3793.32,0.14,0.18,29,2.75,13.41,82,17,7,8,1515,1
5249,13249,30,Female,87752,Social Media,Awareness,5371.61,0.07,0.02,28,2.17,8.18,73,6,7,5,4789,1
5250,13250,18,Male,111100,Referral,Conversion,9773.32,0.01,0.17,40,1.1,6.65,61,19,9,4,3587,1
5251,13251,51,Male,124005,PPC,Retention,3364.06,0.05,0.12,2,9.24,4.79,67,0,9,4,4499,0
5252,13252,46,Male,109937,Social Media,Awareness,6780.41,0.02,0.13,39,4.19,8.73,49,13,4,0,2120,1
5253,13253,65,Female,137296,SEO,Retention,1807.81,0.14,0.2,16,7.82,3.29,40,6,7,0,4907,1
5254,13254,64,Female,145355,Email,Awareness,1305.22,0.08,0.12,25,8.96,6.76,60,18,0,6,1817,1
5255,13255,30,Female,81858,SEO,Consideration,7858.04,0.13,0.16,8,6.39,10.4,24,8,1,1,530,1
5256,13256,65,Female,78714,SEO,Awareness,8456.67,0.11,0.04,16,4.82,9.96,27,11,3,3,510,1
5257,13257,66,Female,31780,PPC,Awareness,6716.29,0.17,0.16,36,1.35,10.65,81,9,2,7,1266,1
5258,13258,46,Female,96230,Social Media,Awareness,1666.14,0.22,0.15,30,4.03,9.0,34,5,2,5,934,1
5259,13259,56,Female,90345,PPC,Conversion,2481.82,0.15,0.19,30,3.89,0.54,82,2,8,3,969,1
5260,13260,41,Male,141033,Social Media,Awareness,9120.64,0.03,0.19,10,6.1,0.89,52,10,8,6,1623,1
5261,13261,43,Male,102098,PPC,Consideration,2958.17,0.02,0.05,37,7.88,8.91,83,0,7,6,4260,1
5262,13262,34,Female,132696,Referral,Retention,8206.72,0.07,0.1,21,7.4,14.51,38,0,6,0,2211,1
5263,13263,24,Female,117977,Email,Conversion,2930.78,0.13,0.18,45,8.83,3.32,96,6,7,0,2804,1
5264,13264,30,Female,126075,Email,Consideration,9400.68,0.02,0.13,2,1.42,10.9,58,10,3,4,616,1
5265,13265,22,Female,142659,Email,Conversion,9153.08,0.11,0.1,48,6.45,6.78,64,9,6,6,4914,1
5266,13266,43,Male,21929,Referral,Retention,528.31,0.27,0.03,27,2.7,2.52,0,1,7,5,1367,0
5267,13267,66,Male,115153,Referral,Retention,7727.1,0.04,0.08,31,9.75,0.98,44,6,3,0,909,1
5268,13268,20,Female,132610,Email,Retention,1777.67,0.29,0.14,3,4.68,10.84,18,0,4,6,2254,1
5269,13269,24,Male,137236,Email,Conversion,2231.19,0.26,0.16,39,6.61,2.59,47,4,7,0,52,1
5270,13270,66,Male,139522,Social Media,Conversion,4652.47,0.25,0.1,37,4.16,4.83,48,17,1,1,2837,1
5271,13271,56,Male,34244,Social Media,Retention,5805.55,0.26,0.02,10,2.98,6.32,72,2,3,9,243,0
5272,13272,18,Female,118415,SEO,Retention,3325.42,0.03,0.13,0,7.19,10.74,13,4,3,6,1592,1
5273,13273,66,Male,129715,PPC,Consideration,5796.3,0.05,0.19,46,9.45,6.12,66,9,9,0,4,1
5274,13274,34,Female,142636,Social Media,Retention,1789.52,0.05,0.1,15,1.54,6.1,29,4,3,4,3723,1
5275,13275,60,Female,135402,Social Media,Awareness,321.14,0.04,0.19,33,8.43,12.02,64,17,0,2,691,1
5276,13276,42,Male,144281,Social Media,Conversion,5755.12,0.11,0.08,44,4.07,0.6,68,13,5,3,513,1
5277,13277,20,Female,31116,Social Media,Consideration,5222.41,0.25,0.18,31,2.09,11.43,86,3,2,7,3493,1
5278,13278,32,Male,107954,Referral,Conversion,6927.57,0.08,0.16,43,7.42,8.06,5,6,1,8,4920,1
5279,13279,46,Female,101243,SEO,Retention,6533.24,0.08,0.19,45,1.74,8.35,83,18,9,5,1051,1
5280,13280,60,Female,103301,Social Media,Awareness,8985.12,0.21,0.16,32,7.55,5.51,45,19,7,1,4164,1
5281,13281,49,Male,55895,PPC,Retention,4648.74,0.04,0.07,10,4.92,1.84,41,6,6,1,1696,0
5282,13282,43,Female,98636,Social Media,Conversion,182.86,0.11,0.18,35,2.48,1.82,71,10,6,8,1897,1
5283,13283,33,Female,43867,Referral,Consideration,6343.46,0.1,0.14,12,2.41,5.44,60,16,6,8,2834,1
5284,13284,42,Female,129507,Email,Conversion,6783.81,0.26,0.04,19,7.73,10.95,30,13,1,9,2267,1
5285,13285,45,Female,21208,Email,Consideration,5262.8,0.16,0.02,24,8.45,13.43,78,7,4,6,4579,1
5286,13286,26,Male,64085,SEO,Awareness,6924.12,0.2,0.08,5,7.17,12.28,25,18,0,3,4701,1
5287,13287,18,Female,85572,Email,Retention,3303.48,0.05,0.16,36,7.49,12.07,57,1,1,3,2802,1
5288,13288,46,Male,85234,Social Media,Retention,1573.2,0.28,0.13,25,8.63,0.58,32,7,9,1,3403,1
5289,13289,39,Male,103748,Referral,Awareness,6679.08,0.1,0.11,3,4.86,3.28,51,10,0,9,990,1
5290,13290,33,Male,31252,SEO,Conversion,2527.35,0.22,0.01,44,2.51,14.2,31,18,5,5,2676,1
5291,13291,58,Male,105261,Social Media,Awareness,4617.53,0.29,0.09,25,4.4,13.12,53,5,8,6,1944,1
5292,13292,68,Female,27006,Email,Retention,4967.07,0.16,0.04,17,9.81,2.34,0,10,7,6,4311,1
5293,13293,61,Female,133371,PPC,Consideration,4824.28,0.16,0.1,12,5.04,9.72,4,16,5,5,443,1
5294,13294,68,Female,109595,Social Media,Retention,6024.65,0.04,0.2,7,9.32,6.78,21,15,6,5,4255,1
5295,13295,58,Male,90883,PPC,Conversion,391.59,0.12,0.18,46,7.32,0.61,94,19,2,4,1501,1
5296,13296,24,Female,52171,PPC,Consideration,9897.86,0.26,0.07,32,7.64,12.1,4,8,9,7,2979,1
5297,13297,31,Female,48517,SEO,Conversion,7191.47,0.05,0.12,42,2.71,14.18,7,12,1,4,1192,1
5298,13298,46,Male,44274,Referral,Retention,4311.34,0.28,0.11,15,4.32,13.85,69,6,7,8,2190,1
5299,13299,36,Male,53577,Email,Retention,1994.17,0.2,0.03,41,7.59,6.07,62,15,4,6,2098,1
5300,13300,36,Female,47648,Email,Consideration,893.76,0.13,0.2,38,6.9,11.92,9,3,6,1,1139,1
5301,13301,19,Female,89654,Social Media,Conversion,6754.69,0.17,0.09,30,8.76,7.72,61,10,3,2,4286,1
5302,13302,58,Female,37910,Email,Consideration,3237.86,0.05,0.11,39,2.89,14.71,39,18,3,7,4445,1
5303,13303,62,Female,146399,SEO,Consideration,2371.84,0.07,0.13,22,7.73,14.47,46,13,4,8,2074,1
5304,13304,32,Female,98619,Email,Conversion,3861.55,0.09,0.05,15,1.35,11.71,79,14,3,7,2468,1
5305,13305,20,Male,69647,Social Media,Consideration,5969.94,0.12,0.05,9,3.7,7.33,55,7,4,1,3062,1
5306,13306,28,Female,98723,Email,Awareness,6749.88,0.28,0.05,35,6.67,13.58,27,11,6,9,1564,1
5307,13307,63,Male,20424,Referral,Consideration,6487.18,0.12,0.08,30,9.82,3.75,55,10,5,4,4862,1
5308,13308,47,Female,71899,PPC,Retention,8646.33,0.16,0.05,43,9.9,3.61,0,5,6,8,1840,1
5309,13309,57,Female,46641,PPC,Conversion,2265.7,0.06,0.19,31,4.95,8.59,51,12,6,7,2627,1
5310,13310,35,Female,54750,PPC,Retention,6403.79,0.22,0.15,20,7.88,12.38,81,17,8,3,492,1
5311,13311,68,Female,136156,Referral,Awareness,1101.03,0.17,0.18,15,6.4,1.4,61,2,1,6,3170,1
5312,13312,65,Female,142416,SEO,Awareness,5524.55,0.14,0.17,28,7.38,11.88,41,19,2,2,1041,1
5313,13313,19,Female,101454,Social Media,Consideration,5881.19,0.28,0.14,49,7.59,14.27,46,1,2,2,4647,1
5314,13314,49,Female,43154,Referral,Retention,2240.75,0.27,0.06,47,5.93,8.42,36,2,5,2,48,1
5315,13315,25,Female,68166,Social Media,Consideration,3977.76,0.2,0.13,44,8.33,3.6,10,7,0,5,1056,1
5316,13316,39,Female,31992,SEO,Consideration,8289.21,0.28,0.05,15,6.26,9.66,66,2,8,8,2566,1
5317,13317,23,Male,54001,Referral,Retention,1569.25,0.17,0.04,14,1.91,3.35,28,9,4,2,2474,1
5318,13318,29,Female,128293,Email,Awareness,4401.61,0.25,0.13,7,9.9,6.16,3,6,5,2,2795,1
5319,13319,64,Female,34546,SEO,Awareness,9334.06,0.13,0.13,14,3.73,10.64,94,8,6,7,2038,1
5320,13320,57,Male,61524,PPC,Awareness,5090.68,0.04,0.04,20,9.68,6.03,10,17,0,7,2859,1
5321,13321,53,Female,88555,Referral,Conversion,7278.82,0.3,0.08,20,3.63,7.52,29,15,2,9,3289,1
5322,13322,32,Female,21304,SEO,Conversion,8285.97,0.06,0.02,6,8.68,8.41,78,16,8,6,1280,1
5323,13323,45,Female,142722,SEO,Consideration,2117.37,0.08,0.15,18,7.21,5.42,78,19,4,3,4202,1
5324,13324,69,Male,132448,Referral,Conversion,2260.35,0.06,0.2,21,4.21,1.61,57,6,1,0,4492,1
5325,13325,66,Female,69284,PPC,Conversion,7610.06,0.11,0.15,45,9.44,7.91,31,18,2,4,905,1
5326,13326,62,Female,102368,PPC,Retention,7557.74,0.09,0.17,37,6.25,7.57,28,4,5,8,4246,1
5327,13327,35,Female,108327,SEO,Consideration,695.81,0.18,0.1,12,8.47,6.68,42,14,2,6,3834,1
5328,13328,19,Male,30022,Social Media,Consideration,3292.73,0.3,0.03,25,8.17,3.18,91,1,0,2,4366,0
5329,13329,30,Male,95886,SEO,Retention,4045.47,0.03,0.15,43,1.42,1.26,84,14,4,7,1547,1
5330,13330,62,Female,97354,Referral,Awareness,8307.5,0.24,0.06,21,3.42,12.49,38,4,9,4,4208,1
5331,13331,32,Female,53617,Referral,Retention,4276.44,0.05,0.08,6,5.25,8.22,10,13,6,9,4335,1
5332,13332,37,Male,140045,Referral,Awareness,9266.7,0.02,0.14,34,9.4,14.71,95,18,4,1,1743,1
5333,13333,46,Male,89498,PPC,Consideration,9966.42,0.2,0.18,2,1.56,14.68,26,1,0,1,4725,0
5334,13334,59,Male,78824,Email,Consideration,7829.19,0.26,0.1,34,2.67,8.91,23,19,1,5,2767,1
5335,13335,46,Female,143780,Referral,Conversion,6697.23,0.06,0.19,46,6.62,7.61,36,18,1,2,910,1
5336,13336,20,Male,90390,Referral,Conversion,3979.78,0.11,0.11,15,6.87,3.2,64,5,9,5,1878,1
5337,13337,36,Male,54307,Social Media,Retention,763.69,0.06,0.03,44,2.48,6.0,31,18,3,2,1670,1
5338,13338,20,Male,136587,Social Media,Conversion,5774.07,0.27,0.11,15,9.53,11.89,52,9,3,3,2439,1
5339,13339,31,Female,149884,SEO,Consideration,3680.88,0.09,0.17,1,2.59,14.47,0,15,0,9,1789,0
5340,13340,57,Female,88480,SEO,Consideration,3573.89,0.14,0.11,37,2.64,9.2,55,16,1,5,3187,1
5341,13341,21,Male,139645,SEO,Awareness,6908.32,0.27,0.15,16,6.72,9.44,33,9,1,6,2012,1
5342,13342,69,Female,42327,Referral,Conversion,4690.03,0.17,0.11,37,4.79,14.17,81,12,0,0,1949,1
5343,13343,28,Male,23244,Social Media,Awareness,7545.73,0.28,0.11,23,1.23,2.34,28,12,4,8,4761,1
5344,13344,48,Male,42720,SEO,Consideration,4041.91,0.28,0.06,21,9.28,9.37,5,13,4,6,4492,1
5345,13345,60,Female,45090,Social Media,Conversion,1593.55,0.14,0.05,49,1.68,8.99,56,18,4,8,168,1
5346,13346,49,Female,84277,Referral,Awareness,4667.34,0.18,0.06,22,2.41,3.47,94,18,5,0,2284,1
5347,13347,44,Female,131559,Referral,Consideration,9515.02,0.08,0.09,43,9.07,11.72,13,4,4,5,3216,1
5348,13348,47,Male,119895,SEO,Awareness,8035.09,0.3,0.16,18,3.48,2.23,74,8,9,2,3884,1
5349,13349,60,Female,142641,Referral,Conversion,2136.92,0.09,0.17,43,8.36,1.42,68,14,6,3,3041,1
5350,13350,19,Female,68536,Referral,Awareness,3973.87,0.24,0.04,21,2.54,7.55,61,11,8,2,4060,1
5351,13351,66,Female,27855,Social Media,Awareness,9285.14,0.1,0.12,16,1.43,4.85,85,3,8,4,2364,1
5352,13352,26,Male,142483,Email,Consideration,1324.62,0.1,0.09,1,3.11,6.82,50,17,9,1,3572,1
5353,13353,45,Female,142963,PPC,Conversion,2614.11,0.04,0.12,13,7.68,2.13,12,0,0,1,4201,0
5354,13354,48,Female,138430,SEO,Retention,2696.0,0.17,0.13,27,6.96,7.06,75,11,5,6,2054,1
5355,13355,51,Female,147773,Email,Retention,5752.24,0.08,0.06,12,3.8,6.87,3,8,6,3,3405,1
5356,13356,32,Male,136815,SEO,Awareness,4166.26,0.05,0.18,37,6.7,14.51,37,3,8,3,1955,1
5357,13357,65,Female,21601,Email,Consideration,890.72,0.08,0.19,16,6.98,10.98,3,5,9,7,1935,1
5358,13358,42,Male,51952,Referral,Conversion,6328.9,0.08,0.03,8,6.08,13.85,29,1,4,6,270,1
5359,13359,53,Female,131113,SEO,Consideration,1080.87,0.16,0.14,39,9.42,11.83,53,10,1,1,423,1
5360,13360,25,Male,70374,Email,Conversion,6103.51,0.12,0.02,13,8.14,11.92,64,10,9,4,877,1
5361,13361,26,Female,25690,PPC,Consideration,5119.38,0.03,0.02,1,8.34,13.05,60,4,7,2,3107,1
5362,13362,54,Male,32521,Referral,Retention,4987.32,0.17,0.19,41,4.83,4.21,48,5,0,1,3257,0
5363,13363,65,Male,120146,SEO,Retention,768.21,0.24,0.14,20,7.16,6.69,30,0,6,4,4549,1
5364,13364,62,Male,96019,SEO,Retention,6428.28,0.18,0.07,34,2.65,13.19,41,2,3,2,982,1
5365,13365,56,Male,28058,Email,Consideration,4370.07,0.29,0.14,29,3.66,1.47,49,8,9,2,191,1
5366,13366,49,Female,33704,SEO,Consideration,4169.95,0.04,0.17,16,5.52,1.3,22,0,5,7,1925,1
5367,13367,69,Female,78933,Referral,Awareness,6004.87,0.25,0.18,38,8.35,9.9,77,12,7,2,1545,1
5368,13368,34,Female,91101,Social Media,Retention,6101.86,0.16,0.01,24,4.03,13.69,98,16,2,6,11,1
5369,13369,52,Male,63856,Email,Awareness,248.83,0.16,0.17,43,4.96,12.02,80,15,1,7,2628,1
5370,13370,54,Female,57256,PPC,Consideration,1339.74,0.16,0.17,38,9.62,12.09,59,11,7,4,1409,1
5371,13371,36,Female,77352,SEO,Conversion,2441.53,0.1,0.12,34,3.56,5.72,31,1,5,4,3112,1
5372,13372,61,Female,147588,Referral,Retention,6811.98,0.1,0.1,5,6.56,9.08,55,3,5,2,1321,1
5373,13373,46,Female,50615,SEO,Retention,5809.74,0.19,0.03,2,1.9,11.69,55,12,7,6,2437,1
5374,13374,24,Female,141638,PPC,Retention,7600.53,0.02,0.06,35,4.71,12.01,99,5,4,5,1177,1
5375,13375,45,Female,127210,Referral,Retention,7432.02,0.18,0.1,47,3.97,8.92,86,16,4,6,3545,1
5376,13376,26,Female,21927,PPC,Retention,8546.51,0.22,0.17,46,1.12,12.11,33,15,6,9,4517,1
5377,13377,45,Male,35512,Referral,Consideration,3830.47,0.11,0.16,0,6.27,0.89,40,8,5,3,4368,1
5378,13378,23,Male,28301,Social Media,Retention,3516.13,0.07,0.1,33,3.98,14.17,38,14,2,2,4268,1
5379,13379,46,Female,106849,Referral,Retention,8327.05,0.07,0.16,0,3.27,13.12,85,1,3,6,1389,1
5380,13380,34,Female,93993,PPC,Awareness,2452.26,0.03,0.16,25,9.03,1.25,41,1,1,2,858,0
5381,13381,33,Male,91028,Email,Conversion,4665.61,0.04,0.12,17,3.07,6.58,65,16,7,2,216,1
5382,13382,40,Male,88759,Social Media,Retention,2023.82,0.06,0.05,35,4.65,13.83,19,13,5,3,1767,1
5383,13383,48,Female,108047,SEO,Awareness,9147.02,0.02,0.08,5,9.54,7.94,13,14,6,9,1810,1
5384,13384,20,Female,106991,Social Media,Consideration,4137.25,0.09,0.04,10,1.72,1.83,37,1,4,0,3003,0
5385,13385,38,Male,83058,Social Media,Awareness,2203.62,0.1,0.01,43,9.45,14.51,36,2,6,1,213,0
5386,13386,43,Female,119258,SEO,Retention,6950.93,0.3,0.03,39,4.51,5.7,36,17,3,2,4746,1
5387,13387,53,Female,84926,Referral,Awareness,2521.98,0.3,0.15,29,8.12,7.99,11,4,9,5,4819,1
5388,13388,59,Female,43434,Social Media,Awareness,9440.69,0.06,0.02,13,4.2,9.66,91,3,3,3,2383,1
5389,13389,54,Male,50341,Social Media,Consideration,3739.41,0.07,0.09,9,4.74,12.57,55,6,1,8,1516,1
5390,13390,39,Female,127845,Email,Awareness,6679.94,0.15,0.2,30,4.94,13.16,7,6,7,6,4010,1
5391,13391,59,Female,35007,Email,Consideration,3517.92,0.05,0.16,35,9.52,9.97,92,4,6,4,1866,1
5392,13392,29,Male,119878,PPC,Consideration,8091.73,0.16,0.15,14,5.95,14.25,20,19,3,9,622,1
5393,13393,59,Female,46799,SEO,Awareness,8979.54,0.13,0.06,29,2.95,3.68,38,14,2,8,4741,1
5394,13394,30,Male,75820,Referral,Retention,7900.39,0.1,0.13,47,6.5,13.62,47,19,0,6,2408,1
5395,13395,28,Male,35674,Referral,Conversion,8500.14,0.25,0.1,13,9.01,3.26,17,4,4,5,2498,1
5396,13396,33,Female,35426,PPC,Awareness,1108.62,0.25,0.13,46,2.93,13.47,62,13,5,3,3645,1
5397,13397,25,Male,92631,Referral,Awareness,9248.24,0.3,0.09,22,4.04,3.63,82,2,2,4,4085,1
5398,13398,57,Male,64791,Referral,Awareness,6280.58,0.07,0.11,16,6.14,10.93,73,0,9,5,2834,1
5399,13399,57,Female,109640,Email,Conversion,8705.25,0.27,0.2,26,9.89,12.35,8,1,8,0,1274,1
5400,13400,62,Male,23255,Referral,Conversion,6875.92,0.17,0.07,43,5.19,6.16,86,12,9,1,4457,1
5401,13401,19,Female,53826,Referral,Consideration,2098.29,0.18,0.05,12,6.26,2.15,29,1,9,1,457,0
5402,13402,47,Female,120261,PPC,Conversion,6134.6,0.27,0.1,13,2.22,5.76,85,10,8,6,3359,1
5403,13403,47,Male,108568,PPC,Conversion,1000.37,0.28,0.11,25,7.82,1.39,58,4,5,2,4638,1
5404,13404,29,Male,24944,Social Media,Awareness,6987.66,0.22,0.03,42,2.98,10.06,54,11,4,3,1221,1
5405,13405,27,Female,57826,Referral,Consideration,4149.11,0.11,0.16,10,3.95,10.61,92,17,1,8,2797,1
5406,13406,61,Female,50497,Referral,Retention,1602.16,0.15,0.09,37,7.39,4.39,69,19,5,4,868,1
5407,13407,28,Male,47723,Referral,Consideration,9794.38,0.19,0.09,0,7.41,9.95,49,16,4,2,108,1
5408,13408,32,Male,55287,Email,Conversion,9020.74,0.25,0.14,23,3.87,1.35,60,12,2,6,1186,1
5409,13409,33,Female,31845,Referral,Conversion,8946.08,0.2,0.16,19,8.65,0.96,34,5,9,4,3818,1
5410,13410,34,Male,109833,Email,Awareness,7909.32,0.12,0.2,7,8.15,6.42,13,9,2,6,3926,1
5411,13411,43,Female,88106,Social Media,Retention,6950.61,0.13,0.04,7,6.54,7.52,68,0,0,8,3897,1
5412,13412,19,Female,113039,SEO,Retention,6585.29,0.02,0.08,29,2.61,0.77,45,17,8,9,3202,1
5413,13413,67,Female,92986,Referral,Retention,1150.33,0.28,0.04,17,9.14,9.05,81,3,3,0,3373,1
5414,13414,29,Male,105807,PPC,Conversion,9015.61,0.04,0.18,12,5.75,12.57,34,3,8,5,4970,1
5415,13415,68,Male,126007,PPC,Conversion,8823.17,0.18,0.11,45,4.39,6.45,93,8,3,8,3956,1
5416,13416,43,Female,75569,Referral,Consideration,7503.74,0.26,0.17,46,9.35,11.33,70,4,4,0,1983,1
5417,13417,40,Male,101434,Email,Conversion,9280.42,0.13,0.2,35,9.74,2.69,97,9,4,5,4362,1
5418,13418,35,Male,99925,PPC,Retention,5575.53,0.24,0.11,18,7.45,8.18,41,11,3,2,3424,1
5419,13419,49,Female,133718,PPC,Retention,4531.66,0.24,0.03,12,8.12,11.94,52,19,3,9,2874,1
5420,13420,66,Male,45463,Social Media,Retention,9682.68,0.03,0.08,40,3.22,10.39,18,4,6,7,2715,1
5421,13421,55,Female,20744,Social Media,Awareness,4694.9,0.13,0.02,47,3.33,11.8,44,0,6,9,1617,1
5422,13422,64,Female,108340,Social Media,Consideration,6449.11,0.21,0.17,25,6.12,10.96,53,19,5,6,3937,1
5423,13423,20,Female,56282,PPC,Consideration,3793.32,0.13,0.01,8,9.85,2.25,63,14,2,3,4182,0
5424,13424,55,Female,72082,PPC,Conversion,6399.63,0.17,0.12,33,7.69,1.99,74,19,5,3,4002,1
5425,13425,20,Female,74689,Referral,Awareness,7228.98,0.18,0.03,30,7.71,14.65,40,6,8,7,3214,1
5426,13426,47,Male,96407,Referral,Consideration,6284.09,0.05,0.01,41,3.32,7.49,16,11,2,5,2161,1
5427,13427,18,Male,99072,Email,Awareness,5194.17,0.13,0.06,6,4.78,11.12,10,13,6,6,3592,1
5428,13428,47,Female,108633,PPC,Awareness,3071.1,0.02,0.11,8,4.08,10.38,91,11,4,4,1415,1
5429,13429,62,Female,84766,Referral,Conversion,6474.07,0.05,0.02,39,3.72,1.14,2,19,6,3,4505,1
5430,13430,49,Male,85711,Referral,Awareness,9093.45,0.16,0.13,25,7.58,7.7,9,15,1,0,4880,1
5431,13431,45,Female,135253,Social Media,Consideration,168.43,0.18,0.14,32,1.9,8.06,23,10,2,6,1674,1
5432,13432,38,Female,23217,Social Media,Conversion,1425.9,0.05,0.19,32,2.49,12.22,96,17,1,3,4931,1
5433,13433,63,Male,100642,Social Media,Consideration,1285.75,0.23,0.18,39,4.71,14.45,55,0,9,4,4183,1
5434,13434,30,Female,50359,SEO,Awareness,9239.73,0.12,0.12,3,3.72,4.7,25,13,6,4,1318,1
5435,13435,44,Male,132000,Referral,Awareness,6661.2,0.28,0.16,27,9.13,1.35,68,12,8,1,4090,1
5436,13436,53,Female,73509,Social Media,Retention,9522.7,0.12,0.08,3,2.8,7.39,23,7,2,1,850,0
5437,13437,24,Female,81970,Social Media,Conversion,5869.85,0.05,0.12,46,3.24,0.93,43,15,6,8,321,1
5438,13438,39,Male,42357,PPC,Conversion,4671.16,0.23,0.09,33,2.6,6.09,25,0,9,5,4971,1
5439,13439,27,Male,62354,Social Media,Retention,7944.19,0.17,0.07,48,8.73,4.46,70,3,6,7,179,1
5440,13440,56,Female,58570,PPC,Consideration,1693.33,0.12,0.15,39,2.82,4.02,75,15,2,5,4726,1
5441,13441,32,Female,27034,Email,Consideration,3875.25,0.11,0.07,47,4.17,0.52,56,12,4,2,2425,1
5442,13442,32,Female,36263,Social Media,Awareness,4716.11,0.05,0.08,5,7.02,4.13,35,17,5,2,3568,1
5443,13443,21,Male,62180,PPC,Conversion,3054.74,0.11,0.08,32,1.7,5.14,16,1,4,4,2271,1
5444,13444,49,Male,70099,Social Media,Awareness,3775.73,0.02,0.18,4,8.35,13.71,79,9,7,2,210,1
5445,13445,40,Male,94312,Email,Retention,873.24,0.16,0.04,18,7.36,1.78,94,4,8,1,472,0
5446,13446,23,Female,129358,Social Media,Awareness,2060.04,0.27,0.08,17,3.35,11.62,17,10,5,3,4145,1
5447,13447,41,Male,95348,PPC,Consideration,3421.42,0.24,0.18,2,4.53,11.01,95,1,1,3,2749,1
5448,13448,37,Male,105275,Email,Consideration,7979.32,0.02,0.01,33,6.58,5.23,65,0,1,8,4534,1
5449,13449,54,Female,46925,Email,Retention,1906.72,0.27,0.19,1,9.52,13.65,9,16,3,6,3872,1
5450,13450,37,Female,139939,Email,Consideration,3531.74,0.14,0.18,0,6.66,10.0,60,3,9,7,4620,1
5451,13451,29,Male,39575,SEO,Retention,742.71,0.07,0.09,34,3.28,1.91,38,19,2,0,696,0
5452,13452,50,Female,42231,PPC,Conversion,5615.33,0.23,0.13,3,5.34,3.46,13,1,6,6,1384,1
5453,13453,45,Female,96935,SEO,Retention,6151.38,0.1,0.2,34,5.05,6.32,46,17,3,9,1794,1
5454,13454,25,Male,67731,Email,Retention,8668.61,0.08,0.12,7,5.79,14.53,9,3,2,8,142,0
5455,13455,18,Male,43100,SEO,Retention,8209.25,0.06,0.03,43,5.67,4.33,54,0,1,8,2781,0
5456,13456,54,Male,30768,Social Media,Consideration,2925.24,0.15,0.17,28,4.28,6.71,91,13,3,4,483,1
5457,13457,39,Female,149057,SEO,Conversion,1455.84,0.04,0.04,35,8.85,8.63,23,12,4,0,4810,1
5458,13458,23,Female,118835,Referral,Awareness,1645.22,0.24,0.06,13,3.97,5.65,39,9,3,5,490,1
5459,13459,38,Male,135919,Email,Conversion,9692.74,0.15,0.18,41,5.77,10.66,62,12,9,2,1659,1
5460,13460,49,Male,79337,Email,Consideration,6764.94,0.14,0.06,48,3.35,10.08,33,10,8,6,669,1
5461,13461,52,Female,136385,PPC,Conversion,521.45,0.01,0.15,29,4.91,1.38,48,5,0,7,1967,1
5462,13462,32,Female,138058,Social Media,Conversion,1454.11,0.25,0.1,49,7.13,6.72,62,5,8,5,1729,1
5463,13463,22,Female,70697,PPC,Retention,4909.42,0.15,0.15,6,7.82,11.83,8,18,7,1,3951,1
5464,13464,63,Female,31357,SEO,Retention,2157.51,0.14,0.05,12,8.26,9.78,46,9,8,9,589,1
5465,13465,67,Female,86973,Referral,Consideration,8056.22,0.23,0.09,21,7.63,7.17,92,17,2,9,4927,1
5466,13466,65,Female,44946,Referral,Retention,5774.85,0.03,0.07,44,5.2,11.08,44,12,8,8,765,1
5467,13467,23,Male,106424,Referral,Consideration,6165.06,0.12,0.06,1,1.34,10.22,35,15,8,6,2806,1
5468,13468,42,Female,91038,Referral,Awareness,4681.97,0.18,0.07,7,5.72,12.65,8,17,1,8,4406,1
5469,13469,63,Male,125912,Social Media,Conversion,2635.02,0.14,0.07,20,1.5,1.24,10,2,2,1,3550,0
5470,13470,57,Female,75149,SEO,Awareness,5935.1,0.06,0.19,19,9.7,8.26,84,14,7,5,443,1
5471,13471,46,Female,25566,Referral,Awareness,7198.0,0.1,0.11,10,4.4,10.07,76,16,6,8,969,1
5472,13472,24,Female,142474,Email,Conversion,3772.39,0.1,0.1,33,5.53,10.29,23,2,1,7,1127,1
5473,13473,57,Male,61576,SEO,Retention,5098.94,0.3,0.11,43,2.17,13.88,0,1,9,9,2460,1
5474,13474,30,Male,73318,Social Media,Awareness,8412.87,0.1,0.2,4,9.96,6.47,98,12,8,4,1840,1
5475,13475,55,Male,89550,Referral,Conversion,1571.95,0.07,0.13,47,5.43,12.03,98,3,1,9,1996,1
5476,13476,35,Male,147059,Social Media,Awareness,5497.72,0.25,0.14,29,3.68,11.9,60,0,0,1,3429,1
5477,13477,19,Female,71408,Referral,Awareness,3549.29,0.13,0.07,32,2.74,4.4,84,10,8,6,1392,1
5478,13478,25,Female,73506,Email,Conversion,7057.67,0.14,0.1,11,6.85,4.39,68,18,3,7,4925,1
5479,13479,28,Male,137998,SEO,Retention,286.22,0.17,0.05,4,4.93,14.17,20,10,5,7,3801,1
5480,13480,50,Male,99149,Email,Consideration,6737.69,0.18,0.14,0,3.86,5.2,3,19,4,1,1573,1
5481,13481,55,Female,60167,Referral,Conversion,1118.69,0.18,0.08,34,1.09,6.51,96,4,3,3,1913,1
5482,13482,65,Male,53699,PPC,Consideration,741.2,0.02,0.15,24,1.33,9.26,99,14,3,7,2158,1
5483,13483,44,Female,137017,SEO,Conversion,7273.77,0.25,0.05,3,7.24,5.09,57,19,2,3,4221,1
5484,13484,37,Male,69545,Social Media,Conversion,6439.39,0.07,0.09,8,5.32,10.1,71,4,3,9,1834,1
5485,13485,29,Male,120769,Referral,Consideration,8959.87,0.09,0.1,48,8.64,4.7,92,16,3,6,2865,1
5486,13486,60,Male,72429,Email,Consideration,5244.58,0.06,0.04,43,7.78,8.15,6,7,6,3,1181,1
5487,13487,48,Male,133927,PPC,Retention,5347.24,0.23,0.02,2,6.16,8.61,0,1,8,8,2323,1
5488,13488,44,Female,107350,Referral,Conversion,7099.48,0.18,0.07,29,6.05,12.11,68,5,9,8,2511,1
5489,13489,49,Male,43386,Social Media,Conversion,3301.64,0.23,0.11,19,7.71,12.97,76,17,3,3,14,1
5490,13490,27,Female,79273,Email,Conversion,465.43,0.2,0.13,9,7.67,10.38,63,17,5,2,899,1
5491,13491,20,Female,132312,SEO,Retention,2377.45,0.04,0.09,19,4.01,4.42,89,13,5,3,2787,1
5492,13492,62,Male,61585,PPC,Consideration,2456.33,0.1,0.11,39,1.95,7.23,75,2,4,8,3747,1
5493,13493,44,Male,124292,Referral,Conversion,3423.02,0.16,0.11,2,7.95,8.66,7,1,4,6,4001,1
5494,13494,52,Female,27509,Referral,Consideration,9440.28,0.1,0.11,10,3.01,4.82,59,16,8,3,1490,1
5495,13495,48,Female,107852,Referral,Retention,8067.94,0.07,0.03,14,8.12,14.13,33,0,1,8,3431,1
5496,13496,32,Female,131153,Referral,Awareness,9365.97,0.26,0.09,27,6.56,2.08,85,7,5,8,3369,1
5497,13497,33,Male,96607,Email,Consideration,9986.23,0.23,0.05,43,4.22,12.59,8,0,8,0,2356,1
5498,13498,30,Male,113278,SEO,Retention,4394.41,0.11,0.11,34,8.67,6.68,72,18,2,8,1048,1
5499,13499,66,Male,132385,Social Media,Awareness,2348.03,0.23,0.15,6,7.22,14.21,44,11,3,7,3408,1
5500,13500,52,Female,98764,PPC,Conversion,5644.04,0.19,0.12,32,5.91,8.22,81,3,5,2,4071,1
5501,13501,69,Female,97150,Referral,Conversion,8823.23,0.01,0.05,41,3.71,11.08,16,11,6,7,2922,1
5502,13502,28,Female,95837,Referral,Consideration,4710.75,0.12,0.05,48,9.88,11.15,6,11,2,3,2330,1
5503,13503,38,Female,144045,SEO,Awareness,5103.45,0.09,0.02,37,8.55,10.62,50,6,7,1,3971,1
5504,13504,68,Male,83305,SEO,Retention,1430.95,0.07,0.09,18,2.23,1.22,97,17,8,5,4350,1
5505,13505,28,Female,121085,Email,Conversion,4262.51,0.08,0.09,43,8.26,9.52,15,6,1,1,4882,1
5506,13506,47,Female,62851,Email,Conversion,3931.25,0.28,0.05,28,2.08,13.47,56,10,6,6,3216,1
5507,13507,65,Male,96910,Email,Awareness,3581.72,0.15,0.16,1,3.23,12.73,91,0,6,0,3810,1
5508,13508,52,Female,54407,PPC,Retention,8884.26,0.26,0.08,43,9.62,13.77,24,7,2,3,4624,1
5509,13509,39,Female,66606,Email,Conversion,687.08,0.07,0.14,18,8.83,6.94,21,6,1,7,1747,1
5510,13510,55,Female,127277,Referral,Conversion,9724.26,0.06,0.13,8,6.45,7.09,54,18,8,6,1860,1
5511,13511,48,Female,99518,Email,Consideration,181.64,0.27,0.12,5,7.29,12.22,33,8,6,6,1633,1
5512,13512,31,Male,116794,PPC,Retention,9461.38,0.15,0.18,16,1.81,4.9,14,9,3,6,1015,1
5513,13513,41,Female,65652,Email,Conversion,5525.67,0.27,0.01,1,3.99,11.59,15,0,9,9,550,1
5514,13514,67,Male,30248,Email,Awareness,7054.21,0.03,0.02,38,3.9,7.81,15,12,4,6,4422,1
5515,13515,66,Female,30515,Referral,Conversion,1952.62,0.28,0.15,5,1.29,4.33,37,12,6,6,1224,1
5516,13516,49,Male,120578,Referral,Retention,6576.69,0.13,0.08,13,7.34,9.83,85,15,8,6,747,1
5517,13517,53,Female,112345,Referral,Consideration,8831.38,0.06,0.2,48,3.77,4.79,92,14,4,4,919,1
5518,13518,49,Female,30830,Email,Conversion,1480.85,0.21,0.05,25,6.7,10.24,31,1,6,6,3054,1
5519,13519,32,Female,80631,Referral,Awareness,1358.11,0.24,0.04,17,1.25,8.75,42,14,0,4,4889,1
5520,13520,60,Male,120784,SEO,Conversion,3109.38,0.02,0.12,5,1.01,10.97,87,6,4,6,2704,1
5521,13521,52,Male,145496,Social Media,Awareness,1701.09,0.3,0.06,11,2.53,9.19,49,11,7,3,3755,1
5522,13522,20,Female,26799,Social Media,Retention,1195.39,0.21,0.07,37,7.33,11.5,86,11,1,7,312,1
5523,13523,33,Female,94083,Referral,Consideration,6815.36,0.1,0.19,21,6.44,14.95,56,4,7,6,3689,1
5524,13524,22,Female,117098,PPC,Retention,2216.88,0.05,0.02,13,2.81,7.28,37,5,4,5,1282,0
5525,13525,38,Male,34328,Referral,Conversion,6703.45,0.12,0.11,12,5.71,9.17,22,5,7,5,915,1
5526,13526,27,Female,32679,Referral,Conversion,8633.1,0.07,0.07,8,6.57,1.98,88,18,1,4,4965,1
5527,13527,36,Female,41058,Email,Consideration,6555.05,0.15,0.08,49,9.45,14.28,89,14,7,1,900,1
5528,13528,42,Female,146226,PPC,Awareness,1281.73,0.24,0.06,41,7.86,9.15,35,8,4,5,1688,1
5529,13529,21,Female,117773,Referral,Retention,5778.42,0.2,0.04,31,2.22,1.99,49,12,3,7,3976,1
5530,13530,46,Female,66696,SEO,Awareness,3996.92,0.14,0.02,9,3.43,6.3,97,2,8,1,3063,0
5531,13531,36,Male,105442,Social Media,Conversion,3499.37,0.04,0.2,26,4.63,1.68,12,14,2,5,1421,1
5532,13532,60,Male,128963,SEO,Awareness,3253.46,0.29,0.14,13,1.95,7.71,96,1,2,1,2826,0
5533,13533,19,Female,58872,SEO,Retention,9301.38,0.09,0.16,8,6.0,4.52,3,1,7,7,4753,1
5534,13534,27,Male,74971,SEO,Awareness,7450.82,0.09,0.02,8,9.16,5.43,35,6,1,3,4973,1
5535,13535,60,Female,102083,PPC,Conversion,1425.1,0.2,0.01,25,3.76,1.5,62,13,2,9,4308,1
5536,13536,42,Female,43306,PPC,Retention,4812.45,0.23,0.12,31,9.86,11.55,83,12,7,7,2423,1
5537,13537,37,Female,48210,PPC,Awareness,3250.41,0.3,0.15,40,3.24,12.7,92,11,8,5,1925,1
5538,13538,65,Female,65693,Social Media,Awareness,9781.59,0.29,0.09,34,5.25,2.53,78,6,0,7,3586,1
5539,13539,36,Male,48239,Email,Retention,9782.49,0.28,0.08,25,4.09,11.38,53,1,7,9,585,1
5540,13540,40,Male,113366,Referral,Conversion,3263.39,0.14,0.08,40,3.77,2.36,78,14,9,9,700,1
5541,13541,41,Female,88917,Referral,Retention,3585.92,0.06,0.04,44,4.4,1.74,76,3,6,8,2001,0
5542,13542,28,Male,120368,Email,Conversion,6034.2,0.18,0.15,41,1.29,2.15,59,17,1,6,3233,1
5543,13543,63,Female,124893,Referral,Awareness,4845.14,0.02,0.05,2,5.79,0.96,13,5,0,0,625,0
5544,13544,51,Female,114377,SEO,Retention,2209.7,0.07,0.07,29,7.67,5.95,59,10,6,0,2637,1
5545,13545,45,Male,27447,Social Media,Conversion,6638.08,0.01,0.14,28,8.77,14.32,59,6,7,0,2498,1
5546,13546,22,Male,105904,Referral,Retention,3407.87,0.06,0.01,19,3.92,13.54,21,7,0,1,2916,0
5547,13547,22,Female,40271,Social Media,Awareness,6571.79,0.15,0.16,3,5.95,5.31,64,9,3,2,489,1
5548,13548,68,Female,85875,Email,Retention,3898.45,0.12,0.18,13,9.04,12.02,64,6,2,5,3670,1
5549,13549,38,Male,139509,Referral,Awareness,7032.08,0.12,0.02,44,8.2,12.46,30,6,4,8,715,1
5550,13550,29,Female,138469,Social Media,Awareness,6711.21,0.25,0.12,38,5.18,2.7,96,5,8,7,2128,1
5551,13551,67,Female,105510,SEO,Awareness,5137.25,0.21,0.09,20,2.48,3.83,64,3,0,2,2979,1
5552,13552,21,Female,112045,SEO,Conversion,7076.93,0.28,0.02,6,6.02,10.51,87,8,2,1,4326,1
5553,13553,66,Male,123434,Email,Conversion,4663.56,0.14,0.14,5,9.91,4.33,21,3,1,6,2466,1
5554,13554,59,Male,76843,PPC,Consideration,1249.77,0.09,0.13,39,7.82,14.1,86,2,0,8,4542,1
5555,13555,37,Female,46221,Referral,Conversion,1902.85,0.05,0.13,5,8.63,3.85,65,11,5,7,2807,1
5556,13556,55,Female,147108,SEO,Consideration,2535.33,0.2,0.16,24,2.7,12.09,85,10,5,4,3770,1
5557,13557,42,Female,84388,SEO,Retention,725.97,0.25,0.06,3,9.14,11.49,72,10,8,1,1395,1
5558,13558,31,Female,112799,Email,Awareness,7142.67,0.06,0.14,36,1.13,7.8,3,7,7,4,4937,1
5559,13559,28,Female,76467,SEO,Conversion,3737.16,0.26,0.15,24,8.76,4.32,88,8,1,5,1933,1
5560,13560,49,Male,93269,Referral,Awareness,1025.88,0.16,0.04,17,3.15,0.99,78,5,8,6,1624,1
5561,13561,28,Female,131414,Email,Consideration,8217.59,0.05,0.19,33,6.6,12.51,87,2,5,8,3538,1
5562,13562,35,Female,90585,Social Media,Conversion,6868.18,0.2,0.07,24,3.64,5.98,6,9,8,5,2216,1
5563,13563,44,Male,63086,Email,Conversion,4577.02,0.16,0.15,21,2.22,5.43,71,12,6,4,827,1
5564,13564,35,Male,130937,Referral,Conversion,2549.51,0.02,0.15,45,3.22,1.15,26,8,7,6,1529,1
5565,13565,40,Female,106624,Referral,Conversion,1602.28,0.13,0.11,13,5.26,2.69,90,17,9,2,568,1
5566,13566,28,Male,101144,Social Media,Awareness,4637.9,0.24,0.03,36,9.28,5.83,44,2,6,8,349,1
5567,13567,38,Male,20638,Email,Conversion,8863.93,0.17,0.06,10,4.5,10.52,98,6,7,4,4454,1
5568,13568,61,Female,93245,Referral,Consideration,1965.11,0.09,0.05,26,1.5,3.51,60,4,8,8,2488,0
5569,13569,22,Female,90679,Referral,Conversion,5729.73,0.28,0.11,25,1.21,2.87,93,15,5,2,2109,1
5570,13570,40,Female,82934,Social Media,Consideration,9620.69,0.08,0.06,34,2.89,4.3,38,8,9,7,2572,1
5571,13571,58,Female,86760,PPC,Consideration,6407.45,0.08,0.11,15,1.47,4.61,92,12,6,6,189,1
5572,13572,42,Male,67234,Email,Awareness,4455.65,0.11,0.06,39,4.34,6.44,4,11,1,3,66,1
5573,13573,58,Male,81049,Referral,Conversion,7192.09,0.27,0.01,19,4.46,5.73,81,0,6,9,738,1
5574,13574,27,Male,83843,SEO,Consideration,8263.32,0.16,0.08,14,9.75,1.57,78,17,0,5,1449,1
5575,13575,39,Male,68047,Social Media,Conversion,5946.11,0.21,0.13,13,3.76,9.46,89,5,9,3,4065,1
5576,13576,36,Female,130406,PPC,Awareness,8731.14,0.29,0.16,45,6.39,2.39,54,16,3,2,1728,1
5577,13577,18,Female,122549,PPC,Awareness,5194.46,0.24,0.02,7,8.37,13.09,1,18,9,5,3962,1
5578,13578,24,Female,29741,Social Media,Conversion,8317.29,0.06,0.06,23,5.62,12.96,94,19,2,6,4653,1
5579,13579,21,Male,140111,PPC,Consideration,9524.99,0.24,0.2,32,7.27,1.55,24,5,3,7,473,1
5580,13580,18,Male,83004,Referral,Retention,5062.31,0.23,0.06,15,9.77,6.49,88,4,4,1,93,1
5581,13581,32,Female,81489,PPC,Retention,6089.52,0.08,0.16,26,3.92,7.41,31,1,9,7,3309,1
5582,13582,57,Female,42991,Email,Awareness,6133.73,0.1,0.11,27,1.67,14.94,57,9,3,0,1859,1
5583,13583,29,Male,125711,SEO,Consideration,7836.21,0.22,0.03,43,4.87,4.14,21,10,3,9,1651,1
5584,13584,39,Female,46081,Referral,Retention,8247.36,0.08,0.13,13,5.87,9.72,51,1,7,7,2468,1
5585,13585,39,Male,142761,Social Media,Consideration,369.57,0.07,0.19,8,6.22,7.13,73,17,1,7,313,0
5586,13586,67,Male,133094,SEO,Conversion,7360.26,0.21,0.18,45,7.65,11.64,60,15,0,0,967,1
5587,13587,64,Female,77304,Referral,Awareness,7859.77,0.27,0.14,12,9.08,4.1,99,2,7,0,4526,1
5588,13588,34,Male,35642,SEO,Conversion,7034.25,0.03,0.11,21,5.5,10.37,75,10,6,6,4077,1
5589,13589,46,Female,147310,PPC,Conversion,7165.59,0.14,0.07,29,2.29,2.38,20,2,1,5,870,1
5590,13590,63,Male,95103,Social Media,Conversion,509.89,0.19,0.08,31,4.63,0.72,61,5,2,3,1397,1
5591,13591,31,Male,127163,Social Media,Consideration,4476.18,0.21,0.08,15,2.4,0.76,14,4,0,1,1054,0
5592,13592,67,Male,124072,Email,Retention,8199.98,0.3,0.19,24,2.64,7.64,10,9,5,8,1693,1
5593,13593,37,Female,137062,PPC,Conversion,9346.67,0.21,0.05,48,1.02,11.68,45,19,3,1,409,1
5594,13594,67,Female,138778,Email,Awareness,2371.73,0.19,0.08,22,9.37,8.88,70,10,7,3,509,1
5595,13595,65,Female,37399,Email,Consideration,5834.03,0.3,0.09,36,7.71,1.03,87,17,2,2,1999,1
5596,13596,50,Female,53103,PPC,Retention,8062.87,0.03,0.09,27,1.9,8.51,29,6,0,1,3285,1
5597,13597,60,Female,131257,Referral,Conversion,7548.84,0.03,0.01,2,9.28,2.14,13,15,9,6,4319,1
5598,13598,32,Male,35330,Email,Awareness,6227.01,0.17,0.06,22,8.83,14.5,39,14,0,4,4461,1
5599,13599,29,Male,36464,SEO,Conversion,285.04,0.11,0.1,32,9.19,5.61,69,7,5,9,780,1
5600,13600,57,Male,22134,Referral,Retention,7266.47,0.04,0.15,38,1.88,7.8,49,7,6,8,4504,1
5601,13601,37,Male,144679,PPC,Retention,7755.1,0.1,0.12,24,1.72,5.41,45,1,7,3,2103,1
5602,13602,47,Female,69409,Social Media,Conversion,7256.21,0.21,0.08,24,1.61,7.27,71,14,0,1,4023,1
5603,13603,55,Male,115198,Referral,Conversion,7681.51,0.27,0.14,38,9.7,14.4,35,14,4,5,1485,1
5604,13604,20,Male,20184,Email,Consideration,4366.06,0.04,0.14,20,6.94,4.28,55,11,4,0,192,0
5605,13605,45,Male,115923,SEO,Retention,9938.15,0.17,0.06,30,2.6,10.91,11,10,5,1,3664,1
5606,13606,43,Female,141529,PPC,Retention,7730.79,0.1,0.03,48,9.36,11.45,68,4,8,6,1588,1
5607,13607,47,Female,69274,Social Media,Conversion,5828.93,0.2,0.16,29,4.99,3.26,76,8,2,6,4687,1
5608,13608,30,Female,126360,SEO,Awareness,9348.49,0.17,0.11,38,8.07,11.07,18,11,0,4,3092,1
5609,13609,30,Male,92799,Social Media,Conversion,9091.16,0.28,0.04,44,6.73,9.9,21,1,2,5,358,1
5610,13610,19,Male,139388,PPC,Conversion,8164.21,0.02,0.06,44,6.85,4.72,11,2,7,3,3569,1
5611,13611,54,Male,75810,Referral,Retention,5680.58,0.15,0.16,41,4.96,8.08,31,5,9,1,1900,1
5612,13612,66,Female,98727,Email,Consideration,5318.3,0.07,0.13,33,4.55,9.05,37,19,2,6,2586,1
5613,13613,55,Male,89050,PPC,Conversion,3354.21,0.17,0.19,37,2.46,12.63,60,18,6,9,2502,1
5614,13614,19,Female,140321,SEO,Awareness,2583.69,0.26,0.1,6,1.64,2.31,37,7,8,4,62,0
5615,13615,53,Female,52734,Referral,Awareness,5172.36,0.27,0.02,26,9.35,14.59,80,16,7,8,1563,1
5616,13616,43,Male,91613,Social Media,Conversion,5820.04,0.13,0.14,12,9.43,11.65,89,8,4,6,478,1
5617,13617,28,Male,70546,Referral,Awareness,2520.81,0.25,0.06,28,6.77,8.26,79,0,7,1,2268,1
5618,13618,25,Male,55120,Referral,Awareness,9233.75,0.09,0.07,22,4.49,11.76,11,12,0,0,4265,1
5619,13619,61,Female,68484,SEO,Conversion,5617.01,0.01,0.05,7,1.23,11.13,45,17,1,2,3671,1
5620,13620,57,Female,80563,Email,Awareness,5312.4,0.26,0.07,20,5.03,7.17,79,19,2,7,4409,1
5621,13621,60,Female,95036,Referral,Awareness,4412.82,0.04,0.17,12,6.93,5.37,68,19,3,5,2537,1
5622,13622,39,Female,100528,Referral,Conversion,674.91,0.02,0.12,25,3.7,14.83,71,11,0,1,931,1
5623,13623,37,Female,75113,Email,Retention,8835.77,0.11,0.03,42,4.08,13.32,70,11,7,6,4082,1
5624,13624,25,Female,73096,Email,Consideration,3238.24,0.12,0.12,9,5.25,14.29,90,11,3,7,1716,1
5625,13625,46,Male,30133,Social Media,Consideration,6460.36,0.03,0.13,28,5.45,1.2,25,9,6,3,4560,1
5626,13626,57,Male,26405,Social Media,Retention,6113.59,0.25,0.18,26,7.69,12.32,76,7,9,7,325,1
5627,13627,43,Male,50269,Email,Conversion,5886.42,0.13,0.17,3,5.5,13.42,98,11,1,9,3680,1
5628,13628,47,Female,102410,PPC,Retention,5304.55,0.15,0.02,41,8.61,7.41,45,15,5,3,3835,1
5629,13629,34,Male,116993,Email,Consideration,1896.25,0.09,0.17,30,5.34,13.42,16,17,8,2,3767,1
5630,13630,37,Female,135742,Social Media,Consideration,2878.0,0.16,0.02,16,1.29,1.96,6,16,6,7,2223,1
5631,13631,69,Male,37085,SEO,Consideration,5289.46,0.23,0.04,7,2.27,1.38,72,10,6,1,3567,0
5632,13632,33,Female,55702,SEO,Consideration,7914.49,0.27,0.03,36,7.46,4.73,73,8,2,3,4267,1
5633,13633,63,Male,140075,Referral,Conversion,4376.69,0.29,0.04,19,5.07,0.88,63,2,6,6,3545,1
5634,13634,60,Male,99883,SEO,Consideration,2118.83,0.13,0.16,46,5.15,10.42,41,3,8,0,1579,1
5635,13635,24,Female,33502,Social Media,Consideration,970.65,0.3,0.14,9,9.8,13.94,52,16,6,1,3462,1
5636,13636,33,Female,66479,SEO,Conversion,6663.81,0.1,0.14,49,6.14,4.78,13,7,1,4,4851,1
5637,13637,62,Female,99384,PPC,Retention,4291.07,0.01,0.19,43,2.05,10.06,36,16,6,8,3876,1
5638,13638,64,Male,107957,Email,Conversion,1341.17,0.23,0.08,33,4.9,7.29,12,4,9,0,2134,1
5639,13639,65,Male,34426,Email,Consideration,6777.22,0.06,0.01,38,6.05,4.2,71,15,8,2,680,1
5640,13640,44,Female,90231,Social Media,Awareness,2155.03,0.03,0.13,10,1.34,13.82,51,16,6,5,3935,1
5641,13641,40,Female,134507,Referral,Conversion,5139.26,0.28,0.17,46,4.28,14.39,73,7,0,6,476,1
5642,13642,41,Male,35860,Email,Conversion,3131.26,0.24,0.2,11,9.71,2.45,32,11,6,5,618,1
5643,13643,26,Female,66865,SEO,Retention,9323.73,0.04,0.08,9,7.76,11.62,19,14,0,6,554,1
5644,13644,52,Female,67404,PPC,Consideration,2360.05,0.24,0.17,12,4.35,3.24,67,4,1,7,270,0
5645,13645,68,Female,111246,Referral,Awareness,4257.19,0.25,0.17,33,3.36,7.58,0,9,8,9,3890,1
5646,13646,37,Male,77423,Referral,Conversion,9598.99,0.27,0.04,29,3.55,5.73,82,14,2,5,4555,1
5647,13647,54,Male,110947,Referral,Conversion,3255.38,0.17,0.13,14,8.46,4.04,87,8,7,0,178,1
5648,13648,59,Female,94379,Email,Conversion,6481.47,0.21,0.04,7,4.61,10.3,60,14,0,3,3146,1
5649,13649,34,Female,51152,Referral,Awareness,3235.6,0.23,0.09,37,8.59,12.9,53,14,8,0,3227,1
5650,13650,64,Female,135104,Social Media,Conversion,1195.68,0.21,0.18,35,9.18,11.83,74,15,9,4,2374,1
5651,13651,48,Male,101109,SEO,Conversion,6312.72,0.2,0.16,39,5.18,10.97,85,7,5,7,3190,1
5652,13652,25,Male,123870,PPC,Awareness,9168.71,0.17,0.12,21,9.51,1.46,36,18,0,1,1314,1
5653,13653,32,Female,50737,SEO,Conversion,4580.39,0.15,0.16,4,3.7,1.91,66,12,6,4,1662,1
5654,13654,48,Male,74325,Social Media,Awareness,6299.15,0.3,0.04,31,3.34,7.24,80,13,4,5,2323,1
5655,13655,47,Male,58767,Social Media,Retention,6128.09,0.11,0.05,19,1.97,8.56,39,2,4,2,2772,1
5656,13656,63,Male,113792,SEO,Awareness,4209.39,0.04,0.05,22,3.21,10.99,19,4,8,1,3329,0
5657,13657,37,Female,122170,Email,Retention,6187.48,0.23,0.16,39,7.95,5.66,34,18,5,3,2965,1
5658,13658,56,Male,61705,Social Media,Awareness,2667.25,0.07,0.18,45,4.63,0.83,39,2,8,9,2008,1
5659,13659,29,Female,22002,Referral,Consideration,3842.58,0.16,0.12,48,2.33,1.02,78,15,1,9,4793,1
5660,13660,66,Female,102159,PPC,Conversion,4478.96,0.04,0.19,1,1.96,12.9,74,7,3,9,803,1
5661,13661,34,Female,80237,PPC,Retention,8653.69,0.19,0.15,18,5.41,2.36,12,3,5,7,606,1
5662,13662,59,Female,136632,Social Media,Conversion,3548.5,0.28,0.12,25,5.85,14.08,89,11,2,1,3577,1
5663,13663,47,Male,75713,Referral,Conversion,6387.86,0.22,0.13,35,8.15,5.32,22,15,9,2,4239,1
5664,13664,46,Female,61815,SEO,Awareness,2212.7,0.07,0.17,13,7.43,8.96,12,16,9,1,243,1
5665,13665,36,Female,84997,PPC,Consideration,2600.44,0.29,0.03,6,2.5,2.94,47,4,2,0,1428,0
5666,13666,63,Female,80859,Referral,Awareness,6519.45,0.1,0.04,15,3.49,7.08,49,14,9,0,186,1
5667,13667,28,Female,134229,Referral,Conversion,7646.87,0.14,0.06,9,7.24,13.2,79,4,9,9,2280,1
5668,13668,51,Female,145526,Email,Awareness,4674.96,0.15,0.18,42,2.63,14.77,77,19,0,2,3650,1
5669,13669,67,Female,83236,Social Media,Retention,3417.49,0.3,0.19,21,8.23,11.61,51,15,4,0,2156,1
5670,13670,24,Male,107787,Referral,Consideration,9111.69,0.03,0.08,25,6.92,11.59,97,5,5,7,1945,1
5671,13671,61,Female,137882,SEO,Conversion,1444.5,0.21,0.19,4,5.83,13.34,92,3,3,0,674,1
5672,13672,51,Female,98243,PPC,Awareness,7235.07,0.12,0.11,11,6.8,4.05,91,7,8,2,2696,1
5673,13673,37,Male,109653,Email,Retention,6932.69,0.03,0.1,23,1.9,11.18,26,10,5,9,1672,1
5674,13674,67,Female,42743,SEO,Consideration,6933.43,0.28,0.17,23,5.93,8.6,37,10,2,8,3380,1
5675,13675,55,Male,76739,PPC,Awareness,9360.66,0.18,0.11,14,5.06,4.29,76,10,6,2,688,1
5676,13676,41,Female,139492,Social Media,Awareness,7309.08,0.23,0.1,23,5.62,1.3,66,16,4,8,1957,1
5677,13677,27,Female,96326,SEO,Conversion,3085.5,0.08,0.01,23,4.04,3.41,68,11,8,0,3970,1
5678,13678,49,Female,133605,PPC,Retention,3598.75,0.23,0.01,41,5.21,9.93,58,13,4,5,106,1
5679,13679,69,Female,118156,Email,Consideration,3972.0,0.25,0.13,25,8.95,8.76,79,7,6,6,2732,1
5680,13680,32,Male,101132,PPC,Awareness,405.01,0.13,0.02,33,4.1,1.5,30,19,5,3,2477,1
5681,13681,54,Male,50339,Referral,Consideration,9143.75,0.18,0.15,17,1.4,8.65,85,17,9,3,3566,1
5682,13682,37,Male,54121,Email,Retention,828.17,0.29,0.13,42,3.31,6.16,2,1,2,8,4366,1
5683,13683,20,Female,62995,SEO,Conversion,7027.96,0.26,0.1,36,5.09,0.72,68,2,9,3,3533,1
5684,13684,54,Female,72032,Social Media,Conversion,7328.59,0.14,0.14,5,5.8,13.69,66,10,6,6,1551,1
5685,13685,57,Female,134132,Email,Conversion,8452.78,0.2,0.2,44,4.84,4.25,78,19,3,5,1808,1
5686,13686,25,Male,69831,Email,Consideration,5578.29,0.24,0.06,24,8.44,8.52,97,4,5,3,4633,1
5687,13687,57,Female,61446,Email,Consideration,7280.12,0.02,0.12,16,9.24,9.04,14,7,5,7,4207,1
5688,13688,61,Male,138308,PPC,Awareness,3096.96,0.18,0.17,15,5.38,7.73,26,6,2,8,1218,1
5689,13689,40,Female,146530,Referral,Retention,7481.28,0.3,0.01,28,1.68,3.97,76,7,1,4,2079,1
5690,13690,57,Female,65678,Social Media,Retention,3499.82,0.28,0.05,0,4.79,6.41,97,18,2,7,2875,1
5691,13691,28,Female,144318,Social Media,Retention,9038.1,0.25,0.11,44,2.63,4.71,17,10,7,3,4509,1
5692,13692,63,Female,40698,Referral,Consideration,1717.48,0.04,0.11,41,3.55,6.79,9,17,0,9,3492,1
5693,13693,25,Female,125168,PPC,Conversion,3226.0,0.3,0.03,44,8.5,1.7,31,15,2,8,1671,1
5694,13694,46,Female,100252,PPC,Retention,5037.82,0.19,0.09,19,5.82,2.91,67,18,5,6,1566,1
5695,13695,47,Female,116342,Referral,Awareness,7780.92,0.07,0.11,25,8.46,2.49,65,14,6,7,130,1
5696,13696,27,Female,103404,Referral,Consideration,7513.11,0.21,0.09,20,9.87,9.13,29,14,9,0,851,1
5697,13697,56,Male,67918,SEO,Conversion,2186.1,0.26,0.14,49,5.91,10.01,51,16,3,5,2628,1
5698,13698,45,Male,116666,PPC,Retention,1527.93,0.04,0.16,49,9.21,13.75,94,14,7,0,3009,1
5699,13699,66,Female,135378,Email,Conversion,3109.3,0.28,0.1,26,7.15,4.3,56,7,7,6,2994,1
5700,13700,53,Female,77235,Social Media,Awareness,4889.17,0.28,0.09,35,1.92,6.21,45,10,3,3,1789,1
5701,13701,30,Male,26125,PPC,Retention,5436.15,0.01,0.14,34,4.76,9.53,2,2,3,6,2471,1
5702,13702,49,Female,127508,Referral,Retention,4348.46,0.27,0.12,15,6.93,14.59,62,12,4,0,1456,1
5703,13703,53,Male,141356,Email,Conversion,6664.59,0.28,0.18,28,7.35,6.18,43,5,2,9,1000,1
5704,13704,54,Male,147422,SEO,Consideration,4332.83,0.02,0.1,6,8.75,4.7,68,8,5,2,4954,1
5705,13705,43,Female,120651,SEO,Conversion,9468.66,0.1,0.12,6,6.74,6.12,97,19,8,2,107,1
5706,13706,39,Female,67511,Email,Awareness,2683.59,0.12,0.03,33,1.81,4.98,77,15,1,8,812,0
5707,13707,21,Female,122012,Email,Conversion,6310.98,0.11,0.17,47,2.28,1.73,54,11,2,5,4942,1
5708,13708,48,Female,49046,Referral,Conversion,6152.64,0.23,0.09,4,3.95,5.52,57,16,9,6,278,1
5709,13709,35,Female,108296,Referral,Retention,2887.59,0.11,0.15,7,3.65,8.99,61,1,0,7,2517,1
5710,13710,55,Female,142618,Social Media,Consideration,4175.71,0.29,0.09,7,2.99,3.15,6,0,5,4,3200,0
5711,13711,41,Male,30114,Social Media,Consideration,3718.19,0.3,0.01,42,6.56,12.59,78,15,2,3,2210,1
5712,13712,40,Male,20637,SEO,Consideration,1807.74,0.1,0.09,28,4.87,11.16,18,4,0,2,92,1
5713,13713,39,Male,58634,Email,Consideration,4825.22,0.16,0.04,9,7.16,8.6,18,16,6,5,21,1
5714,13714,19,Female,108713,SEO,Conversion,3927.96,0.17,0.09,0,4.48,11.19,80,16,5,9,3612,1
5715,13715,48,Male,55776,Referral,Retention,1865.34,0.18,0.07,37,3.47,5.09,47,7,9,6,1213,1
5716,13716,28,Male,43600,PPC,Retention,4553.81,0.12,0.05,27,5.95,3.4,76,14,9,1,2186,1
5717,13717,45,Male,101787,Referral,Consideration,4276.26,0.06,0.03,6,1.87,12.71,56,11,6,1,3187,0
5718,13718,63,Female,46809,PPC,Conversion,1400.52,0.03,0.15,16,9.9,12.37,20,16,6,9,596,1
5719,13719,49,Male,43756,Email,Consideration,1398.76,0.04,0.15,47,6.9,11.17,0,9,1,1,1652,1
5720,13720,22,Female,79469,Email,Consideration,6510.32,0.27,0.06,45,2.1,4.22,81,11,3,7,2924,1
5721,13721,55,Male,58368,Email,Retention,7095.15,0.09,0.1,23,6.6,5.48,23,19,4,0,2890,1
5722,13722,27,Male,97185,Social Media,Retention,9417.69,0.03,0.1,34,1.67,6.02,29,16,8,2,3925,1
5723,13723,57,Male,147169,Social Media,Consideration,961.35,0.19,0.08,8,5.56,3.17,61,19,7,6,562,1
5724,13724,63,Female,96902,PPC,Conversion,1266.83,0.03,0.06,41,3.62,11.52,70,11,7,0,234,1
5725,13725,41,Female,31880,SEO,Consideration,613.0,0.03,0.05,2,7.31,3.18,26,7,8,1,1928,0
5726,13726,52,Male,103319,SEO,Retention,5369.06,0.19,0.18,43,5.38,3.72,51,17,6,4,1027,1
5727,13727,61,Male,145214,PPC,Retention,6265.19,0.18,0.17,3,8.07,1.2,26,14,5,3,2778,1
5728,13728,65,Female,77155,Social Media,Conversion,4094.88,0.02,0.09,31,3.07,10.12,66,8,8,2,2997,1
5729,13729,40,Male,136193,Referral,Consideration,7999.23,0.14,0.15,43,6.91,13.97,79,13,4,7,1350,1
5730,13730,34,Male,107762,PPC,Consideration,6898.32,0.14,0.1,12,7.19,7.51,3,7,4,8,1245,1
5731,13731,18,Male,126745,SEO,Awareness,9859.82,0.17,0.03,23,5.3,13.52,44,13,2,1,1417,1
5732,13732,48,Male,85316,PPC,Consideration,1465.16,0.22,0.17,6,8.72,12.69,56,10,8,9,164,1
5733,13733,48,Male,90856,PPC,Conversion,677.33,0.09,0.05,18,2.32,12.02,0,12,1,5,992,1
5734,13734,59,Male,28727,Email,Retention,2820.56,0.14,0.14,26,7.83,2.93,96,6,9,8,3630,1
5735,13735,59,Male,97260,Social Media,Awareness,288.6,0.24,0.11,49,2.19,5.97,43,10,2,6,4630,1
5736,13736,51,Female,59211,Email,Conversion,9332.85,0.28,0.14,26,2.41,10.13,89,11,3,5,4330,1
5737,13737,26,Male,105469,Social Media,Conversion,3109.12,0.27,0.1,17,2.81,5.49,66,10,0,8,4504,1
5738,13738,39,Female,98930,PPC,Awareness,5569.06,0.15,0.14,29,6.95,10.81,3,5,1,6,1381,1
5739,13739,30,Male,125256,Social Media,Consideration,3248.89,0.16,0.02,27,6.75,4.67,32,8,4,1,1935,1
5740,13740,42,Female,61417,SEO,Awareness,2533.51,0.16,0.02,28,5.01,6.19,49,10,5,6,3532,1
5741,13741,65,Male,104658,Email,Conversion,1608.41,0.26,0.18,8,3.83,11.11,4,0,5,5,2594,1
5742,13742,35,Female,121673,PPC,Consideration,3271.62,0.25,0.15,38,6.51,2.21,92,18,2,2,4956,1
5743,13743,68,Male,82827,SEO,Retention,6192.65,0.1,0.17,38,2.3,11.91,51,15,3,9,1380,1
5744,13744,29,Female,51437,Social Media,Awareness,9719.05,0.06,0.1,20,6.66,10.83,10,16,8,0,3907,1
5745,13745,57,Male,40519,Social Media,Conversion,5625.11,0.12,0.1,44,1.11,7.02,2,19,0,0,1284,1
5746,13746,34,Male,27983,SEO,Consideration,5373.82,0.09,0.11,37,2.3,6.84,17,6,8,8,1325,1
5747,13747,32,Female,64656,Social Media,Conversion,449.1,0.29,0.06,6,7.37,13.65,29,0,7,8,656,1
5748,13748,59,Female,138099,Email,Consideration,8416.98,0.09,0.15,44,8.87,10.89,80,12,3,4,4862,1
5749,13749,32,Male,25635,Referral,Consideration,543.93,0.06,0.17,24,1.68,9.49,45,14,3,1,1269,1
5750,13750,32,Female,122373,Social Media,Awareness,9071.7,0.27,0.18,25,6.75,13.03,93,2,4,2,2289,1
5751,13751,56,Male,124555,PPC,Retention,5432.85,0.04,0.11,5,1.56,5.31,93,3,9,5,161,0
5752,13752,30,Male,129883,Social Media,Consideration,1767.82,0.09,0.09,48,8.91,4.66,96,2,1,7,3129,0
5753,13753,34,Female,137873,PPC,Conversion,4571.9,0.14,0.17,19,4.52,3.54,16,8,6,8,4711,1
5754,13754,49,Male,39622,Social Media,Consideration,9950.35,0.18,0.15,17,7.67,8.04,38,14,1,5,4947,1
5755,13755,26,Female,143140,Social Media,Retention,3120.32,0.11,0.17,19,2.55,14.83,79,5,6,4,3305,1
5756,13756,57,Male,124041,PPC,Conversion,2767.65,0.15,0.13,39,8.75,13.96,32,5,4,0,959,1
5757,13757,37,Female,94975,Email,Consideration,1268.26,0.07,0.18,17,4.86,7.1,65,7,6,6,3581,1
5758,13758,43,Female,113445,Referral,Consideration,6011.71,0.18,0.03,46,2.88,2.11,65,14,0,9,1076,1
5759,13759,44,Female,80666,Referral,Awareness,983.35,0.13,0.14,0,6.15,13.18,87,11,8,4,3470,1
5760,13760,38,Female,120877,Email,Retention,7683.48,0.26,0.03,32,3.59,13.88,4,12,3,0,3811,1
5761,13761,35,Male,76005,Social Media,Consideration,9200.31,0.13,0.15,38,3.58,2.98,35,19,9,4,817,1
5762,13762,30,Female,118429,Referral,Retention,9325.52,0.14,0.13,47,2.03,13.31,2,4,7,3,1499,1
5763,13763,33,Male,127725,Email,Consideration,1168.37,0.18,0.01,22,2.93,6.97,31,5,5,3,961,0
5764,13764,26,Female,31403,Email,Conversion,5626.8,0.05,0.12,13,8.18,0.67,13,6,3,7,4415,1
5765,13765,29,Female,80477,Referral,Retention,1061.39,0.06,0.04,27,5.71,14.18,37,4,9,1,405,0
5766,13766,61,Female,119610,PPC,Conversion,5762.96,0.24,0.04,20,4.19,1.12,4,4,7,8,2907,1
5767,13767,55,Female,120405,SEO,Retention,8168.31,0.09,0.04,43,9.36,1.0,45,9,8,2,2377,1
5768,13768,36,Male,132985,PPC,Conversion,5424.12,0.21,0.1,36,8.18,14.47,89,4,4,5,3761,1
5769,13769,24,Female,85035,Social Media,Consideration,8733.33,0.04,0.03,6,3.79,3.61,55,6,9,1,2354,0
5770,13770,52,Male,52903,PPC,Conversion,8036.58,0.25,0.03,11,2.0,8.56,80,13,7,8,1978,1
5771,13771,65,Female,112489,SEO,Conversion,2837.83,0.3,0.06,36,2.66,14.17,59,14,3,0,1191,1
5772,13772,35,Male,27311,SEO,Consideration,6338.01,0.12,0.01,38,7.08,14.13,82,18,9,7,1852,1
5773,13773,33,Female,70611,Email,Retention,173.38,0.16,0.06,27,6.07,3.02,74,9,3,9,2199,1
5774,13774,56,Male,117561,Social Media,Conversion,4020.81,0.14,0.13,6,9.83,7.95,6,9,8,2,1241,1
5775,13775,21,Female,40615,Email,Awareness,2455.81,0.27,0.12,44,1.12,0.6,12,19,6,5,930,1
5776,13776,42,Male,76808,PPC,Awareness,9377.45,0.01,0.19,16,8.89,1.81,24,13,4,2,2925,1
5777,13777,49,Female,53580,PPC,Conversion,4113.35,0.2,0.03,36,1.13,14.25,11,3,6,5,725,1
5778,13778,57,Male,77052,Referral,Conversion,6575.24,0.2,0.17,13,4.82,6.52,30,13,0,0,2472,1
5779,13779,30,Female,143731,Email,Conversion,7346.62,0.12,0.08,42,9.25,2.68,91,5,1,6,195,1
5780,13780,62,Male,111856,Email,Retention,7754.8,0.07,0.08,3,6.93,9.66,14,14,3,5,3155,1
5781,13781,34,Female,62898,Email,Consideration,7384.17,0.08,0.08,21,6.25,3.01,96,8,9,6,228,1
5782,13782,66,Male,43952,Email,Awareness,2962.73,0.24,0.03,48,3.82,14.71,10,0,1,4,258,0
5783,13783,54,Female,102790,SEO,Awareness,6892.07,0.03,0.1,16,9.7,10.23,31,17,5,7,3004,1
5784,13784,23,Male,35227,Referral,Retention,5535.19,0.17,0.16,34,2.51,5.85,79,14,1,8,114,1
5785,13785,36,Female,33760,Social Media,Conversion,6013.99,0.1,0.18,45,3.43,6.03,8,14,7,8,1795,1
5786,13786,30,Male,28826,Social Media,Conversion,108.06,0.09,0.19,31,5.08,13.8,51,5,6,5,971,1
5787,13787,43,Male,99475,Social Media,Consideration,2656.75,0.16,0.16,37,2.14,13.48,40,14,4,7,4473,1
5788,13788,31,Female,118972,SEO,Consideration,9313.77,0.27,0.13,30,4.81,14.27,11,6,9,6,1216,1
5789,13789,48,Male,103213,Referral,Awareness,2971.75,0.19,0.1,24,1.35,7.08,82,13,0,4,3671,1
5790,13790,21,Male,80432,Referral,Consideration,4436.35,0.24,0.18,9,9.32,12.84,77,9,7,6,3422,1
5791,13791,56,Female,93996,SEO,Awareness,1948.07,0.18,0.15,48,3.9,7.53,11,11,3,0,2899,1
5792,13792,25,Female,78204,Email,Retention,1472.17,0.21,0.04,1,6.7,9.68,63,4,3,4,439,0
5793,13793,42,Female,28673,PPC,Conversion,2165.82,0.14,0.14,26,8.83,7.86,87,5,3,3,4845,1
5794,13794,30,Male,113402,Email,Conversion,5581.11,0.28,0.09,11,8.36,9.32,72,3,0,4,1443,1
5795,13795,49,Male,56158,Social Media,Awareness,9198.38,0.16,0.12,15,8.86,7.89,84,13,9,6,1627,1
5796,13796,55,Female,94989,Email,Conversion,3329.37,0.17,0.18,15,7.48,2.75,11,9,9,9,2249,1
5797,13797,55,Male,35904,SEO,Retention,3301.74,0.16,0.13,2,2.74,2.07,36,6,1,4,3006,0
5798,13798,45,Female,145212,Social Media,Consideration,5684.99,0.1,0.19,24,4.3,14.15,4,8,6,1,2148,1
5799,13799,47,Male,35396,PPC,Retention,3631.75,0.08,0.17,17,5.61,7.89,8,15,0,4,2237,1
5800,13800,20,Female,142982,Social Media,Conversion,9113.12,0.03,0.03,38,4.03,14.16,56,13,4,1,1238,1
5801,13801,45,Female,113906,Email,Retention,3840.7,0.22,0.01,41,9.6,10.44,19,1,8,1,1857,1
5802,13802,20,Female,107469,Referral,Conversion,4955.38,0.09,0.08,39,8.26,1.79,69,9,7,7,797,1
5803,13803,62,Male,74039,Referral,Awareness,5380.55,0.12,0.17,31,8.19,3.42,12,9,7,1,1442,1
5804,13804,51,Female,115885,Referral,Consideration,7842.47,0.28,0.05,49,4.25,11.63,79,5,4,1,19,1
5805,13805,33,Male,24334,Social Media,Consideration,5682.67,0.17,0.14,48,7.79,3.08,83,2,3,0,865,1
5806,13806,39,Female,116996,Referral,Conversion,2467.64,0.04,0.1,2,6.53,0.61,4,1,9,2,2093,1
5807,13807,49,Female,47268,SEO,Conversion,1327.47,0.24,0.15,7,4.38,2.12,42,9,1,9,821,1
5808,13808,55,Male,84636,PPC,Consideration,9383.97,0.08,0.04,4,3.77,7.41,80,5,0,9,2672,0
5809,13809,25,Female,42068,Referral,Retention,8035.47,0.17,0.06,19,8.1,2.87,53,19,1,6,3287,1
5810,13810,25,Female,48247,SEO,Retention,327.36,0.16,0.06,43,6.37,1.15,61,1,6,0,1424,1
5811,13811,23,Male,85121,SEO,Retention,8233.14,0.08,0.11,24,1.33,11.28,9,3,5,0,4345,1
5812,13812,31,Female,143761,Social Media,Consideration,5946.92,0.04,0.07,5,1.2,14.6,29,0,6,6,2145,1
5813,13813,49,Male,108670,Social Media,Awareness,5237.05,0.07,0.16,27,8.58,14.69,6,11,9,2,1517,1
5814,13814,52,Male,36285,PPC,Conversion,221.07,0.04,0.08,22,1.81,13.55,56,9,2,5,2802,1
5815,13815,27,Female,120539,PPC,Conversion,7830.55,0.09,0.14,23,5.67,0.78,10,3,4,6,4179,1
5816,13816,20,Female,106903,Email,Consideration,2060.84,0.3,0.19,9,6.48,3.98,71,11,2,0,2276,0
5817,13817,29,Male,148255,PPC,Awareness,7307.01,0.13,0.13,9,9.24,2.5,50,9,8,3,2867,1
5818,13818,66,Female,44136,Social Media,Consideration,257.1,0.26,0.06,32,5.63,9.78,63,18,7,2,2565,1
5819,13819,48,Female,80378,SEO,Retention,7983.9,0.17,0.17,8,2.75,12.82,30,2,6,8,1287,1
5820,13820,46,Female,57787,Email,Retention,328.09,0.2,0.01,17,3.35,8.79,0,13,5,7,3290,1
5821,13821,22,Female,44425,PPC,Conversion,2435.34,0.06,0.06,2,1.44,5.53,88,14,3,6,2223,1
5822,13822,69,Male,115001,SEO,Conversion,2755.95,0.09,0.08,32,3.0,13.72,57,1,3,8,136,1
5823,13823,42,Female,38961,Social Media,Conversion,1659.34,0.16,0.05,9,8.34,7.83,91,15,1,8,2262,1
5824,13824,58,Female,53443,Referral,Conversion,4862.48,0.27,0.12,26,7.81,3.03,86,3,5,0,1365,1
5825,13825,48,Male,38823,Email,Retention,2908.51,0.02,0.12,34,1.74,8.23,50,4,5,9,4555,1
5826,13826,38,Female,95409,SEO,Retention,9933.55,0.16,0.09,17,5.32,0.76,92,13,9,6,3444,1
5827,13827,37,Male,91123,Social Media,Awareness,5841.69,0.02,0.07,6,3.72,1.06,21,3,1,6,3453,0
5828,13828,56,Male,124249,Social Media,Conversion,5708.13,0.14,0.09,6,6.85,9.6,73,13,6,8,224,1
5829,13829,39,Female,45852,Email,Consideration,2286.61,0.19,0.07,21,9.65,10.99,45,4,9,5,1012,1
5830,13830,21,Female,57535,Email,Awareness,4146.03,0.23,0.05,9,6.68,2.51,16,12,3,5,1718,1
5831,13831,30,Female,27004,PPC,Awareness,1327.38,0.05,0.08,26,7.71,8.23,12,19,5,2,3185,1
5832,13832,62,Female,126032,PPC,Retention,7649.04,0.06,0.12,44,4.58,11.7,79,18,5,0,1526,1
5833,13833,59,Female,47823,Email,Conversion,3378.48,0.15,0.13,3,1.29,13.29,75,5,6,5,3889,1
5834,13834,67,Female,124913,Email,Awareness,7544.46,0.3,0.07,11,4.76,7.37,78,8,2,0,1750,1
5835,13835,66,Female,74086,SEO,Conversion,3779.79,0.11,0.19,2,5.6,2.27,38,7,4,4,2125,1
5836,13836,37,Male,138336,PPC,Retention,9888.7,0.13,0.06,47,5.43,1.5,18,0,4,2,712,1
5837,13837,69,Male,27131,Social Media,Awareness,1794.1,0.14,0.15,42,3.1,12.92,84,6,3,9,4533,1
5838,13838,30,Male,103232,PPC,Awareness,115.09,0.03,0.03,2,5.27,1.63,60,11,9,8,4906,0
5839,13839,34,Female,45649,PPC,Consideration,5988.77,0.23,0.14,24,7.46,12.36,95,6,9,0,1783,1
5840,13840,53,Female,24099,Email,Retention,9534.24,0.08,0.1,25,3.8,6.83,4,16,9,2,893,1
5841,13841,50,Male,70806,Email,Consideration,6505.84,0.21,0.12,39,6.71,6.83,56,17,6,2,430,1
5842,13842,18,Male,51571,PPC,Retention,948.66,0.15,0.05,6,2.38,8.02,46,15,4,0,536,0
5843,13843,32,Male,50580,Referral,Consideration,5450.76,0.19,0.09,45,3.5,2.47,78,3,2,0,2200,1
5844,13844,30,Male,134163,Referral,Retention,9103.92,0.03,0.16,33,8.96,11.27,31,4,3,8,2462,1
5845,13845,34,Female,146627,PPC,Retention,164.41,0.27,0.16,9,6.64,4.85,0,8,1,0,3914,0
5846,13846,41,Female,114200,Referral,Awareness,1752.43,0.08,0.06,2,1.77,9.17,78,8,2,2,3873,0
5847,13847,25,Male,101118,PPC,Consideration,8164.16,0.2,0.08,27,3.38,0.58,34,11,4,2,2485,1
5848,13848,67,Female,46469,Email,Consideration,8949.68,0.24,0.01,10,9.95,4.58,83,1,0,9,1271,0
5849,13849,44,Female,85179,Email,Consideration,7100.89,0.17,0.03,31,3.43,1.09,30,2,3,7,107,1
5850,13850,62,Female,107938,Email,Awareness,9916.45,0.11,0.03,7,6.22,5.05,19,7,4,4,1324,1
5851,13851,40,Male,135973,Social Media,Conversion,993.14,0.29,0.07,19,5.95,2.33,46,8,4,3,2963,1
5852,13852,63,Female,44236,Email,Retention,5502.2,0.09,0.15,4,4.62,1.52,23,10,7,6,2503,1
5853,13853,25,Male,45110,Email,Consideration,6881.45,0.29,0.11,40,1.3,12.8,39,12,2,6,3376,1
5854,13854,25,Female,43430,PPC,Retention,7056.18,0.06,0.16,12,3.56,5.79,73,19,8,2,1527,1
5855,13855,43,Female,64407,Referral,Awareness,7955.5,0.12,0.15,10,9.58,12.47,77,17,3,2,4776,1
5856,13856,64,Female,57948,Referral,Retention,9184.5,0.05,0.12,33,1.17,13.44,98,13,9,3,2299,1
5857,13857,30,Male,103299,Email,Awareness,3680.25,0.01,0.11,43,7.44,7.84,63,10,4,1,3520,1
5858,13858,56,Male,134496,Email,Conversion,525.34,0.09,0.19,2,9.03,8.73,92,1,1,1,1915,0
5859,13859,54,Male,102565,Email,Consideration,3688.17,0.04,0.12,14,7.86,9.88,72,14,1,9,4536,1
5860,13860,66,Female,77367,PPC,Awareness,6748.99,0.3,0.1,32,3.91,9.85,9,1,8,6,64,1
5861,13861,45,Male,58180,PPC,Retention,2213.22,0.23,0.18,42,5.68,8.19,60,12,8,2,2593,1
5862,13862,42,Male,24652,PPC,Awareness,8118.73,0.01,0.02,9,8.81,9.12,1,10,1,4,3022,1
5863,13863,33,Female,92370,Referral,Awareness,2275.67,0.07,0.13,2,9.78,6.9,22,14,0,1,2364,0
5864,13864,19,Female,122755,Social Media,Conversion,199.63,0.2,0.03,45,1.87,13.78,81,5,0,0,3214,0
5865,13865,35,Female,108023,Referral,Consideration,5130.0,0.13,0.17,47,2.12,10.96,64,14,8,8,823,1
5866,13866,34,Male,147845,PPC,Awareness,7291.97,0.25,0.16,40,9.6,5.07,57,15,4,3,4099,1
5867,13867,47,Female,27084,SEO,Awareness,3561.59,0.16,0.11,13,8.85,5.36,10,0,2,8,1977,1
5868,13868,56,Male,65630,Social Media,Retention,7514.07,0.2,0.14,32,2.9,7.1,35,7,0,4,3864,1
5869,13869,30,Female,73276,Email,Awareness,4440.2,0.18,0.16,32,9.73,0.96,96,19,3,4,2004,1
5870,13870,49,Male,100228,Referral,Awareness,1799.97,0.2,0.1,35,2.88,14.88,62,7,2,2,3813,1
5871,13871,67,Female,135052,Social Media,Consideration,996.53,0.08,0.18,22,1.8,7.28,35,9,4,4,665,1
5872,13872,46,Female,22655,SEO,Consideration,7134.81,0.12,0.09,0,7.14,11.74,56,0,9,9,4397,1
5873,13873,63,Female,77752,Social Media,Retention,3918.58,0.02,0.18,26,5.86,2.79,87,10,7,5,4723,1
5874,13874,47,Female,125737,Referral,Awareness,9136.46,0.18,0.12,31,3.16,9.33,88,7,6,1,1420,1
5875,13875,35,Male,119618,PPC,Awareness,5448.53,0.14,0.09,20,9.35,6.03,22,14,4,4,1001,1
5876,13876,30,Male,67670,Email,Awareness,3549.48,0.23,0.01,43,4.64,13.4,53,18,9,6,4252,1
5877,13877,60,Female,25272,PPC,Conversion,3555.01,0.07,0.07,19,4.63,14.02,62,13,2,7,2415,1
5878,13878,38,Female,20218,PPC,Conversion,1401.23,0.14,0.17,26,6.69,9.56,85,3,4,3,991,1
5879,13879,47,Female,116428,Referral,Retention,5978.51,0.06,0.09,35,3.08,1.38,32,7,0,5,785,1
5880,13880,38,Female,57471,PPC,Conversion,5863.45,0.19,0.09,40,6.28,7.27,46,11,2,2,3217,1
5881,13881,65,Female,68762,PPC,Retention,8019.94,0.26,0.1,31,4.28,0.75,18,17,1,4,3734,1
5882,13882,34,Female,41515,Referral,Awareness,2091.85,0.23,0.06,38,7.26,8.01,33,8,0,5,1360,1
5883,13883,57,Male,54307,Referral,Conversion,2978.82,0.28,0.1,28,3.23,7.77,22,3,4,2,1694,1
5884,13884,36,Female,138121,SEO,Consideration,1062.66,0.29,0.08,45,2.67,6.55,89,5,0,8,2002,1
5885,13885,69,Male,98681,PPC,Conversion,3023.89,0.23,0.18,22,3.25,5.39,85,13,1,0,4258,1
5886,13886,32,Male,37986,Social Media,Awareness,4338.21,0.09,0.12,34,9.42,8.89,66,12,0,2,220,1
5887,13887,26,Female,104624,Email,Consideration,9643.88,0.07,0.17,14,8.64,3.06,3,7,9,7,3427,1
5888,13888,69,Female,90600,Email,Retention,6565.35,0.14,0.14,42,8.46,0.88,96,19,7,3,3401,1
5889,13889,27,Female,132092,Referral,Awareness,7850.45,0.3,0.05,9,8.03,11.91,74,6,7,4,2864,1
5890,13890,61,Female,138336,Referral,Consideration,3322.55,0.13,0.17,14,6.73,11.89,83,13,0,3,4081,1
5891,13891,48,Female,135793,SEO,Conversion,1530.68,0.07,0.03,24,1.89,8.9,95,7,6,1,919,0
5892,13892,40,Male,74888,PPC,Retention,2641.53,0.28,0.1,16,3.92,12.54,52,11,2,6,2046,1
5893,13893,69,Female,107732,Referral,Conversion,2639.03,0.12,0.06,30,6.06,7.94,14,19,2,1,1349,1
5894,13894,47,Female,31603,Referral,Consideration,5872.84,0.21,0.11,10,1.95,0.59,88,1,1,6,4764,0
5895,13895,50,Female,88024,Email,Consideration,3480.56,0.24,0.07,19,1.27,2.65,16,3,1,9,2270,0
5896,13896,69,Male,110728,PPC,Awareness,8588.25,0.25,0.15,30,1.84,7.16,21,3,9,6,2434,1
5897,13897,26,Male,48897,SEO,Retention,9886.59,0.25,0.19,15,1.97,13.0,33,10,5,5,3236,1
5898,13898,64,Female,38802,Referral,Retention,3498.65,0.25,0.14,35,1.99,3.77,32,9,4,8,2038,1
5899,13899,18,Female,36411,Referral,Consideration,7080.1,0.2,0.08,38,2.71,0.99,24,4,5,1,2467,1
5900,13900,61,Female,80399,Referral,Awareness,6609.12,0.13,0.12,10,5.49,6.48,13,8,9,7,4865,1
5901,13901,52,Female,115202,Email,Consideration,2025.18,0.2,0.18,19,3.57,1.47,49,6,2,7,4565,1
5902,13902,28,Female,126511,Referral,Consideration,9188.29,0.25,0.06,25,8.74,8.48,29,11,6,4,1193,1
5903,13903,51,Female,80692,Referral,Retention,2074.48,0.11,0.03,48,8.89,1.31,85,4,9,5,1518,1
5904,13904,33,Female,77676,Email,Conversion,7395.88,0.1,0.03,25,9.28,0.74,21,2,3,8,2373,1
5905,13905,26,Female,32770,Referral,Conversion,3541.34,0.11,0.1,41,5.24,14.18,82,7,1,1,4119,1
5906,13906,49,Male,93513,PPC,Retention,3734.11,0.17,0.15,46,7.97,10.15,3,19,6,6,727,1
5907,13907,32,Female,57429,PPC,Awareness,4608.95,0.03,0.13,5,6.32,2.23,71,2,3,4,368,0
5908,13908,29,Female,117567,Email,Retention,8658.63,0.24,0.1,44,2.3,8.57,44,3,0,7,1528,1
5909,13909,50,Female,145041,PPC,Awareness,1488.49,0.05,0.15,34,6.72,4.25,73,11,8,8,3361,1
5910,13910,62,Male,79429,SEO,Retention,640.24,0.05,0.13,7,8.53,11.54,27,0,0,3,4146,0
5911,13911,31,Female,90085,Referral,Awareness,4080.2,0.07,0.13,6,4.13,12.31,53,7,0,6,3206,1
5912,13912,25,Female,40337,SEO,Consideration,650.29,0.18,0.05,36,7.72,7.86,57,8,6,0,1896,1
5913,13913,25,Female,112901,PPC,Consideration,6907.25,0.09,0.07,49,7.97,6.44,84,2,6,9,3638,1
5914,13914,44,Male,106181,Email,Awareness,7627.22,0.12,0.08,15,6.79,5.1,64,5,8,0,4731,1
5915,13915,29,Female,133333,Email,Retention,8561.65,0.28,0.16,8,8.95,0.98,36,19,4,1,4341,1
5916,13916,18,Female,44507,SEO,Consideration,7464.04,0.26,0.16,10,2.3,8.63,53,8,1,3,3605,1
5917,13917,60,Female,79596,PPC,Retention,9171.88,0.26,0.06,20,8.59,7.88,97,1,7,8,2606,1
5918,13918,57,Male,90509,Referral,Conversion,7508.18,0.18,0.02,45,6.5,3.59,10,2,2,6,3700,1
5919,13919,59,Female,28436,PPC,Consideration,9367.15,0.26,0.16,6,8.7,8.21,15,13,4,6,2260,1
5920,13920,68,Male,30086,PPC,Retention,2011.8,0.24,0.09,11,5.79,7.28,77,12,5,5,1882,1
5921,13921,28,Male,103276,Email,Retention,5048.65,0.29,0.05,39,3.95,4.28,64,13,2,3,2156,1
5922,13922,56,Female,111054,Social Media,Conversion,9939.91,0.03,0.03,20,9.07,11.27,94,13,5,8,4791,1
5923,13923,60,Female,39851,Referral,Retention,6847.62,0.02,0.01,4,8.9,4.07,43,16,4,5,1684,1
5924,13924,48,Female,59732,Referral,Awareness,8798.55,0.06,0.09,5,3.41,7.04,42,14,6,0,4584,1
5925,13925,34,Female,34842,Email,Consideration,400.9,0.28,0.07,42,7.7,8.23,75,11,9,5,3413,1
5926,13926,50,Male,148928,PPC,Awareness,8730.4,0.19,0.14,25,1.82,12.26,26,6,1,9,877,1
5927,13927,49,Female,141755,Email,Conversion,7007.36,0.13,0.2,28,1.77,6.6,80,8,7,2,424,1
5928,13928,46,Male,146072,PPC,Awareness,1790.48,0.16,0.05,2,5.6,3.5,79,11,5,0,4441,0
5929,13929,38,Female,115490,Social Media,Retention,354.24,0.25,0.06,10,1.32,0.71,0,16,0,0,1432,0
5930,13930,38,Female,21745,Social Media,Conversion,2673.27,0.28,0.07,22,4.9,4.15,29,18,1,1,2050,1
5931,13931,57,Female,32697,SEO,Conversion,9166.16,0.22,0.1,24,8.12,11.38,63,6,2,5,4230,1
5932,13932,40,Female,112469,PPC,Awareness,6714.52,0.23,0.14,11,9.01,12.4,36,15,2,8,565,1
5933,13933,23,Female,23879,Email,Conversion,9202.74,0.1,0.08,0,3.29,9.21,22,2,9,1,887,1
5934,13934,39,Female,105697,Email,Awareness,4516.89,0.15,0.03,3,1.69,14.25,26,18,2,4,3758,0
5935,13935,67,Male,38499,Email,Awareness,9372.61,0.27,0.15,0,6.68,8.07,79,18,4,7,4662,1
5936,13936,55,Male,108177,SEO,Awareness,4683.3,0.24,0.16,5,3.38,7.45,87,19,8,0,1340,1
5937,13937,54,Female,55035,Referral,Conversion,2122.12,0.21,0.06,33,1.21,12.58,27,19,5,3,4512,1
5938,13938,62,Female,38651,Email,Conversion,1598.8,0.03,0.04,26,2.18,2.92,29,7,8,0,1123,0
5939,13939,68,Male,95224,Social Media,Consideration,9938.74,0.02,0.11,44,9.45,0.72,89,4,2,5,4773,1
5940,13940,25,Male,133369,Email,Awareness,3405.24,0.05,0.05,15,8.88,13.29,87,13,8,8,641,1
5941,13941,58,Female,96524,Email,Awareness,1684.52,0.18,0.08,10,8.47,8.24,94,18,3,7,3310,1
5942,13942,66,Female,109006,Email,Awareness,183.24,0.17,0.16,13,4.06,11.3,88,11,6,5,4981,1
5943,13943,52,Male,57249,Referral,Awareness,2927.14,0.28,0.05,37,7.43,9.62,50,8,0,2,2164,1
5944,13944,68,Male,43849,Email,Awareness,8902.25,0.21,0.16,47,9.61,10.13,1,5,9,1,1837,1
5945,13945,28,Female,119233,Referral,Awareness,5386.69,0.1,0.14,48,6.11,9.02,70,3,2,7,2782,1
5946,13946,41,Female,93309,Referral,Awareness,6361.11,0.06,0.05,9,4.0,11.02,86,0,3,1,1452,1
5947,13947,66,Male,121628,SEO,Consideration,9231.67,0.26,0.11,12,8.19,2.15,92,4,7,1,4275,1
5948,13948,38,Male,49076,Social Media,Consideration,5177.12,0.14,0.13,44,4.87,4.14,34,8,0,8,2828,1
5949,13949,68,Female,90123,Email,Retention,8398.97,0.2,0.05,33,6.2,7.45,93,6,6,5,133,1
5950,13950,19,Female,53124,Email,Awareness,3305.95,0.17,0.04,32,5.87,10.89,28,17,3,1,3164,1
5951,13951,57,Female,35787,Email,Awareness,9773.31,0.04,0.11,32,2.96,4.97,30,1,2,4,4824,0
5952,13952,36,Female,73462,Referral,Consideration,880.26,0.03,0.14,38,1.01,12.2,41,7,7,9,838,1
5953,13953,56,Male,105984,PPC,Consideration,7275.81,0.12,0.1,12,9.99,1.45,65,4,4,9,4106,1
5954,13954,45,Female,91035,Social Media,Awareness,6639.61,0.11,0.02,16,4.75,11.97,50,4,5,6,2111,1
5955,13955,34,Female,23841,Email,Awareness,1997.55,0.21,0.19,8,3.55,10.64,78,6,1,9,4027,1
5956,13956,23,Male,64890,PPC,Consideration,3949.56,0.19,0.14,12,7.89,1.45,15,11,0,4,2133,1
5957,13957,36,Female,147727,PPC,Consideration,3197.01,0.29,0.13,15,6.33,0.96,7,12,6,9,2247,1
5958,13958,55,Female,45402,PPC,Retention,1035.48,0.26,0.13,36,8.92,12.68,60,3,7,3,2230,1
5959,13959,45,Male,140021,Social Media,Retention,5889.4,0.15,0.09,29,8.03,2.6,91,8,2,4,3928,1
5960,13960,19,Male,131713,PPC,Awareness,9937.33,0.16,0.2,38,3.54,4.17,39,7,5,8,1669,1
5961,13961,55,Male,108591,Email,Consideration,5639.92,0.21,0.04,32,6.33,13.5,80,13,0,4,24,1
5962,13962,54,Male,125363,Email,Retention,5498.07,0.04,0.15,39,5.52,5.47,56,5,3,0,395,1
5963,13963,68,Female,86201,SEO,Awareness,499.11,0.3,0.09,5,9.6,8.19,77,0,1,5,1095,1
5964,13964,69,Female,117807,Referral,Retention,1478.28,0.16,0.18,11,3.16,0.95,84,5,0,8,2645,1
5965,13965,21,Female,43237,PPC,Retention,5180.87,0.27,0.15,1,3.55,8.75,49,15,2,0,2434,1
5966,13966,39,Male,62988,Referral,Retention,9853.27,0.29,0.12,32,9.28,10.85,26,16,1,4,4347,1
5967,13967,43,Female,113803,Referral,Conversion,8778.42,0.18,0.19,14,5.12,8.69,84,4,4,7,3401,1
5968,13968,66,Female,96310,Referral,Awareness,3468.07,0.04,0.18,16,5.12,12.23,31,12,8,1,2659,1
5969,13969,60,Female,20553,Referral,Retention,5475.74,0.18,0.02,34,8.81,11.76,79,17,7,0,4820,1
5970,13970,53,Male,33860,Referral,Awareness,5571.75,0.18,0.05,30,3.66,7.45,27,18,1,3,3132,1
5971,13971,30,Male,110439,Email,Awareness,6885.07,0.24,0.14,29,7.27,9.85,28,10,6,3,4252,1
5972,13972,69,Male,27045,Social Media,Consideration,6909.04,0.02,0.19,37,7.49,4.51,48,11,2,0,2913,1
5973,13973,49,Female,94916,PPC,Awareness,7918.95,0.15,0.09,15,4.98,5.7,35,7,5,7,104,1
5974,13974,34,Female,76435,PPC,Retention,347.21,0.28,0.02,41,4.01,9.52,23,12,8,3,4469,1
5975,13975,58,Female,118453,Email,Awareness,9442.43,0.3,0.13,44,7.72,10.08,84,14,2,3,970,1
5976,13976,53,Female,52261,Email,Consideration,793.61,0.07,0.05,39,3.3,1.74,38,10,9,2,4783,1
5977,13977,63,Male,134677,Referral,Conversion,4813.99,0.26,0.11,16,8.37,12.38,49,5,9,7,2573,1
5978,13978,36,Female,98879,Social Media,Conversion,9203.83,0.05,0.08,6,4.75,9.74,7,17,1,7,748,1
5979,13979,52,Female,147632,PPC,Consideration,4927.92,0.25,0.12,4,1.17,5.25,91,15,1,2,2960,1
5980,13980,63,Male,22853,SEO,Retention,730.0,0.09,0.19,39,6.12,3.78,81,5,4,6,4035,1
5981,13981,57,Male,95664,Email,Retention,2369.48,0.29,0.1,26,2.75,9.24,82,4,5,1,2088,1
5982,13982,45,Female,130884,SEO,Retention,5828.8,0.21,0.02,0,5.2,10.59,18,13,3,3,4217,1
5983,13983,18,Male,68022,PPC,Awareness,969.83,0.13,0.12,1,8.28,13.96,37,9,5,2,2903,1
5984,13984,59,Male,22736,Email,Conversion,4294.41,0.09,0.07,3,2.71,3.18,43,3,3,0,363,0
5985,13985,35,Female,53724,PPC,Retention,3358.02,0.08,0.16,0,2.87,7.79,25,8,4,7,240,0
5986,13986,65,Female,31440,Email,Conversion,8170.56,0.21,0.1,28,5.26,14.35,69,1,6,3,4180,1
5987,13987,57,Male,90716,PPC,Consideration,1190.31,0.27,0.15,20,5.29,13.69,48,14,5,2,2216,1
5988,13988,50,Female,50284,SEO,Conversion,6859.7,0.23,0.18,41,5.08,7.43,25,12,1,8,4676,1
5989,13989,29,Female,126911,Social Media,Retention,4125.23,0.25,0.08,34,7.25,8.5,91,18,8,4,2988,1
5990,13990,25,Female,31646,Email,Conversion,5918.73,0.24,0.2,33,3.42,13.79,31,3,9,4,2542,1
5991,13991,41,Male,104565,SEO,Consideration,2134.76,0.29,0.04,38,3.34,0.97,33,12,4,2,1423,1
5992,13992,33,Female,105694,PPC,Conversion,6136.07,0.23,0.13,1,1.2,14.65,44,6,8,3,616,1
5993,13993,67,Female,34342,SEO,Awareness,6772.38,0.07,0.02,24,4.44,14.67,36,12,4,2,4358,1
5994,13994,21,Female,123317,Email,Consideration,795.29,0.24,0.05,5,2.76,14.19,88,0,2,1,498,0
5995,13995,55,Male,85620,SEO,Awareness,8261.01,0.1,0.13,7,6.32,14.5,85,8,6,3,4924,1
5996,13996,61,Male,84261,PPC,Awareness,8626.42,0.3,0.02,34,2.63,4.91,94,15,7,6,835,1
5997,13997,44,Female,147932,Referral,Retention,729.19,0.12,0.03,18,9.05,1.04,5,16,4,3,3923,1
5998,13998,26,Male,148397,Social Media,Retention,6071.56,0.09,0.07,8,8.64,4.62,30,18,8,1,2635,1
5999,13999,64,Female,21935,Social Media,Consideration,5980.71,0.08,0.12,32,7.89,5.51,64,15,2,3,2809,1
6000,14000,33,Male,116002,Referral,Retention,223.34,0.2,0.01,7,8.28,5.61,8,14,7,8,3153,1
6001,14001,29,Male,62376,Email,Conversion,3489.23,0.04,0.1,37,9.64,10.37,75,0,1,0,3266,1
6002,14002,48,Female,94798,SEO,Consideration,9692.37,0.29,0.13,31,3.88,13.02,20,13,9,6,2658,1
6003,14003,41,Male,97140,SEO,Retention,5598.96,0.1,0.09,22,9.82,3.72,66,10,0,8,4922,1
6004,14004,31,Female,62481,Referral,Retention,9338.8,0.1,0.02,33,9.01,6.99,41,14,6,2,382,1
6005,14005,62,Male,108669,Referral,Conversion,6788.88,0.02,0.13,22,4.26,5.99,45,19,9,8,2631,1
6006,14006,42,Female,136189,PPC,Awareness,381.07,0.08,0.13,45,8.78,11.59,4,17,4,8,3208,1
6007,14007,51,Female,114203,PPC,Conversion,869.36,0.13,0.11,31,9.08,5.11,36,3,6,4,1857,1
6008,14008,20,Male,75721,Social Media,Awareness,7249.57,0.12,0.14,0,1.32,1.32,76,3,2,8,4967,0
6009,14009,41,Female,120777,Email,Retention,5590.22,0.09,0.05,6,8.88,5.34,28,18,2,2,4947,1
6010,14010,59,Male,119039,Email,Awareness,1358.8,0.02,0.14,42,4.9,5.63,91,4,0,6,4078,1
6011,14011,26,Female,22838,Referral,Awareness,6179.22,0.1,0.04,47,8.3,12.42,48,1,2,5,2515,1
6012,14012,43,Female,55330,Social Media,Retention,8121.84,0.24,0.08,23,2.0,8.44,24,9,0,1,600,1
6013,14013,37,Male,98976,Social Media,Consideration,7554.53,0.14,0.02,1,2.55,8.09,9,16,3,8,2500,1
6014,14014,57,Female,122210,PPC,Conversion,2537.01,0.09,0.17,17,9.81,9.18,97,10,9,9,673,1
6015,14015,27,Female,119576,SEO,Retention,2656.13,0.1,0.11,18,4.75,8.64,14,10,4,3,2612,1
6016,14016,36,Female,123140,Email,Conversion,9681.59,0.17,0.19,41,8.19,10.38,29,10,9,7,801,1
6017,14017,20,Male,120166,Social Media,Conversion,8885.31,0.1,0.19,35,7.75,13.61,76,18,8,2,3816,1
6018,14018,41,Female,56994,PPC,Awareness,3251.54,0.19,0.2,27,8.07,13.21,58,10,0,4,188,1
6019,14019,22,Male,111875,PPC,Retention,8258.14,0.3,0.03,34,7.88,7.68,54,7,7,0,2432,1
6020,14020,20,Female,50384,PPC,Consideration,1701.21,0.02,0.13,31,9.23,12.78,54,2,3,8,2991,1
6021,14021,44,Male,65378,SEO,Conversion,2048.73,0.06,0.09,12,6.33,13.01,68,8,3,3,3471,1
6022,14022,33,Female,127318,Social Media,Conversion,1893.84,0.06,0.11,5,4.83,11.95,13,7,0,2,4968,1
6023,14023,66,Male,52643,Referral,Consideration,968.44,0.14,0.07,28,9.33,1.11,73,17,7,9,3474,1
6024,14024,32,Female,36926,Referral,Conversion,8561.31,0.02,0.02,9,4.21,10.1,97,17,4,9,1080,1
6025,14025,52,Female,58977,PPC,Retention,5830.19,0.15,0.14,39,6.68,5.04,94,10,2,1,3946,1
6026,14026,29,Female,137453,PPC,Consideration,2663.67,0.28,0.19,9,8.7,13.16,55,1,4,0,2342,1
6027,14027,58,Female,43652,SEO,Retention,8501.68,0.01,0.11,33,9.24,4.62,60,8,6,7,3071,1
6028,14028,61,Female,83295,PPC,Consideration,8046.2,0.12,0.07,19,9.54,13.82,4,18,8,8,3233,1
6029,14029,43,Female,30270,Social Media,Conversion,1099.42,0.23,0.19,46,6.94,9.42,5,14,8,6,3186,1
6030,14030,64,Female,102804,PPC,Consideration,6476.98,0.05,0.08,32,7.48,9.85,12,7,6,9,2544,1
6031,14031,51,Female,81630,PPC,Retention,7246.15,0.03,0.18,10,5.48,13.37,39,18,8,8,2804,1
6032,14032,40,Female,56417,Social Media,Consideration,7186.69,0.19,0.17,23,3.56,14.79,58,8,8,1,4596,1
6033,14033,48,Female,147390,Email,Conversion,7259.11,0.01,0.11,32,1.15,4.98,12,4,2,9,2953,1
6034,14034,67,Male,66894,Referral,Awareness,1777.63,0.24,0.14,21,3.0,1.79,45,7,4,4,642,1
6035,14035,37,Female,76042,PPC,Conversion,3219.36,0.03,0.14,47,9.82,10.99,96,0,1,8,939,1
6036,14036,29,Male,83253,Social Media,Conversion,8457.37,0.16,0.13,11,8.26,1.52,22,16,9,6,15,1
6037,14037,40,Female,68841,Referral,Awareness,8994.08,0.22,0.04,29,5.31,8.24,20,14,4,7,3621,1
6038,14038,21,Female,72723,SEO,Consideration,2863.97,0.08,0.14,31,4.09,5.51,71,14,6,0,2238,1
6039,14039,40,Female,40317,Email,Conversion,327.89,0.04,0.01,43,1.58,6.15,33,8,4,8,2440,1
6040,14040,65,Male,75008,PPC,Awareness,8611.69,0.06,0.14,18,1.09,3.91,52,6,7,5,2481,1
6041,14041,65,Male,56434,Email,Retention,3833.21,0.26,0.12,44,7.8,10.64,94,13,9,5,3205,1
6042,14042,18,Female,66125,PPC,Awareness,3361.69,0.21,0.06,39,9.87,8.79,30,0,1,7,2842,1
6043,14043,42,Male,100984,PPC,Conversion,3535.3,0.07,0.16,1,3.28,14.31,83,18,5,2,4151,1
6044,14044,19,Female,95449,PPC,Retention,4215.39,0.22,0.09,13,3.47,5.66,98,8,9,0,1166,1
6045,14045,47,Female,94102,Email,Conversion,3844.84,0.22,0.1,32,9.41,6.22,65,18,5,9,864,1
6046,14046,20,Female,117980,SEO,Awareness,5707.67,0.3,0.02,31,6.42,2.89,87,12,3,5,1559,1
6047,14047,38,Male,101141,Social Media,Retention,881.51,0.12,0.09,40,2.56,9.37,74,4,0,7,4790,1
6048,14048,42,Female,20557,Social Media,Conversion,9718.25,0.26,0.04,18,1.41,1.88,67,13,5,3,1047,1
6049,14049,37,Male,127776,SEO,Awareness,9370.87,0.14,0.06,13,6.07,14.54,25,17,8,5,3602,1
6050,14050,66,Female,64383,SEO,Retention,9350.63,0.27,0.06,3,5.07,13.7,13,4,0,3,2134,1
6051,14051,69,Male,26040,PPC,Conversion,8804.85,0.04,0.02,1,4.89,10.65,83,4,5,9,4726,1
6052,14052,39,Female,66652,PPC,Awareness,6637.23,0.06,0.1,9,9.72,5.1,99,19,3,2,4973,1
6053,14053,38,Male,119432,Social Media,Conversion,2288.97,0.26,0.11,28,3.37,5.66,24,3,8,5,4163,1
6054,14054,50,Female,136048,PPC,Conversion,589.89,0.25,0.12,14,5.39,1.76,73,4,8,0,618,1
6055,14055,69,Male,80941,PPC,Conversion,1083.28,0.1,0.1,30,2.92,4.08,98,1,6,4,1583,1
6056,14056,55,Female,107340,SEO,Consideration,3307.53,0.18,0.18,32,3.9,5.62,63,13,0,5,1732,1
6057,14057,32,Female,94828,Email,Conversion,5088.44,0.12,0.02,28,7.89,6.99,68,14,2,5,3193,1
6058,14058,63,Male,46110,Referral,Retention,9933.21,0.01,0.13,10,2.78,7.23,67,5,0,2,484,0
6059,14059,69,Female,25349,Referral,Awareness,4410.89,0.02,0.17,47,7.09,13.33,19,1,4,4,3889,1
6060,14060,32,Female,50374,PPC,Awareness,5294.0,0.03,0.02,44,2.17,7.02,86,8,6,2,2625,1
6061,14061,63,Male,104545,PPC,Consideration,6982.06,0.18,0.1,39,2.72,14.38,42,10,4,4,4201,1
6062,14062,42,Male,130623,Referral,Consideration,1889.27,0.09,0.12,8,1.21,1.72,4,4,2,2,3028,0
6063,14063,38,Female,62591,SEO,Consideration,9334.99,0.05,0.05,46,6.67,3.56,92,10,4,1,715,0
6064,14064,41,Male,20057,Referral,Conversion,5337.44,0.28,0.06,28,9.91,6.13,92,2,8,7,971,1
6065,14065,22,Male,144007,Referral,Conversion,2834.94,0.05,0.16,36,6.91,13.38,31,13,2,3,840,1
6066,14066,23,Male,94039,Referral,Retention,9357.58,0.21,0.12,20,9.31,2.27,85,8,9,7,2436,1
6067,14067,66,Female,113829,PPC,Awareness,6291.96,0.27,0.07,30,5.74,5.65,44,18,5,7,1809,1
6068,14068,60,Female,140536,PPC,Awareness,4888.53,0.06,0.16,21,7.12,2.13,42,16,1,5,376,0
6069,14069,65,Male,84578,Referral,Conversion,5843.54,0.07,0.15,17,9.33,11.72,70,16,3,5,3520,1
6070,14070,61,Female,128497,PPC,Awareness,7508.19,0.18,0.08,1,1.78,4.6,96,13,6,3,437,1
6071,14071,64,Female,39121,Referral,Conversion,1629.93,0.16,0.1,21,6.38,6.8,21,13,8,5,4179,1
6072,14072,40,Male,25493,SEO,Consideration,8661.82,0.16,0.14,36,6.18,12.35,40,9,3,5,787,1
6073,14073,21,Male,148758,PPC,Conversion,9599.12,0.17,0.08,19,1.3,2.93,57,6,9,9,1211,1
6074,14074,44,Female,122181,Email,Retention,5713.3,0.29,0.13,47,2.41,14.23,58,12,2,4,3898,1
6075,14075,35,Female,87818,PPC,Conversion,6854.48,0.03,0.06,47,5.97,6.21,27,2,6,9,232,1
6076,14076,38,Male,108706,SEO,Conversion,8612.35,0.23,0.07,3,5.48,5.29,84,5,1,5,1384,1
6077,14077,45,Female,129679,SEO,Awareness,3810.63,0.08,0.07,25,4.09,3.27,54,9,3,9,4711,1
6078,14078,52,Female,140196,PPC,Conversion,9929.03,0.12,0.19,19,7.28,7.28,50,4,4,4,2443,1
6079,14079,39,Male,21431,Social Media,Retention,6836.96,0.04,0.17,21,4.24,14.72,35,5,2,7,1733,1
6080,14080,57,Female,80469,Referral,Conversion,4297.59,0.14,0.12,42,7.92,7.62,67,7,4,3,4418,1
6081,14081,40,Female,82241,Referral,Conversion,6805.65,0.24,0.12,19,8.28,7.06,42,4,1,7,1829,1
6082,14082,20,Female,65294,SEO,Consideration,5264.63,0.04,0.02,28,6.8,0.61,5,9,7,7,4661,1
6083,14083,57,Female,120079,PPC,Conversion,1205.25,0.09,0.13,47,3.51,4.67,82,0,4,2,4318,1
6084,14084,67,Male,144198,Social Media,Conversion,7979.07,0.12,0.07,30,8.22,3.8,50,12,7,4,547,1
6085,14085,27,Female,106127,Email,Conversion,5687.32,0.04,0.13,22,3.27,1.07,52,4,2,6,3769,1
6086,14086,42,Female,31351,Referral,Retention,7978.87,0.23,0.17,43,3.73,6.97,10,18,1,9,1427,1
6087,14087,69,Female,52483,Social Media,Awareness,1633.63,0.24,0.02,37,6.48,2.47,49,15,8,7,2113,1
6088,14088,66,Male,51195,Referral,Consideration,5429.74,0.25,0.13,15,7.2,7.79,16,17,4,6,2127,1
6089,14089,25,Male,132943,PPC,Consideration,7689.58,0.18,0.12,18,4.34,7.09,45,18,7,6,1121,1
6090,14090,28,Male,144208,Referral,Conversion,9884.22,0.16,0.05,10,6.32,3.73,81,9,9,0,362,1
6091,14091,22,Male,122689,Email,Conversion,8855.53,0.09,0.13,11,3.23,12.08,45,1,4,4,4013,1
6092,14092,62,Male,42735,PPC,Awareness,8657.06,0.2,0.12,35,8.15,13.94,76,8,5,9,956,1
6093,14093,54,Female,35203,SEO,Conversion,2549.86,0.14,0.16,12,9.93,2.44,40,18,1,3,4337,1
6094,14094,62,Male,23974,Social Media,Retention,8396.05,0.29,0.03,1,7.29,1.91,50,11,0,9,2151,1
6095,14095,55,Female,124209,Referral,Awareness,1775.88,0.29,0.09,10,3.87,5.5,10,11,1,5,4944,1
6096,14096,46,Male,139365,PPC,Conversion,2061.27,0.27,0.2,0,4.14,9.35,50,2,1,8,3152,1
6097,14097,22,Male,122769,PPC,Awareness,1190.16,0.11,0.14,40,1.27,9.66,26,12,8,3,1892,1
6098,14098,26,Male,143099,Referral,Consideration,8590.21,0.12,0.14,9,6.82,9.56,48,3,6,9,4151,1
6099,14099,65,Male,105222,SEO,Conversion,1171.72,0.26,0.07,2,6.4,8.85,15,0,4,6,489,1
6100,14100,19,Female,59713,Referral,Awareness,1467.3,0.22,0.03,7,9.59,6.09,49,0,8,1,3452,0
6101,14101,18,Male,129362,SEO,Awareness,2534.28,0.21,0.19,15,4.62,11.84,14,3,7,2,115,1
6102,14102,57,Female,144776,Referral,Conversion,5769.36,0.09,0.03,35,9.4,14.32,53,1,9,7,3007,1
6103,14103,68,Female,32636,PPC,Awareness,8813.78,0.25,0.2,42,7.84,9.05,13,7,6,2,2231,1
6104,14104,47,Female,55070,Email,Conversion,4240.46,0.18,0.03,39,3.59,3.68,78,15,4,8,2724,1
6105,14105,28,Female,49123,Email,Conversion,5508.23,0.14,0.04,38,1.15,8.65,81,9,7,3,3861,1
6106,14106,45,Male,140973,PPC,Retention,1748.25,0.26,0.07,19,7.54,11.46,75,8,9,9,3293,1
6107,14107,61,Female,51812,Email,Retention,2732.86,0.12,0.11,46,5.47,12.53,25,6,4,2,829,1
6108,14108,29,Female,48760,SEO,Awareness,1425.87,0.2,0.16,7,9.66,10.91,39,7,4,1,2617,1
6109,14109,56,Male,24966,PPC,Awareness,4158.2,0.15,0.19,9,1.2,13.41,17,16,4,1,3288,1
6110,14110,43,Male,131751,SEO,Awareness,5944.32,0.18,0.08,36,5.7,14.3,25,10,1,0,1986,1
6111,14111,30,Male,138414,PPC,Consideration,2911.79,0.02,0.01,31,8.1,7.63,17,10,8,3,850,1
6112,14112,25,Female,103962,SEO,Conversion,8475.36,0.14,0.13,26,8.11,8.34,0,14,9,6,3143,1
6113,14113,45,Female,99698,SEO,Conversion,9814.26,0.17,0.15,30,7.05,5.39,15,6,5,3,1041,1
6114,14114,47,Male,36058,Email,Consideration,1289.53,0.15,0.09,2,4.55,10.05,20,2,1,1,2121,0
6115,14115,26,Female,61482,PPC,Consideration,276.81,0.26,0.04,38,1.61,9.14,71,15,0,5,1701,1
6116,14116,56,Female,129203,Referral,Awareness,7918.79,0.1,0.07,5,3.72,3.09,65,15,3,7,2452,1
6117,14117,48,Female,22998,Email,Conversion,1987.36,0.27,0.13,16,6.86,10.57,82,13,3,1,3308,1
6118,14118,38,Male,142659,SEO,Retention,3596.15,0.13,0.1,9,7.94,12.17,92,19,4,1,234,1
6119,14119,64,Female,81265,SEO,Retention,4002.89,0.21,0.15,20,8.36,3.13,93,17,3,5,496,1
6120,14120,51,Female,86445,Referral,Consideration,9174.33,0.04,0.05,28,7.97,2.88,2,19,0,2,2849,1
6121,14121,48,Female,131033,Referral,Consideration,6622.5,0.07,0.17,28,3.91,9.77,7,9,1,2,3937,1
6122,14122,69,Female,138821,SEO,Conversion,502.03,0.23,0.04,19,7.25,2.18,98,3,5,7,4917,1
6123,14123,42,Female,54648,Referral,Conversion,246.62,0.01,0.07,14,9.72,12.24,17,13,9,2,4382,1
6124,14124,29,Male,80623,Social Media,Retention,2075.72,0.29,0.12,1,2.23,9.82,89,4,8,5,1633,1
6125,14125,18,Female,98033,Email,Conversion,3249.9,0.07,0.15,32,7.58,0.97,24,5,7,0,1747,1
6126,14126,39,Female,104480,PPC,Awareness,4896.79,0.27,0.06,11,4.69,11.67,71,3,6,2,4569,1
6127,14127,57,Female,27527,Referral,Consideration,8394.61,0.16,0.19,12,3.02,7.89,17,10,6,4,2754,1
6128,14128,54,Male,124000,Referral,Retention,3216.7,0.17,0.14,43,3.88,7.69,23,11,0,9,2032,1
6129,14129,64,Male,23072,Social Media,Retention,3827.72,0.03,0.05,43,2.5,5.02,68,19,4,3,3404,1
6130,14130,18,Female,32018,PPC,Awareness,3360.45,0.12,0.15,38,8.34,4.61,25,10,3,7,3851,1
6131,14131,18,Male,49652,Social Media,Conversion,188.76,0.06,0.14,38,4.49,7.75,73,6,4,4,3534,1
6132,14132,59,Male,24476,PPC,Conversion,9556.5,0.16,0.15,37,9.44,0.55,10,10,5,0,1781,1
6133,14133,59,Male,129371,Email,Consideration,1476.06,0.17,0.18,44,9.7,12.03,3,6,5,9,1977,1
6134,14134,38,Female,115768,Referral,Awareness,2947.91,0.22,0.15,20,9.69,11.87,9,1,9,9,1147,1
6135,14135,32,Male,47482,Email,Retention,1380.1,0.26,0.08,40,2.4,11.17,11,0,4,0,2481,1
6136,14136,34,Female,122793,PPC,Awareness,4956.38,0.15,0.16,15,4.12,9.24,73,8,2,2,1096,1
6137,14137,39,Female,82513,Referral,Retention,9328.44,0.08,0.14,33,3.79,4.79,11,13,2,4,589,1
6138,14138,55,Male,106411,Social Media,Awareness,1096.94,0.11,0.12,26,9.3,10.04,4,19,7,2,1711,1
6139,14139,52,Female,36219,SEO,Conversion,4464.88,0.26,0.08,42,1.78,2.37,90,3,7,4,1242,1
6140,14140,62,Female,50448,Social Media,Retention,321.51,0.05,0.19,2,6.3,4.32,96,9,7,0,2475,0
6141,14141,33,Female,99903,SEO,Consideration,7731.89,0.19,0.11,8,5.37,1.16,95,18,6,0,1183,1
6142,14142,25,Female,45120,Social Media,Awareness,6448.14,0.01,0.13,43,9.79,12.96,4,18,4,6,4970,1
6143,14143,64,Female,26855,PPC,Conversion,7027.02,0.08,0.09,33,9.67,12.51,22,19,5,4,3753,1
6144,14144,34,Female,76553,Email,Retention,4776.13,0.18,0.16,18,4.82,7.04,55,2,5,1,1521,1
6145,14145,34,Male,88633,SEO,Conversion,9085.57,0.14,0.07,37,4.97,6.85,87,7,8,8,805,1
6146,14146,43,Female,64585,PPC,Awareness,4154.62,0.15,0.16,25,4.46,13.93,45,14,4,8,2790,1
6147,14147,30,Female,105425,Email,Consideration,5189.44,0.2,0.03,22,8.1,10.29,1,5,6,8,604,1
6148,14148,34,Female,21084,Email,Consideration,6983.36,0.08,0.14,17,1.9,10.78,93,8,8,3,4949,1
6149,14149,55,Female,118856,Referral,Awareness,5253.55,0.09,0.1,44,2.05,5.71,73,3,8,3,3819,1
6150,14150,34,Male,41944,Referral,Retention,1974.42,0.21,0.14,45,7.34,4.73,0,17,0,8,2719,1
6151,14151,65,Female,53921,Referral,Conversion,3239.0,0.17,0.11,39,1.15,2.16,12,15,6,0,2681,1
6152,14152,31,Male,81282,SEO,Conversion,1013.72,0.01,0.04,40,7.04,1.55,59,3,8,7,1024,1
6153,14153,62,Female,107393,SEO,Retention,4382.87,0.2,0.1,44,2.16,13.63,35,1,3,0,3813,1
6154,14154,23,Male,71397,Email,Awareness,6132.98,0.19,0.19,48,8.08,13.64,61,15,2,6,3556,1
6155,14155,52,Female,149822,SEO,Conversion,1273.45,0.03,0.15,37,7.66,3.79,62,5,0,5,1443,1
6156,14156,63,Female,38070,Email,Conversion,6342.81,0.23,0.07,9,2.64,1.04,66,16,6,7,4711,1
6157,14157,31,Female,74987,PPC,Awareness,8939.43,0.16,0.19,42,7.81,5.52,15,2,7,4,3735,1
6158,14158,64,Female,135381,Social Media,Conversion,3443.46,0.07,0.16,9,8.11,14.3,77,12,8,7,846,1
6159,14159,25,Female,76690,Email,Retention,2298.13,0.17,0.08,20,9.33,4.92,39,1,2,5,1368,1
6160,14160,32,Female,110011,Email,Retention,8940.76,0.18,0.12,37,7.52,13.05,47,3,2,8,4222,1
6161,14161,44,Female,81134,PPC,Awareness,6950.26,0.28,0.09,37,8.81,12.34,45,8,0,2,461,1
6162,14162,30,Female,149170,Referral,Awareness,1143.41,0.23,0.03,46,6.74,14.19,4,16,4,3,139,1
6163,14163,66,Female,107755,Referral,Retention,4140.31,0.1,0.16,6,6.63,7.7,24,12,7,6,2635,1
6164,14164,48,Female,126993,Referral,Awareness,6773.49,0.04,0.05,11,7.08,13.87,37,6,6,1,778,1
6165,14165,52,Male,79439,Email,Retention,5786.4,0.26,0.1,40,4.66,11.26,53,13,6,5,196,1
6166,14166,23,Female,51489,Email,Retention,6223.62,0.26,0.14,32,3.06,13.09,92,0,3,7,3405,1
6167,14167,22,Male,43178,SEO,Retention,5714.64,0.06,0.19,24,4.72,11.13,80,8,0,2,4651,1
6168,14168,39,Female,99019,SEO,Conversion,8000.81,0.03,0.02,27,6.34,7.19,72,12,6,0,860,1
6169,14169,66,Male,77956,Social Media,Awareness,3272.23,0.22,0.08,23,7.21,13.83,81,8,2,4,321,1
6170,14170,40,Female,67802,Social Media,Conversion,7113.78,0.22,0.13,47,5.11,12.11,75,2,4,3,1729,1
6171,14171,42,Male,130463,SEO,Awareness,9911.69,0.06,0.16,30,3.97,9.8,44,17,8,2,11,1
6172,14172,51,Male,82778,Email,Consideration,3960.59,0.2,0.19,17,3.22,7.5,38,12,2,5,2500,1
6173,14173,43,Male,77719,PPC,Conversion,7931.38,0.09,0.01,22,2.65,1.87,27,15,1,4,1739,1
6174,14174,64,Male,53573,SEO,Conversion,2536.48,0.09,0.13,6,5.29,12.32,52,14,9,2,1440,1
6175,14175,22,Female,53688,Email,Conversion,2890.78,0.1,0.01,49,7.36,6.54,53,18,7,1,1337,1
6176,14176,43,Male,131466,SEO,Consideration,9355.15,0.16,0.16,7,8.47,5.71,95,9,1,2,1200,1
6177,14177,37,Male,138292,Referral,Awareness,356.79,0.24,0.04,14,4.11,3.84,19,8,5,9,3234,1
6178,14178,23,Male,117065,SEO,Consideration,2252.53,0.15,0.18,37,6.5,8.35,54,11,5,3,844,1
6179,14179,23,Female,119747,Referral,Awareness,4880.91,0.1,0.04,27,5.3,12.53,64,7,1,8,3337,1
6180,14180,67,Female,125352,Email,Awareness,4078.29,0.27,0.16,26,9.7,4.7,75,9,4,5,958,1
6181,14181,35,Male,66475,Referral,Awareness,6328.78,0.03,0.07,20,8.94,13.85,21,1,0,5,462,1
6182,14182,21,Female,70697,SEO,Awareness,2007.95,0.24,0.12,43,8.94,6.26,50,14,6,0,4517,1
6183,14183,34,Female,53978,Referral,Awareness,798.42,0.24,0.13,26,6.21,14.56,71,19,1,9,968,1
6184,14184,31,Male,49677,PPC,Consideration,3756.4,0.08,0.05,46,4.93,10.31,11,15,8,3,4412,1
6185,14185,31,Female,101540,Referral,Conversion,5291.12,0.07,0.07,46,6.87,5.82,58,9,0,2,2777,1
6186,14186,30,Male,30272,Referral,Consideration,5663.82,0.26,0.03,41,2.44,14.76,53,12,3,3,1217,1
6187,14187,24,Female,26212,Social Media,Conversion,6054.79,0.17,0.01,40,8.95,9.12,52,10,5,1,545,1
6188,14188,61,Male,41071,PPC,Conversion,5531.75,0.02,0.06,13,3.44,11.65,87,15,2,9,3856,1
6189,14189,32,Female,139998,Email,Retention,2532.94,0.27,0.11,20,8.44,7.05,37,13,5,8,4433,1
6190,14190,36,Male,128644,Referral,Conversion,7669.04,0.11,0.15,13,3.69,2.23,91,7,3,5,363,1
6191,14191,60,Female,95236,PPC,Consideration,969.02,0.11,0.16,48,5.7,14.48,11,18,1,0,1620,1
6192,14192,64,Female,115516,Email,Retention,2063.7,0.2,0.02,42,7.95,5.17,94,1,9,3,2173,1
6193,14193,61,Male,37297,PPC,Awareness,7419.84,0.2,0.06,5,4.54,13.81,91,3,4,4,3949,1
6194,14194,52,Female,71932,Social Media,Awareness,2869.29,0.11,0.16,11,4.22,13.66,72,17,9,1,1791,1
6195,14195,34,Male,126885,Email,Conversion,4985.39,0.05,0.1,27,8.99,1.88,85,15,7,6,3682,1
6196,14196,52,Female,76884,Email,Awareness,3339.26,0.17,0.04,48,1.62,2.16,6,6,1,3,1507,0
6197,14197,36,Male,48625,Referral,Awareness,5119.11,0.19,0.08,28,8.57,9.37,67,9,5,4,1804,1
6198,14198,37,Male,48831,SEO,Retention,3531.89,0.26,0.06,36,9.35,1.02,28,5,7,7,1234,1
6199,14199,53,Female,139675,Email,Consideration,9942.66,0.15,0.02,37,6.07,6.61,44,0,5,6,3982,1
6200,14200,52,Female,138313,Email,Awareness,3639.03,0.2,0.16,2,7.26,8.15,9,17,4,2,1606,1
6201,14201,49,Female,143950,Social Media,Awareness,6307.79,0.03,0.07,32,8.75,3.35,84,13,2,4,2167,1
6202,14202,65,Male,76478,Social Media,Consideration,8894.6,0.27,0.19,49,4.92,11.67,3,9,7,7,4970,1
6203,14203,61,Male,82909,Social Media,Retention,6415.56,0.1,0.18,45,8.91,6.76,23,12,9,9,4620,1
6204,14204,57,Female,49367,Referral,Retention,5701.99,0.19,0.15,11,4.35,6.64,84,5,1,3,488,1
6205,14205,41,Female,65813,Email,Awareness,5735.37,0.28,0.07,11,3.76,3.9,81,9,9,6,4079,1
6206,14206,34,Male,120874,Social Media,Conversion,5014.96,0.25,0.06,10,9.85,13.37,25,1,8,8,2373,1
6207,14207,24,Male,40121,Social Media,Consideration,8095.05,0.19,0.1,27,1.28,0.66,55,0,7,1,4815,1
6208,14208,60,Male,55547,PPC,Retention,599.2,0.21,0.08,34,3.88,0.6,71,5,5,4,196,1
6209,14209,67,Male,83642,PPC,Awareness,8862.79,0.28,0.18,33,5.13,14.93,22,18,8,0,1996,1
6210,14210,18,Male,44914,Social Media,Retention,5904.29,0.25,0.03,21,3.8,0.81,8,16,5,5,793,1
6211,14211,52,Male,136664,Referral,Awareness,8503.84,0.19,0.15,38,3.54,2.75,24,0,7,6,4654,1
6212,14212,49,Female,129932,SEO,Consideration,202.89,0.2,0.13,22,4.34,13.3,99,14,4,5,656,1
6213,14213,53,Female,37178,PPC,Conversion,8705.84,0.05,0.16,11,4.58,9.43,31,13,6,5,1866,1
6214,14214,30,Male,87258,PPC,Consideration,1289.36,0.15,0.11,18,1.64,9.56,6,2,1,5,2765,1
6215,14215,23,Male,99421,Email,Retention,7240.06,0.1,0.13,30,7.98,7.4,96,9,0,7,4022,1
6216,14216,31,Male,80563,Email,Retention,4223.56,0.14,0.19,12,2.51,2.68,58,6,7,8,3349,1
6217,14217,54,Female,70050,Social Media,Retention,6842.62,0.2,0.03,18,1.37,5.82,58,17,4,3,4646,1
6218,14218,65,Female,82607,Email,Conversion,6319.08,0.05,0.03,35,6.31,10.91,94,3,8,2,862,1
6219,14219,32,Female,85638,Email,Consideration,1717.63,0.02,0.08,21,7.02,7.54,61,19,6,6,104,1
6220,14220,64,Female,112971,SEO,Awareness,5194.68,0.13,0.1,43,7.84,11.08,16,11,3,7,3496,1
6221,14221,21,Female,147068,Referral,Consideration,2844.58,0.1,0.05,29,1.79,0.61,34,6,4,2,866,0
6222,14222,57,Male,33262,Social Media,Consideration,5648.32,0.13,0.03,3,2.55,10.01,85,13,2,5,301,0
6223,14223,33,Male,27453,SEO,Conversion,7406.23,0.28,0.01,12,2.64,9.1,57,1,4,6,4828,1
6224,14224,45,Female,127943,Social Media,Consideration,904.46,0.22,0.16,19,6.34,14.63,28,16,9,6,796,1
6225,14225,33,Male,65174,Referral,Retention,5206.05,0.11,0.1,38,9.01,13.65,62,5,3,1,2523,1
6226,14226,21,Female,136720,Social Media,Conversion,6214.54,0.06,0.17,5,7.36,9.2,55,18,2,7,1348,1
6227,14227,62,Female,97760,Email,Retention,3024.14,0.19,0.08,43,3.83,8.85,62,5,7,9,623,1
6228,14228,43,Female,26172,Referral,Retention,9534.73,0.2,0.14,11,8.68,1.84,81,1,3,5,1209,1
6229,14229,45,Male,96788,SEO,Consideration,5251.0,0.15,0.1,15,7.03,14.15,46,12,9,5,283,1
6230,14230,49,Female,37918,SEO,Awareness,1906.92,0.07,0.13,44,7.2,10.75,73,14,3,2,2974,1
6231,14231,62,Female,27197,PPC,Consideration,1167.1,0.02,0.08,16,9.62,7.78,14,9,7,5,575,1
6232,14232,19,Female,117127,SEO,Awareness,5462.43,0.09,0.03,7,9.55,12.93,56,7,4,8,91,1
6233,14233,48,Female,33677,PPC,Conversion,3814.86,0.14,0.19,32,4.47,11.1,6,4,4,5,1177,1
6234,14234,20,Female,31039,Email,Conversion,2006.22,0.24,0.17,43,6.72,8.67,77,13,4,3,2395,1
6235,14235,25,Male,47785,SEO,Conversion,403.92,0.26,0.07,38,2.82,8.32,89,5,5,8,1445,1
6236,14236,41,Female,24570,Referral,Retention,5709.34,0.13,0.19,11,4.71,13.93,17,11,4,5,2942,1
6237,14237,32,Male,92242,PPC,Retention,6026.14,0.24,0.07,25,3.46,12.09,81,2,0,5,4498,1
6238,14238,60,Male,31655,SEO,Conversion,1503.85,0.3,0.09,18,4.31,6.34,5,14,0,7,988,1
6239,14239,48,Female,118738,Email,Consideration,6057.21,0.22,0.15,12,7.08,9.62,42,17,5,1,983,1
6240,14240,26,Female,67907,Referral,Retention,9524.53,0.22,0.07,9,2.89,3.35,88,0,1,1,1237,0
6241,14241,56,Male,29449,Referral,Retention,9785.13,0.27,0.07,33,2.62,14.03,56,14,2,9,3847,1
6242,14242,62,Male,44630,Email,Consideration,8896.08,0.11,0.09,30,4.41,10.58,40,16,5,4,4499,1
6243,14243,19,Male,94658,SEO,Retention,8090.08,0.01,0.1,26,1.88,14.42,75,7,1,8,4374,1
6244,14244,25,Female,66371,Social Media,Consideration,2172.74,0.3,0.03,2,8.33,4.73,50,12,5,0,155,0
6245,14245,24,Male,30991,SEO,Awareness,1648.71,0.15,0.01,43,9.63,5.07,60,5,5,0,1686,1
6246,14246,61,Male,44887,PPC,Consideration,4504.98,0.24,0.18,4,8.21,12.57,93,13,1,1,660,0
6247,14247,68,Male,33859,PPC,Awareness,6234.35,0.25,0.08,4,5.78,4.3,18,18,9,3,3352,1
6248,14248,56,Female,43640,SEO,Retention,8521.72,0.13,0.03,36,7.07,5.69,20,8,1,6,2848,1
6249,14249,59,Female,68339,PPC,Awareness,2396.43,0.17,0.15,6,8.25,13.32,79,0,6,2,2617,1
6250,14250,33,Male,111068,Social Media,Consideration,4848.51,0.17,0.07,39,1.61,8.01,34,0,8,2,3540,1
6251,14251,52,Female,124765,Social Media,Awareness,6509.66,0.07,0.04,47,4.76,4.86,70,12,0,5,720,0
6252,14252,47,Male,73235,Referral,Conversion,4511.38,0.04,0.19,41,2.29,6.44,53,6,7,9,4458,1
6253,14253,27,Female,124300,PPC,Consideration,4596.52,0.17,0.18,12,1.82,10.82,82,0,3,2,4281,1
6254,14254,55,Female,123156,SEO,Consideration,2328.66,0.04,0.03,33,7.83,2.8,25,3,5,6,3245,0
6255,14255,35,Male,22512,Referral,Awareness,9867.94,0.11,0.18,35,8.72,14.45,40,17,2,6,3412,1
6256,14256,67,Male,100982,Social Media,Retention,4804.41,0.06,0.18,33,1.75,7.65,81,2,9,3,3394,1
6257,14257,22,Female,41912,Referral,Retention,5374.15,0.22,0.13,2,2.61,11.59,11,6,0,9,3171,1
6258,14258,46,Male,119567,Email,Consideration,2263.74,0.26,0.11,9,2.99,10.68,4,17,0,4,3008,1
6259,14259,56,Female,140639,PPC,Consideration,5189.95,0.18,0.05,42,8.71,10.37,25,0,4,4,1808,1
6260,14260,51,Male,55515,SEO,Awareness,2627.96,0.13,0.03,34,9.22,6.59,4,17,3,0,2020,1
6261,14261,60,Male,35416,Social Media,Consideration,2103.13,0.3,0.13,36,7.88,1.11,37,8,7,9,3061,1
6262,14262,62,Female,92816,Referral,Consideration,2829.65,0.02,0.17,5,8.17,11.25,81,7,2,9,666,0
6263,14263,40,Female,96510,SEO,Retention,127.32,0.1,0.14,20,4.08,14.33,5,16,2,2,1894,1
6264,14264,22,Female,135781,PPC,Consideration,5744.5,0.09,0.04,44,4.67,7.82,0,1,1,4,1037,1
6265,14265,47,Male,63746,SEO,Awareness,3936.05,0.11,0.07,4,3.52,14.33,74,3,8,4,1156,1
6266,14266,23,Female,63775,PPC,Consideration,8997.02,0.08,0.11,2,9.63,8.26,79,14,4,5,297,1
6267,14267,63,Female,122067,PPC,Consideration,503.0,0.09,0.13,19,7.55,2.93,89,7,8,0,282,0
6268,14268,61,Female,142039,PPC,Consideration,527.68,0.08,0.02,29,4.07,3.97,38,14,6,5,2003,1
6269,14269,21,Female,32227,Referral,Conversion,8870.15,0.16,0.13,11,2.22,13.04,48,6,7,4,973,1
6270,14270,46,Male,33031,PPC,Consideration,1353.78,0.12,0.15,34,2.75,9.51,81,8,6,8,614,1
6271,14271,40,Female,128819,SEO,Awareness,121.39,0.2,0.04,31,2.84,6.51,99,19,4,3,4649,1
6272,14272,23,Female,53000,Email,Retention,1871.25,0.16,0.06,18,6.53,12.09,36,11,1,5,4583,1
6273,14273,49,Male,71253,SEO,Retention,8256.37,0.06,0.06,14,9.13,9.8,89,3,7,6,1092,1
6274,14274,59,Female,130848,Referral,Conversion,8046.87,0.24,0.19,9,8.82,13.15,96,13,4,1,2974,1
6275,14275,35,Male,87564,PPC,Awareness,3467.31,0.15,0.09,25,1.63,14.58,0,10,7,5,1335,1
6276,14276,32,Male,140921,Email,Retention,6713.51,0.05,0.11,5,7.38,9.94,90,18,4,4,3334,1
6277,14277,57,Female,115969,Referral,Retention,5121.77,0.06,0.15,47,2.51,14.58,36,13,0,7,1825,1
6278,14278,49,Male,142614,Social Media,Consideration,9056.88,0.24,0.08,46,3.79,7.32,85,10,9,5,3526,1
6279,14279,26,Male,38313,Social Media,Consideration,658.59,0.21,0.03,25,5.89,12.68,18,19,8,3,173,1
6280,14280,54,Female,134326,Social Media,Consideration,8150.47,0.16,0.13,1,8.57,13.64,76,12,4,0,2203,1
6281,14281,27,Female,95186,Email,Conversion,1788.93,0.1,0.14,48,3.13,1.15,36,13,1,2,3116,1
6282,14282,37,Female,111760,SEO,Consideration,3977.05,0.14,0.06,47,8.86,13.04,55,12,3,2,1631,1
6283,14283,23,Female,77751,Email,Awareness,2000.38,0.19,0.02,31,7.61,6.43,66,16,0,8,2694,1
6284,14284,65,Male,72492,Email,Conversion,7055.88,0.27,0.14,2,7.07,6.27,90,15,3,5,557,1
6285,14285,20,Female,50364,Email,Retention,6815.43,0.17,0.14,18,2.2,11.83,34,7,4,6,3598,1
6286,14286,59,Female,38361,Social Media,Retention,5524.19,0.09,0.02,35,5.27,4.07,72,16,1,6,1462,1
6287,14287,28,Male,87949,SEO,Awareness,7011.81,0.02,0.14,19,3.48,0.96,83,11,5,1,4769,1
6288,14288,60,Female,126330,Email,Awareness,6431.69,0.06,0.19,29,6.29,4.43,25,18,3,1,1336,1
6289,14289,34,Male,51070,SEO,Retention,7786.78,0.2,0.04,36,7.06,9.9,45,8,4,4,1923,1
6290,14290,49,Male,123722,PPC,Awareness,2470.13,0.06,0.11,44,1.59,14.32,34,10,9,1,1276,1
6291,14291,21,Female,42409,Email,Awareness,4346.23,0.15,0.14,19,6.8,6.24,84,0,9,3,195,1
6292,14292,21,Female,49854,Email,Awareness,1601.1,0.21,0.05,33,5.48,12.06,95,16,4,0,1922,1
6293,14293,34,Male,116742,Email,Consideration,4352.98,0.1,0.15,43,8.55,3.41,21,18,3,8,4341,1
6294,14294,58,Male,139625,PPC,Retention,7046.75,0.2,0.17,16,8.14,12.85,13,12,0,7,2002,1
6295,14295,36,Female,49655,PPC,Awareness,6944.77,0.18,0.16,41,4.72,11.6,28,11,4,1,4634,1
6296,14296,22,Male,29952,Social Media,Awareness,7123.33,0.14,0.06,22,9.79,7.0,57,11,3,8,3061,1
6297,14297,49,Male,56365,Referral,Consideration,3156.8,0.27,0.16,40,6.28,13.48,30,12,5,6,1548,1
6298,14298,39,Female,103298,SEO,Retention,6655.92,0.21,0.09,8,9.67,1.05,16,5,6,8,4931,1
6299,14299,23,Female,86156,Referral,Conversion,3737.92,0.11,0.06,26,7.47,11.9,22,12,3,3,1013,1
6300,14300,52,Female,119233,Email,Retention,9450.47,0.24,0.04,16,4.67,1.01,58,10,2,3,1058,1
6301,14301,39,Female,141232,Email,Retention,3499.33,0.22,0.18,40,3.1,13.04,35,19,0,1,1810,1
6302,14302,18,Female,76724,Social Media,Retention,6069.88,0.24,0.09,45,5.19,3.06,88,10,1,4,2091,1
6303,14303,37,Female,35455,Referral,Consideration,7526.44,0.2,0.17,16,9.42,1.06,81,11,0,1,3177,1
6304,14304,39,Male,107746,Email,Retention,9073.43,0.12,0.04,48,2.17,4.98,58,14,8,6,4652,1
6305,14305,65,Female,67673,Referral,Conversion,4435.49,0.11,0.16,1,5.14,3.09,79,8,3,3,2000,1
6306,14306,28,Female,20974,Social Media,Awareness,3668.8,0.2,0.03,14,4.12,9.95,1,13,6,8,4215,1
6307,14307,30,Male,32679,Referral,Retention,4357.28,0.05,0.01,10,8.81,7.35,89,2,5,6,4248,0
6308,14308,59,Male,81791,SEO,Consideration,3304.59,0.25,0.2,36,8.24,2.38,97,6,0,1,872,0
6309,14309,20,Female,47429,Social Media,Retention,6573.85,0.12,0.02,40,5.97,13.78,11,5,1,7,1139,1
6310,14310,26,Male,38073,Referral,Retention,9333.9,0.19,0.1,8,4.74,5.83,9,2,3,8,1645,1
6311,14311,29,Male,90207,Email,Conversion,1348.1,0.15,0.18,13,7.16,4.6,92,9,5,5,2299,1
6312,14312,40,Female,50365,PPC,Conversion,5653.13,0.16,0.17,7,9.58,10.62,1,16,4,3,3890,1
6313,14313,31,Female,141608,PPC,Consideration,8986.72,0.22,0.1,42,1.91,6.21,15,14,2,5,2365,1
6314,14314,50,Female,75928,Social Media,Consideration,1091.13,0.19,0.13,11,9.09,2.61,35,13,8,2,4050,1
6315,14315,35,Male,131903,PPC,Consideration,4989.27,0.08,0.13,6,3.65,8.94,48,10,6,3,2183,1
6316,14316,66,Male,131114,SEO,Consideration,8665.77,0.03,0.03,2,1.04,0.94,35,17,5,9,1352,0
6317,14317,58,Female,94453,Social Media,Consideration,9014.48,0.25,0.06,25,7.67,9.59,85,14,4,6,2961,1
6318,14318,26,Male,126657,Email,Awareness,5192.09,0.27,0.07,2,8.1,13.08,5,18,7,4,4149,1
6319,14319,40,Female,27784,Email,Awareness,347.02,0.06,0.08,45,3.74,4.3,98,7,7,6,555,1
6320,14320,27,Male,132529,Social Media,Consideration,1145.83,0.1,0.06,3,8.01,12.86,94,10,9,7,1661,1
6321,14321,36,Female,118962,PPC,Consideration,5908.5,0.09,0.06,31,8.18,4.05,1,0,9,7,450,1
6322,14322,64,Female,121201,PPC,Awareness,1326.2,0.28,0.08,45,7.08,3.44,98,2,9,3,4475,1
6323,14323,22,Male,140356,Email,Conversion,1579.24,0.07,0.08,13,1.35,10.87,27,18,9,3,1370,1
6324,14324,64,Female,140913,SEO,Awareness,7743.96,0.06,0.1,2,7.01,1.45,6,10,4,2,2337,1
6325,14325,69,Male,147499,PPC,Consideration,7531.85,0.06,0.04,12,9.39,1.09,20,18,0,1,4343,0
6326,14326,40,Male,32291,SEO,Conversion,8443.45,0.22,0.16,7,6.58,7.11,61,17,2,0,175,1
6327,14327,47,Female,104462,PPC,Consideration,1146.78,0.27,0.17,37,4.3,0.99,88,13,3,3,2942,1
6328,14328,42,Male,46154,Social Media,Retention,2061.63,0.12,0.06,1,6.07,7.7,81,13,0,4,1309,1
6329,14329,45,Female,146874,Referral,Conversion,8346.32,0.05,0.03,37,9.94,9.92,40,12,0,4,3107,1
6330,14330,51,Male,45650,Email,Consideration,7238.77,0.18,0.15,45,5.25,3.81,42,18,3,3,2582,1
6331,14331,62,Male,131876,Social Media,Awareness,8078.97,0.07,0.19,30,8.57,13.53,76,11,3,3,1372,1
6332,14332,65,Male,88741,PPC,Consideration,9898.48,0.03,0.02,38,2.25,3.4,7,18,6,1,222,0
6333,14333,64,Female,122348,Email,Awareness,8657.87,0.27,0.01,26,1.51,3.94,13,10,5,7,4519,1
6334,14334,42,Female,115830,Referral,Conversion,5252.59,0.26,0.04,16,4.51,13.74,80,0,0,1,4784,1
6335,14335,27,Male,56201,Referral,Awareness,3176.61,0.29,0.14,34,2.24,10.47,76,5,0,4,1630,1
6336,14336,31,Male,59479,PPC,Conversion,5739.8,0.15,0.19,45,3.97,8.17,10,9,5,8,3204,1
6337,14337,59,Female,92920,Email,Consideration,6422.01,0.1,0.15,23,7.44,5.29,9,8,6,4,4897,1
6338,14338,63,Female,102797,PPC,Awareness,3419.59,0.23,0.12,0,5.01,11.65,80,5,1,0,4248,0
6339,14339,47,Female,70243,Referral,Conversion,7732.28,0.06,0.14,28,3.89,9.03,28,12,2,8,4172,1
6340,14340,58,Female,88595,Social Media,Conversion,1018.26,0.08,0.05,25,9.02,5.46,54,5,1,9,4263,1
6341,14341,42,Female,51734,Social Media,Conversion,7815.99,0.08,0.14,43,1.08,12.48,1,19,5,8,1425,1
6342,14342,31,Male,108927,SEO,Retention,416.79,0.29,0.07,34,8.33,12.02,0,16,0,0,4481,1
6343,14343,52,Male,101451,Referral,Conversion,5029.86,0.22,0.05,43,6.59,14.14,46,1,6,2,3861,1
6344,14344,69,Male,139950,Referral,Consideration,8628.22,0.05,0.05,23,1.42,14.93,90,1,9,8,3021,1
6345,14345,65,Female,125817,PPC,Consideration,956.3,0.04,0.14,45,1.31,0.67,82,9,1,1,1132,0
6346,14346,51,Female,132169,SEO,Consideration,5225.62,0.25,0.16,32,2.55,5.14,17,0,4,1,138,1
6347,14347,27,Female,119978,SEO,Conversion,1677.98,0.24,0.12,25,9.8,3.29,34,1,0,6,1603,1
6348,14348,52,Male,62568,Email,Consideration,8958.68,0.2,0.02,36,1.77,3.6,72,14,9,6,3451,1
6349,14349,28,Female,137514,PPC,Conversion,8340.22,0.07,0.02,38,7.65,13.04,61,3,9,3,567,1
6350,14350,28,Female,45793,Social Media,Conversion,9345.78,0.15,0.05,25,4.61,14.64,24,7,6,4,229,1
6351,14351,38,Female,72204,Email,Conversion,8762.33,0.18,0.06,37,3.13,14.13,85,18,4,8,3068,1
6352,14352,38,Male,66746,SEO,Retention,7391.88,0.28,0.09,49,6.18,10.6,76,19,4,5,2799,1
6353,14353,39,Female,51989,Social Media,Awareness,1930.4,0.06,0.02,37,4.31,8.55,28,16,7,1,4207,1
6354,14354,62,Male,69465,Referral,Consideration,3094.78,0.16,0.15,10,3.79,9.75,85,6,7,6,2614,1
6355,14355,24,Female,110841,PPC,Retention,5018.87,0.06,0.15,28,3.16,12.91,79,4,7,9,2355,1
6356,14356,34,Female,81383,SEO,Consideration,5930.08,0.14,0.08,28,5.12,0.6,18,0,2,4,3168,1
6357,14357,19,Male,36767,Referral,Retention,7843.62,0.07,0.12,2,2.53,6.71,71,17,7,8,4958,1
6358,14358,29,Female,58652,SEO,Awareness,2346.9,0.25,0.03,8,8.67,7.85,75,4,4,1,2014,0
6359,14359,59,Male,103732,Social Media,Awareness,1369.95,0.08,0.09,34,6.33,13.89,65,6,0,6,446,1
6360,14360,35,Female,104244,Email,Awareness,4877.84,0.13,0.17,5,1.57,3.0,68,13,3,4,3598,1
6361,14361,28,Male,33383,Social Media,Awareness,1662.63,0.13,0.14,8,5.11,11.29,77,6,4,0,2688,1
6362,14362,33,Female,90784,PPC,Conversion,6967.99,0.26,0.03,7,6.67,13.9,79,16,7,0,711,1
6363,14363,66,Female,121733,PPC,Consideration,5798.75,0.23,0.17,26,8.75,11.58,97,12,9,0,1078,1
6364,14364,68,Male,80089,SEO,Consideration,7436.97,0.03,0.14,33,1.21,0.65,9,3,1,4,884,0
6365,14365,35,Female,148524,Social Media,Consideration,728.02,0.03,0.1,23,5.11,10.06,71,11,5,0,2543,1
6366,14366,52,Female,46440,Email,Conversion,9650.51,0.17,0.14,47,7.35,3.54,24,17,3,8,3810,1
6367,14367,43,Male,72443,PPC,Consideration,100.05,0.13,0.04,4,2.77,9.27,26,11,2,8,907,0
6368,14368,33,Female,76325,Email,Awareness,3321.88,0.09,0.11,9,2.99,8.78,60,3,8,7,716,0
6369,14369,23,Female,106766,Referral,Consideration,6828.38,0.24,0.13,19,5.41,14.38,9,15,4,4,2233,1
6370,14370,61,Female,115190,SEO,Consideration,546.91,0.05,0.19,21,8.96,3.26,35,13,1,8,988,0
6371,14371,60,Female,75919,Email,Retention,925.16,0.29,0.02,11,4.58,1.23,38,7,2,1,2513,0
6372,14372,64,Female,36611,SEO,Conversion,859.15,0.02,0.08,43,5.36,9.36,6,16,8,2,1775,1
6373,14373,64,Female,83483,Referral,Awareness,5856.95,0.04,0.19,28,6.72,5.49,14,4,7,2,1418,1
6374,14374,65,Female,42457,Email,Awareness,8969.66,0.1,0.05,30,3.8,11.38,12,1,5,3,3735,1
6375,14375,59,Female,30256,Email,Awareness,5598.83,0.16,0.16,5,8.8,14.9,32,19,7,1,3343,1
6376,14376,29,Male,74856,Referral,Consideration,6075.36,0.07,0.01,45,9.66,6.32,98,1,0,9,4426,1
6377,14377,30,Female,126507,Social Media,Awareness,3525.42,0.22,0.01,6,6.85,2.7,65,11,1,3,864,0
6378,14378,21,Female,60533,Email,Awareness,285.54,0.11,0.07,32,6.75,8.53,10,16,5,0,2720,1
6379,14379,56,Female,119826,Email,Retention,313.99,0.02,0.16,45,7.06,5.52,20,16,4,6,4932,1
6380,14380,19,Female,118995,PPC,Consideration,8894.27,0.26,0.03,14,2.75,12.02,77,7,0,4,1211,1
6381,14381,43,Male,48281,Social Media,Retention,1115.47,0.28,0.08,12,7.59,8.25,88,6,3,3,3134,1
6382,14382,44,Female,87275,Email,Conversion,9997.91,0.19,0.04,23,4.12,13.67,22,17,7,1,4879,1
6383,14383,44,Female,21525,Referral,Consideration,1727.78,0.24,0.05,29,9.94,12.65,43,7,8,7,3948,1
6384,14384,32,Female,36453,SEO,Retention,6778.88,0.05,0.11,32,7.77,13.75,64,14,0,2,3039,1
6385,14385,25,Male,26251,Referral,Conversion,9494.66,0.09,0.07,19,6.25,4.84,69,13,1,4,2531,1
6386,14386,24,Male,128744,Social Media,Retention,3686.66,0.1,0.05,18,9.21,13.59,35,15,2,2,1389,1
6387,14387,64,Female,39507,PPC,Conversion,7370.89,0.29,0.08,18,9.73,13.06,61,5,6,9,175,1
6388,14388,63,Female,99396,PPC,Awareness,3573.48,0.16,0.14,37,8.36,9.59,81,14,4,6,2973,1
6389,14389,57,Male,106644,PPC,Awareness,3118.92,0.01,0.03,23,7.81,13.7,41,3,1,3,3069,0
6390,14390,29,Male,47906,Referral,Consideration,2097.86,0.12,0.1,4,1.55,1.29,68,2,2,8,90,0
6391,14391,30,Male,93185,SEO,Retention,8227.26,0.01,0.06,21,7.35,11.89,51,12,7,0,2965,1
6392,14392,60,Male,119591,SEO,Retention,2648.13,0.08,0.08,21,4.02,2.61,0,11,3,4,2253,1
6393,14393,34,Male,33193,Email,Conversion,2903.27,0.14,0.17,27,9.37,5.44,29,8,9,4,4389,1
6394,14394,34,Female,116558,SEO,Consideration,9989.8,0.1,0.19,16,6.51,11.08,0,4,8,6,876,1
6395,14395,53,Female,117192,SEO,Awareness,3340.37,0.02,0.06,30,4.34,3.54,47,11,5,0,400,0
6396,14396,38,Male,127071,Email,Retention,4285.47,0.04,0.13,46,4.05,3.85,13,0,7,7,3510,1
6397,14397,25,Female,101449,Referral,Conversion,9901.55,0.17,0.14,6,5.99,3.57,91,0,9,6,315,1
6398,14398,22,Male,84042,Referral,Awareness,3756.07,0.21,0.17,16,5.42,7.12,30,1,5,7,1458,1
6399,14399,43,Male,79516,Social Media,Awareness,3724.9,0.13,0.18,11,4.52,1.67,61,7,1,0,1038,1
6400,14400,33,Male,101165,Referral,Awareness,8294.37,0.22,0.1,6,2.88,13.35,86,11,9,2,1523,1
6401,14401,53,Female,50692,PPC,Conversion,3188.11,0.06,0.2,28,8.17,11.08,30,16,7,5,3210,1
6402,14402,45,Male,90490,PPC,Conversion,2414.48,0.05,0.19,44,4.9,7.95,6,8,6,6,4608,1
6403,14403,46,Female,53512,Social Media,Awareness,4289.78,0.25,0.11,7,1.89,1.72,19,11,3,2,1003,1
6404,14404,64,Male,30719,SEO,Conversion,7036.34,0.11,0.11,3,1.77,2.3,83,5,5,8,2866,1
6405,14405,29,Male,75427,Social Media,Awareness,528.11,0.14,0.14,39,3.14,1.93,30,2,8,4,4824,1
6406,14406,54,Male,47649,Email,Awareness,3801.77,0.28,0.08,15,5.97,0.71,8,3,0,6,3071,1
6407,14407,47,Female,32402,Social Media,Awareness,3527.82,0.13,0.14,15,2.33,10.17,10,8,8,6,4198,1
6408,14408,40,Female,122880,Social Media,Conversion,2523.7,0.01,0.11,21,2.94,7.9,5,12,9,4,910,1
6409,14409,33,Female,139764,PPC,Consideration,6577.44,0.28,0.02,10,5.52,6.04,42,1,3,3,843,1
6410,14410,31,Male,29216,Email,Consideration,2970.9,0.01,0.17,40,2.96,5.54,58,2,0,8,3932,0
6411,14411,27,Male,134667,Email,Conversion,6106.64,0.2,0.19,10,8.72,7.19,17,14,7,3,4025,1
6412,14412,24,Male,51050,Social Media,Retention,5092.93,0.1,0.02,4,6.31,7.39,28,17,7,6,2418,1
6413,14413,62,Male,115808,Email,Conversion,2250.18,0.15,0.16,41,1.77,2.52,0,7,8,1,2624,1
6414,14414,69,Female,70093,Email,Retention,2739.0,0.17,0.08,37,2.26,8.21,43,7,9,7,3564,1
6415,14415,54,Male,25050,Referral,Awareness,1788.94,0.13,0.12,47,2.76,1.2,32,14,0,3,3810,1
6416,14416,46,Male,66716,Email,Retention,660.63,0.23,0.11,11,6.67,14.11,66,4,1,4,1147,1
6417,14417,20,Female,135455,SEO,Awareness,6229.97,0.28,0.11,39,1.95,10.86,37,7,5,4,3635,1
6418,14418,32,Female,22438,Email,Consideration,6760.61,0.04,0.1,24,1.39,0.64,40,13,4,0,429,0
6419,14419,53,Female,143713,PPC,Awareness,1743.4,0.24,0.17,44,7.56,4.69,15,6,2,3,1034,1
6420,14420,64,Male,128686,Referral,Retention,6192.38,0.05,0.14,12,5.3,14.75,37,13,2,6,4681,1
6421,14421,63,Female,67431,PPC,Consideration,9822.64,0.03,0.09,47,8.64,1.2,62,7,8,3,967,1
6422,14422,69,Male,132373,PPC,Consideration,836.58,0.29,0.14,25,8.14,2.63,98,16,0,1,2703,1
6423,14423,36,Female,127123,SEO,Conversion,4954.67,0.15,0.19,10,3.46,7.42,89,6,3,4,4692,1
6424,14424,30,Female,36760,Referral,Retention,7357.08,0.05,0.03,39,2.73,5.63,99,17,6,6,3903,1
6425,14425,59,Female,97614,Social Media,Retention,555.49,0.18,0.08,22,5.65,14.79,84,12,4,3,1796,1
6426,14426,38,Male,36473,Email,Conversion,7804.91,0.09,0.18,12,1.72,8.32,99,11,8,5,3020,1
6427,14427,54,Female,63815,SEO,Conversion,9797.16,0.14,0.15,32,6.7,14.15,82,14,9,3,2188,1
6428,14428,44,Male,82460,SEO,Consideration,976.03,0.19,0.19,27,1.11,5.96,8,12,7,2,260,1
6429,14429,69,Female,29257,Social Media,Conversion,8240.08,0.26,0.02,3,8.23,4.45,26,15,0,9,992,1
6430,14430,46,Female,107986,SEO,Consideration,3847.96,0.01,0.17,27,9.02,4.68,30,14,7,0,2831,1
6431,14431,37,Female,45634,Social Media,Retention,1526.75,0.07,0.16,33,9.97,9.73,14,5,9,7,4371,1
6432,14432,42,Female,80403,Social Media,Conversion,4982.61,0.04,0.16,9,4.1,9.26,95,7,9,5,425,1
6433,14433,23,Female,66573,Social Media,Retention,808.04,0.04,0.12,48,6.06,8.53,28,13,4,9,4069,1
6434,14434,53,Male,48648,SEO,Consideration,5268.8,0.28,0.02,7,8.77,3.24,8,14,5,2,1819,1
6435,14435,19,Female,112712,Social Media,Awareness,291.63,0.28,0.11,8,5.16,4.32,43,5,0,0,4303,0
6436,14436,39,Female,68980,SEO,Awareness,7313.25,0.23,0.09,17,3.96,4.69,80,6,4,3,3444,1
6437,14437,49,Female,147099,Referral,Retention,4930.9,0.2,0.11,1,1.44,13.06,59,18,3,3,3850,1
6438,14438,33,Female,30296,Social Media,Consideration,4643.5,0.26,0.15,17,4.55,12.35,77,1,8,7,4812,1
6439,14439,35,Female,80197,SEO,Consideration,2042.3,0.03,0.12,39,1.71,3.47,38,3,3,5,4556,0
6440,14440,22,Male,41959,SEO,Awareness,3676.51,0.04,0.07,1,4.27,2.62,50,19,5,2,1470,1
6441,14441,53,Female,34570,SEO,Consideration,1900.51,0.1,0.12,21,4.09,1.98,39,11,9,4,1153,1
6442,14442,47,Male,55423,Email,Consideration,7380.36,0.25,0.03,15,6.82,1.48,62,12,2,5,3431,1
6443,14443,62,Female,100263,Email,Retention,2070.35,0.15,0.01,36,4.29,14.78,5,11,8,4,1881,1
6444,14444,36,Female,37899,Social Media,Awareness,6205.86,0.16,0.09,31,4.46,12.26,37,12,7,1,1661,1
6445,14445,40,Male,55785,Referral,Consideration,2868.11,0.08,0.15,9,3.58,0.75,31,14,8,5,4999,1
6446,14446,51,Female,132446,Social Media,Retention,6604.12,0.2,0.17,40,6.47,0.6,5,14,9,7,2032,1
6447,14447,30,Female,82806,PPC,Conversion,5450.5,0.27,0.11,33,4.5,10.5,53,13,5,7,1896,1
6448,14448,60,Female,76963,PPC,Awareness,4292.04,0.11,0.17,47,9.54,5.01,50,2,7,5,640,1
6449,14449,46,Male,125647,Referral,Retention,6762.71,0.19,0.03,15,9.03,1.93,95,7,0,2,3943,1
6450,14450,53,Male,97875,Referral,Conversion,4215.65,0.11,0.19,48,3.13,7.23,97,11,0,7,961,1
6451,14451,39,Female,54341,Referral,Consideration,8231.57,0.24,0.19,33,4.64,0.77,33,17,9,0,4787,1
6452,14452,69,Male,25597,Email,Consideration,7323.02,0.15,0.12,36,6.71,6.66,75,19,3,6,1020,1
6453,14453,69,Female,112648,Email,Conversion,5452.33,0.11,0.02,39,1.15,3.94,8,0,0,7,872,0
6454,14454,64,Female,122230,PPC,Retention,8782.9,0.13,0.1,33,3.05,4.34,4,6,6,4,3632,1
6455,14455,53,Male,30244,Referral,Consideration,8305.73,0.04,0.04,43,3.57,4.65,80,13,3,3,4310,1
6456,14456,26,Female,23796,SEO,Consideration,5365.21,0.26,0.13,12,4.62,4.96,91,18,0,4,1401,1
6457,14457,56,Female,127127,PPC,Retention,777.63,0.29,0.05,47,9.0,0.79,60,18,0,0,2055,0
6458,14458,68,Female,95589,Referral,Retention,5703.36,0.15,0.1,36,1.87,8.77,85,11,5,5,611,1
6459,14459,36,Male,48528,SEO,Conversion,3617.04,0.07,0.05,11,1.59,8.44,5,6,5,9,3312,1
6460,14460,55,Female,135920,Referral,Consideration,5447.12,0.2,0.04,14,6.98,9.94,49,7,5,4,1138,1
6461,14461,23,Male,38648,Social Media,Retention,6506.59,0.14,0.06,29,4.28,2.82,31,10,8,4,1380,1
6462,14462,69,Female,103967,SEO,Awareness,6483.9,0.08,0.02,30,2.6,14.92,18,7,6,4,1035,1
6463,14463,64,Male,20535,Social Media,Conversion,6767.89,0.02,0.15,28,7.32,2.47,57,15,6,8,2611,1
6464,14464,32,Female,68469,Email,Conversion,6824.76,0.27,0.07,33,3.19,12.27,47,8,0,8,951,1
6465,14465,37,Female,126188,PPC,Conversion,1181.89,0.24,0.14,31,6.09,3.7,16,8,7,7,985,1
6466,14466,26,Female,84912,Referral,Conversion,1997.95,0.25,0.13,43,4.68,6.87,59,3,5,9,2105,1
6467,14467,49,Female,64493,PPC,Awareness,6342.36,0.14,0.02,22,4.25,5.2,9,10,4,8,177,1
6468,14468,21,Male,92417,Referral,Conversion,4140.91,0.23,0.07,9,7.49,4.96,78,9,5,4,1243,1
6469,14469,67,Female,65785,Social Media,Conversion,7652.23,0.18,0.12,7,6.52,7.55,49,8,8,1,4777,1
6470,14470,35,Male,142066,SEO,Retention,1336.6,0.12,0.18,20,5.62,3.97,37,4,3,1,1277,1
6471,14471,22,Male,105017,SEO,Consideration,1996.08,0.25,0.09,10,2.15,8.43,84,2,6,9,224,0
6472,14472,37,Male,127771,Referral,Conversion,5628.8,0.3,0.11,11,6.27,4.13,39,12,2,7,2509,1
6473,14473,40,Female,149026,Social Media,Retention,5057.41,0.27,0.15,48,7.23,14.61,2,15,1,2,3392,1
6474,14474,28,Female,121377,Referral,Retention,2737.33,0.24,0.16,38,8.33,3.97,93,8,2,0,4672,1
6475,14475,54,Female,134267,Referral,Consideration,4142.6,0.23,0.19,46,3.69,11.59,78,7,6,1,4442,1
6476,14476,39,Female,86561,Referral,Retention,446.31,0.2,0.1,18,3.38,7.31,90,5,5,5,3271,1
6477,14477,21,Female,50869,SEO,Retention,466.68,0.26,0.05,33,7.74,1.05,30,1,2,6,3529,0
6478,14478,46,Female,85094,Referral,Conversion,1039.78,0.15,0.16,37,5.21,2.71,15,5,3,9,1299,1
6479,14479,61,Male,120355,SEO,Conversion,5810.25,0.06,0.03,33,4.65,13.96,27,18,0,5,3262,1
6480,14480,51,Female,50192,Email,Retention,8650.79,0.23,0.09,45,2.45,12.39,44,17,6,0,2880,1
6481,14481,30,Male,89157,Social Media,Awareness,2676.21,0.28,0.13,25,4.91,2.59,36,5,4,0,3677,1
6482,14482,59,Male,116102,Email,Consideration,436.0,0.11,0.14,39,7.54,1.24,42,6,0,5,88,1
6483,14483,26,Female,106483,Referral,Retention,7115.41,0.24,0.15,15,5.05,2.71,72,19,3,6,3161,1
6484,14484,59,Female,99941,SEO,Retention,8567.99,0.09,0.05,18,8.85,8.97,72,1,3,0,63,0
6485,14485,48,Female,77544,Social Media,Awareness,1467.91,0.28,0.2,49,1.04,9.69,75,3,6,7,774,1
6486,14486,24,Male,24403,PPC,Consideration,3918.9,0.21,0.04,28,2.62,5.99,27,15,5,4,2633,1
6487,14487,21,Male,56091,Social Media,Retention,1671.49,0.18,0.03,44,6.53,4.57,70,2,9,2,4293,1
6488,14488,36,Female,72510,Social Media,Retention,1152.94,0.24,0.14,37,7.05,3.5,59,6,9,5,643,1
6489,14489,59,Female,108061,Referral,Conversion,6516.87,0.25,0.18,35,3.48,6.86,63,2,3,4,4647,1
6490,14490,47,Male,25017,Email,Retention,9678.61,0.27,0.12,20,9.48,0.83,59,6,4,9,1801,1
6491,14491,48,Female,59203,Email,Awareness,6813.84,0.27,0.12,9,3.98,0.63,98,10,1,5,380,1
6492,14492,52,Male,76473,PPC,Retention,9849.67,0.03,0.11,46,4.7,12.07,35,15,6,0,2102,1
6493,14493,38,Male,72123,Referral,Consideration,4400.51,0.05,0.02,22,9.79,8.19,46,15,8,5,1989,1
6494,14494,48,Male,68260,Social Media,Consideration,8988.91,0.25,0.14,43,5.31,11.83,37,13,8,0,4380,1
6495,14495,36,Female,65938,Email,Awareness,2130.33,0.28,0.08,43,6.52,2.15,64,15,6,4,1970,1
6496,14496,48,Female,77929,Email,Retention,1267.25,0.1,0.19,6,5.86,12.32,33,19,6,4,406,1
6497,14497,49,Male,105265,SEO,Retention,7054.95,0.01,0.05,37,2.6,13.88,21,6,7,5,2782,1
6498,14498,19,Female,113966,Social Media,Retention,3776.94,0.1,0.07,4,9.92,8.23,93,1,4,9,2787,1
6499,14499,69,Female,124120,Referral,Retention,3245.11,0.12,0.11,18,1.53,2.03,83,8,0,9,452,0
6500,14500,27,Female,57372,Email,Retention,6745.68,0.23,0.1,45,9.85,2.29,50,4,9,7,4337,1
6501,14501,19,Female,121728,Referral,Consideration,3401.49,0.02,0.09,32,5.21,3.32,71,9,9,6,4933,1
6502,14502,19,Male,73252,Social Media,Conversion,5768.33,0.07,0.07,23,2.71,3.19,44,10,9,6,3995,1
6503,14503,41,Female,34628,Social Media,Consideration,3064.61,0.27,0.04,42,2.5,14.2,70,17,2,7,715,0
6504,14504,34,Female,143239,Email,Conversion,7859.2,0.05,0.17,22,6.9,12.1,1,9,2,6,2208,1
6505,14505,49,Male,130165,PPC,Consideration,3192.64,0.23,0.1,21,7.4,5.11,57,13,2,4,2719,1
6506,14506,33,Female,32501,Referral,Awareness,5396.44,0.11,0.12,35,9.09,12.34,93,8,4,8,1571,1
6507,14507,33,Female,138165,Referral,Retention,329.44,0.2,0.11,45,3.13,11.7,11,1,6,3,448,1
6508,14508,63,Female,50131,SEO,Conversion,7938.13,0.03,0.12,20,4.9,5.65,99,8,8,3,3723,1
6509,14509,56,Female,109102,Social Media,Consideration,6241.34,0.09,0.14,17,9.74,0.93,26,16,3,9,1973,1
6510,14510,48,Male,109360,Social Media,Conversion,2003.15,0.13,0.13,37,4.85,0.63,97,4,7,8,498,1
6511,14511,60,Female,139346,Email,Retention,2232.2,0.26,0.06,26,5.14,5.22,37,13,9,6,482,1
6512,14512,41,Male,88348,Email,Awareness,2698.68,0.17,0.12,36,3.6,1.16,74,17,5,0,3323,1
6513,14513,18,Male,118348,Email,Retention,5807.65,0.02,0.06,48,8.84,2.26,19,18,2,2,3131,1
6514,14514,28,Female,112862,SEO,Consideration,5528.33,0.24,0.12,24,4.29,4.19,93,8,9,5,3760,1
6515,14515,38,Female,135321,PPC,Consideration,2811.25,0.03,0.09,38,6.72,3.1,42,2,4,5,1559,1
6516,14516,21,Female,148411,Email,Conversion,6971.22,0.28,0.02,29,2.64,2.6,31,16,7,0,834,1
6517,14517,24,Male,29402,Email,Awareness,8901.51,0.07,0.15,42,6.54,4.3,89,3,0,8,3023,1
6518,14518,43,Female,111861,Email,Awareness,530.8,0.15,0.06,13,9.41,11.18,22,6,2,9,919,1
6519,14519,64,Female,75956,SEO,Consideration,4230.25,0.03,0.18,33,7.99,6.94,40,2,7,6,4169,1
6520,14520,67,Female,146121,Referral,Conversion,5975.85,0.17,0.06,31,1.61,10.12,87,8,6,9,1809,1
6521,14521,29,Female,71920,PPC,Retention,5905.71,0.15,0.2,30,6.71,13.97,1,13,0,5,4491,1
6522,14522,48,Female,127089,Referral,Retention,293.4,0.13,0.1,48,6.03,0.52,61,11,3,3,3922,1
6523,14523,34,Female,46000,Social Media,Consideration,2184.6,0.02,0.02,1,4.05,14.29,95,5,4,0,2356,0
6524,14524,50,Male,109795,Social Media,Consideration,712.12,0.26,0.02,46,8.58,4.55,52,9,4,8,2578,1
6525,14525,28,Male,132885,Email,Retention,5732.75,0.24,0.03,38,8.13,4.67,56,13,4,4,3642,1
6526,14526,45,Female,87462,Referral,Retention,6489.36,0.19,0.02,34,6.84,9.63,47,17,3,8,321,1
6527,14527,49,Female,86392,SEO,Retention,1681.45,0.18,0.06,22,7.7,5.73,78,2,8,6,1530,1
6528,14528,18,Male,25988,PPC,Conversion,3396.81,0.21,0.07,5,2.74,1.67,5,15,0,3,3726,1
6529,14529,64,Female,94279,Referral,Awareness,3365.06,0.05,0.03,20,9.28,10.82,15,10,6,1,2998,1
6530,14530,45,Female,76999,Referral,Consideration,8216.04,0.28,0.09,25,7.01,3.16,10,12,0,7,1283,1
6531,14531,59,Female,89674,PPC,Consideration,2027.13,0.09,0.08,29,5.21,13.98,45,8,2,8,2643,1
6532,14532,24,Male,129384,Referral,Conversion,5528.31,0.2,0.13,40,2.74,14.82,72,13,9,0,2019,1
6533,14533,19,Female,101618,Referral,Retention,7851.06,0.19,0.05,41,7.14,3.13,56,14,4,6,3391,1
6534,14534,59,Female,73426,PPC,Conversion,8312.82,0.19,0.18,29,1.87,11.43,66,18,7,3,1668,1
6535,14535,41,Male,78824,SEO,Retention,6699.0,0.26,0.11,7,3.88,14.88,6,1,6,7,381,1
6536,14536,21,Male,133174,PPC,Consideration,3065.32,0.1,0.13,38,6.16,14.35,51,12,6,0,2777,1
6537,14537,61,Female,118910,Email,Awareness,8248.16,0.23,0.02,32,6.81,8.69,51,17,4,1,280,1
6538,14538,36,Female,94399,Email,Conversion,7447.44,0.18,0.12,9,1.16,5.02,29,1,9,9,4384,1
6539,14539,43,Female,80659,Email,Retention,7074.24,0.03,0.08,17,1.08,0.67,54,2,6,9,4775,1
6540,14540,28,Female,57790,Email,Consideration,766.62,0.13,0.19,47,2.0,13.52,21,13,9,6,1056,1
6541,14541,57,Male,134704,Social Media,Awareness,528.32,0.25,0.18,35,7.91,1.02,3,0,2,5,3165,1
6542,14542,67,Female,115343,SEO,Conversion,6984.12,0.1,0.13,40,6.1,8.86,4,11,3,0,1834,1
6543,14543,60,Male,42118,Social Media,Conversion,9453.47,0.15,0.16,49,6.48,3.2,21,4,3,5,4411,1
6544,14544,28,Male,72025,Referral,Consideration,7759.87,0.15,0.13,10,6.43,4.01,67,18,1,6,1048,1
6545,14545,62,Male,142453,Referral,Conversion,8331.61,0.19,0.01,43,1.33,0.84,3,19,4,6,3045,1
6546,14546,20,Male,79938,PPC,Consideration,5495.32,0.27,0.14,7,2.55,1.04,42,8,8,7,4144,1
6547,14547,29,Female,25149,Email,Conversion,3115.4,0.06,0.04,0,7.55,5.58,14,6,1,5,4800,1
6548,14548,20,Female,58079,PPC,Awareness,6809.6,0.16,0.14,7,6.81,13.22,15,2,0,1,2853,1
6549,14549,59,Female,22484,Referral,Awareness,7148.51,0.13,0.01,4,5.01,8.7,83,6,9,6,4998,1
6550,14550,44,Female,75474,Email,Conversion,6786.04,0.1,0.07,0,1.18,8.31,57,14,7,0,3854,1
6551,14551,66,Female,110727,SEO,Consideration,9472.42,0.28,0.11,2,4.75,9.49,73,10,4,0,4134,1
6552,14552,19,Female,133316,Referral,Retention,3735.07,0.01,0.07,26,3.23,8.26,32,9,3,5,4511,1
6553,14553,66,Female,68601,PPC,Conversion,492.61,0.05,0.14,44,7.28,4.91,94,0,2,5,2119,1
6554,14554,33,Female,141465,PPC,Retention,9093.6,0.22,0.11,47,8.42,13.26,64,8,6,0,1116,1
6555,14555,19,Male,137893,Referral,Consideration,1688.94,0.09,0.19,22,5.53,7.4,24,2,6,7,833,1
6556,14556,47,Male,63809,Social Media,Retention,7003.45,0.22,0.08,43,4.63,11.41,36,5,8,8,4530,1
6557,14557,37,Male,40791,SEO,Conversion,8744.72,0.25,0.15,38,3.46,13.72,17,17,3,7,3790,1
6558,14558,55,Female,89343,Referral,Awareness,3170.4,0.08,0.17,39,1.83,0.55,24,3,2,0,2525,0
6559,14559,45,Female,46648,Referral,Consideration,8321.11,0.07,0.06,10,4.35,7.43,14,18,5,7,2160,1
6560,14560,42,Male,51090,PPC,Awareness,3387.38,0.05,0.15,44,7.1,9.27,67,5,5,4,3077,1
6561,14561,49,Male,110636,Email,Awareness,7963.15,0.07,0.08,10,6.99,7.78,34,0,4,5,3667,1
6562,14562,27,Male,116485,Email,Awareness,791.32,0.09,0.03,35,4.71,13.59,67,3,1,2,1626,0
6563,14563,59,Female,121477,Email,Conversion,6586.91,0.26,0.01,37,9.69,14.13,41,0,1,6,1577,1
6564,14564,57,Male,37857,PPC,Consideration,6803.67,0.23,0.15,30,9.46,2.45,83,16,4,8,4356,1
6565,14565,50,Male,145305,Email,Retention,4965.12,0.01,0.05,23,8.88,4.89,11,3,2,2,226,0
6566,14566,30,Male,82327,Referral,Awareness,6902.2,0.26,0.02,18,4.92,4.33,93,6,2,2,2210,1
6567,14567,58,Female,132516,Social Media,Retention,9239.52,0.03,0.1,31,7.72,7.7,21,7,9,7,3900,1
6568,14568,59,Female,113386,Social Media,Consideration,7365.16,0.2,0.08,39,9.36,6.04,35,2,7,0,886,1
6569,14569,64,Female,138026,Social Media,Consideration,9616.83,0.05,0.14,37,7.64,5.71,33,11,0,0,1171,1
6570,14570,54,Male,62967,Email,Retention,4541.26,0.03,0.03,16,3.84,8.24,90,18,4,1,3423,1
6571,14571,33,Female,73709,Social Media,Retention,5330.08,0.23,0.04,49,1.61,7.61,24,9,4,9,1305,1
6572,14572,62,Male,87948,Email,Awareness,2711.01,0.15,0.09,34,9.62,7.25,38,19,8,0,442,1
6573,14573,39,Male,68861,Referral,Retention,9857.46,0.18,0.11,11,9.93,2.14,75,5,0,5,3864,1
6574,14574,37,Female,136839,Referral,Retention,645.85,0.13,0.17,14,7.24,8.32,58,17,0,9,2692,1
6575,14575,67,Male,88718,PPC,Conversion,3650.34,0.03,0.12,38,3.84,1.35,75,5,2,8,2201,1
6576,14576,60,Female,143307,PPC,Awareness,3047.2,0.22,0.18,12,8.79,9.44,84,17,5,7,4643,1
6577,14577,44,Male,142850,SEO,Awareness,3926.47,0.25,0.05,29,9.58,9.54,49,4,8,2,4327,1
6578,14578,58,Male,40948,Referral,Consideration,9185.41,0.02,0.12,41,5.56,4.28,60,10,9,0,2055,1
6579,14579,33,Female,53782,Email,Retention,3743.57,0.12,0.13,18,3.8,2.46,32,6,6,5,2453,1
6580,14580,51,Female,70756,SEO,Conversion,9178.07,0.17,0.15,8,4.66,12.07,6,8,9,6,775,1
6581,14581,49,Female,102789,Referral,Consideration,4291.05,0.19,0.2,27,1.66,11.67,18,2,8,1,665,0
6582,14582,43,Female,125217,Email,Conversion,8562.21,0.18,0.1,43,6.09,14.22,87,18,1,8,1322,1
6583,14583,42,Female,121031,Referral,Awareness,5265.33,0.21,0.08,42,4.41,6.97,19,11,4,3,2283,1
6584,14584,19,Female,88388,Referral,Retention,3182.39,0.29,0.17,24,8.96,5.08,4,17,0,9,1910,1
6585,14585,29,Female,127381,Email,Conversion,4548.56,0.12,0.04,39,3.48,4.89,93,14,7,6,2930,1
6586,14586,57,Male,104528,Referral,Consideration,4301.37,0.17,0.02,40,1.08,3.11,6,19,2,1,3585,0
6587,14587,26,Male,86809,Referral,Awareness,2673.15,0.21,0.09,3,7.63,5.57,19,4,6,1,2603,1
6588,14588,29,Female,27649,Referral,Conversion,2967.42,0.18,0.06,36,1.07,2.35,46,7,0,5,2542,1
6589,14589,43,Male,49002,PPC,Conversion,1945.89,0.12,0.09,6,5.91,13.14,80,11,5,1,3778,1
6590,14590,26,Male,54723,Social Media,Consideration,3426.41,0.19,0.2,40,2.63,5.53,97,16,8,2,3830,1
6591,14591,27,Male,94314,Referral,Conversion,6281.62,0.2,0.08,3,6.49,8.44,6,18,4,8,1320,1
6592,14592,49,Male,110312,Email,Awareness,3926.93,0.18,0.14,22,2.78,1.47,74,13,6,6,2866,1
6593,14593,51,Male,90085,Referral,Conversion,7152.0,0.07,0.06,43,5.52,4.57,81,15,6,9,3079,1
6594,14594,65,Male,101399,PPC,Retention,9871.08,0.16,0.07,43,4.02,3.74,93,14,7,4,2726,1
6595,14595,37,Male,31809,PPC,Retention,3833.3,0.27,0.06,5,2.64,13.36,83,3,4,7,4030,1
6596,14596,56,Male,78169,Referral,Consideration,4680.13,0.26,0.12,44,6.46,3.11,63,17,3,3,2893,1
6597,14597,19,Female,28302,SEO,Retention,1724.69,0.23,0.05,8,1.74,12.04,65,7,0,6,1926,1
6598,14598,18,Male,28100,Social Media,Retention,3982.93,0.21,0.15,8,9.47,4.6,6,4,7,6,53,0
6599,14599,68,Female,88447,Email,Conversion,7295.64,0.05,0.14,20,8.0,3.56,90,16,5,8,2605,1
6600,14600,53,Female,97627,Email,Awareness,2252.31,0.14,0.09,2,9.24,0.64,14,7,0,6,3423,1
6601,14601,41,Female,94635,Email,Awareness,1902.34,0.04,0.01,12,1.38,4.73,82,12,4,9,3662,0
6602,14602,44,Female,75020,Email,Conversion,3826.11,0.25,0.01,37,1.02,1.52,33,8,9,1,2719,1
6603,14603,19,Male,25663,PPC,Retention,8204.63,0.09,0.11,17,4.22,5.75,65,13,1,2,4655,1
6604,14604,48,Male,115440,Social Media,Conversion,6274.21,0.23,0.17,45,6.55,1.27,27,16,5,8,777,1
6605,14605,31,Female,113827,Referral,Retention,9580.04,0.25,0.12,30,3.2,1.43,65,5,0,3,3852,1
6606,14606,19,Male,64649,Referral,Retention,9054.95,0.27,0.09,28,5.94,5.64,10,6,3,9,4987,1
6607,14607,46,Female,67136,SEO,Retention,1596.26,0.23,0.18,1,6.45,7.0,69,0,2,3,9,0
6608,14608,32,Female,135242,Referral,Awareness,521.27,0.17,0.05,30,2.36,5.32,55,3,5,9,4237,1
6609,14609,29,Male,144783,Social Media,Consideration,4051.04,0.18,0.08,37,7.92,0.84,22,19,6,8,3276,1
6610,14610,54,Female,126602,Referral,Awareness,5268.59,0.1,0.12,6,9.43,3.08,9,10,4,5,4371,1
6611,14611,45,Female,56104,PPC,Retention,5204.15,0.06,0.07,39,6.76,14.12,96,9,7,8,1431,1
6612,14612,37,Male,59137,Referral,Conversion,1427.66,0.05,0.2,9,9.53,8.79,82,12,2,8,989,1
6613,14613,56,Male,22534,Email,Conversion,1335.69,0.06,0.1,12,3.22,12.88,74,19,2,2,2221,1
6614,14614,41,Female,87762,Email,Retention,563.92,0.28,0.02,0,1.33,1.24,23,12,1,5,2709,0
6615,14615,38,Female,72445,Email,Consideration,8523.51,0.06,0.04,36,3.23,0.61,59,5,8,5,2092,1
6616,14616,27,Male,29585,Email,Awareness,9482.67,0.22,0.11,24,6.83,11.84,91,17,3,3,1245,1
6617,14617,63,Male,112796,PPC,Awareness,1245.28,0.06,0.11,29,6.38,6.07,11,11,1,0,1787,1
6618,14618,31,Female,112947,PPC,Retention,2209.91,0.29,0.2,1,3.41,5.85,91,1,6,2,136,1
6619,14619,54,Female,118470,PPC,Retention,989.64,0.12,0.12,35,4.67,3.95,4,5,7,6,17,1
6620,14620,35,Female,96438,Referral,Consideration,8787.27,0.13,0.14,23,4.31,2.83,18,6,2,6,1163,1
6621,14621,41,Female,56392,Email,Awareness,9591.22,0.13,0.05,11,9.55,12.51,71,2,8,6,4170,1
6622,14622,31,Male,104267,SEO,Consideration,2691.79,0.25,0.03,4,3.83,1.39,36,10,3,9,768,0
6623,14623,51,Female,103324,SEO,Awareness,3105.48,0.07,0.12,14,2.74,7.73,27,8,6,8,3332,1
6624,14624,29,Female,140866,Email,Consideration,3690.43,0.25,0.17,41,6.09,5.73,43,13,8,9,1478,1
6625,14625,39,Female,51126,Social Media,Consideration,5074.39,0.2,0.12,48,2.12,4.49,42,10,6,0,3127,1
6626,14626,23,Male,62485,Referral,Consideration,6856.36,0.07,0.09,45,5.57,11.53,68,5,4,1,2257,1
6627,14627,53,Male,130905,SEO,Conversion,5093.47,0.03,0.12,6,7.18,13.24,71,18,9,2,1340,1
6628,14628,62,Female,131407,PPC,Conversion,9514.92,0.23,0.1,1,9.49,3.33,87,14,0,1,3858,1
6629,14629,53,Male,65798,Social Media,Conversion,1088.95,0.07,0.04,2,9.03,1.62,19,13,1,1,4517,0
6630,14630,39,Female,88310,PPC,Awareness,8006.19,0.27,0.15,3,8.57,5.94,98,11,6,2,1411,1
6631,14631,31,Male,29017,Social Media,Consideration,3411.38,0.05,0.11,47,4.54,6.88,5,12,4,6,808,1
6632,14632,33,Male,45700,Social Media,Retention,3837.72,0.19,0.09,15,9.05,1.27,68,4,8,4,2820,1
6633,14633,53,Male,110680,Referral,Retention,7117.41,0.21,0.12,26,7.45,7.32,73,11,2,8,1448,1
6634,14634,42,Female,115446,PPC,Awareness,9300.83,0.2,0.06,21,4.97,14.29,91,16,8,7,3440,1
6635,14635,49,Female,128454,PPC,Awareness,7190.39,0.1,0.09,2,6.08,6.09,11,18,9,1,3580,1
6636,14636,50,Female,56507,SEO,Retention,7781.02,0.26,0.13,48,4.92,13.55,14,2,5,4,2243,1
6637,14637,62,Female,67679,Email,Consideration,7532.71,0.23,0.05,16,2.77,12.8,66,17,9,0,3780,1
6638,14638,53,Male,112221,Email,Conversion,3277.69,0.16,0.15,21,5.07,6.83,86,17,9,2,4264,1
6639,14639,37,Male,109938,SEO,Awareness,7593.61,0.19,0.11,6,8.27,10.74,62,8,2,4,1252,1
6640,14640,35,Female,57232,Social Media,Awareness,7866.76,0.17,0.17,29,3.4,3.53,35,2,0,8,1204,1
6641,14641,55,Female,115599,SEO,Awareness,5380.66,0.28,0.17,7,6.76,2.46,6,10,9,8,400,1
6642,14642,20,Female,109661,SEO,Retention,5413.89,0.27,0.1,18,5.98,0.53,0,19,8,2,3599,1
6643,14643,40,Female,130685,PPC,Conversion,7621.24,0.08,0.05,6,9.28,1.56,71,15,2,5,4974,1
6644,14644,49,Male,44020,SEO,Consideration,8188.61,0.09,0.15,0,7.72,9.61,90,14,1,9,3641,1
6645,14645,62,Male,117239,Social Media,Consideration,3438.23,0.29,0.09,15,4.25,13.34,48,5,0,9,2714,1
6646,14646,33,Female,77172,Email,Retention,8035.47,0.08,0.12,49,6.06,14.68,21,8,3,5,4480,1
6647,14647,22,Male,117305,Referral,Awareness,8160.67,0.29,0.03,39,9.2,7.5,51,0,6,8,3958,1
6648,14648,21,Male,33746,SEO,Retention,2417.84,0.2,0.13,30,3.04,2.54,94,13,2,5,3106,1
6649,14649,38,Female,141976,SEO,Retention,7197.81,0.02,0.08,38,5.27,0.5,42,18,9,2,1700,1
6650,14650,57,Male,83537,PPC,Consideration,1946.69,0.11,0.07,26,3.0,14.78,38,2,5,6,559,1
6651,14651,68,Female,24094,PPC,Conversion,1021.19,0.15,0.2,9,4.77,12.36,74,8,2,0,2993,1
6652,14652,31,Male,88466,SEO,Consideration,5787.98,0.25,0.09,33,1.52,8.09,42,8,8,2,4221,1
6653,14653,56,Female,119067,SEO,Retention,9095.66,0.11,0.14,46,8.88,4.06,53,4,6,2,2045,1
6654,14654,48,Female,50755,Social Media,Retention,451.04,0.1,0.13,13,9.8,8.01,20,5,5,0,2752,1
6655,14655,31,Female,115641,Email,Awareness,8282.37,0.28,0.03,1,6.11,12.66,14,11,3,0,154,1
6656,14656,23,Female,31552,Email,Awareness,5114.06,0.03,0.15,38,5.99,8.56,91,6,3,7,1655,1
6657,14657,29,Male,121754,Referral,Retention,8622.86,0.17,0.07,21,9.6,14.93,37,6,3,7,1751,1
6658,14658,33,Female,79491,Email,Consideration,8450.42,0.16,0.16,25,4.54,2.05,22,19,4,8,2855,1
6659,14659,34,Female,39779,Referral,Awareness,8765.34,0.03,0.13,43,6.59,14.75,90,9,0,9,2884,1
6660,14660,62,Female,49000,PPC,Conversion,7711.85,0.04,0.07,4,8.54,8.98,82,15,6,5,3512,1
6661,14661,40,Male,105639,Referral,Conversion,8445.62,0.12,0.08,37,5.55,8.74,79,16,8,7,424,1
6662,14662,31,Male,73953,Referral,Retention,1842.65,0.05,0.15,15,2.99,5.71,75,12,5,3,1489,1
6663,14663,24,Male,77564,Email,Conversion,3108.15,0.15,0.11,11,8.31,1.09,50,4,1,4,618,1
6664,14664,63,Female,34102,SEO,Conversion,2500.61,0.19,0.14,40,3.44,11.53,22,13,6,7,1518,1
6665,14665,49,Male,21861,PPC,Awareness,7450.04,0.21,0.04,43,8.59,4.5,50,8,2,1,172,0
6666,14666,32,Female,63574,Social Media,Awareness,1621.07,0.17,0.16,41,9.5,5.58,70,13,5,9,4074,1
6667,14667,61,Female,52682,Referral,Consideration,1904.06,0.12,0.07,16,5.91,8.24,45,7,8,3,3544,1
6668,14668,34,Female,98819,Referral,Awareness,8801.75,0.05,0.13,24,1.44,1.33,93,19,9,0,1344,1
6669,14669,58,Female,111133,Referral,Consideration,7088.23,0.08,0.03,23,9.6,0.66,60,9,7,7,4617,1
6670,14670,64,Male,134797,SEO,Awareness,8766.26,0.13,0.07,10,8.48,2.02,15,8,5,1,4063,1
6671,14671,61,Female,97972,Social Media,Retention,1479.62,0.28,0.13,17,2.06,11.16,59,6,9,1,4563,1
6672,14672,51,Female,141237,Email,Consideration,4049.91,0.07,0.06,35,6.66,3.26,31,9,4,4,1499,1
6673,14673,22,Female,113960,PPC,Retention,2903.2,0.13,0.18,2,3.84,7.96,40,9,3,0,1334,1
6674,14674,62,Female,85185,SEO,Consideration,195.84,0.22,0.14,18,3.97,3.2,59,7,7,5,2447,1
6675,14675,44,Male,94426,Social Media,Conversion,2916.78,0.21,0.18,5,6.22,4.63,20,16,5,7,4499,1
6676,14676,69,Male,68120,PPC,Consideration,3857.87,0.29,0.09,22,7.41,1.05,67,19,7,6,4221,1
6677,14677,40,Female,58297,Email,Consideration,1012.97,0.07,0.02,39,1.1,5.81,6,5,8,9,4954,0
6678,14678,57,Female,134147,PPC,Consideration,5708.23,0.01,0.12,6,2.37,2.48,90,19,3,5,1881,1
6679,14679,31,Male,28299,Referral,Consideration,3893.41,0.1,0.07,46,9.13,8.59,69,18,9,0,2009,1
6680,14680,32,Male,61348,Referral,Consideration,559.97,0.05,0.1,43,5.45,12.62,19,12,1,8,533,1
6681,14681,60,Male,61384,SEO,Conversion,7069.39,0.17,0.14,46,5.43,13.24,43,4,6,6,3078,1
6682,14682,50,Female,137182,PPC,Consideration,7319.87,0.27,0.14,8,8.56,14.03,43,3,7,2,1219,1
6683,14683,48,Female,96693,Referral,Retention,8361.27,0.21,0.02,1,2.16,2.3,11,11,3,3,1123,1
6684,14684,52,Female,115299,SEO,Consideration,4906.85,0.05,0.16,46,7.42,7.99,58,14,1,2,2995,1
6685,14685,34,Female,52687,SEO,Consideration,9689.72,0.04,0.1,49,5.56,2.16,77,1,8,3,888,1
6686,14686,45,Male,84577,SEO,Retention,9149.24,0.27,0.12,44,7.67,4.94,33,14,2,0,4774,1
6687,14687,36,Male,80047,Email,Awareness,5558.38,0.15,0.07,47,7.11,3.85,43,18,2,2,2973,1
6688,14688,63,Female,30191,Referral,Awareness,4505.02,0.28,0.09,46,7.0,0.68,80,7,8,4,4772,1
6689,14689,40,Female,76884,Referral,Conversion,130.04,0.22,0.15,10,8.7,14.01,39,14,7,4,2084,1
6690,14690,49,Male,74911,Social Media,Consideration,7138.85,0.3,0.16,2,5.96,11.83,83,9,3,8,1110,1
6691,14691,57,Female,97303,Email,Consideration,5693.05,0.26,0.08,41,4.67,8.03,1,12,9,4,2780,1
6692,14692,30,Female,103447,Referral,Awareness,9381.69,0.13,0.14,48,2.79,5.5,60,18,3,0,3821,1
6693,14693,37,Female,114165,Referral,Consideration,5982.9,0.23,0.06,29,4.1,6.47,20,0,0,4,2730,1
6694,14694,52,Male,120330,Social Media,Conversion,9929.28,0.15,0.17,7,8.83,3.48,11,10,0,6,1220,1
6695,14695,22,Male,112480,PPC,Retention,8552.81,0.08,0.13,36,4.04,14.54,76,17,8,3,4455,1
6696,14696,26,Male,63726,PPC,Consideration,9540.62,0.08,0.16,20,9.87,4.64,64,18,0,6,3798,1
6697,14697,46,Female,54623,Email,Retention,3343.86,0.13,0.1,7,6.47,1.58,81,17,1,9,3438,1
6698,14698,23,Female,133367,SEO,Conversion,1578.43,0.04,0.05,46,8.33,8.68,77,18,6,1,3376,1
6699,14699,42,Male,133219,Social Media,Awareness,7989.03,0.06,0.09,10,5.44,11.36,94,6,1,1,3481,1
6700,14700,48,Male,143326,Social Media,Conversion,7883.35,0.16,0.08,40,6.89,14.59,87,4,3,6,1057,1
6701,14701,39,Female,103517,Referral,Conversion,2193.34,0.29,0.07,33,9.91,9.51,11,13,9,2,4781,1
6702,14702,19,Female,143089,Referral,Conversion,7670.97,0.18,0.05,38,5.5,3.17,51,10,1,6,2021,1
6703,14703,62,Female,70000,Social Media,Conversion,5861.54,0.13,0.15,15,3.37,6.17,88,10,2,2,4826,1
6704,14704,22,Male,91494,SEO,Retention,1184.3,0.08,0.03,6,6.85,5.09,99,1,5,5,37,0
6705,14705,44,Female,100241,PPC,Conversion,5067.66,0.07,0.18,3,9.28,0.78,13,8,6,6,2161,1
6706,14706,42,Male,116172,Email,Conversion,9318.27,0.2,0.04,31,1.15,6.19,17,0,1,4,2105,1
6707,14707,25,Male,83027,PPC,Conversion,5113.93,0.26,0.2,36,9.93,12.09,23,14,8,6,4600,1
6708,14708,18,Female,78995,Email,Conversion,7908.12,0.13,0.2,45,5.9,6.38,25,7,1,3,2680,1
6709,14709,37,Male,62876,SEO,Retention,386.21,0.17,0.09,21,8.19,12.85,93,1,3,0,3558,1
6710,14710,61,Male,138217,Social Media,Conversion,7308.01,0.22,0.2,6,2.06,11.27,60,5,4,7,2957,1
6711,14711,40,Female,71070,SEO,Awareness,9473.69,0.03,0.18,12,3.62,10.93,67,1,7,9,2763,1
6712,14712,49,Male,110688,Social Media,Conversion,5045.33,0.11,0.03,17,9.79,6.03,63,16,3,9,1744,1
6713,14713,28,Female,124065,Referral,Conversion,3443.33,0.22,0.19,41,3.59,1.27,39,6,0,1,1932,1
6714,14714,56,Male,86224,Email,Consideration,6501.84,0.21,0.02,33,4.71,13.3,28,2,6,8,2857,1
6715,14715,64,Female,45365,Referral,Consideration,9170.99,0.03,0.04,12,3.53,9.76,17,18,8,5,537,1
6716,14716,41,Male,49663,Social Media,Consideration,1850.02,0.08,0.12,33,5.22,1.81,67,11,4,4,2480,1
6717,14717,28,Female,85436,Email,Conversion,4096.57,0.21,0.03,28,2.43,1.68,58,17,1,5,1174,1
6718,14718,46,Male,124610,Email,Awareness,1647.27,0.09,0.04,46,5.58,9.41,96,7,8,9,974,1
6719,14719,43,Female,123376,Referral,Awareness,5016.88,0.25,0.19,4,3.69,6.62,55,11,2,0,770,1
6720,14720,33,Female,103275,Email,Consideration,5450.18,0.02,0.2,30,8.34,3.27,65,0,1,3,1918,1
6721,14721,52,Male,136375,Social Media,Consideration,9447.62,0.07,0.16,10,4.51,3.97,11,0,3,5,364,0
6722,14722,37,Male,143229,Social Media,Conversion,4183.9,0.09,0.11,37,8.13,6.09,21,9,3,5,3752,1
6723,14723,63,Female,83211,Referral,Awareness,5712.87,0.28,0.18,46,6.78,11.38,61,2,9,5,231,1
6724,14724,20,Female,30909,SEO,Awareness,8864.1,0.24,0.03,3,9.24,3.36,25,9,4,6,2357,1
6725,14725,18,Male,80883,Social Media,Consideration,3281.91,0.27,0.19,6,8.3,10.68,13,3,0,8,4539,1
6726,14726,64,Male,32713,Social Media,Awareness,6774.22,0.14,0.08,22,9.11,3.1,8,11,9,8,4612,1
6727,14727,18,Male,32614,Email,Consideration,7595.9,0.25,0.17,30,5.73,11.57,73,13,0,2,2433,1
6728,14728,34,Male,127625,Email,Consideration,3372.23,0.26,0.14,16,9.22,13.55,6,7,9,3,2583,1
6729,14729,19,Female,118097,Social Media,Retention,1726.98,0.13,0.19,9,2.39,6.92,46,6,6,0,734,0
6730,14730,46,Female,40734,Referral,Retention,5078.8,0.3,0.17,21,1.76,9.8,57,0,4,0,4308,1
6731,14731,37,Female,50709,SEO,Conversion,3632.34,0.26,0.18,29,5.73,4.36,19,16,9,3,3108,1
6732,14732,23,Female,42885,Email,Consideration,2737.98,0.29,0.13,28,8.43,13.95,78,14,5,5,2053,1
6733,14733,25,Female,91622,Email,Conversion,9736.87,0.26,0.17,16,2.91,6.68,55,14,6,2,1255,1
6734,14734,46,Female,98267,SEO,Retention,5071.31,0.24,0.15,42,9.72,7.7,42,4,0,4,2245,1
6735,14735,65,Male,106128,Email,Awareness,8579.13,0.28,0.04,20,2.67,4.29,97,0,4,8,3285,1
6736,14736,68,Male,33341,Referral,Retention,2033.64,0.13,0.13,21,7.38,3.31,59,18,7,0,506,1
6737,14737,50,Female,59435,Email,Retention,9400.48,0.24,0.04,47,9.24,3.8,51,0,2,0,3428,0
6738,14738,20,Male,32976,Email,Retention,7964.87,0.07,0.18,38,9.69,7.4,87,1,1,1,2759,1
6739,14739,52,Male,102910,Social Media,Awareness,8106.05,0.22,0.02,39,6.95,2.5,65,10,1,5,1382,1
6740,14740,22,Male,144753,Referral,Retention,3958.67,0.24,0.2,47,6.17,6.12,19,11,3,9,1020,1
6741,14741,44,Male,97869,Referral,Consideration,4907.81,0.22,0.09,47,1.82,6.04,12,10,6,8,4474,1
6742,14742,61,Female,25290,Social Media,Consideration,5974.21,0.26,0.04,21,1.18,6.78,24,7,1,7,4154,1
6743,14743,29,Female,65812,PPC,Retention,7918.68,0.13,0.19,26,9.87,6.62,35,19,5,4,3030,1
6744,14744,37,Male,70528,SEO,Conversion,8505.66,0.17,0.02,22,3.47,4.48,2,3,6,7,319,1
6745,14745,62,Male,78570,Referral,Conversion,872.65,0.01,0.1,3,1.65,5.82,46,1,8,4,1478,1
6746,14746,37,Female,131841,PPC,Awareness,9050.22,0.05,0.16,25,5.85,13.58,11,8,6,9,3364,1
6747,14747,26,Male,76399,SEO,Awareness,9381.22,0.2,0.07,38,3.81,1.04,59,12,0,9,1240,1
6748,14748,56,Female,68437,Referral,Consideration,5969.59,0.17,0.11,16,4.22,1.77,96,9,7,2,3305,1
6749,14749,21,Female,109122,Email,Consideration,1948.83,0.07,0.14,2,4.18,13.97,27,8,2,6,1723,1
6750,14750,68,Male,77907,Referral,Retention,8202.31,0.08,0.19,16,3.24,4.43,74,12,6,5,1614,1
6751,14751,36,Female,140992,SEO,Conversion,5531.02,0.11,0.03,42,9.71,4.91,80,2,5,6,4518,1
6752,14752,55,Female,101876,PPC,Consideration,8190.24,0.22,0.04,39,3.39,5.49,13,16,2,4,893,1
6753,14753,44,Male,68723,Email,Conversion,8166.6,0.19,0.11,18,6.01,2.0,30,17,1,7,1599,1
6754,14754,62,Male,55655,SEO,Awareness,958.62,0.03,0.09,38,3.15,11.65,68,7,3,7,2922,1
6755,14755,60,Female,134098,SEO,Awareness,6109.51,0.23,0.09,17,7.86,2.87,65,12,0,4,4546,1
6756,14756,30,Male,75833,Referral,Retention,4883.13,0.09,0.07,27,3.06,10.68,59,17,9,9,2356,1
6757,14757,30,Female,100096,Social Media,Retention,9466.58,0.2,0.12,14,6.53,3.87,76,15,9,6,504,1
6758,14758,39,Female,43997,Social Media,Consideration,3036.75,0.05,0.18,25,8.51,10.39,19,13,6,3,2218,1
6759,14759,45,Male,86876,Email,Conversion,2139.4,0.3,0.04,34,3.44,14.59,10,12,2,6,3634,1
6760,14760,69,Male,130233,SEO,Consideration,8981.16,0.03,0.05,15,8.23,7.89,77,3,1,5,4297,1
6761,14761,64,Female,142660,PPC,Consideration,1572.28,0.23,0.14,14,1.83,5.12,3,0,4,1,2381,1
6762,14762,62,Female,46013,Email,Conversion,6896.54,0.17,0.02,4,2.05,5.98,51,0,6,1,4828,1
6763,14763,39,Female,52862,Email,Consideration,3070.2,0.03,0.14,45,4.61,6.07,46,5,0,9,2244,1
6764,14764,60,Female,72448,Referral,Retention,5721.67,0.02,0.07,23,4.66,2.32,66,14,0,6,658,1
6765,14765,36,Female,107818,PPC,Conversion,6200.57,0.12,0.08,1,5.65,12.37,10,14,9,6,109,1
6766,14766,25,Male,143828,SEO,Conversion,4231.96,0.24,0.09,35,1.21,6.0,49,6,7,2,2879,1
6767,14767,69,Female,65608,SEO,Consideration,9752.15,0.02,0.08,44,2.05,10.91,88,8,4,2,3294,1
6768,14768,25,Female,104612,SEO,Conversion,1405.15,0.21,0.17,47,1.09,4.42,22,12,7,1,3577,1
6769,14769,59,Female,138849,Email,Retention,3974.85,0.2,0.19,30,9.59,5.67,80,5,2,9,219,1
6770,14770,43,Female,134060,Referral,Retention,4360.91,0.09,0.11,29,3.82,13.36,61,9,1,9,873,1
6771,14771,65,Female,60894,Email,Awareness,6347.36,0.03,0.12,11,7.19,6.66,52,11,6,5,2238,1
6772,14772,68,Female,105201,Social Media,Awareness,4131.87,0.28,0.02,36,6.48,5.62,94,2,5,5,1663,1
6773,14773,43,Male,70649,Social Media,Awareness,1060.66,0.1,0.15,20,7.52,5.05,13,14,3,8,1588,1
6774,14774,40,Female,82104,SEO,Awareness,9479.56,0.04,0.12,11,8.95,13.45,46,19,6,5,99,1
6775,14775,60,Male,96459,Referral,Consideration,4219.18,0.21,0.02,39,3.1,6.63,17,10,8,7,2749,1
6776,14776,30,Male,59821,SEO,Awareness,3492.47,0.07,0.05,36,4.83,13.22,66,18,8,4,2653,1
6777,14777,45,Female,67940,SEO,Awareness,4522.55,0.15,0.05,34,3.96,4.85,98,9,2,7,2695,1
6778,14778,26,Male,141402,Email,Awareness,2244.3,0.02,0.04,21,1.74,14.69,82,8,0,1,3680,0
6779,14779,37,Female,30935,SEO,Awareness,1092.19,0.3,0.14,44,1.29,7.79,22,0,3,8,513,1
6780,14780,36,Female,109577,SEO,Consideration,1570.93,0.14,0.19,35,7.88,2.89,94,15,9,5,2201,1
6781,14781,65,Male,32467,Referral,Awareness,1749.88,0.3,0.16,7,2.16,6.65,59,14,0,4,4705,1
6782,14782,56,Female,31073,Referral,Conversion,2056.97,0.12,0.1,26,1.14,10.39,58,16,6,1,1237,1
6783,14783,68,Female,142691,Referral,Retention,4257.61,0.11,0.09,26,4.95,13.37,87,19,1,9,1164,1
6784,14784,29,Female,27691,SEO,Conversion,6276.6,0.28,0.08,35,3.9,2.34,49,16,7,0,1719,1
6785,14785,32,Female,66538,Referral,Consideration,6325.99,0.11,0.12,6,1.59,8.6,60,3,4,2,2740,1
6786,14786,48,Female,44490,Referral,Consideration,100.97,0.14,0.08,2,1.46,8.22,16,0,9,9,635,0
6787,14787,31,Male,35688,PPC,Consideration,9217.48,0.03,0.05,3,9.22,5.26,53,13,0,7,3877,1
6788,14788,28,Male,118505,PPC,Retention,8246.19,0.29,0.12,23,9.46,6.42,90,13,1,6,300,1
6789,14789,43,Female,70650,Social Media,Awareness,9642.99,0.03,0.08,7,5.34,4.92,8,14,3,8,4589,1
6790,14790,59,Female,33829,Email,Consideration,3663.86,0.23,0.01,44,8.63,4.88,31,4,2,6,1065,0
6791,14791,44,Male,23086,Email,Awareness,6681.51,0.17,0.01,12,8.2,8.23,77,14,4,4,2048,1
6792,14792,28,Female,129609,Referral,Consideration,1763.41,0.03,0.06,8,6.21,1.37,21,19,3,0,4279,0
6793,14793,55,Female,22590,Social Media,Retention,8188.63,0.01,0.11,19,7.76,7.48,39,11,1,3,2566,1
6794,14794,51,Female,59893,Social Media,Conversion,1697.54,0.28,0.08,19,9.37,5.2,77,14,8,4,1729,1
6795,14795,60,Female,93396,PPC,Conversion,3327.26,0.23,0.01,4,6.1,7.23,51,1,6,8,4678,1
6796,14796,36,Female,149797,Social Media,Retention,4959.27,0.21,0.05,45,5.61,14.64,77,15,4,4,1286,1
6797,14797,23,Female,58176,SEO,Awareness,5985.86,0.14,0.03,4,1.03,11.25,27,6,3,8,516,1
6798,14798,63,Female,87484,Referral,Consideration,5640.37,0.08,0.19,34,5.88,12.99,43,0,9,4,1018,1
6799,14799,69,Female,146484,SEO,Conversion,1110.75,0.21,0.07,0,8.36,5.89,53,18,4,8,434,1
6800,14800,55,Female,122267,Email,Retention,4274.59,0.19,0.01,41,7.86,10.73,96,6,1,5,4607,1
6801,14801,66,Female,118997,PPC,Awareness,9236.8,0.22,0.14,14,6.81,7.22,47,9,7,9,575,1
6802,14802,59,Female,46295,SEO,Conversion,8736.45,0.12,0.05,16,1.22,9.16,21,17,1,0,1074,1
6803,14803,45,Male,58131,Referral,Retention,5948.76,0.3,0.12,11,9.33,6.85,34,7,7,3,3059,1
6804,14804,18,Male,64893,SEO,Consideration,5766.01,0.03,0.04,45,4.86,2.41,44,5,4,9,4391,1
6805,14805,52,Female,31924,SEO,Retention,1205.58,0.03,0.2,35,6.14,14.24,27,0,3,9,3798,1
6806,14806,57,Male,124191,Social Media,Awareness,2082.57,0.28,0.19,42,4.58,10.74,66,12,6,2,4766,1
6807,14807,25,Male,30851,PPC,Conversion,2601.13,0.2,0.13,14,4.14,9.21,85,7,0,8,1362,1
6808,14808,69,Male,27734,Email,Consideration,4933.14,0.1,0.14,13,5.6,8.63,37,3,6,0,475,1
6809,14809,64,Male,62681,Referral,Awareness,7340.42,0.23,0.09,26,5.45,10.98,52,4,9,6,3096,1
6810,14810,24,Male,134495,Referral,Retention,4661.18,0.14,0.19,49,4.21,8.22,86,14,4,0,504,1
6811,14811,28,Male,140405,Email,Conversion,1348.0,0.02,0.09,21,8.23,3.63,5,4,5,5,3232,1
6812,14812,56,Female,25293,Referral,Conversion,4449.55,0.2,0.06,8,1.46,0.61,13,10,4,1,262,0
6813,14813,21,Female,73203,Social Media,Awareness,1710.07,0.08,0.03,46,2.05,6.05,85,9,6,6,785,0
6814,14814,42,Female,132149,SEO,Consideration,7536.36,0.04,0.05,20,1.74,8.67,35,8,0,1,3639,0
6815,14815,29,Male,33820,Social Media,Awareness,1748.36,0.08,0.12,2,6.08,5.89,83,7,1,2,387,0
6816,14816,43,Female,87827,Social Media,Conversion,4877.09,0.15,0.06,30,4.71,8.23,50,1,5,9,280,1
6817,14817,55,Female,67163,Social Media,Conversion,6964.79,0.02,0.13,12,5.07,10.14,86,15,6,4,3992,1
6818,14818,63,Female,32391,Email,Conversion,2359.16,0.27,0.08,1,6.19,12.24,76,2,7,4,189,1
6819,14819,29,Male,121002,PPC,Consideration,852.7,0.17,0.18,46,3.92,4.83,43,17,3,5,1741,1
6820,14820,60,Female,129870,Email,Conversion,5676.66,0.1,0.12,13,2.65,9.68,44,17,2,6,2304,1
6821,14821,68,Female,148670,Email,Conversion,636.61,0.21,0.13,6,3.76,13.43,72,9,8,6,4430,1
6822,14822,54,Female,61970,Social Media,Awareness,5918.91,0.24,0.12,28,9.95,2.71,40,17,1,0,2381,1
6823,14823,63,Female,66823,PPC,Conversion,7559.64,0.19,0.18,3,9.57,10.51,5,2,9,5,4600,1
6824,14824,41,Female,50796,Email,Retention,3360.23,0.07,0.02,3,9.61,13.76,91,19,0,0,948,0
6825,14825,33,Female,119345,PPC,Awareness,4934.66,0.04,0.02,23,1.25,10.23,6,0,5,5,4863,0
6826,14826,30,Female,136245,Social Media,Conversion,9294.74,0.26,0.14,41,1.81,1.84,82,9,2,8,4879,1
6827,14827,42,Male,103127,Email,Awareness,4763.98,0.08,0.16,20,1.41,4.61,94,7,6,3,1521,1
6828,14828,69,Female,128176,PPC,Awareness,9965.89,0.02,0.09,44,8.34,3.25,98,7,7,1,822,1
6829,14829,21,Female,56389,Referral,Retention,1654.32,0.2,0.08,27,9.92,13.73,92,19,1,3,1,1
6830,14830,28,Female,23352,Email,Awareness,7118.45,0.05,0.06,37,5.89,14.88,46,16,6,6,4831,1
6831,14831,49,Male,142143,Email,Awareness,6560.92,0.3,0.05,7,7.31,6.78,32,14,9,2,259,1
6832,14832,66,Male,103598,Email,Consideration,8735.82,0.26,0.18,41,4.17,13.49,21,10,4,9,2340,1
6833,14833,24,Female,48172,PPC,Conversion,1015.19,0.19,0.07,16,7.89,2.46,66,15,4,5,3191,1
6834,14834,63,Female,30937,SEO,Consideration,2874.05,0.25,0.13,8,6.9,0.55,76,15,4,9,4243,1
6835,14835,28,Female,113657,Email,Conversion,1408.57,0.15,0.16,45,8.21,8.74,12,0,4,1,401,1
6836,14836,45,Female,145873,Referral,Awareness,9337.64,0.24,0.01,19,5.5,14.82,55,19,9,1,3272,1
6837,14837,58,Male,100138,Referral,Conversion,4323.69,0.2,0.02,4,2.75,8.65,76,0,4,0,1725,0
6838,14838,40,Female,127276,Social Media,Awareness,9109.65,0.02,0.07,34,5.28,14.72,11,13,6,9,3695,1
6839,14839,62,Female,108672,SEO,Conversion,3014.63,0.29,0.14,40,3.81,7.04,4,13,7,1,2725,1
6840,14840,40,Female,86481,SEO,Awareness,1351.04,0.26,0.06,28,7.25,6.04,76,3,3,6,3961,1
6841,14841,67,Male,105348,PPC,Conversion,3035.72,0.29,0.01,11,2.23,13.98,54,7,6,4,1894,1
6842,14842,45,Female,93509,Social Media,Conversion,6012.03,0.22,0.06,31,3.99,1.21,75,15,8,3,29,1
6843,14843,60,Female,43552,PPC,Conversion,8467.8,0.13,0.03,30,1.06,5.24,73,7,1,6,3966,1
6844,14844,64,Female,34118,Social Media,Awareness,3915.37,0.07,0.05,30,8.34,6.93,14,14,8,8,1194,1
6845,14845,43,Female,31290,SEO,Conversion,9156.61,0.06,0.07,0,4.66,1.76,65,17,5,7,2589,1
6846,14846,42,Male,45123,PPC,Awareness,2517.9,0.05,0.03,42,7.99,8.0,37,12,8,9,1744,1
6847,14847,46,Male,101919,Social Media,Consideration,6966.05,0.07,0.14,4,1.88,5.94,79,9,6,1,3819,1
6848,14848,36,Female,79551,SEO,Conversion,7383.56,0.17,0.06,35,2.74,6.84,96,5,4,0,411,1
6849,14849,50,Female,72136,SEO,Retention,2812.23,0.21,0.14,11,8.65,10.45,97,18,4,8,1560,1
6850,14850,53,Male,83886,Email,Retention,367.0,0.1,0.12,15,6.36,1.52,54,0,0,2,4703,1
6851,14851,31,Female,137278,PPC,Awareness,3715.85,0.17,0.18,15,1.05,14.45,88,1,2,8,3319,1
6852,14852,31,Female,95902,Email,Retention,547.44,0.11,0.03,20,9.15,8.08,54,6,5,6,1099,1
6853,14853,52,Female,87333,SEO,Awareness,9017.46,0.21,0.05,32,9.85,12.66,46,11,1,5,3438,1
6854,14854,47,Male,111992,PPC,Awareness,9539.9,0.3,0.17,25,6.95,5.12,89,7,5,2,190,1
6855,14855,45,Female,64016,PPC,Retention,7380.26,0.21,0.17,2,7.55,5.05,13,12,4,2,1890,1
6856,14856,34,Male,41427,Referral,Retention,7294.18,0.03,0.05,22,2.2,13.61,14,0,0,0,4318,0
6857,14857,20,Male,22257,Social Media,Consideration,2484.84,0.15,0.03,24,7.9,2.2,34,17,2,4,4721,1
6858,14858,33,Male,87733,Referral,Awareness,831.86,0.23,0.17,19,1.89,2.0,30,7,0,9,3137,1
6859,14859,63,Female,28222,Referral,Retention,8040.84,0.17,0.04,46,9.01,10.61,33,11,6,4,1085,1
6860,14860,47,Male,45187,SEO,Consideration,5635.7,0.29,0.18,48,5.54,7.26,72,18,6,9,4915,1
6861,14861,69,Female,99688,Social Media,Consideration,6848.11,0.03,0.19,35,2.27,10.9,6,11,0,0,1764,1
6862,14862,46,Female,40781,Referral,Awareness,7818.45,0.09,0.05,34,1.8,6.78,37,1,7,6,3452,1
6863,14863,62,Female,145890,Referral,Conversion,4153.4,0.07,0.17,42,4.96,3.57,0,14,6,7,3238,1
6864,14864,32,Female,121216,PPC,Retention,1531.01,0.23,0.09,32,1.05,10.87,86,10,2,1,1899,1
6865,14865,63,Female,146682,SEO,Retention,7970.86,0.16,0.16,4,9.65,1.07,13,18,1,7,2949,1
6866,14866,42,Female,31004,Referral,Retention,4592.28,0.05,0.09,3,2.54,7.0,24,0,8,9,4691,0
6867,14867,68,Female,127178,Social Media,Retention,8286.55,0.09,0.02,7,4.78,7.15,7,2,6,0,969,0
6868,14868,55,Female,77600,Email,Retention,4433.22,0.16,0.15,10,6.46,1.63,39,0,5,9,3819,1
6869,14869,59,Male,45515,Email,Retention,2248.46,0.3,0.04,42,7.07,4.0,5,8,4,0,1017,1
6870,14870,64,Male,100952,SEO,Consideration,1792.95,0.12,0.19,49,6.08,4.27,78,13,4,9,1637,1
6871,14871,69,Female,91688,Email,Awareness,7464.83,0.06,0.09,26,2.61,13.45,19,15,2,4,3275,1
6872,14872,55,Female,92708,PPC,Consideration,5791.4,0.15,0.03,9,5.25,7.93,80,2,4,7,4079,1
6873,14873,40,Female,137582,PPC,Retention,4105.57,0.1,0.05,44,3.9,10.23,95,8,7,8,4125,1
6874,14874,42,Female,23185,Social Media,Awareness,4971.96,0.17,0.17,19,1.8,1.3,58,16,1,6,453,0
6875,14875,59,Male,110888,SEO,Retention,5541.42,0.15,0.07,31,4.49,2.0,5,16,2,7,1229,1
6876,14876,24,Female,137420,SEO,Awareness,2470.22,0.21,0.17,47,6.48,8.67,38,3,2,4,4474,1
6877,14877,39,Male,143611,Email,Consideration,3843.84,0.28,0.04,26,1.92,12.61,91,11,5,9,1529,1
6878,14878,34,Female,74476,Referral,Awareness,2994.87,0.07,0.1,48,2.48,1.27,9,13,0,5,4672,0
6879,14879,35,Female,116279,Referral,Consideration,3945.4,0.25,0.18,17,1.78,14.76,8,13,4,6,737,1
6880,14880,66,Female,51212,Referral,Retention,5055.57,0.29,0.02,25,1.01,13.34,33,13,8,8,1789,1
6881,14881,58,Male,112154,Social Media,Awareness,1816.24,0.12,0.07,34,9.43,13.16,76,15,0,2,1929,1
6882,14882,27,Female,94697,SEO,Conversion,3995.8,0.04,0.18,27,8.54,0.63,54,8,5,6,4882,1
6883,14883,27,Female,142537,Email,Conversion,3916.39,0.25,0.12,0,3.08,6.39,74,1,6,0,153,1
6884,14884,24,Female,68533,Social Media,Consideration,2931.44,0.21,0.15,33,6.2,12.04,74,4,0,8,1967,1
6885,14885,65,Female,142982,PPC,Consideration,9985.11,0.07,0.17,25,8.21,11.5,93,4,5,5,3128,1
6886,14886,67,Female,103003,PPC,Consideration,828.91,0.14,0.11,5,4.3,5.51,91,17,3,2,1643,1
6887,14887,55,Female,107125,PPC,Consideration,6465.22,0.18,0.17,49,7.65,13.23,86,10,3,1,46,1
6888,14888,44,Female,57630,SEO,Retention,1826.94,0.06,0.13,48,8.82,9.72,60,8,5,4,103,1
6889,14889,69,Male,88606,PPC,Conversion,8411.29,0.22,0.14,45,5.49,14.91,58,8,9,2,233,1
6890,14890,50,Female,130244,Referral,Consideration,9150.55,0.21,0.04,24,8.99,5.35,78,11,9,1,165,1
6891,14891,18,Female,94099,PPC,Awareness,4074.63,0.27,0.19,16,2.89,9.83,10,3,7,1,2939,1
6892,14892,61,Female,110790,Social Media,Awareness,8252.44,0.17,0.16,25,9.11,6.66,12,2,2,1,1980,1
6893,14893,51,Female,133235,PPC,Retention,2574.1,0.18,0.06,20,8.25,9.89,61,4,6,4,1208,1
6894,14894,21,Female,148969,Referral,Consideration,1486.68,0.19,0.12,31,8.56,4.27,91,6,9,2,3128,1
6895,14895,34,Female,36585,PPC,Awareness,3227.19,0.09,0.08,24,1.04,6.05,70,13,3,5,3956,1
6896,14896,21,Female,115833,Email,Consideration,3482.57,0.23,0.14,31,6.97,14.02,94,4,2,9,2518,1
6897,14897,60,Female,69240,Referral,Awareness,4033.84,0.2,0.2,40,4.61,4.69,21,0,2,2,108,0
6898,14898,43,Female,34772,SEO,Retention,3792.29,0.25,0.02,18,6.44,9.5,37,15,5,4,1159,1
6899,14899,21,Female,99991,PPC,Awareness,4170.33,0.23,0.19,1,1.75,13.82,13,18,9,7,4424,1
6900,14900,18,Female,91835,Social Media,Consideration,7129.33,0.2,0.02,34,3.13,7.47,5,1,7,7,3656,1
6901,14901,24,Female,95724,PPC,Consideration,2531.24,0.06,0.1,15,4.16,10.58,30,17,0,3,2534,1
6902,14902,47,Female,130990,Social Media,Retention,283.9,0.28,0.1,15,7.47,11.35,50,4,3,6,4497,1
6903,14903,67,Female,132315,Email,Conversion,4947.84,0.12,0.06,32,5.98,8.39,2,10,0,0,3188,1
6904,14904,26,Male,110299,SEO,Consideration,4538.08,0.29,0.12,49,1.13,5.99,16,15,7,1,2604,1
6905,14905,52,Male,118053,Referral,Conversion,694.64,0.13,0.17,23,4.01,12.22,19,8,4,0,2542,1
6906,14906,25,Male,107091,Referral,Consideration,1424.63,0.05,0.07,30,9.46,8.53,6,15,2,3,3606,1
6907,14907,41,Female,114859,SEO,Retention,5148.22,0.27,0.02,41,2.62,2.18,16,2,7,5,2574,1
6908,14908,36,Male,37938,Email,Awareness,2424.03,0.24,0.13,22,3.13,13.18,57,2,8,1,1253,1
6909,14909,53,Male,41983,Email,Conversion,8788.22,0.24,0.15,16,3.77,4.81,89,19,4,1,3531,1
6910,14910,67,Male,32874,PPC,Awareness,1815.6,0.04,0.19,32,3.41,7.65,26,1,0,6,662,0
6911,14911,69,Female,110341,Email,Retention,299.21,0.27,0.04,36,2.1,3.6,12,12,5,7,3683,1
6912,14912,60,Male,80896,PPC,Retention,4530.88,0.18,0.18,35,3.81,7.64,4,5,4,1,3002,1
6913,14913,44,Female,66209,Social Media,Retention,9863.01,0.15,0.1,18,5.85,2.37,64,13,5,7,1340,1
6914,14914,49,Male,52822,SEO,Consideration,6375.34,0.27,0.05,20,7.08,8.71,16,8,3,3,1873,1
6915,14915,31,Female,40750,Social Media,Consideration,3604.89,0.2,0.19,38,6.79,8.08,36,17,6,5,4839,1
6916,14916,35,Female,122335,Social Media,Consideration,266.99,0.05,0.06,39,2.46,12.37,15,2,4,1,1645,0
6917,14917,45,Female,62083,Social Media,Consideration,4900.99,0.16,0.15,18,6.53,8.62,17,11,6,8,2152,1
6918,14918,46,Female,137828,Social Media,Conversion,2144.01,0.19,0.16,7,4.22,6.43,91,18,9,7,1689,1
6919,14919,33,Female,142766,Referral,Retention,6512.77,0.27,0.09,25,8.4,7.26,2,4,1,9,2351,1
6920,14920,52,Female,47946,Email,Conversion,5871.78,0.09,0.14,40,4.26,9.27,17,13,2,3,335,1
6921,14921,64,Male,147945,SEO,Consideration,2725.62,0.24,0.12,17,9.79,12.67,40,7,0,2,1183,1
6922,14922,48,Female,21552,SEO,Awareness,781.94,0.24,0.05,13,6.53,1.11,93,12,2,0,3642,0
6923,14923,21,Male,115585,Social Media,Conversion,7574.69,0.05,0.15,17,4.86,13.94,95,7,7,4,3477,1
6924,14924,54,Female,93331,SEO,Awareness,5896.09,0.02,0.19,36,5.53,1.72,77,3,4,2,2135,1
6925,14925,34,Male,25271,PPC,Consideration,8437.05,0.18,0.1,27,2.58,5.5,16,15,8,3,2780,1
6926,14926,56,Female,100201,SEO,Conversion,2672.02,0.24,0.2,32,7.12,5.37,82,2,0,1,1831,1
6927,14927,65,Female,85651,Social Media,Conversion,6563.33,0.17,0.09,5,9.67,8.21,60,4,4,8,4151,1
6928,14928,63,Female,121917,SEO,Conversion,1274.94,0.25,0.1,6,5.63,5.64,46,13,1,3,4586,1
6929,14929,43,Female,48994,Email,Awareness,2988.92,0.19,0.14,4,9.93,3.68,71,14,7,3,787,1
6930,14930,65,Female,47186,Social Media,Consideration,6599.74,0.2,0.05,26,2.35,4.03,67,6,1,9,1067,1
6931,14931,56,Female,50267,Referral,Retention,8273.25,0.02,0.18,7,6.74,14.79,23,0,8,4,524,1
6932,14932,58,Female,59140,Email,Retention,3277.16,0.04,0.16,37,7.1,12.63,92,9,5,7,452,1
6933,14933,21,Male,134434,SEO,Consideration,8008.65,0.22,0.18,32,3.81,12.18,46,7,9,7,1519,1
6934,14934,47,Female,44935,Referral,Conversion,6809.75,0.23,0.13,11,4.16,6.58,55,7,8,4,2589,1
6935,14935,47,Female,51748,Email,Retention,3551.88,0.17,0.18,36,9.51,14.07,74,8,1,3,704,1
6936,14936,39,Female,110139,PPC,Conversion,8776.33,0.18,0.14,36,6.51,1.41,75,5,8,6,3435,1
6937,14937,28,Female,23837,Email,Consideration,5141.37,0.19,0.11,14,8.03,2.32,13,14,3,9,2999,1
6938,14938,19,Male,84875,Referral,Awareness,6517.64,0.04,0.19,16,7.53,4.08,70,12,2,2,4818,1
6939,14939,61,Male,121837,PPC,Conversion,5006.75,0.2,0.09,36,6.5,9.8,66,8,3,0,1796,1
6940,14940,29,Female,82694,SEO,Awareness,4581.93,0.15,0.11,41,1.43,2.92,95,17,7,2,1386,1
6941,14941,47,Female,29610,Social Media,Awareness,8494.98,0.18,0.04,28,6.96,5.37,10,19,6,6,2795,1
6942,14942,53,Female,48615,SEO,Consideration,3017.57,0.17,0.19,2,4.1,3.07,1,3,5,5,444,0
6943,14943,35,Female,96644,Social Media,Consideration,462.63,0.23,0.05,10,5.22,12.1,16,19,0,9,201,1
6944,14944,43,Female,124135,Social Media,Awareness,8809.85,0.1,0.05,25,8.66,13.68,41,16,1,0,1780,1
6945,14945,24,Male,42347,Referral,Awareness,8267.74,0.12,0.03,39,9.72,12.83,57,12,9,1,4661,1
6946,14946,18,Male,54062,PPC,Retention,3728.95,0.12,0.1,44,7.25,0.9,22,17,1,2,1728,1
6947,14947,43,Male,75122,PPC,Retention,1935.97,0.23,0.06,5,3.09,5.1,32,7,7,9,452,1
6948,14948,40,Female,68431,Email,Consideration,6787.78,0.14,0.15,34,3.86,9.74,85,9,4,9,2031,1
6949,14949,43,Male,93086,SEO,Conversion,879.73,0.06,0.07,23,2.24,0.51,44,16,4,4,3109,1
6950,14950,62,Female,48205,Referral,Awareness,4295.17,0.3,0.15,38,6.23,11.32,77,7,5,8,3044,1
6951,14951,23,Female,38459,SEO,Conversion,950.04,0.15,0.05,33,9.37,13.1,48,18,2,7,531,1
6952,14952,23,Male,132134,Email,Awareness,6019.31,0.04,0.05,23,8.3,1.62,19,19,1,0,2418,1
6953,14953,61,Male,131335,Email,Consideration,369.36,0.2,0.16,18,5.89,6.75,52,11,2,7,3847,1
6954,14954,25,Male,43750,Referral,Conversion,6329.46,0.22,0.08,12,9.47,4.89,16,7,4,3,3910,1
6955,14955,41,Female,130173,Email,Consideration,6764.74,0.16,0.03,42,9.07,14.23,7,18,9,4,1501,1
6956,14956,39,Female,47729,Referral,Awareness,4922.73,0.2,0.19,8,4.25,5.21,6,19,8,4,2091,1
6957,14957,36,Male,139895,Email,Consideration,1832.57,0.06,0.04,18,5.95,8.92,36,2,4,2,2559,1
6958,14958,54,Female,58585,PPC,Conversion,1103.8,0.12,0.04,31,3.66,0.63,99,7,5,7,2514,1
6959,14959,35,Female,103698,Referral,Retention,3201.59,0.06,0.08,20,1.08,12.63,48,7,9,2,4978,1
6960,14960,48,Female,65635,PPC,Consideration,4705.55,0.12,0.03,31,5.06,0.92,67,11,2,0,2491,0
6961,14961,54,Female,64854,PPC,Conversion,6457.86,0.17,0.04,45,7.75,8.75,29,14,4,4,4208,1
6962,14962,47,Female,96226,Referral,Consideration,112.38,0.14,0.17,11,6.71,11.24,51,0,3,7,1974,1
6963,14963,59,Female,49104,SEO,Consideration,7139.53,0.18,0.04,28,9.34,6.25,53,13,6,5,1088,1
6964,14964,50,Female,102293,Social Media,Retention,7155.85,0.16,0.03,32,7.17,0.96,51,0,7,4,2038,1
6965,14965,27,Male,34770,Email,Conversion,4500.92,0.1,0.18,0,2.27,13.56,84,8,0,0,1890,1
6966,14966,54,Female,148186,Email,Conversion,3499.72,0.05,0.09,48,3.4,5.81,41,12,2,2,1627,1
6967,14967,29,Female,148750,SEO,Conversion,8438.85,0.08,0.04,3,2.13,7.26,26,0,8,2,3540,1
6968,14968,47,Female,132633,Social Media,Awareness,7867.42,0.07,0.12,12,8.15,12.29,2,5,0,8,2838,1
6969,14969,44,Female,142245,SEO,Consideration,9834.43,0.22,0.02,22,9.56,10.08,94,13,7,7,1820,1
6970,14970,56,Female,95993,Social Media,Retention,3782.11,0.25,0.09,27,3.04,5.22,15,6,1,8,3673,1
6971,14971,26,Male,144011,Referral,Conversion,9077.64,0.22,0.12,42,7.89,8.34,76,10,9,1,886,1
6972,14972,38,Male,128338,Referral,Retention,965.28,0.2,0.19,49,4.93,1.86,70,6,9,8,3445,1
6973,14973,29,Male,37957,PPC,Awareness,4173.51,0.1,0.07,11,4.2,7.48,74,16,4,7,899,1
6974,14974,46,Female,75178,PPC,Awareness,4707.2,0.22,0.16,18,9.88,6.71,97,19,2,2,1609,1
6975,14975,50,Male,115155,Referral,Retention,4464.66,0.19,0.04,32,4.11,11.52,41,6,6,7,3347,1
6976,14976,60,Male,40828,PPC,Conversion,6288.47,0.02,0.09,17,6.95,12.1,74,17,1,4,3185,1
6977,14977,32,Male,37171,Referral,Retention,1785.06,0.27,0.05,33,7.42,13.15,95,15,7,9,4812,1
6978,14978,19,Male,119849,SEO,Conversion,8677.88,0.03,0.1,29,7.96,12.93,55,5,0,8,3617,1
6979,14979,69,Male,81465,Email,Conversion,5562.46,0.16,0.09,42,8.76,14.98,32,1,5,1,4170,1
6980,14980,56,Male,131663,Referral,Awareness,9051.67,0.16,0.2,46,6.1,10.76,28,19,2,0,282,1
6981,14981,61,Female,33146,Referral,Retention,126.05,0.25,0.18,46,6.44,9.5,94,1,0,1,902,0
6982,14982,35,Male,143249,Referral,Awareness,6336.88,0.27,0.12,5,7.4,2.63,90,14,9,1,496,1
6983,14983,20,Male,148611,PPC,Consideration,4183.33,0.28,0.04,3,2.34,7.29,61,5,0,5,782,0
6984,14984,24,Female,66266,PPC,Awareness,5100.48,0.18,0.12,11,2.8,6.74,65,10,2,8,3517,1
6985,14985,60,Female,148523,PPC,Conversion,7463.66,0.21,0.16,22,7.88,11.15,7,7,5,8,4746,1
6986,14986,35,Male,65939,PPC,Retention,2348.8,0.04,0.02,27,2.21,4.48,42,8,6,5,3304,0
6987,14987,61,Male,34202,SEO,Consideration,2128.5,0.15,0.09,10,7.2,13.13,46,8,3,2,1206,1
6988,14988,55,Female,57142,Referral,Consideration,7059.78,0.27,0.02,27,1.29,3.69,11,13,2,3,1128,1
6989,14989,54,Male,83828,SEO,Consideration,5261.52,0.14,0.06,39,4.04,7.51,83,12,2,4,1207,1
6990,14990,50,Male,107367,PPC,Consideration,2413.03,0.03,0.03,33,6.96,14.19,39,14,3,1,21,0
6991,14991,61,Male,79046,SEO,Retention,4891.78,0.07,0.19,47,7.36,5.49,4,13,2,9,1277,1
6992,14992,48,Male,29849,Referral,Conversion,4649.63,0.13,0.04,33,6.67,11.06,55,15,3,8,2915,1
6993,14993,28,Female,79272,Referral,Consideration,6945.3,0.08,0.04,20,4.97,5.37,56,15,5,0,2591,1
6994,14994,21,Female,40439,PPC,Conversion,126.34,0.12,0.19,35,3.29,7.96,76,18,8,0,588,1
6995,14995,35,Female,102526,Referral,Awareness,5908.93,0.11,0.11,27,6.52,11.75,0,12,9,4,3555,1
6996,14996,21,Female,98872,SEO,Conversion,6096.21,0.1,0.15,33,2.66,12.31,32,11,9,3,3457,1
6997,14997,66,Female,55344,Social Media,Consideration,7480.55,0.04,0.07,40,1.54,12.72,59,8,6,9,3980,1
6998,14998,51,Female,108489,Referral,Awareness,8903.38,0.27,0.11,28,1.18,1.94,72,3,6,5,3561,1
6999,14999,46,Female,73276,SEO,Awareness,4457.88,0.21,0.01,25,3.41,12.9,33,7,6,9,582,1
7000,15000,41,Male,25051,SEO,Awareness,3490.95,0.19,0.09,12,1.27,2.62,71,11,4,8,3898,1
7001,15001,39,Female,69474,SEO,Consideration,1112.97,0.19,0.12,33,3.24,4.46,32,0,6,0,31,0
7002,15002,19,Female,95604,Referral,Conversion,3434.67,0.13,0.11,18,3.6,14.58,99,11,7,0,3068,1
7003,15003,61,Male,149336,Social Media,Retention,778.0,0.25,0.09,7,4.1,2.59,55,7,6,6,3940,1
7004,15004,23,Female,36967,PPC,Conversion,8047.92,0.28,0.16,28,7.42,4.14,75,3,2,2,2403,1
7005,15005,59,Female,41773,PPC,Consideration,8089.36,0.01,0.11,42,4.97,5.37,99,9,9,9,3484,1
7006,15006,42,Female,129305,Referral,Consideration,4230.65,0.03,0.13,39,9.87,12.19,82,0,8,9,2342,1
7007,15007,38,Male,116550,Referral,Awareness,2670.45,0.21,0.05,15,9.53,5.15,20,19,9,9,820,1
7008,15008,33,Female,94383,Email,Conversion,1268.4,0.08,0.17,27,9.83,12.48,96,2,5,2,1193,1
7009,15009,48,Female,90417,Social Media,Consideration,8527.25,0.27,0.08,29,4.71,3.48,67,14,7,8,1611,1
7010,15010,31,Female,61182,SEO,Consideration,8787.2,0.2,0.1,22,1.4,9.21,3,1,5,4,2167,1
7011,15011,56,Male,136810,SEO,Retention,2736.27,0.12,0.08,28,8.74,14.42,48,9,3,6,4977,1
7012,15012,45,Male,83589,PPC,Conversion,6255.43,0.13,0.18,19,4.91,1.09,10,7,0,5,2611,1
7013,15013,49,Female,93235,Referral,Awareness,2660.67,0.21,0.18,16,6.77,13.67,89,13,6,0,669,1
7014,15014,45,Female,44180,Social Media,Awareness,2328.75,0.05,0.05,25,8.59,2.89,4,12,7,3,3702,1
7015,15015,68,Female,134349,PPC,Awareness,309.96,0.27,0.15,46,6.47,8.92,59,12,3,7,4352,1
7016,15016,66,Female,84372,Social Media,Conversion,5813.88,0.01,0.03,38,7.63,1.21,29,7,8,6,2914,1
7017,15017,26,Female,71372,Referral,Consideration,1584.42,0.29,0.02,32,3.24,8.78,65,4,7,4,4155,1
7018,15018,62,Female,123427,SEO,Consideration,222.47,0.06,0.17,13,2.76,9.42,87,1,9,4,4103,1
7019,15019,39,Male,134515,Email,Retention,1138.03,0.23,0.03,30,6.0,12.21,15,5,1,8,3803,1
7020,15020,49,Male,89086,Social Media,Retention,3206.31,0.02,0.04,15,6.74,6.53,81,7,9,8,1118,1
7021,15021,22,Female,42163,SEO,Consideration,6724.72,0.14,0.13,20,8.85,13.78,75,11,7,5,3325,1
7022,15022,40,Female,128938,Social Media,Consideration,2105.97,0.19,0.17,34,8.39,5.87,89,9,3,8,956,1
7023,15023,22,Female,83089,Social Media,Conversion,8887.15,0.03,0.05,49,9.9,1.83,11,17,9,6,331,1
7024,15024,59,Female,139616,Social Media,Retention,2956.04,0.14,0.03,18,9.7,6.11,25,6,8,5,1956,1
7025,15025,49,Male,115211,Referral,Awareness,3379.14,0.1,0.02,5,6.61,4.94,67,8,2,1,1904,0
7026,15026,27,Female,130481,PPC,Awareness,2257.97,0.15,0.01,22,5.53,6.97,26,9,2,2,2705,1
7027,15027,56,Female,52934,Social Media,Awareness,2612.67,0.16,0.03,25,7.85,3.39,52,19,6,8,2273,1
7028,15028,32,Female,75595,Referral,Awareness,833.94,0.24,0.19,8,3.35,5.87,86,5,7,0,597,0
7029,15029,24,Male,46592,Email,Consideration,3018.23,0.05,0.03,12,4.17,13.35,84,6,5,6,885,1
7030,15030,46,Female,126613,PPC,Consideration,8610.21,0.03,0.12,43,7.9,9.96,47,11,5,0,2479,1
7031,15031,64,Female,43039,Referral,Conversion,6915.4,0.13,0.19,14,9.55,3.37,36,6,9,9,2344,1
7032,15032,20,Female,84099,Email,Awareness,8765.16,0.27,0.13,31,9.06,1.27,97,12,7,6,4002,1
7033,15033,36,Female,128305,PPC,Consideration,1138.1,0.26,0.02,38,1.66,3.64,44,17,9,7,2265,1
7034,15034,27,Male,109262,Referral,Consideration,4610.6,0.17,0.12,43,3.09,6.43,74,4,9,2,4513,1
7035,15035,45,Male,120510,Email,Consideration,2369.62,0.27,0.18,16,3.46,5.82,2,16,1,1,943,1
7036,15036,46,Male,148383,Referral,Awareness,7240.03,0.24,0.07,44,4.45,12.8,5,14,4,4,2370,1
7037,15037,32,Female,54018,Email,Consideration,9705.35,0.09,0.07,28,1.64,9.0,77,1,1,2,58,0
7038,15038,52,Female,73158,Social Media,Retention,8172.06,0.06,0.06,48,3.08,12.72,5,4,2,9,611,1
7039,15039,23,Female,145989,Social Media,Awareness,449.25,0.1,0.11,39,7.45,14.98,76,15,6,6,3260,1
7040,15040,29,Male,24558,PPC,Awareness,3234.93,0.08,0.06,17,3.2,4.71,28,0,0,9,1506,0
7041,15041,64,Female,52174,Email,Retention,382.94,0.19,0.15,33,9.48,7.42,32,8,3,1,745,1
7042,15042,55,Female,115941,Social Media,Conversion,497.65,0.18,0.13,48,4.81,10.73,16,3,6,6,2040,1
7043,15043,30,Male,62631,PPC,Conversion,887.2,0.18,0.09,24,1.9,7.92,56,0,4,1,3844,1
7044,15044,46,Female,87687,SEO,Awareness,2835.64,0.06,0.15,11,8.58,5.24,10,10,4,6,612,1
7045,15045,36,Male,123381,Social Media,Awareness,3111.61,0.24,0.03,44,9.24,12.33,65,4,2,6,247,0
7046,15046,20,Male,35552,Social Media,Awareness,4064.49,0.14,0.15,14,9.35,13.44,33,9,7,3,2710,1
7047,15047,25,Male,55065,Referral,Retention,4108.82,0.15,0.12,42,5.45,4.53,94,8,2,9,4934,1
7048,15048,25,Female,127532,SEO,Consideration,7736.95,0.3,0.13,23,9.28,4.58,15,6,6,2,1438,1
7049,15049,37,Female,22614,Email,Retention,1499.89,0.09,0.02,8,7.38,8.73,40,18,0,8,2920,0
7050,15050,64,Male,54647,PPC,Consideration,1661.63,0.12,0.13,39,2.76,12.34,36,11,2,0,4745,1
7051,15051,21,Female,77940,SEO,Consideration,6303.23,0.21,0.1,19,5.8,8.04,21,17,0,3,1380,1
7052,15052,68,Female,20620,Email,Conversion,5760.25,0.27,0.1,24,4.9,1.37,45,3,3,9,2990,1
7053,15053,38,Female,43082,Social Media,Retention,1624.65,0.05,0.07,46,5.06,4.78,34,11,2,3,1506,1
7054,15054,20,Male,41891,PPC,Retention,8537.42,0.22,0.01,23,4.72,7.79,6,3,8,7,1969,1
7055,15055,62,Female,126566,PPC,Awareness,3357.69,0.28,0.09,48,2.58,11.18,49,2,1,3,3749,1
7056,15056,25,Female,82395,SEO,Retention,3732.98,0.13,0.09,25,4.51,11.74,14,16,4,9,1572,1
7057,15057,40,Male,70955,Referral,Consideration,4262.55,0.09,0.09,13,5.61,11.41,3,17,9,4,3927,1
7058,15058,33,Male,52314,Email,Consideration,3294.75,0.21,0.13,4,3.57,1.87,87,8,2,3,565,0
7059,15059,30,Female,43500,SEO,Retention,5618.81,0.08,0.07,47,2.59,9.43,12,13,2,0,988,0
7060,15060,20,Male,73685,Referral,Conversion,3947.61,0.12,0.06,28,2.78,6.67,28,12,4,7,4962,1
7061,15061,65,Female,143947,Referral,Conversion,2668.4,0.27,0.1,7,2.74,5.05,49,4,1,1,3841,0
7062,15062,26,Male,84783,Referral,Awareness,9054.3,0.18,0.12,16,5.02,12.5,15,14,4,9,4942,1
7063,15063,31,Female,120229,PPC,Awareness,3152.67,0.04,0.12,42,2.88,5.7,0,4,2,4,2219,0
7064,15064,30,Male,70189,Email,Consideration,7015.04,0.11,0.18,21,7.46,3.15,33,11,1,9,1600,1
7065,15065,24,Male,113554,Email,Retention,3537.55,0.19,0.16,17,4.02,10.59,97,9,4,1,1289,1
7066,15066,32,Male,39567,SEO,Consideration,4408.68,0.15,0.02,26,9.45,2.46,79,0,2,4,4471,0
7067,15067,24,Female,45978,Social Media,Consideration,2435.84,0.2,0.12,1,1.56,4.76,95,2,7,3,3937,0
7068,15068,55,Female,96089,SEO,Retention,7548.06,0.23,0.09,0,3.79,6.94,32,18,1,9,2151,1
7069,15069,51,Male,29630,Email,Consideration,7398.31,0.15,0.08,40,7.65,2.55,14,1,6,5,2236,1
7070,15070,58,Male,32003,PPC,Consideration,320.18,0.3,0.19,7,7.16,4.67,80,4,7,2,337,0
7071,15071,39,Female,61444,SEO,Conversion,695.92,0.28,0.1,20,4.79,9.8,57,0,6,5,4056,1
7072,15072,41,Female,106184,Social Media,Awareness,9231.53,0.03,0.15,23,8.83,8.58,80,14,1,1,3713,1
7073,15073,66,Female,51607,SEO,Conversion,8899.39,0.09,0.19,1,1.64,12.74,34,0,8,2,1311,1
7074,15074,54,Male,123202,Referral,Awareness,5110.26,0.1,0.04,43,5.58,2.54,52,19,9,1,1172,1
7075,15075,61,Female,44821,Social Media,Awareness,4984.24,0.06,0.02,37,2.8,13.03,28,8,5,4,3025,1
7076,15076,18,Female,34601,Referral,Awareness,8143.0,0.1,0.07,27,4.37,1.6,75,2,8,4,1544,1
7077,15077,27,Female,65904,PPC,Conversion,1470.66,0.13,0.02,33,7.29,11.28,57,15,2,7,1398,1
7078,15078,60,Female,132882,Email,Retention,6571.62,0.02,0.03,11,1.89,3.5,76,7,8,5,783,0
7079,15079,33,Male,91657,SEO,Consideration,4812.23,0.05,0.2,49,1.39,13.59,20,7,2,6,1294,1
7080,15080,63,Male,58557,SEO,Retention,7458.98,0.04,0.19,4,4.79,1.1,38,14,2,8,2355,1
7081,15081,25,Female,72523,Referral,Retention,398.02,0.02,0.14,44,3.44,8.91,0,11,7,3,238,1
7082,15082,66,Female,101846,Referral,Awareness,5967.98,0.15,0.15,35,7.48,0.69,48,16,5,5,938,1
7083,15083,42,Female,70502,Email,Awareness,5611.61,0.11,0.04,7,1.59,11.17,76,10,0,6,2585,1
7084,15084,67,Female,143409,SEO,Conversion,8424.4,0.28,0.12,29,9.7,0.99,42,3,1,2,3372,1
7085,15085,29,Female,42098,Email,Conversion,6800.68,0.04,0.04,9,6.59,11.04,87,16,9,7,1314,1
7086,15086,42,Female,65902,Referral,Consideration,8813.59,0.28,0.08,20,5.51,12.22,87,10,7,3,665,1
7087,15087,34,Female,138502,Referral,Retention,8884.01,0.04,0.08,45,4.71,13.49,76,7,6,3,3055,1
7088,15088,43,Male,109067,Social Media,Retention,4140.82,0.19,0.13,33,7.74,5.71,99,18,7,1,2498,1
7089,15089,63,Male,59253,Referral,Consideration,1460.6,0.08,0.03,33,4.21,8.37,4,19,7,8,4889,1
7090,15090,65,Female,95516,Referral,Awareness,6339.81,0.25,0.03,3,7.99,11.14,54,16,5,8,2415,1
7091,15091,31,Male,144582,Email,Conversion,8750.09,0.03,0.13,10,7.4,12.4,77,7,6,9,1286,1
7092,15092,58,Male,121929,Social Media,Consideration,842.04,0.29,0.13,21,5.96,11.85,79,7,5,9,2006,1
7093,15093,53,Male,64280,Social Media,Retention,5623.44,0.02,0.07,40,9.0,12.79,69,6,0,4,3655,1
7094,15094,40,Male,28951,SEO,Consideration,1238.5,0.08,0.04,49,4.11,13.52,1,18,4,7,2789,1
7095,15095,60,Male,28117,PPC,Consideration,367.26,0.14,0.18,22,1.52,9.93,67,1,9,7,1371,1
7096,15096,23,Female,45979,SEO,Retention,6828.39,0.23,0.02,48,4.39,3.02,62,12,0,0,4959,1
7097,15097,64,Female,94525,SEO,Retention,6850.31,0.29,0.15,33,8.88,12.59,79,3,1,2,4118,1
7098,15098,22,Female,36915,SEO,Conversion,6046.51,0.13,0.04,29,1.7,7.22,99,17,4,1,2630,1
7099,15099,60,Female,79261,Social Media,Conversion,8606.31,0.23,0.13,24,7.87,1.23,84,12,1,4,1881,1
7100,15100,42,Female,115071,Email,Retention,900.68,0.22,0.14,23,8.43,9.58,80,0,3,2,1518,1
7101,15101,35,Male,117660,Referral,Conversion,1142.08,0.18,0.16,24,4.85,11.05,66,2,2,6,730,1
7102,15102,30,Female,138825,Social Media,Conversion,8658.9,0.21,0.09,29,2.75,7.14,87,2,8,1,4904,1
7103,15103,60,Male,129912,Referral,Conversion,5082.44,0.02,0.01,38,4.2,7.85,69,15,9,2,1356,1
7104,15104,31,Female,118902,Referral,Retention,2803.22,0.14,0.16,43,4.59,8.47,82,0,4,6,923,1
7105,15105,45,Female,92964,PPC,Awareness,7407.75,0.24,0.09,15,9.39,4.16,97,15,1,2,3198,1
7106,15106,35,Female,110417,SEO,Awareness,8954.6,0.15,0.17,9,3.56,5.92,85,16,9,2,1923,1
7107,15107,45,Female,90440,PPC,Conversion,6927.07,0.26,0.16,30,9.75,12.2,2,2,5,4,1223,1
7108,15108,68,Female,55677,SEO,Awareness,7940.13,0.25,0.1,10,1.98,0.93,38,14,5,0,4640,1
7109,15109,44,Female,131855,Social Media,Conversion,2896.72,0.26,0.2,8,9.77,8.58,86,13,4,2,1550,1
7110,15110,49,Male,69830,Referral,Awareness,2958.88,0.05,0.1,35,3.01,0.96,10,10,2,1,568,0
7111,15111,64,Female,72536,PPC,Awareness,8654.83,0.08,0.14,47,2.51,3.42,95,12,7,1,3315,1
7112,15112,26,Female,28922,Social Media,Consideration,6187.14,0.02,0.14,18,2.08,5.91,29,4,4,2,2054,1
7113,15113,57,Male,116696,Social Media,Conversion,2418.21,0.3,0.11,4,3.85,3.2,49,11,9,1,965,1
7114,15114,49,Male,87561,SEO,Awareness,5289.2,0.08,0.12,11,6.55,12.8,99,16,8,2,2993,1
7115,15115,37,Female,33220,Referral,Awareness,6890.02,0.12,0.16,9,7.0,13.12,66,5,3,4,847,1
7116,15116,45,Male,65958,SEO,Consideration,2263.64,0.09,0.12,13,4.33,2.72,47,16,3,9,63,1
7117,15117,50,Male,73380,SEO,Awareness,6583.57,0.02,0.1,19,3.08,13.44,39,16,1,9,3649,1
7118,15118,21,Female,22766,Social Media,Consideration,517.23,0.09,0.14,19,9.96,3.83,99,9,2,6,818,0
7119,15119,63,Male,104018,SEO,Awareness,3106.55,0.04,0.02,43,3.44,0.68,15,7,6,3,786,0
7120,15120,51,Female,141449,Email,Consideration,6772.32,0.12,0.03,35,4.4,11.18,31,17,5,6,4659,1
7121,15121,65,Female,53159,Referral,Consideration,1578.56,0.29,0.03,24,5.33,8.01,99,9,6,4,1636,1
7122,15122,20,Female,30935,SEO,Retention,2299.77,0.21,0.09,40,7.66,7.73,61,0,6,8,4922,1
7123,15123,43,Male,23784,SEO,Conversion,8803.02,0.22,0.18,45,2.37,0.54,85,4,8,3,1593,1
7124,15124,25,Female,108586,PPC,Retention,6775.78,0.14,0.13,4,3.4,14.69,75,17,2,2,887,1
7125,15125,23,Female,40221,Referral,Conversion,5039.3,0.25,0.19,40,9.97,12.57,39,0,5,1,1800,1
7126,15126,33,Male,49179,Referral,Awareness,2187.84,0.27,0.02,26,8.43,14.53,77,8,1,9,1414,1
7127,15127,41,Male,38069,SEO,Conversion,3479.96,0.29,0.15,1,4.99,4.03,70,17,2,3,3586,1
7128,15128,65,Female,141185,Email,Retention,5785.87,0.04,0.07,11,1.98,9.25,65,4,5,1,596,0
7129,15129,56,Male,55682,PPC,Conversion,1637.59,0.27,0.01,27,8.8,11.33,10,9,0,3,3165,1
7130,15130,47,Male,76268,Email,Retention,4869.27,0.08,0.17,43,8.05,12.15,73,13,7,2,3985,1
7131,15131,62,Male,111530,SEO,Conversion,4148.85,0.13,0.04,12,6.23,11.84,5,11,3,8,441,1
7132,15132,30,Male,131547,Referral,Awareness,4819.2,0.11,0.05,20,4.64,8.8,8,6,4,4,3919,1
7133,15133,22,Male,114303,Referral,Awareness,1145.05,0.21,0.07,42,9.42,0.96,18,12,4,2,4721,1
7134,15134,42,Female,147081,Email,Conversion,1154.32,0.18,0.16,7,3.66,14.91,24,3,5,6,2992,1
7135,15135,37,Female,97818,Social Media,Conversion,9644.7,0.04,0.13,11,3.89,2.17,4,18,0,1,1131,1
7136,15136,35,Male,40110,SEO,Awareness,9795.74,0.24,0.06,40,8.88,3.12,4,17,7,9,3645,1
7137,15137,64,Female,131269,Referral,Conversion,4319.03,0.14,0.04,43,6.64,12.45,53,14,4,5,3987,1
7138,15138,35,Female,51232,Social Media,Consideration,7911.05,0.01,0.03,10,9.56,1.96,66,14,2,0,4351,0
7139,15139,19,Female,146509,Referral,Awareness,6592.34,0.13,0.04,18,6.81,3.59,67,0,7,7,4014,1
7140,15140,27,Female,64273,Referral,Awareness,1257.48,0.16,0.17,7,1.3,0.79,11,15,9,5,4884,1
7141,15141,62,Female,90487,Social Media,Retention,3037.12,0.03,0.19,26,2.59,2.77,89,3,2,7,3722,0
7142,15142,67,Female,75210,Email,Retention,3205.15,0.05,0.19,6,3.54,10.05,5,18,2,3,3849,1
7143,15143,64,Female,93191,SEO,Consideration,5998.17,0.3,0.17,20,8.81,5.73,73,2,7,2,2412,1
7144,15144,29,Female,49461,Social Media,Conversion,5841.77,0.26,0.18,26,8.48,2.46,90,4,9,9,2735,1
7145,15145,64,Male,24610,Social Media,Consideration,9242.74,0.05,0.17,13,8.11,4.33,86,1,7,3,3948,1
7146,15146,30,Male,76973,Referral,Conversion,7921.36,0.18,0.19,31,5.98,11.43,37,9,2,6,2413,1
7147,15147,67,Female,117153,Social Media,Retention,8582.79,0.12,0.17,28,2.25,8.57,29,8,3,5,2205,1
7148,15148,64,Female,103004,SEO,Conversion,8923.16,0.17,0.1,23,2.18,7.4,36,11,5,8,1934,1
7149,15149,28,Female,27583,Email,Retention,8032.64,0.15,0.07,27,2.13,1.18,24,13,0,6,80,1
7150,15150,36,Female,45583,Email,Awareness,3395.52,0.02,0.12,23,8.69,7.92,43,14,8,2,53,1
7151,15151,52,Male,37701,Email,Awareness,2228.63,0.1,0.13,1,2.27,7.48,59,0,1,9,2271,0
7152,15152,56,Female,26880,SEO,Conversion,5760.5,0.05,0.12,30,8.28,6.92,13,15,0,4,2831,1
7153,15153,43,Male,120653,Referral,Retention,6926.73,0.15,0.14,11,8.6,7.57,66,5,4,7,1842,1
7154,15154,63,Male,109257,SEO,Consideration,3927.02,0.27,0.14,0,1.95,1.58,67,4,6,4,4033,0
7155,15155,31,Female,71845,Social Media,Retention,8498.55,0.3,0.03,20,9.12,14.03,35,18,7,4,3716,1
7156,15156,62,Male,125512,PPC,Retention,9609.61,0.28,0.06,28,9.08,4.94,24,14,4,2,2951,1
7157,15157,61,Female,112390,PPC,Retention,5737.02,0.3,0.18,29,6.74,9.96,7,0,7,3,1786,1
7158,15158,41,Female,132024,PPC,Awareness,4620.26,0.01,0.12,41,5.62,5.71,24,16,2,8,4500,1
7159,15159,58,Male,92417,Email,Retention,8444.58,0.22,0.07,0,6.83,5.26,35,6,6,8,582,1
7160,15160,18,Female,23722,SEO,Conversion,340.27,0.09,0.17,21,4.64,11.01,29,7,7,2,3394,1
7161,15161,68,Female,40077,SEO,Awareness,1377.22,0.26,0.06,41,6.3,6.57,78,2,4,4,1049,1
7162,15162,60,Male,100868,Email,Awareness,8472.01,0.25,0.09,7,9.73,9.43,59,6,4,7,2075,1
7163,15163,39,Male,139080,Social Media,Awareness,7347.08,0.13,0.06,12,2.02,4.48,44,7,6,4,3666,1
7164,15164,40,Female,147430,PPC,Retention,4219.75,0.15,0.18,13,3.1,4.35,46,18,1,6,140,1
7165,15165,36,Female,125528,PPC,Consideration,8899.63,0.09,0.15,41,5.72,3.39,49,11,2,9,3264,1
7166,15166,35,Male,33229,Email,Retention,3579.44,0.09,0.1,0,3.33,4.86,68,9,8,2,2278,1
7167,15167,29,Male,93338,PPC,Retention,6375.07,0.29,0.19,31,9.93,1.44,81,4,6,1,4645,1
7168,15168,45,Female,81679,Referral,Consideration,6379.91,0.27,0.19,37,7.48,1.63,95,4,5,1,764,1
7169,15169,45,Female,107637,SEO,Retention,1924.89,0.07,0.15,11,4.91,12.87,41,11,0,8,2696,1
7170,15170,50,Male,31439,PPC,Conversion,2920.03,0.09,0.18,46,9.12,4.56,49,12,6,0,4564,1
7171,15171,36,Female,55902,PPC,Consideration,9168.47,0.04,0.15,44,2.3,8.31,6,0,4,0,2752,1
7172,15172,45,Female,22598,Referral,Conversion,1915.81,0.3,0.13,46,3.59,7.7,3,16,5,1,3143,1
7173,15173,69,Female,112297,Social Media,Conversion,1818.39,0.27,0.09,15,9.6,9.7,53,18,1,5,4757,1
7174,15174,66,Male,24052,Social Media,Awareness,4848.19,0.17,0.06,23,6.01,9.9,44,1,7,5,1561,1
7175,15175,54,Female,32741,Referral,Awareness,1012.75,0.21,0.02,43,9.29,5.82,30,17,9,5,4670,1
7176,15176,43,Male,89360,Social Media,Consideration,8956.8,0.23,0.16,19,9.86,2.43,79,19,5,5,2256,1
7177,15177,52,Female,56288,Email,Retention,1091.48,0.07,0.03,42,4.24,3.07,60,10,1,5,3896,0
7178,15178,51,Female,21249,Referral,Conversion,6203.92,0.28,0.09,43,6.19,5.71,44,13,7,7,4116,1
7179,15179,52,Female,42970,SEO,Retention,3463.84,0.16,0.05,31,8.62,8.62,2,14,0,5,1873,1
7180,15180,57,Female,35565,SEO,Conversion,8062.3,0.04,0.1,26,3.45,9.41,46,11,1,8,3616,1
7181,15181,33,Female,76995,SEO,Awareness,5939.13,0.13,0.07,33,5.02,14.02,48,5,4,4,3932,1
7182,15182,55,Female,103994,PPC,Awareness,3944.23,0.18,0.17,21,2.38,4.93,2,4,5,3,3294,1
7183,15183,30,Male,71656,Referral,Awareness,9840.34,0.11,0.2,2,6.87,2.08,2,13,4,0,314,1
7184,15184,40,Female,82134,Referral,Consideration,755.69,0.21,0.19,16,1.04,8.3,92,5,1,1,4141,0
7185,15185,39,Male,65765,Social Media,Conversion,5820.08,0.27,0.13,13,5.04,1.47,82,2,2,3,2770,1
7186,15186,33,Male,22014,Referral,Retention,9896.73,0.23,0.2,26,9.36,2.9,3,5,9,8,3165,1
7187,15187,45,Female,90480,Referral,Conversion,6940.43,0.2,0.09,38,9.08,8.53,58,13,3,3,1285,1
7188,15188,65,Female,119252,Social Media,Retention,7423.72,0.16,0.11,19,8.23,13.9,34,19,7,7,4661,1
7189,15189,52,Female,134794,Referral,Retention,417.7,0.08,0.06,45,2.27,3.34,52,17,0,1,4976,0
7190,15190,62,Female,128987,Referral,Retention,311.5,0.14,0.18,30,5.68,5.76,15,16,5,0,2210,1
7191,15191,63,Female,34012,Email,Conversion,457.49,0.1,0.04,40,7.47,6.92,50,8,6,8,3350,1
7192,15192,25,Female,149059,Social Media,Awareness,9918.07,0.28,0.13,30,1.91,14.33,25,7,8,9,1444,1
7193,15193,61,Male,122996,Email,Consideration,9797.25,0.27,0.16,28,2.32,11.17,37,3,2,5,4389,1
7194,15194,39,Female,77498,PPC,Consideration,3411.64,0.06,0.12,41,1.36,5.32,67,9,9,9,3378,1
7195,15195,38,Female,88776,Social Media,Awareness,2980.72,0.25,0.03,42,3.91,4.43,33,16,2,4,4976,1
7196,15196,43,Male,143675,Referral,Consideration,1544.99,0.21,0.13,31,8.9,8.02,20,19,9,2,4458,1
7197,15197,57,Male,81711,Referral,Retention,3358.49,0.29,0.16,29,5.57,6.03,40,4,3,8,3601,1
7198,15198,38,Female,62530,Email,Consideration,3764.48,0.14,0.05,42,8.68,9.44,58,16,0,1,3633,1
7199,15199,42,Male,99267,Email,Conversion,7508.0,0.22,0.15,26,1.75,8.25,88,13,6,9,2751,1
7200,15200,58,Male,139991,PPC,Awareness,8676.31,0.16,0.18,18,1.5,0.99,2,11,9,7,4317,1
7201,15201,18,Male,38018,PPC,Awareness,7492.68,0.03,0.2,27,8.24,1.58,55,6,2,3,82,1
7202,15202,23,Male,148236,Referral,Awareness,6500.1,0.02,0.09,44,5.48,2.44,61,14,4,6,620,1
7203,15203,40,Female,128434,SEO,Awareness,7682.41,0.05,0.01,9,5.24,9.94,17,14,6,7,3498,1
7204,15204,68,Female,37916,PPC,Conversion,7411.13,0.1,0.09,15,5.28,14.67,88,11,4,0,4688,1
7205,15205,40,Male,60376,Referral,Retention,4809.92,0.09,0.14,30,4.43,7.06,95,0,5,9,3236,1
7206,15206,60,Female,113140,PPC,Retention,3424.93,0.22,0.18,9,8.98,2.67,83,7,3,0,3653,1
7207,15207,60,Male,130713,Social Media,Retention,2899.53,0.22,0.19,9,5.69,9.35,14,19,0,8,1899,1
7208,15208,40,Female,136128,Email,Consideration,6825.62,0.29,0.18,27,9.76,9.57,65,5,6,8,1905,1
7209,15209,49,Female,85046,Referral,Retention,9597.11,0.1,0.14,11,8.62,11.46,29,19,1,9,1512,1
7210,15210,47,Female,78742,PPC,Consideration,5852.44,0.28,0.14,32,7.64,10.79,75,1,6,0,4894,1
7211,15211,30,Female,105566,Email,Conversion,9134.01,0.19,0.01,27,6.73,10.47,38,17,0,4,4389,1
7212,15212,60,Female,97125,SEO,Consideration,240.87,0.15,0.08,17,8.52,11.01,63,2,8,3,1301,1
7213,15213,35,Female,107519,PPC,Retention,7965.26,0.2,0.18,27,8.94,12.38,56,19,9,9,4308,1
7214,15214,40,Female,32437,Referral,Awareness,8550.67,0.21,0.14,27,2.2,13.48,62,2,3,3,4565,1
7215,15215,32,Female,82146,Social Media,Conversion,6346.84,0.06,0.1,42,4.24,0.55,6,18,8,1,3756,1
7216,15216,50,Female,47618,Email,Retention,9347.2,0.23,0.03,38,8.25,10.16,85,5,2,4,1186,1
7217,15217,38,Female,70767,Email,Retention,5940.14,0.22,0.06,13,2.99,14.15,71,10,1,1,3707,1
7218,15218,56,Female,29705,Social Media,Retention,2481.32,0.3,0.12,7,6.28,11.49,86,12,4,2,3420,1
7219,15219,40,Male,77146,Referral,Conversion,2235.6,0.27,0.18,29,8.02,1.68,22,5,2,7,3863,1
7220,15220,44,Female,108216,SEO,Awareness,5602.78,0.21,0.03,35,3.02,11.18,75,17,5,8,189,1
7221,15221,62,Male,100912,Social Media,Awareness,9074.19,0.22,0.04,2,4.62,4.16,5,14,3,8,4368,1
7222,15222,61,Male,71750,SEO,Awareness,816.44,0.28,0.13,9,9.24,3.17,57,13,3,6,995,1
7223,15223,35,Male,110956,Referral,Retention,6083.47,0.29,0.07,8,4.2,3.45,13,13,9,3,2111,1
7224,15224,41,Female,64379,PPC,Consideration,7721.05,0.25,0.04,46,6.44,14.6,27,0,4,8,1558,1
7225,15225,68,Female,72682,PPC,Retention,1242.48,0.23,0.04,39,4.9,10.06,4,16,5,0,4681,1
7226,15226,64,Female,84713,Referral,Awareness,1256.02,0.04,0.1,12,8.89,14.68,67,13,9,1,3804,1
7227,15227,57,Female,125894,SEO,Conversion,3724.67,0.25,0.12,21,4.82,12.78,55,12,9,9,4506,1
7228,15228,68,Female,137015,Social Media,Consideration,2811.42,0.08,0.18,23,4.23,13.91,24,9,9,4,1427,1
7229,15229,59,Female,124869,Referral,Consideration,2063.31,0.17,0.11,6,2.56,8.55,26,5,5,4,2699,1
7230,15230,24,Female,76919,Referral,Retention,2067.07,0.13,0.14,12,4.14,5.56,59,0,6,4,3237,1
7231,15231,67,Female,80384,PPC,Conversion,1393.62,0.11,0.04,5,7.03,11.21,3,4,6,7,2361,1
7232,15232,65,Male,71128,Social Media,Consideration,6147.45,0.1,0.15,9,2.58,0.76,28,15,3,9,453,0
7233,15233,37,Female,21835,PPC,Awareness,6912.44,0.26,0.13,10,7.35,9.83,90,19,5,1,4845,1
7234,15234,44,Female,41283,SEO,Retention,7059.07,0.23,0.05,28,1.1,14.37,6,15,3,9,3265,1
7235,15235,23,Female,69506,SEO,Retention,5370.3,0.16,0.14,15,4.3,12.77,31,7,1,8,2175,1
7236,15236,44,Female,128101,Email,Awareness,9533.77,0.2,0.05,19,5.19,3.25,19,16,7,4,1475,1
7237,15237,26,Female,73625,Referral,Awareness,8817.27,0.3,0.12,20,1.87,2.36,63,17,0,6,3165,1
7238,15238,62,Female,55963,Social Media,Awareness,9580.55,0.13,0.14,28,7.16,12.48,42,17,4,8,769,1
7239,15239,48,Female,145007,Social Media,Consideration,3949.08,0.17,0.14,13,1.92,1.27,99,8,2,4,3064,1
7240,15240,38,Female,132172,PPC,Conversion,8790.05,0.16,0.18,40,1.81,14.93,29,5,5,3,445,1
7241,15241,43,Male,29179,PPC,Consideration,7652.46,0.28,0.19,15,4.31,7.28,59,9,7,8,4796,1
7242,15242,57,Female,114440,Social Media,Conversion,3465.73,0.11,0.16,8,7.64,13.95,92,8,0,7,2719,1
7243,15243,65,Female,126649,PPC,Retention,1155.27,0.3,0.18,5,9.67,12.26,27,14,9,2,2565,1
7244,15244,62,Female,119210,Email,Conversion,6857.95,0.1,0.01,37,7.98,10.61,39,19,3,3,3897,1
7245,15245,30,Female,31955,Referral,Awareness,1450.88,0.04,0.08,28,5.19,3.48,66,13,3,8,4544,1
7246,15246,66,Male,134072,Email,Consideration,3008.38,0.07,0.02,17,3.45,1.74,90,13,5,0,3158,0
7247,15247,40,Male,27198,SEO,Awareness,5053.61,0.13,0.05,23,3.71,10.01,84,8,0,6,4725,1
7248,15248,37,Female,87156,Social Media,Retention,6830.84,0.2,0.08,16,3.55,3.25,36,8,5,9,248,1
7249,15249,54,Female,64588,Email,Consideration,9269.65,0.16,0.17,35,3.5,12.52,98,0,9,2,2823,1
7250,15250,45,Male,31766,Email,Consideration,5973.08,0.12,0.11,20,1.62,1.47,58,9,8,9,893,1
7251,15251,34,Male,116626,PPC,Awareness,6746.99,0.17,0.13,18,2.98,8.1,19,9,0,6,2870,1
7252,15252,45,Female,73570,PPC,Consideration,3169.14,0.25,0.08,22,1.97,6.62,62,6,2,8,215,1
7253,15253,58,Male,126827,PPC,Awareness,6904.2,0.25,0.12,26,1.07,13.91,72,4,4,9,1717,1
7254,15254,19,Male,89874,SEO,Conversion,4434.12,0.22,0.17,10,3.57,13.53,34,17,9,0,4548,1
7255,15255,42,Male,68679,Email,Retention,8583.62,0.29,0.07,25,4.17,10.94,57,0,1,3,4561,1
7256,15256,67,Female,135117,Referral,Awareness,3985.26,0.18,0.19,10,9.35,11.45,9,16,2,2,2830,1
7257,15257,58,Female,25301,PPC,Retention,4735.89,0.01,0.05,42,9.95,10.74,58,17,1,5,3147,1
7258,15258,23,Male,35144,SEO,Consideration,4382.62,0.09,0.18,21,6.21,10.28,20,19,3,3,3181,1
7259,15259,28,Female,33784,SEO,Retention,8130.12,0.11,0.02,18,9.11,14.96,42,11,7,4,2506,1
7260,15260,55,Male,87959,PPC,Retention,9541.62,0.17,0.11,7,6.56,11.17,42,8,8,4,4754,1
7261,15261,23,Male,28272,Social Media,Retention,3340.04,0.27,0.2,22,5.48,14.21,87,8,7,2,675,1
7262,15262,62,Male,21573,Email,Consideration,4802.78,0.25,0.13,47,1.38,6.84,0,16,9,6,1310,1
7263,15263,28,Male,44419,PPC,Conversion,7088.67,0.08,0.12,22,1.4,14.97,45,12,9,5,3677,1
7264,15264,31,Male,102339,Referral,Conversion,8964.28,0.16,0.14,39,1.28,9.41,30,16,0,8,2487,1
7265,15265,19,Male,118770,Email,Conversion,4987.64,0.2,0.07,8,2.35,13.62,62,1,8,4,3094,1
7266,15266,57,Female,68555,SEO,Awareness,1178.05,0.3,0.02,23,1.69,1.82,45,6,4,2,326,0
7267,15267,20,Female,25176,Referral,Awareness,3749.85,0.02,0.06,11,2.75,9.35,22,15,1,4,20,0
7268,15268,52,Female,56161,Email,Consideration,5548.58,0.14,0.04,11,5.67,14.9,17,14,8,9,3015,1
7269,15269,50,Female,83440,Referral,Conversion,4233.49,0.3,0.19,31,5.53,1.47,61,12,1,8,3523,1
7270,15270,41,Male,128061,SEO,Retention,1946.9,0.29,0.17,1,4.1,14.23,26,12,0,4,2759,1
7271,15271,36,Female,78862,PPC,Conversion,466.2,0.11,0.07,5,6.99,2.62,43,14,2,6,104,1
7272,15272,35,Male,142121,Referral,Awareness,6905.35,0.01,0.17,3,4.53,14.94,45,19,5,0,2122,1
7273,15273,66,Female,142082,PPC,Consideration,9928.1,0.18,0.05,12,2.98,4.69,60,12,2,6,1160,1
7274,15274,69,Male,35164,SEO,Conversion,9200.15,0.26,0.05,35,7.23,12.01,11,9,5,3,4881,1
7275,15275,41,Female,97758,SEO,Awareness,6864.38,0.1,0.16,40,9.82,0.9,98,16,2,4,1172,1
7276,15276,62,Female,136723,Referral,Awareness,8431.15,0.28,0.07,38,8.3,4.66,15,8,9,7,1502,1
7277,15277,52,Male,45379,Referral,Retention,2631.7,0.11,0.02,37,4.73,9.25,20,9,1,7,3976,1
7278,15278,18,Female,111189,SEO,Conversion,6262.1,0.19,0.15,17,4.38,3.8,90,14,1,4,1964,1
7279,15279,53,Male,103552,Referral,Retention,699.98,0.22,0.2,14,1.35,11.53,99,0,3,1,4705,1
7280,15280,42,Female,38368,Referral,Conversion,7101.12,0.11,0.12,47,6.91,10.3,63,3,2,5,4500,1
7281,15281,62,Female,109041,Referral,Consideration,9701.74,0.11,0.06,32,3.0,14.87,12,15,7,5,4822,0
7282,15282,66,Male,52771,Referral,Conversion,8621.89,0.15,0.08,41,7.15,8.97,49,10,0,0,4267,1
7283,15283,60,Male,84950,Email,Retention,5390.96,0.25,0.13,29,7.84,11.64,7,5,5,4,547,0
7284,15284,51,Male,60245,SEO,Retention,7908.53,0.04,0.14,35,8.92,1.58,55,8,5,3,3297,1
7285,15285,42,Female,124302,SEO,Awareness,9444.6,0.19,0.18,24,5.93,1.12,55,15,4,0,2889,1
7286,15286,33,Male,118906,Social Media,Conversion,2238.57,0.21,0.18,3,8.47,8.93,7,3,9,7,2339,0
7287,15287,51,Female,92792,PPC,Conversion,7953.26,0.17,0.17,17,7.51,14.79,79,13,7,7,2975,0
7288,15288,46,Female,63327,Social Media,Consideration,2771.48,0.28,0.13,44,4.18,4.4,86,10,0,1,503,1
7289,15289,36,Male,66454,Referral,Awareness,8781.78,0.18,0.1,32,1.96,0.52,44,10,4,9,3392,1
7290,15290,40,Female,113787,Referral,Retention,1073.71,0.19,0.14,19,3.18,5.44,97,2,3,8,4304,1
7291,15291,36,Female,143380,Email,Conversion,1864.36,0.18,0.14,41,8.6,11.22,23,0,7,2,2091,0
7292,15292,42,Male,66741,Email,Awareness,7234.1,0.22,0.05,20,5.81,12.13,20,11,9,2,3272,1
7293,15293,33,Female,51977,Email,Consideration,1830.3,0.05,0.11,0,6.99,11.83,12,15,1,3,2257,1
7294,15294,68,Female,118200,Email,Awareness,1664.74,0.27,0.05,33,8.25,1.67,49,7,9,6,2965,0
7295,15295,26,Female,26714,Email,Conversion,5599.12,0.02,0.18,8,7.0,11.68,50,0,6,1,1994,0
7296,15296,18,Male,126680,Email,Conversion,8366.37,0.2,0.07,0,8.7,1.68,3,1,1,9,3575,0
7297,15297,59,Male,97237,Email,Consideration,2757.83,0.19,0.16,46,1.78,14.81,92,11,7,1,1833,0
7298,15298,36,Female,34891,Email,Consideration,8427.27,0.07,0.08,26,9.13,5.87,59,13,4,8,4046,0
7299,15299,50,Female,121555,Email,Consideration,8098.74,0.02,0.16,14,8.31,10.56,67,19,1,3,495,0
7300,15300,51,Female,72299,SEO,Retention,5833.14,0.05,0.05,23,9.13,7.53,20,16,0,6,2403,0
7301,15301,33,Male,85167,Email,Awareness,6500.97,0.09,0.16,24,7.58,3.99,33,6,8,8,1931,1
7302,15302,61,Female,85124,PPC,Awareness,500.37,0.27,0.04,33,3.47,9.36,72,1,1,6,1844,1
7303,15303,57,Female,113052,Email,Awareness,3734.64,0.26,0.1,43,2.02,0.73,24,12,0,4,985,1
7304,15304,35,Male,78639,Referral,Retention,2707.61,0.03,0.03,49,2.17,7.82,84,12,6,0,2992,1
7305,15305,51,Male,60912,Referral,Awareness,1585.04,0.09,0.11,9,5.49,1.07,3,5,5,8,4706,1
7306,15306,42,Female,134742,Email,Consideration,3957.63,0.27,0.17,29,4.52,8.73,63,11,7,7,1132,1
7307,15307,62,Female,95452,Email,Awareness,3613.55,0.08,0.15,44,6.89,7.13,79,15,9,4,449,1
7308,15308,23,Female,88446,Referral,Retention,7316.03,0.3,0.02,40,5.53,13.47,24,2,2,8,1727,1
7309,15309,38,Female,103790,PPC,Retention,6021.15,0.08,0.1,24,2.13,14.51,39,11,2,7,3478,1
7310,15310,23,Female,81516,Social Media,Awareness,9139.69,0.22,0.17,2,1.02,9.94,6,15,5,3,2917,0
7311,15311,49,Male,145223,SEO,Retention,1539.54,0.13,0.13,21,2.15,3.19,44,8,5,1,2537,1
7312,15312,58,Female,64250,Referral,Retention,691.51,0.05,0.02,39,2.32,8.09,4,12,2,8,3666,1
7313,15313,65,Female,56116,Email,Awareness,5392.62,0.08,0.07,45,7.48,0.52,39,11,5,8,3841,0
7314,15314,60,Female,103521,SEO,Retention,110.17,0.21,0.12,23,3.57,11.64,20,14,0,6,502,1
7315,15315,56,Male,42151,Email,Retention,7898.42,0.11,0.04,26,1.84,1.1,33,3,0,7,4114,0
7316,15316,48,Female,145673,Social Media,Awareness,5109.13,0.19,0.14,25,7.8,12.21,47,16,4,3,3700,0
7317,15317,59,Female,91366,Social Media,Consideration,4931.85,0.07,0.13,15,9.46,4.34,21,9,3,9,2630,0
7318,15318,27,Male,64297,Referral,Consideration,3688.71,0.14,0.05,37,1.9,4.13,90,15,1,3,1348,1
7319,15319,47,Male,60888,SEO,Retention,3812.24,0.16,0.11,40,9.67,1.8,60,11,2,0,2151,0
7320,15320,69,Female,76195,SEO,Conversion,4368.22,0.13,0.16,3,9.55,10.44,73,5,0,8,3206,0
7321,15321,35,Female,104010,Social Media,Conversion,258.72,0.07,0.08,22,5.71,5.81,78,15,5,9,1395,1
7322,15322,41,Female,91016,Email,Awareness,927.1,0.14,0.06,18,3.66,1.8,2,11,9,8,4873,1
7323,15323,69,Female,94979,Referral,Awareness,5099.98,0.21,0.14,14,2.24,5.15,76,5,4,4,2539,0
7324,15324,26,Male,124674,PPC,Consideration,1586.21,0.29,0.02,30,8.41,13.87,89,14,9,6,4713,1
7325,15325,48,Female,74334,Social Media,Conversion,7809.75,0.24,0.17,23,6.44,1.01,55,3,5,2,1030,0
7326,15326,32,Female,118474,Social Media,Awareness,2817.4,0.06,0.19,10,6.86,10.2,64,4,5,7,3650,0
7327,15327,21,Female,149986,Referral,Conversion,1069.21,0.09,0.19,9,8.75,7.76,72,16,1,8,4281,0
7328,15328,57,Female,88345,Email,Conversion,2428.58,0.03,0.09,7,5.0,9.17,38,3,7,7,1539,1
7329,15329,26,Female,59761,SEO,Retention,3635.27,0.05,0.13,2,4.31,6.18,25,10,5,4,932,1
7330,15330,62,Male,142617,Social Media,Retention,449.63,0.08,0.17,18,7.86,7.48,17,18,1,5,68,0
7331,15331,26,Male,46930,Referral,Conversion,1502.59,0.07,0.05,3,3.67,11.51,71,13,0,2,741,1
7332,15332,43,Male,79117,Referral,Consideration,3306.08,0.07,0.02,28,3.95,7.51,14,5,8,2,1822,0
7333,15333,21,Male,43095,Referral,Awareness,3173.76,0.08,0.08,44,4.43,5.96,45,9,3,6,3879,0
7334,15334,34,Female,97482,SEO,Awareness,8023.83,0.1,0.18,40,8.71,4.5,21,9,9,8,428,0
7335,15335,33,Female,23991,Social Media,Consideration,8448.23,0.05,0.11,20,8.01,7.03,37,17,7,8,1832,0
7336,15336,32,Female,43519,Referral,Retention,2014.84,0.09,0.11,44,3.62,8.85,45,16,1,1,3527,0
7337,15337,52,Male,46657,SEO,Retention,1327.0,0.21,0.14,8,2.29,5.93,3,1,8,6,2207,1
7338,15338,69,Female,20826,Email,Consideration,6378.21,0.08,0.12,47,4.54,13.56,20,12,7,7,3407,0
7339,15339,22,Female,62625,PPC,Consideration,8065.77,0.06,0.02,17,6.62,14.94,79,11,1,0,1421,0
7340,15340,22,Male,102049,Social Media,Retention,9640.86,0.03,0.12,18,7.09,3.46,45,4,8,9,431,0
7341,15341,37,Female,37801,SEO,Conversion,167.28,0.16,0.13,16,2.8,9.84,88,7,7,3,1635,0
7342,15342,32,Female,49846,PPC,Retention,4195.41,0.25,0.13,43,3.24,3.49,22,3,1,8,2117,0
7343,15343,35,Female,59566,PPC,Conversion,7366.48,0.03,0.15,42,9.37,8.35,16,2,5,8,4494,1
7344,15344,64,Male,43157,SEO,Awareness,8302.74,0.17,0.11,23,4.47,6.2,95,3,4,4,2058,1
7345,15345,19,Female,48363,SEO,Awareness,716.63,0.2,0.18,48,3.83,4.06,65,8,1,6,3344,1
7346,15346,46,Male,70559,SEO,Conversion,6838.08,0.18,0.1,5,7.26,5.46,0,7,7,5,2462,0
7347,15347,30,Male,25136,Referral,Conversion,2960.49,0.26,0.11,30,5.21,2.29,72,10,0,3,1741,0
7348,15348,21,Female,77937,Email,Retention,838.51,0.26,0.16,26,3.22,1.65,89,14,7,6,2720,0
7349,15349,59,Female,37421,Referral,Consideration,4942.12,0.03,0.17,46,4.68,7.03,48,10,5,2,513,0
7350,15350,62,Female,145008,PPC,Conversion,1665.72,0.11,0.13,33,2.3,12.32,34,15,8,0,2749,1
7351,15351,27,Female,146158,PPC,Awareness,7396.37,0.2,0.03,45,3.52,10.4,59,5,5,1,741,0
7352,15352,48,Female,98027,PPC,Retention,7438.49,0.29,0.07,26,4.77,9.13,5,14,0,6,1973,0
7353,15353,58,Male,27546,SEO,Awareness,8436.47,0.24,0.01,26,5.66,6.6,40,13,9,9,548,0
7354,15354,25,Female,91439,Social Media,Retention,3837.93,0.06,0.07,34,7.67,7.29,72,15,4,3,2265,1
7355,15355,20,Male,66623,Referral,Consideration,231.77,0.09,0.12,11,4.46,0.81,83,13,6,6,2945,1
7356,15356,65,Male,36406,Social Media,Consideration,2671.39,0.23,0.16,28,5.91,14.13,48,3,3,7,675,0
7357,15357,63,Female,100485,Email,Awareness,4731.34,0.15,0.12,5,9.56,5.01,25,9,3,6,2266,1
7358,15358,26,Female,29825,Email,Conversion,6970.71,0.17,0.02,36,8.36,13.76,33,14,2,4,524,1
7359,15359,47,Female,91823,Referral,Conversion,3882.2,0.19,0.06,6,3.13,10.89,73,8,7,0,1667,0
7360,15360,28,Male,130497,PPC,Awareness,5406.88,0.04,0.12,5,2.92,8.64,93,13,4,5,370,1
7361,15361,52,Male,147079,Email,Conversion,5290.21,0.26,0.14,18,6.96,6.96,3,18,5,6,1575,1
7362,15362,54,Male,54173,Social Media,Conversion,1733.33,0.26,0.17,13,6.36,5.18,97,12,2,3,4390,0
7363,15363,59,Male,127974,Social Media,Awareness,6268.19,0.15,0.19,49,5.92,9.76,8,18,0,2,1750,1
7364,15364,30,Male,75619,SEO,Awareness,4448.59,0.19,0.18,20,2.39,14.57,68,4,7,5,2982,1
7365,15365,53,Female,103114,PPC,Consideration,8098.4,0.2,0.1,13,4.26,12.16,8,6,7,9,3171,1
7366,15366,30,Female,127071,SEO,Awareness,6937.05,0.07,0.15,39,7.83,6.17,24,19,6,2,3299,1
7367,15367,29,Female,27923,Referral,Consideration,1203.54,0.04,0.06,13,7.51,7.49,39,2,6,9,2666,0
7368,15368,54,Female,54374,Email,Consideration,4938.71,0.02,0.02,31,2.49,7.29,66,6,3,7,1348,1
7369,15369,27,Male,81713,SEO,Retention,7054.69,0.27,0.02,25,4.84,4.26,24,13,9,4,2680,0
7370,15370,26,Female,61411,SEO,Conversion,961.42,0.11,0.06,2,4.98,12.79,50,4,5,5,1862,1
7371,15371,69,Male,84368,Referral,Awareness,7945.72,0.03,0.02,14,5.58,10.55,17,15,5,2,2877,0
7372,15372,24,Female,28316,Social Media,Conversion,2297.84,0.15,0.17,20,5.15,9.16,58,19,7,0,4909,0
7373,15373,19,Female,129950,Social Media,Retention,5080.54,0.03,0.1,29,5.52,6.78,74,0,0,0,4662,1
7374,15374,40,Female,30556,Referral,Awareness,9411.56,0.03,0.16,47,8.32,3.97,86,14,5,4,4474,1
7375,15375,56,Male,30058,Social Media,Awareness,5756.21,0.15,0.19,46,4.51,9.78,58,11,1,4,1141,0
7376,15376,57,Female,124554,Referral,Retention,4298.14,0.16,0.2,13,5.97,3.93,33,13,4,0,4031,1
7377,15377,56,Male,119987,Social Media,Conversion,167.27,0.18,0.19,46,6.46,0.63,52,15,8,5,3369,1
7378,15378,38,Male,45482,Referral,Consideration,1420.79,0.2,0.15,38,9.48,1.47,97,15,0,8,4430,0
7379,15379,40,Male,64494,Social Media,Retention,5828.77,0.2,0.09,36,6.89,10.56,46,3,5,3,632,1
7380,15380,46,Female,45005,SEO,Retention,4988.87,0.14,0.12,40,2.18,5.97,23,1,8,7,1930,0
7381,15381,31,Female,104671,SEO,Awareness,3701.91,0.2,0.17,47,6.24,3.49,60,6,4,6,1862,0
7382,15382,43,Male,109424,Social Media,Consideration,9239.84,0.1,0.18,27,6.96,3.95,56,4,4,5,146,0
7383,15383,68,Female,52481,Referral,Retention,3391.58,0.14,0.19,1,1.09,7.67,65,6,2,1,2566,1
7384,15384,22,Female,48401,SEO,Conversion,5417.79,0.12,0.15,21,1.68,13.63,76,1,1,8,1187,0
7385,15385,48,Female,60431,Email,Retention,5730.26,0.11,0.11,6,1.17,4.4,19,11,6,9,3085,1
7386,15386,42,Male,84459,Social Media,Conversion,5321.94,0.08,0.19,43,1.43,10.0,70,0,2,5,2647,0
7387,15387,48,Female,110473,Email,Awareness,4828.1,0.03,0.19,31,1.81,12.47,72,2,2,9,1732,0
7388,15388,67,Female,131387,Email,Retention,3436.93,0.16,0.1,15,9.62,7.59,33,0,1,0,1903,0
7389,15389,37,Female,143311,PPC,Conversion,9096.76,0.17,0.13,35,2.86,0.89,53,2,3,9,166,0
7390,15390,61,Female,137410,Email,Awareness,4562.95,0.11,0.16,1,2.84,12.04,64,15,7,4,2586,0
7391,15391,34,Female,140327,Email,Awareness,5331.64,0.29,0.09,16,8.72,13.25,71,18,3,5,921,0
7392,15392,62,Male,98682,PPC,Awareness,6599.13,0.17,0.17,48,7.77,0.95,50,7,3,7,1999,0
7393,15393,19,Male,115637,PPC,Retention,769.79,0.27,0.03,2,7.08,2.18,40,18,9,9,1265,0
7394,15394,42,Male,96789,PPC,Awareness,7834.75,0.18,0.1,47,4.8,1.76,0,4,9,3,1784,1
7395,15395,30,Female,68504,Referral,Awareness,5173.82,0.07,0.1,22,1.28,3.71,24,0,5,8,4808,0
7396,15396,56,Male,23223,PPC,Conversion,6606.05,0.29,0.14,36,8.44,7.69,92,12,8,2,158,0
7397,15397,45,Female,90977,Referral,Awareness,7742.92,0.27,0.03,38,8.75,0.98,51,4,2,7,3387,1
7398,15398,59,Female,128126,Social Media,Retention,8753.58,0.15,0.03,27,5.34,2.95,80,19,6,1,2183,0
7399,15399,23,Female,60149,Referral,Consideration,3982.98,0.08,0.18,44,6.8,6.41,70,18,3,5,1829,0
7400,15400,20,Female,32863,Social Media,Awareness,8133.16,0.07,0.07,40,5.3,9.68,98,6,6,0,2652,0
7401,15401,52,Female,123488,PPC,Retention,2662.49,0.24,0.07,7,3.67,13.69,15,12,3,3,3615,1
7402,15402,35,Female,49564,PPC,Awareness,6637.32,0.03,0.16,32,5.86,12.53,20,13,5,9,3244,1
7403,15403,28,Female,102189,Social Media,Retention,1116.8,0.2,0.09,3,7.2,1.28,1,17,2,8,3828,1
7404,15404,37,Male,109624,SEO,Awareness,298.3,0.2,0.17,6,2.39,14.52,89,13,3,6,4000,0
7405,15405,22,Female,42499,Referral,Conversion,1048.05,0.06,0.09,10,5.78,4.37,68,12,4,9,2408,1
7406,15406,36,Female,127619,Email,Consideration,3261.89,0.21,0.15,39,7.98,5.77,4,7,6,9,2078,0
7407,15407,39,Female,146056,PPC,Consideration,407.84,0.21,0.11,7,5.28,1.58,72,19,0,3,4710,0
7408,15408,36,Female,109218,Referral,Retention,6341.86,0.11,0.19,19,2.41,14.07,52,17,7,6,3827,1
7409,15409,64,Female,52132,Referral,Retention,3233.79,0.15,0.07,42,8.83,8.42,17,13,5,2,288,0
7410,15410,33,Male,146272,PPC,Consideration,7390.12,0.25,0.08,38,7.06,7.99,18,1,7,3,3141,0
7411,15411,41,Female,24533,Social Media,Conversion,554.56,0.16,0.19,27,6.69,0.72,62,10,7,0,3018,1
7412,15412,58,Male,102962,PPC,Conversion,2245.35,0.19,0.15,10,6.87,0.55,5,14,8,0,46,0
7413,15413,21,Male,100096,Referral,Awareness,4139.23,0.13,0.16,49,3.21,10.39,62,9,3,3,853,1
7414,15414,32,Female,54409,SEO,Conversion,3888.25,0.05,0.07,21,5.43,7.49,26,16,2,8,657,1
7415,15415,42,Female,101461,Social Media,Consideration,1396.89,0.3,0.11,35,3.93,7.86,53,10,0,0,1653,1
7416,15416,61,Male,42987,PPC,Consideration,9941.95,0.16,0.07,5,8.5,9.93,30,7,8,1,1225,1
7417,15417,52,Female,30633,Email,Conversion,2915.95,0.11,0.06,6,6.3,2.62,63,1,1,4,247,0
7418,15418,31,Female,121601,PPC,Conversion,7238.22,0.22,0.11,9,7.46,14.98,20,2,8,6,2238,1
7419,15419,66,Female,76207,Referral,Consideration,2278.26,0.19,0.2,39,6.94,1.67,13,6,9,1,475,0
7420,15420,36,Female,70535,Referral,Consideration,8790.73,0.08,0.05,3,5.35,4.38,79,13,7,6,3193,0
7421,15421,55,Female,115661,Email,Consideration,3938.81,0.26,0.06,8,8.24,10.56,1,11,8,4,1361,0
7422,15422,53,Male,23996,Social Media,Consideration,9018.93,0.03,0.06,37,6.54,7.98,17,4,1,5,647,1
7423,15423,24,Female,20014,Referral,Consideration,3484.17,0.19,0.16,48,3.04,1.9,17,4,6,2,1526,1
7424,15424,47,Male,100431,Social Media,Conversion,185.57,0.15,0.11,18,3.62,11.74,34,6,6,9,1241,0
7425,15425,36,Male,21674,Social Media,Conversion,5218.5,0.1,0.08,45,8.44,14.57,77,0,2,5,1566,1
7426,15426,66,Female,57867,PPC,Awareness,5295.4,0.25,0.17,32,9.47,7.36,81,16,3,1,1888,1
7427,15427,42,Female,105537,Social Media,Awareness,1286.36,0.2,0.07,37,5.93,4.17,82,18,9,9,3292,0
7428,15428,33,Male,77251,Referral,Retention,2426.14,0.23,0.08,21,4.47,2.05,24,7,8,9,1178,0
7429,15429,64,Male,75709,Referral,Awareness,7856.61,0.13,0.02,38,6.63,3.48,98,11,0,4,3665,1
7430,15430,57,Female,140162,SEO,Conversion,463.88,0.28,0.03,0,5.35,5.01,6,2,2,4,1795,1
7431,15431,68,Female,37864,Social Media,Awareness,4946.31,0.11,0.04,48,8.58,3.23,2,11,6,5,86,0
7432,15432,25,Female,46321,SEO,Awareness,5351.04,0.16,0.08,20,8.5,10.42,56,7,1,2,2199,1
7433,15433,35,Male,44082,PPC,Conversion,6918.25,0.28,0.11,48,5.11,0.83,75,3,2,1,2948,0
7434,15434,45,Female,137734,SEO,Consideration,470.82,0.03,0.01,6,8.24,6.43,53,6,3,2,874,0
7435,15435,33,Male,60131,Social Media,Conversion,5897.9,0.04,0.05,45,2.74,5.93,15,13,0,3,3597,0
7436,15436,69,Male,91493,Referral,Conversion,130.67,0.3,0.04,6,4.37,13.23,19,1,8,7,1356,0
7437,15437,36,Female,24210,PPC,Retention,2725.27,0.29,0.06,21,1.72,4.46,4,4,8,6,4629,1
7438,15438,59,Female,134080,Social Media,Retention,5046.87,0.23,0.04,12,8.27,8.94,60,11,2,0,743,0
7439,15439,34,Male,140159,PPC,Retention,9121.69,0.15,0.05,22,9.78,0.57,30,4,4,6,1677,1
7440,15440,62,Male,135663,Email,Consideration,1353.24,0.16,0.2,21,6.19,13.8,23,12,1,2,3890,0
7441,15441,30,Female,84586,Social Media,Awareness,1775.96,0.08,0.12,25,7.9,9.73,62,1,7,3,1115,0
7442,15442,24,Male,103605,Email,Retention,6725.58,0.14,0.15,17,4.61,12.01,44,9,4,9,4703,0
7443,15443,44,Male,54851,SEO,Conversion,3811.13,0.14,0.17,6,6.05,8.76,43,11,1,6,695,0
7444,15444,27,Female,46865,Social Media,Retention,6271.87,0.02,0.14,1,4.13,12.33,87,15,5,1,2147,1
7445,15445,51,Male,103606,Email,Conversion,9974.8,0.14,0.14,18,7.27,1.72,79,16,5,8,385,1
7446,15446,53,Male,24158,Referral,Consideration,9870.03,0.15,0.13,13,3.22,10.8,38,14,4,4,3181,0
7447,15447,42,Female,141497,SEO,Retention,3601.76,0.2,0.13,24,2.38,2.66,27,0,5,3,4495,0
7448,15448,23,Female,77852,Social Media,Conversion,5088.86,0.16,0.19,32,9.09,8.86,4,2,7,8,1352,0
7449,15449,41,Female,69339,Social Media,Awareness,9056.43,0.26,0.05,47,8.78,14.79,76,11,4,8,359,1
7450,15450,35,Female,121086,Referral,Consideration,1012.46,0.12,0.06,38,8.51,3.12,14,9,0,1,2180,1
7451,15451,40,Female,40572,Referral,Conversion,4577.81,0.13,0.03,47,8.39,4.21,48,8,1,8,2232,0
7452,15452,23,Female,24100,Email,Awareness,3838.02,0.18,0.17,19,7.57,3.56,3,3,8,0,3724,0
7453,15453,46,Female,64469,Email,Awareness,3019.34,0.07,0.1,43,8.87,6.48,13,1,7,0,3308,1
7454,15454,42,Male,101061,Email,Conversion,9942.62,0.12,0.18,4,2.89,7.58,90,0,3,5,856,0
7455,15455,34,Female,80861,PPC,Retention,7362.14,0.21,0.09,48,8.83,2.82,9,9,0,0,900,0
7456,15456,63,Female,38456,SEO,Awareness,3948.6,0.13,0.09,20,9.26,0.9,86,12,7,5,2541,0
7457,15457,41,Female,75803,Social Media,Consideration,8307.32,0.27,0.1,12,7.44,5.45,91,6,0,5,3720,1
7458,15458,28,Female,85633,SEO,Awareness,4947.69,0.19,0.13,13,6.39,6.04,43,17,8,8,3730,0
7459,15459,43,Female,95019,Referral,Retention,8740.96,0.05,0.16,15,3.12,6.05,76,14,9,6,1028,0
7460,15460,68,Female,141493,SEO,Consideration,2737.16,0.15,0.08,44,8.8,10.14,35,7,8,1,146,0
7461,15461,51,Male,56232,SEO,Consideration,2313.64,0.23,0.13,49,6.19,7.01,58,17,4,0,898,1
7462,15462,45,Male,87323,Email,Consideration,2548.14,0.2,0.05,49,6.5,2.06,31,17,2,2,1302,1
7463,15463,20,Female,126067,Referral,Conversion,5430.96,0.27,0.12,40,6.46,14.02,64,12,0,1,1834,1
7464,15464,28,Male,41788,SEO,Awareness,2984.0,0.23,0.11,27,8.8,10.66,63,15,1,7,4179,1
7465,15465,55,Male,118987,Social Media,Retention,1556.48,0.03,0.18,0,2.23,3.59,3,9,4,9,916,0
7466,15466,31,Male,36092,Email,Conversion,9946.82,0.04,0.18,1,1.56,14.06,0,11,1,9,1357,1
7467,15467,68,Male,21132,SEO,Conversion,9014.29,0.2,0.1,7,3.02,14.88,81,7,5,3,3393,1
7468,15468,43,Female,97850,Referral,Consideration,6386.62,0.08,0.01,12,5.43,3.36,76,0,2,2,3807,0
7469,15469,65,Male,124181,Social Media,Conversion,8926.27,0.18,0.17,37,5.22,6.02,88,8,6,1,4505,1
7470,15470,38,Male,108118,Referral,Awareness,9361.08,0.24,0.01,18,5.61,1.5,20,19,9,0,2468,1
7471,15471,56,Male,113316,Referral,Conversion,6793.47,0.18,0.1,1,2.03,7.5,78,5,9,6,1388,1
7472,15472,47,Female,146003,Referral,Conversion,5234.93,0.13,0.01,30,8.14,11.92,40,17,8,1,1131,1
7473,15473,25,Male,117772,PPC,Consideration,8831.82,0.2,0.08,9,3.72,13.61,40,4,0,0,2779,0
7474,15474,68,Female,138524,Social Media,Consideration,5721.19,0.05,0.13,4,9.22,8.41,9,16,2,5,3984,0
7475,15475,37,Male,33068,Referral,Conversion,1355.33,0.22,0.08,22,8.56,5.23,98,11,9,3,4394,1
7476,15476,65,Female,67401,PPC,Consideration,3731.87,0.21,0.19,29,1.57,8.83,3,4,3,2,2980,1
7477,15477,49,Female,68526,Email,Retention,4514.62,0.16,0.13,31,1.48,2.17,68,11,5,1,3730,1
7478,15478,39,Male,78958,PPC,Retention,9360.15,0.09,0.13,0,6.66,12.61,43,4,2,5,1868,1
7479,15479,24,Female,135729,Email,Retention,6625.94,0.24,0.08,44,1.7,8.05,58,6,3,3,1427,1
7480,15480,26,Female,96593,PPC,Conversion,8765.25,0.16,0.02,43,6.15,14.75,37,11,9,9,3866,1
7481,15481,62,Female,75041,Referral,Awareness,7600.16,0.03,0.15,41,1.71,6.31,23,0,4,5,771,0
7482,15482,18,Female,119158,PPC,Awareness,3167.62,0.28,0.15,2,5.31,9.98,23,10,3,3,1625,0
7483,15483,46,Female,124042,PPC,Consideration,7215.22,0.23,0.11,46,4.77,5.43,18,0,2,9,1088,1
7484,15484,25,Female,83372,Referral,Awareness,2033.47,0.18,0.09,29,6.32,2.64,83,14,6,8,2089,1
7485,15485,21,Female,87562,Email,Awareness,4140.64,0.14,0.11,36,4.21,11.44,91,1,7,5,1388,0
7486,15486,52,Male,112099,Referral,Conversion,8080.31,0.29,0.15,27,2.26,10.25,42,19,1,5,3151,0
7487,15487,20,Male,84046,Social Media,Consideration,6158.1,0.23,0.15,20,8.58,11.82,74,16,9,8,1914,0
7488,15488,62,Female,123669,PPC,Awareness,8271.58,0.17,0.14,12,3.69,14.71,86,0,5,3,1687,1
7489,15489,57,Female,88086,Social Media,Retention,2621.57,0.2,0.18,39,1.61,14.9,78,19,8,7,4132,1
7490,15490,24,Female,148088,Referral,Consideration,7522.51,0.09,0.13,25,5.51,13.97,84,10,0,3,1066,1
7491,15491,44,Female,116458,Referral,Consideration,2103.01,0.07,0.01,39,8.9,13.48,99,12,7,6,4338,1
7492,15492,18,Female,27089,SEO,Consideration,5498.51,0.09,0.13,29,3.53,4.87,12,3,5,8,2936,0
7493,15493,44,Female,36623,Social Media,Retention,4391.99,0.1,0.13,23,5.06,7.29,31,3,3,2,1159,0
7494,15494,33,Female,69641,SEO,Awareness,5609.11,0.22,0.02,37,4.62,1.18,9,7,5,4,4431,1
7495,15495,55,Female,32043,Social Media,Retention,1441.78,0.05,0.09,40,1.44,10.42,58,3,9,0,3878,0
7496,15496,24,Female,86572,SEO,Consideration,3676.16,0.24,0.13,45,8.82,8.42,45,14,8,3,896,0
7497,15497,61,Male,84136,SEO,Consideration,6702.35,0.16,0.14,4,7.83,10.75,31,10,4,2,648,1
7498,15498,40,Male,144218,Social Media,Conversion,5629.45,0.12,0.18,15,1.86,10.37,48,11,4,2,687,1
7499,15499,58,Female,108052,Referral,Conversion,5534.8,0.1,0.17,45,2.19,4.44,83,1,2,5,820,1
7500,15500,28,Female,106700,Email,Conversion,5157.22,0.16,0.03,41,1.1,7.19,38,9,8,5,1454,0
7501,15501,59,Male,77061,Referral,Conversion,9444.46,0.1,0.13,48,9.87,2.02,50,8,2,1,3246,0
7502,15502,50,Male,137957,Email,Consideration,9352.24,0.13,0.12,15,4.75,1.73,15,6,4,5,778,1
7503,15503,67,Female,26122,Social Media,Retention,3665.44,0.22,0.07,48,9.37,7.17,38,12,0,1,4022,0
7504,15504,53,Female,67346,PPC,Conversion,3583.76,0.19,0.05,47,4.78,8.56,59,11,9,9,737,1
7505,15505,54,Female,145434,Referral,Retention,5593.49,0.23,0.05,9,1.93,5.12,4,16,6,1,1122,1
7506,15506,58,Female,117322,SEO,Conversion,1046.5,0.22,0.04,17,4.09,1.39,80,3,7,8,3853,1
7507,15507,34,Female,133993,Referral,Awareness,3099.77,0.25,0.16,37,4.76,10.09,99,6,7,7,2915,0
7508,15508,52,Male,36150,Social Media,Conversion,2385.59,0.07,0.04,16,2.59,10.32,63,8,9,6,2626,0
7509,15509,65,Female,107630,PPC,Retention,2311.56,0.3,0.06,40,1.48,5.15,47,19,0,0,1039,0
7510,15510,22,Female,97228,PPC,Conversion,6421.2,0.15,0.05,39,3.85,0.51,25,6,9,2,4711,1
7511,15511,65,Male,32054,Referral,Awareness,3905.07,0.22,0.15,30,5.85,9.72,50,7,9,8,1313,1
7512,15512,49,Male,21767,Referral,Retention,1794.53,0.21,0.04,25,3.3,1.52,67,2,9,6,4604,0
7513,15513,20,Male,24708,Referral,Retention,8886.96,0.17,0.01,25,9.63,3.74,25,14,0,5,352,0
7514,15514,69,Female,126657,Social Media,Retention,8754.07,0.3,0.08,39,5.33,4.09,19,14,6,6,731,1
7515,15515,64,Male,77999,Email,Consideration,8638.38,0.07,0.07,11,2.17,4.32,76,11,0,8,3217,1
7516,15516,52,Female,72158,Email,Retention,3968.37,0.13,0.09,17,4.72,9.44,70,15,4,8,3380,0
7517,15517,69,Female,49292,SEO,Consideration,664.13,0.05,0.15,33,7.37,1.65,23,15,3,9,983,0
7518,15518,31,Female,48082,Social Media,Awareness,1156.75,0.06,0.01,34,5.38,9.86,66,6,2,8,0,1
7519,15519,65,Female,54024,PPC,Retention,2832.88,0.22,0.02,10,3.98,7.53,66,5,0,9,2543,0
7520,15520,48,Male,112270,SEO,Retention,2277.7,0.01,0.06,29,1.96,5.56,49,17,7,5,397,0
7521,15521,48,Female,128447,PPC,Retention,8752.46,0.27,0.18,44,5.14,9.26,15,11,2,0,4297,0
7522,15522,34,Female,43461,PPC,Awareness,9864.95,0.19,0.04,49,1.88,13.17,94,9,9,3,3087,0
7523,15523,41,Male,25351,Referral,Consideration,8185.07,0.14,0.2,10,4.34,8.39,32,8,3,7,94,1
7524,15524,69,Female,67031,PPC,Conversion,7325.5,0.11,0.16,45,2.05,2.76,77,12,3,4,668,0
7525,15525,40,Female,119053,PPC,Awareness,5927.38,0.05,0.1,3,7.09,8.59,49,18,0,0,1423,0
7526,15526,35,Male,102628,Social Media,Awareness,7722.09,0.28,0.15,35,7.95,7.08,88,4,0,5,3848,0
7527,15527,67,Female,124720,Referral,Awareness,9475.63,0.22,0.11,9,3.19,14.14,1,7,3,0,299,1
7528,15528,31,Female,144501,Referral,Consideration,6053.31,0.11,0.12,33,1.67,9.1,58,1,5,0,2228,1
7529,15529,67,Female,59718,SEO,Consideration,1630.67,0.03,0.12,30,4.12,1.01,40,9,5,0,3546,1
7530,15530,32,Female,130632,Referral,Consideration,1722.2,0.1,0.13,31,6.04,2.25,76,3,3,6,609,0
7531,15531,32,Male,147535,Email,Consideration,5880.24,0.06,0.02,49,7.91,8.22,62,9,5,9,4562,0
7532,15532,23,Male,110577,Social Media,Consideration,3401.34,0.24,0.13,27,4.63,12.03,81,13,1,6,4807,0
7533,15533,44,Female,146875,SEO,Retention,9111.45,0.22,0.15,42,4.29,1.89,61,8,3,7,2218,0
7534,15534,32,Female,111212,Email,Conversion,6155.26,0.15,0.07,36,9.18,8.7,83,13,3,5,3450,0
7535,15535,67,Female,120017,PPC,Conversion,6797.28,0.27,0.2,31,5.05,7.06,1,9,9,9,1903,1
7536,15536,53,Male,32777,Email,Consideration,157.63,0.06,0.04,31,5.02,5.76,6,7,4,5,3027,1
7537,15537,25,Female,109856,SEO,Consideration,5038.6,0.14,0.18,16,4.69,1.69,76,5,0,5,4106,1
7538,15538,32,Male,28308,Referral,Retention,4368.53,0.22,0.14,33,4.27,13.25,7,4,2,0,140,0
7539,15539,20,Male,63441,Social Media,Consideration,7088.13,0.03,0.14,34,7.56,11.57,2,16,2,1,3280,1
7540,15540,64,Female,133682,SEO,Retention,3888.12,0.12,0.18,38,3.54,13.85,13,4,3,2,2858,0
7541,15541,30,Male,100865,Email,Retention,9768.09,0.18,0.17,20,4.41,2.93,86,18,2,7,2518,0
7542,15542,58,Male,33882,Email,Awareness,6735.01,0.12,0.08,31,3.54,8.8,71,16,5,7,309,1
7543,15543,51,Male,134883,SEO,Awareness,6633.19,0.15,0.14,33,6.13,0.78,32,19,1,0,3505,1
7544,15544,41,Male,24714,SEO,Consideration,9201.48,0.19,0.02,33,9.64,3.08,26,9,4,4,1931,1
7545,15545,57,Female,111586,SEO,Retention,9952.53,0.12,0.1,7,4.51,11.94,10,17,5,3,4936,0
7546,15546,49,Female,63432,Referral,Consideration,2058.42,0.04,0.19,15,9.71,4.66,96,19,8,0,3034,0
7547,15547,49,Male,101289,SEO,Awareness,8124.28,0.05,0.06,34,6.91,3.36,10,15,9,5,4184,0
7548,15548,47,Female,115515,PPC,Awareness,1706.96,0.16,0.02,22,8.16,8.36,17,10,0,6,2163,1
7549,15549,69,Female,130625,Social Media,Awareness,4624.73,0.06,0.12,21,4.0,10.0,91,14,2,0,2342,0
7550,15550,66,Female,100166,Social Media,Awareness,1091.84,0.27,0.08,30,3.02,9.35,89,10,6,0,1160,0
7551,15551,30,Male,145934,PPC,Awareness,6271.37,0.25,0.08,28,6.19,1.94,93,19,7,5,4312,1
7552,15552,18,Female,37658,Email,Consideration,4738.33,0.11,0.12,37,9.92,13.99,73,7,4,2,4824,0
7553,15553,51,Female,89245,Email,Consideration,6324.12,0.25,0.13,18,7.39,3.07,41,6,8,4,265,0
7554,15554,32,Male,118642,Email,Awareness,6811.81,0.16,0.09,44,7.13,13.92,2,0,9,5,379,1
7555,15555,61,Female,125065,Email,Consideration,6232.38,0.06,0.11,35,5.05,7.51,31,14,7,2,1678,1
7556,15556,31,Female,138199,Referral,Awareness,3010.89,0.19,0.2,48,8.92,1.99,35,2,0,9,2562,1
7557,15557,46,Female,122579,PPC,Awareness,8385.9,0.21,0.19,8,7.27,2.66,9,7,0,2,1544,0
7558,15558,51,Male,147597,Social Media,Awareness,5561.69,0.03,0.14,34,7.07,6.75,84,11,7,4,3085,1
7559,15559,35,Male,97027,PPC,Consideration,4949.53,0.1,0.04,0,3.63,14.97,54,15,8,6,1989,1
7560,15560,24,Male,70808,Social Media,Consideration,9871.93,0.01,0.08,32,9.62,13.34,70,18,8,0,79,1
7561,15561,46,Female,59530,Email,Retention,2906.73,0.1,0.18,16,3.25,14.71,24,9,5,0,2466,0
7562,15562,48,Male,28834,Referral,Consideration,5327.5,0.11,0.09,25,5.71,7.1,61,9,6,8,2493,1
7563,15563,42,Female,34358,SEO,Consideration,6855.01,0.19,0.19,12,4.06,10.36,33,17,4,9,2773,1
7564,15564,55,Female,29872,SEO,Conversion,1339.74,0.07,0.1,4,2.63,8.03,24,1,9,7,1291,1
7565,15565,31,Male,78694,Email,Awareness,3606.97,0.02,0.17,18,2.3,0.93,72,18,3,7,2121,1
7566,15566,25,Male,107193,Email,Awareness,8036.72,0.1,0.02,41,3.64,2.56,7,18,7,5,2569,0
7567,15567,44,Female,143498,PPC,Consideration,2443.91,0.25,0.09,8,7.2,4.64,52,1,2,9,2611,0
7568,15568,19,Female,70321,Referral,Consideration,4983.57,0.13,0.14,5,9.77,5.04,98,1,6,6,1903,0
7569,15569,34,Male,110363,Referral,Retention,6343.24,0.13,0.17,20,8.68,10.58,91,7,5,5,1273,1
7570,15570,54,Female,93709,PPC,Conversion,6744.51,0.15,0.13,48,2.96,10.95,9,12,9,2,1741,0
7571,15571,31,Female,36685,Referral,Awareness,7310.27,0.23,0.04,21,1.71,7.03,77,8,7,6,3168,1
7572,15572,42,Female,31333,Referral,Awareness,8673.18,0.15,0.18,38,7.18,6.0,92,6,5,6,2924,0
7573,15573,47,Female,136254,SEO,Consideration,3989.31,0.04,0.12,47,1.27,3.07,0,4,1,5,3240,1
7574,15574,46,Male,31356,Referral,Consideration,7095.66,0.07,0.03,4,8.73,1.09,57,7,4,2,1947,0
7575,15575,37,Female,60584,Email,Conversion,7348.53,0.06,0.1,21,8.43,8.99,18,7,3,1,4353,0
7576,15576,38,Female,130453,SEO,Awareness,3072.71,0.16,0.14,49,8.14,5.55,77,2,2,0,2124,0
7577,15577,39,Male,71362,Email,Conversion,9684.76,0.02,0.1,6,5.97,7.41,19,9,5,8,3924,1
7578,15578,52,Female,31344,Email,Awareness,8665.67,0.09,0.18,25,9.76,13.56,47,7,4,6,2125,0
7579,15579,54,Male,134491,PPC,Consideration,2969.63,0.19,0.09,24,5.13,10.18,99,12,2,4,526,0
7580,15580,33,Female,64619,Referral,Conversion,6783.18,0.11,0.12,4,9.88,11.79,71,18,5,4,730,0
7581,15581,67,Female,125534,Referral,Retention,7206.23,0.22,0.05,31,8.94,3.11,57,19,3,3,3105,0
7582,15582,66,Female,127107,Referral,Consideration,4371.69,0.12,0.11,7,2.14,0.52,37,14,6,8,2260,1
7583,15583,60,Male,101331,Referral,Retention,8651.06,0.29,0.05,8,9.05,2.46,41,5,0,3,3759,0
7584,15584,34,Female,115279,SEO,Retention,6933.27,0.29,0.05,27,3.74,11.64,87,13,2,6,396,1
7585,15585,33,Male,141276,Social Media,Retention,6615.73,0.24,0.06,19,7.91,6.94,6,9,4,7,1751,1
7586,15586,19,Female,21943,Email,Awareness,2286.32,0.29,0.02,3,1.0,3.6,68,18,1,9,1852,1
7587,15587,21,Female,110185,Social Media,Retention,4137.64,0.07,0.04,2,3.48,14.45,77,10,8,4,4278,1
7588,15588,38,Female,80217,Social Media,Awareness,4395.83,0.23,0.09,43,7.83,7.56,72,13,9,9,1262,1
7589,15589,56,Male,132319,Social Media,Conversion,7363.24,0.1,0.03,40,9.75,5.85,19,18,0,8,4032,0
7590,15590,51,Female,41021,SEO,Consideration,6222.11,0.22,0.04,41,2.54,14.67,51,4,3,4,1257,1
7591,15591,47,Male,28348,Social Media,Awareness,950.02,0.12,0.19,10,5.13,2.44,25,10,3,8,2644,1
7592,15592,23,Female,97286,SEO,Awareness,3146.21,0.09,0.09,47,6.28,9.19,88,18,1,9,2408,0
7593,15593,34,Female,90921,PPC,Conversion,4783.17,0.29,0.09,28,9.57,11.36,83,0,9,8,1426,1
7594,15594,56,Female,36639,PPC,Conversion,7393.66,0.07,0.06,42,5.08,14.14,55,1,0,9,4244,0
7595,15595,42,Female,105030,PPC,Consideration,7461.33,0.23,0.11,21,9.4,12.59,69,17,0,2,250,1
7596,15596,22,Female,84566,SEO,Conversion,4956.38,0.21,0.12,7,9.8,4.7,70,13,9,0,1272,0
7597,15597,22,Male,62011,SEO,Awareness,1257.63,0.1,0.09,45,9.47,4.28,99,9,9,0,4540,1
7598,15598,37,Female,134577,Email,Consideration,2999.74,0.14,0.08,33,7.74,1.92,61,5,4,5,2065,0
7599,15599,33,Male,123336,Social Media,Consideration,2621.45,0.05,0.14,30,2.14,2.93,61,14,9,8,4326,1
7600,15600,68,Female,124565,Referral,Consideration,7832.16,0.28,0.19,3,6.42,11.09,35,1,0,6,2008,1
7601,15601,58,Female,137105,Referral,Retention,1881.86,0.29,0.18,14,7.78,4.69,19,5,3,1,3684,0
7602,15602,54,Female,38640,Social Media,Retention,4702.72,0.22,0.03,17,9.59,6.91,17,12,3,5,2877,0
7603,15603,57,Male,55402,Referral,Awareness,6740.12,0.26,0.13,10,8.0,10.51,71,7,3,8,3375,1
7604,15604,26,Female,85088,Referral,Retention,9651.38,0.03,0.01,26,5.85,10.14,26,14,4,2,3407,0
7605,15605,22,Male,80240,Referral,Conversion,9992.48,0.12,0.13,18,2.85,12.0,4,15,1,5,4870,1
7606,15606,59,Male,21891,SEO,Consideration,9533.93,0.11,0.1,49,5.11,1.35,94,9,2,6,2088,0
7607,15607,19,Male,48259,SEO,Awareness,7210.6,0.17,0.1,8,6.74,8.8,45,13,6,1,4458,1
7608,15608,26,Female,83021,SEO,Conversion,7489.76,0.06,0.12,24,3.92,13.44,40,2,9,8,6,1
7609,15609,60,Male,48987,Social Media,Consideration,7616.18,0.17,0.15,21,5.11,5.91,84,7,8,9,2932,0
7610,15610,53,Male,72616,PPC,Conversion,8639.79,0.2,0.15,22,1.16,3.28,51,0,4,9,2932,0
7611,15611,39,Male,30683,Referral,Retention,9522.68,0.05,0.02,36,8.91,1.5,2,6,4,4,1745,1
7612,15612,39,Male,81083,Email,Conversion,4512.49,0.05,0.15,9,1.31,14.13,57,3,8,5,1484,1
7613,15613,39,Female,29967,SEO,Retention,4223.46,0.02,0.17,16,4.68,0.56,89,10,7,1,2560,0
7614,15614,51,Female,97664,Email,Conversion,4658.6,0.23,0.02,12,5.6,11.98,80,12,7,6,2496,0
7615,15615,46,Male,60194,Referral,Awareness,6632.19,0.11,0.07,3,9.75,4.33,93,9,4,3,8,1
7616,15616,55,Female,120274,PPC,Retention,7776.91,0.08,0.16,31,9.42,4.02,86,12,3,4,1211,1
7617,15617,63,Female,113831,Email,Retention,8718.39,0.24,0.1,27,6.82,2.78,24,2,2,6,4372,0
7618,15618,50,Female,105873,Referral,Consideration,4616.49,0.05,0.14,29,6.26,3.31,67,17,9,5,1990,0
7619,15619,35,Female,82661,Referral,Retention,3697.39,0.13,0.11,45,4.3,7.95,40,6,9,4,1013,0
7620,15620,24,Male,107738,SEO,Consideration,9835.19,0.23,0.2,39,1.37,13.19,74,7,3,2,4690,0
7621,15621,18,Female,92307,PPC,Retention,2395.69,0.18,0.19,20,3.41,5.83,61,19,2,5,1630,1
7622,15622,50,Male,63452,Referral,Retention,2297.85,0.17,0.06,14,8.63,11.31,40,1,5,5,1179,0
7623,15623,18,Male,32857,PPC,Retention,7182.53,0.06,0.08,2,6.83,4.08,81,8,2,5,3505,1
7624,15624,41,Female,51301,SEO,Retention,1878.61,0.06,0.09,16,8.33,13.61,32,2,2,0,20,0
7625,15625,21,Female,75900,Email,Consideration,4054.15,0.18,0.03,14,8.53,13.75,99,2,0,1,2486,1
7626,15626,21,Male,51460,Social Media,Awareness,2994.63,0.02,0.09,32,1.56,2.07,37,12,8,8,3365,0
7627,15627,35,Female,106923,Social Media,Conversion,1770.23,0.26,0.16,4,4.03,12.66,17,0,4,8,1418,1
7628,15628,44,Female,69800,Social Media,Retention,5839.1,0.11,0.17,7,7.08,10.68,53,3,9,8,3802,1
7629,15629,60,Female,29832,PPC,Retention,3797.76,0.13,0.18,8,8.68,6.21,48,9,0,4,4898,1
7630,15630,49,Female,67408,Social Media,Awareness,4676.12,0.08,0.01,25,8.21,12.6,60,3,3,4,2974,0
7631,15631,50,Female,32626,Email,Consideration,2039.04,0.26,0.16,1,4.8,13.6,15,17,2,3,2550,1
7632,15632,45,Female,77872,Referral,Conversion,7701.88,0.2,0.11,36,9.39,7.7,85,12,6,7,3079,1
7633,15633,59,Male,104021,PPC,Awareness,3215.65,0.14,0.05,35,3.71,7.88,84,7,5,7,3231,0
7634,15634,58,Male,98959,Email,Awareness,3492.91,0.18,0.1,11,4.38,10.71,43,0,7,1,2050,1
7635,15635,53,Male,116939,PPC,Awareness,2596.32,0.12,0.17,18,2.63,4.04,30,15,7,8,4853,0
7636,15636,23,Female,116159,PPC,Awareness,4400.6,0.15,0.09,26,3.04,1.61,94,5,7,0,1848,0
7637,15637,33,Female,36802,PPC,Retention,4689.41,0.11,0.2,23,1.08,8.17,26,11,4,3,2808,0
7638,15638,51,Female,36333,SEO,Conversion,5343.7,0.13,0.13,1,3.78,5.15,40,15,2,2,1787,1
7639,15639,40,Female,55120,Referral,Retention,9678.93,0.1,0.1,15,3.76,2.28,2,10,3,1,2549,1
7640,15640,67,Male,113621,Social Media,Awareness,9056.45,0.03,0.07,1,1.61,2.53,94,10,6,9,964,0
7641,15641,59,Male,42159,SEO,Conversion,6132.99,0.02,0.01,20,4.06,3.59,33,18,7,0,1773,0
7642,15642,41,Male,44660,Referral,Awareness,485.14,0.06,0.13,9,3.71,5.4,89,11,8,8,554,1
7643,15643,66,Female,76843,Social Media,Consideration,6161.38,0.08,0.12,41,8.19,6.83,87,4,4,4,4007,1
7644,15644,30,Female,145179,SEO,Awareness,987.72,0.27,0.11,16,2.41,14.37,9,9,9,3,2242,1
7645,15645,35,Female,54519,SEO,Awareness,7132.41,0.19,0.11,11,7.53,7.54,56,1,3,0,1963,1
7646,15646,30,Female,114333,Email,Consideration,3961.77,0.29,0.17,6,2.17,13.74,28,11,6,9,55,1
7647,15647,66,Female,104577,SEO,Retention,8393.2,0.11,0.07,8,5.47,8.42,37,13,9,5,1290,0
7648,15648,54,Female,64935,PPC,Conversion,9431.04,0.13,0.11,45,7.63,2.79,76,14,3,5,1426,0
7649,15649,60,Female,42507,SEO,Awareness,4229.39,0.22,0.14,49,6.46,12.72,5,2,2,6,3295,0
7650,15650,56,Female,91060,PPC,Awareness,4659.5,0.18,0.05,9,6.81,0.74,13,14,3,6,4126,1
7651,15651,59,Female,104271,Referral,Consideration,5942.46,0.16,0.19,15,2.86,8.67,93,16,7,1,1132,1
7652,15652,34,Female,77223,Referral,Conversion,2051.61,0.18,0.15,0,8.45,5.46,3,2,7,5,3875,1
7653,15653,32,Female,47675,PPC,Consideration,9280.6,0.18,0.02,8,9.57,6.85,44,8,5,2,562,0
7654,15654,35,Female,133487,Email,Awareness,4386.7,0.23,0.17,12,2.39,12.06,91,6,7,1,2513,0
7655,15655,40,Male,37673,Email,Retention,1751.52,0.2,0.19,47,8.99,0.58,38,19,3,3,764,1
7656,15656,68,Male,129619,Referral,Retention,7651.05,0.29,0.16,15,4.58,3.14,73,11,2,6,49,1
7657,15657,47,Female,55470,SEO,Conversion,2269.6,0.28,0.09,33,7.29,12.28,53,6,6,4,822,0
7658,15658,51,Female,61603,Referral,Awareness,1520.94,0.13,0.2,40,5.56,8.41,25,17,5,6,1386,0
7659,15659,21,Male,104825,Referral,Consideration,5672.43,0.02,0.03,29,8.14,4.25,97,1,5,9,2658,0
7660,15660,20,Male,51230,PPC,Awareness,6747.8,0.01,0.11,12,1.41,7.72,28,15,1,3,1612,0
7661,15661,24,Male,34542,Email,Consideration,5738.67,0.05,0.04,7,3.91,6.34,61,10,1,0,2632,0
7662,15662,35,Female,130563,PPC,Consideration,6599.46,0.03,0.09,10,1.43,11.65,7,18,9,5,4238,0
7663,15663,59,Male,81407,Referral,Conversion,1243.69,0.12,0.19,48,9.48,11.47,38,5,4,7,2789,0
7664,15664,24,Male,73821,Social Media,Consideration,4812.58,0.03,0.16,30,2.53,7.22,17,19,2,0,2583,1
7665,15665,57,Male,55690,SEO,Conversion,3634.48,0.19,0.16,42,4.82,4.5,72,6,2,6,868,0
7666,15666,23,Male,26654,Referral,Retention,9736.35,0.07,0.08,10,6.77,0.67,21,12,8,6,4925,0
7667,15667,39,Female,87557,PPC,Conversion,591.28,0.16,0.19,47,5.15,7.35,17,5,8,0,1364,0
7668,15668,18,Male,132259,Social Media,Conversion,3053.11,0.04,0.08,6,5.83,9.09,36,7,0,1,4414,0
7669,15669,21,Female,105544,Social Media,Conversion,9424.44,0.25,0.02,0,2.84,9.28,32,4,5,9,2581,1
7670,15670,63,Female,108264,Referral,Retention,9836.61,0.24,0.13,22,1.6,13.09,47,0,1,1,2458,0
7671,15671,66,Female,109698,Email,Conversion,8266.53,0.12,0.08,31,3.32,7.28,47,19,4,9,2422,0
7672,15672,69,Male,47446,Social Media,Consideration,852.38,0.27,0.04,14,3.85,10.95,1,1,1,3,3218,1
7673,15673,67,Male,115515,SEO,Consideration,5657.41,0.06,0.19,17,4.74,2.34,25,5,5,1,4874,1
7674,15674,60,Male,68484,PPC,Conversion,4061.22,0.25,0.13,27,3.66,11.58,16,8,8,4,4108,1
7675,15675,46,Male,64078,PPC,Consideration,8083.88,0.17,0.19,13,1.32,6.95,3,8,6,7,2886,1
7676,15676,38,Female,134824,PPC,Conversion,644.74,0.11,0.12,12,1.85,10.57,8,5,0,1,3802,1
7677,15677,43,Male,24225,Referral,Retention,2051.57,0.03,0.02,33,7.06,12.61,9,8,5,7,3095,1
7678,15678,31,Male,144098,PPC,Consideration,4943.03,0.06,0.02,19,1.57,4.18,68,4,1,3,2989,1
7679,15679,26,Female,94745,PPC,Conversion,1660.71,0.26,0.18,23,1.42,10.17,37,15,1,6,2456,1
7680,15680,64,Female,130196,SEO,Awareness,6957.88,0.19,0.02,27,8.31,2.29,48,2,2,5,2774,1
7681,15681,29,Male,101259,Email,Retention,8225.6,0.08,0.13,10,1.37,2.12,39,11,7,3,2994,1
7682,15682,59,Male,65487,Referral,Awareness,7074.75,0.15,0.07,27,1.62,4.61,48,11,6,5,830,1
7683,15683,68,Male,88676,Referral,Conversion,4458.81,0.04,0.14,21,5.95,2.4,85,18,3,2,1956,1
7684,15684,68,Female,31721,PPC,Consideration,8796.04,0.04,0.06,29,4.99,7.07,18,8,2,9,4245,1
7685,15685,23,Female,22587,SEO,Conversion,1463.09,0.27,0.02,37,9.68,13.08,36,18,0,3,4629,1
7686,15686,37,Female,128878,Social Media,Consideration,2677.35,0.14,0.15,16,9.43,1.58,96,18,9,3,258,1
7687,15687,41,Female,59437,PPC,Conversion,4946.44,0.11,0.07,21,6.94,5.77,48,16,3,8,3288,1
7688,15688,44,Female,38989,PPC,Conversion,707.25,0.29,0.11,0,1.65,3.51,5,0,7,0,2540,1
7689,15689,55,Male,52726,Referral,Consideration,1047.29,0.13,0.16,19,5.53,7.15,63,1,0,7,3153,1
7690,15690,25,Female,90540,Referral,Consideration,4034.69,0.11,0.14,4,1.41,9.7,22,17,1,8,4015,0
7691,15691,18,Female,145967,PPC,Conversion,9444.47,0.09,0.08,32,9.17,12.87,77,1,9,7,1842,1
7692,15692,66,Female,99837,Referral,Awareness,9093.3,0.17,0.15,44,6.94,0.84,30,5,1,4,2726,0
7693,15693,66,Female,118215,SEO,Retention,4713.15,0.17,0.19,0,6.17,8.74,52,19,8,7,4193,0
7694,15694,41,Female,113639,Social Media,Awareness,1507.37,0.01,0.13,43,4.85,10.5,32,18,0,4,766,1
7695,15695,64,Female,145437,Social Media,Awareness,1863.27,0.2,0.14,8,5.59,2.46,16,1,5,6,3427,1
7696,15696,24,Male,61168,Social Media,Awareness,3837.71,0.24,0.17,31,4.6,14.1,64,17,3,3,4567,1
7697,15697,36,Female,84669,PPC,Awareness,2179.73,0.19,0.17,25,1.9,1.67,75,15,8,9,659,0
7698,15698,39,Male,93040,PPC,Consideration,921.46,0.26,0.08,44,6.95,5.14,66,12,5,5,750,1
7699,15699,52,Female,122114,PPC,Awareness,6770.4,0.09,0.2,41,9.97,3.96,44,14,8,5,4320,1
7700,15700,47,Male,91616,SEO,Retention,5856.34,0.07,0.02,47,2.01,1.48,99,1,1,5,3734,1
7701,15701,46,Female,27408,Social Media,Consideration,2983.84,0.21,0.2,5,9.95,10.65,87,12,1,0,3736,1
7702,15702,39,Female,24153,Referral,Awareness,7811.59,0.06,0.06,29,9.1,7.91,77,5,5,2,4844,1
7703,15703,28,Male,144887,Referral,Consideration,7781.89,0.04,0.09,39,9.05,6.69,36,6,9,0,4103,0
7704,15704,37,Female,31055,Email,Awareness,4960.92,0.04,0.18,22,8.48,3.39,91,18,1,8,773,0
7705,15705,46,Female,39760,Email,Awareness,1055.67,0.23,0.06,38,9.31,6.92,26,1,3,2,1503,1
7706,15706,68,Female,37752,Referral,Retention,9192.85,0.02,0.05,24,3.22,13.57,19,4,3,7,2625,1
7707,15707,58,Male,109729,Social Media,Consideration,6719.74,0.09,0.13,24,4.93,5.65,78,13,4,4,4279,1
7708,15708,59,Female,23800,PPC,Consideration,2545.8,0.05,0.14,12,5.32,7.88,41,14,6,6,941,0
7709,15709,51,Male,86573,Referral,Conversion,6143.5,0.23,0.01,24,1.61,13.97,24,1,9,1,416,0
7710,15710,18,Male,50054,Referral,Awareness,4109.71,0.16,0.1,16,9.83,10.52,69,5,0,3,1326,1
7711,15711,48,Male,81816,Email,Awareness,6389.96,0.07,0.1,43,7.2,1.11,50,11,4,3,4409,0
7712,15712,47,Female,46866,Social Media,Retention,4791.32,0.23,0.06,26,5.06,5.32,77,7,6,1,2167,0
7713,15713,65,Female,20992,Referral,Retention,4906.17,0.23,0.11,10,9.93,14.66,38,10,2,9,3714,0
7714,15714,35,Male,43696,PPC,Consideration,7385.23,0.16,0.04,5,3.45,13.05,29,4,9,8,1489,0
7715,15715,34,Male,80282,PPC,Retention,6175.88,0.09,0.07,14,4.03,13.3,46,4,2,1,2945,0
7716,15716,55,Female,122814,SEO,Consideration,891.53,0.18,0.15,36,2.72,14.04,46,19,7,0,2556,0
7717,15717,31,Female,118697,PPC,Awareness,747.2,0.28,0.18,31,2.68,9.69,49,11,3,4,2150,1
7718,15718,40,Female,93541,Referral,Awareness,3119.59,0.03,0.12,47,2.7,11.81,27,15,1,7,4870,0
7719,15719,42,Male,72838,Referral,Consideration,4359.44,0.09,0.02,23,6.5,9.98,30,4,5,7,781,0
7720,15720,32,Female,49400,PPC,Retention,2824.7,0.09,0.14,10,3.65,8.16,72,17,4,4,3913,1
7721,15721,63,Male,102277,Email,Retention,6549.45,0.19,0.18,41,9.57,8.04,47,1,6,0,2189,1
7722,15722,39,Female,138692,Social Media,Consideration,2031.57,0.2,0.11,28,8.35,0.69,65,7,1,6,4256,1
7723,15723,20,Female,148575,Referral,Awareness,7071.0,0.07,0.1,7,2.45,3.86,52,13,4,6,1143,1
7724,15724,36,Female,37565,PPC,Consideration,7754.19,0.07,0.2,36,8.51,0.92,59,2,4,9,4882,0
7725,15725,61,Male,59585,PPC,Retention,1330.76,0.28,0.13,9,4.11,7.02,46,14,2,6,4581,1
7726,15726,51,Male,54833,Referral,Consideration,6542.98,0.23,0.16,9,3.05,10.96,44,16,7,5,309,1
7727,15727,52,Male,141559,SEO,Awareness,9618.22,0.28,0.13,0,8.04,14.1,0,12,6,1,3954,0
7728,15728,67,Male,32094,Social Media,Conversion,2008.96,0.25,0.05,44,8.71,0.7,65,14,8,7,2718,1
7729,15729,18,Male,51280,Referral,Consideration,9102.1,0.13,0.06,22,9.64,7.62,91,1,9,0,2946,0
7730,15730,69,Female,66647,PPC,Conversion,6099.87,0.05,0.14,17,4.78,10.65,99,16,5,0,1524,0
7731,15731,38,Male,64378,SEO,Consideration,5950.35,0.19,0.1,22,6.06,10.17,22,0,4,6,671,1
7732,15732,46,Female,39513,Referral,Retention,614.03,0.11,0.09,4,6.53,11.42,19,0,4,0,3025,1
7733,15733,23,Male,20154,Social Media,Retention,7508.17,0.13,0.01,47,6.65,12.76,32,14,5,3,1808,0
7734,15734,54,Male,115798,SEO,Conversion,4834.9,0.13,0.18,37,4.62,13.76,93,6,0,9,3991,0
7735,15735,18,Female,48134,PPC,Consideration,7239.63,0.28,0.18,30,2.37,3.12,88,14,6,5,1086,0
7736,15736,68,Female,128050,Email,Retention,8110.89,0.03,0.1,41,1.63,14.35,47,19,1,4,2181,0
7737,15737,18,Female,28678,Social Media,Conversion,5285.58,0.07,0.14,38,9.15,12.18,15,19,2,8,4065,0
7738,15738,44,Male,26294,SEO,Conversion,2710.08,0.19,0.04,19,4.3,13.55,38,6,4,7,3504,1
7739,15739,38,Female,29574,Referral,Consideration,1501.57,0.27,0.11,28,2.63,5.48,6,3,7,2,2419,1
7740,15740,33,Female,55183,Referral,Retention,1688.98,0.28,0.09,47,9.85,14.98,61,10,8,2,2799,1
7741,15741,61,Male,68747,SEO,Conversion,8682.65,0.17,0.13,32,8.23,0.68,43,11,8,5,658,0
7742,15742,57,Female,86606,Referral,Awareness,1323.42,0.02,0.1,38,9.83,13.13,96,12,0,2,3581,0
7743,15743,43,Female,38638,SEO,Awareness,3908.47,0.12,0.1,31,3.51,10.34,97,4,1,0,2688,1
7744,15744,33,Male,77194,Social Media,Retention,3409.32,0.28,0.07,24,5.17,2.5,80,10,4,5,664,0
7745,15745,45,Female,67553,Referral,Retention,8668.01,0.16,0.02,43,8.28,12.55,48,5,2,0,2379,1
7746,15746,18,Female,46082,Social Media,Awareness,4829.17,0.22,0.18,26,5.97,12.0,3,4,5,1,1948,1
7747,15747,53,Male,36306,PPC,Conversion,9964.82,0.09,0.01,22,4.19,8.32,12,12,2,8,2137,1
7748,15748,27,Female,128371,PPC,Consideration,7396.84,0.02,0.06,46,2.43,9.69,25,6,2,1,1687,0
7749,15749,60,Male,147899,PPC,Conversion,8524.14,0.18,0.1,1,6.06,2.35,12,10,9,1,1299,1
7750,15750,34,Female,27807,PPC,Retention,1076.86,0.25,0.07,49,6.39,7.14,95,14,4,4,2862,1
7751,15751,40,Female,108760,Referral,Retention,2605.71,0.3,0.11,3,7.49,1.07,42,5,9,3,4989,1
7752,15752,24,Male,141401,SEO,Consideration,1440.92,0.26,0.1,24,8.11,8.87,11,5,6,3,4563,1
7753,15753,61,Male,71342,Referral,Conversion,4689.86,0.17,0.06,44,2.06,7.05,77,10,6,9,1856,0
7754,15754,24,Male,52143,Referral,Consideration,7211.05,0.19,0.03,22,6.65,1.74,84,15,7,2,3159,1
7755,15755,61,Female,141952,Social Media,Conversion,1773.73,0.25,0.04,40,8.03,6.47,32,12,1,3,1464,0
7756,15756,32,Female,78414,SEO,Conversion,1388.67,0.02,0.1,35,4.5,6.85,66,2,4,6,2327,1
7757,15757,51,Male,110302,Email,Awareness,6184.63,0.29,0.17,40,3.48,11.2,6,17,1,2,982,0
7758,15758,63,Male,44715,Email,Conversion,2380.1,0.16,0.03,22,5.32,1.28,78,18,5,5,1980,1
7759,15759,62,Male,82054,SEO,Retention,4845.32,0.29,0.14,32,3.79,9.4,6,15,4,2,4345,1
7760,15760,21,Male,92934,Email,Retention,606.07,0.23,0.16,27,5.59,7.94,42,2,9,5,3809,0
7761,15761,31,Male,32202,SEO,Retention,6838.07,0.05,0.06,7,3.78,4.49,47,18,0,9,4191,0
7762,15762,31,Female,47987,Social Media,Awareness,5459.03,0.06,0.14,32,4.8,11.29,89,13,7,0,3259,1
7763,15763,33,Female,55740,Social Media,Consideration,6509.49,0.11,0.14,28,9.24,8.66,25,17,6,2,1282,1
7764,15764,24,Female,136202,Referral,Retention,2826.52,0.09,0.14,47,9.25,8.04,75,12,9,3,1888,1
7765,15765,49,Female,96848,Email,Retention,2858.17,0.14,0.18,14,9.93,14.31,58,11,9,3,4812,1
7766,15766,36,Female,105890,SEO,Consideration,8033.47,0.19,0.09,14,5.38,12.31,55,2,0,3,1509,1
7767,15767,19,Female,73871,Social Media,Awareness,7213.77,0.14,0.06,36,2.51,3.49,39,4,0,0,2056,0
7768,15768,27,Female,146404,Referral,Conversion,5839.31,0.03,0.11,18,9.0,6.13,65,0,0,1,2048,0
7769,15769,67,Male,33627,Email,Consideration,6318.62,0.29,0.02,42,6.37,10.11,14,12,3,0,2572,1
7770,15770,34,Male,119649,Email,Conversion,1031.04,0.13,0.07,20,7.73,8.48,43,14,6,3,4836,1
7771,15771,54,Male,114294,Email,Conversion,8576.1,0.26,0.18,34,2.46,6.75,94,5,7,8,2378,0
7772,15772,29,Female,71069,Social Media,Conversion,7722.08,0.03,0.11,25,3.88,14.73,58,9,8,7,1356,0
7773,15773,23,Female,60409,Social Media,Consideration,5945.87,0.24,0.09,27,3.48,2.91,33,13,7,0,4854,1
7774,15774,39,Male,147257,Email,Consideration,9194.09,0.06,0.06,21,6.04,5.41,11,15,3,7,2721,1
7775,15775,49,Female,114022,Social Media,Conversion,1769.52,0.21,0.06,35,9.97,6.25,5,14,2,1,704,0
7776,15776,58,Female,100635,Email,Awareness,6897.91,0.2,0.06,15,6.51,1.49,95,3,6,4,2356,0
7777,15777,37,Male,131689,PPC,Awareness,9633.52,0.27,0.17,11,6.16,7.29,99,0,5,8,1092,1
7778,15778,18,Male,126948,Social Media,Awareness,3169.09,0.1,0.2,27,7.83,8.11,9,4,9,8,1639,0
7779,15779,64,Male,81486,SEO,Retention,251.39,0.04,0.11,6,3.96,4.34,79,16,9,0,1759,1
7780,15780,23,Male,21611,Social Media,Conversion,7375.19,0.26,0.03,32,3.28,14.45,24,2,0,8,1210,1
7781,15781,36,Female,146047,Email,Retention,169.11,0.11,0.15,23,8.54,8.26,93,9,4,5,3972,0
7782,15782,35,Female,51657,SEO,Awareness,8738.08,0.08,0.18,10,9.64,8.94,39,13,5,0,4739,0
7783,15783,23,Female,38462,Referral,Consideration,657.38,0.15,0.19,14,4.79,13.46,92,8,3,6,447,0
7784,15784,62,Female,96309,SEO,Awareness,6562.37,0.05,0.13,18,1.37,4.48,47,15,9,2,3315,0
7785,15785,50,Female,136752,SEO,Retention,3834.12,0.1,0.11,14,2.61,9.7,86,17,0,4,3137,0
7786,15786,40,Female,109299,Social Media,Retention,2113.07,0.12,0.13,8,8.71,7.01,55,10,3,3,2371,1
7787,15787,40,Female,58547,SEO,Awareness,8992.76,0.09,0.01,12,2.09,5.89,59,4,3,2,3990,1
7788,15788,43,Female,127754,SEO,Conversion,7487.83,0.14,0.13,49,7.87,5.97,6,12,1,2,2466,1
7789,15789,30,Female,49063,Email,Consideration,3470.36,0.12,0.14,28,6.58,0.85,46,11,9,3,4149,0
7790,15790,24,Male,125454,Social Media,Consideration,2913.12,0.23,0.15,25,7.54,12.41,13,9,7,2,1884,0
7791,15791,32,Female,102273,Email,Awareness,7386.52,0.28,0.12,22,3.31,8.99,1,10,8,5,1485,0
7792,15792,61,Male,130896,Social Media,Conversion,8382.05,0.04,0.14,16,1.16,14.02,62,15,4,1,4437,1
7793,15793,44,Female,140406,Referral,Conversion,7186.92,0.25,0.13,4,1.36,12.76,36,5,3,0,946,0
7794,15794,43,Female,99397,SEO,Awareness,6435.89,0.28,0.03,15,7.52,14.78,68,2,3,8,1047,0
7795,15795,50,Male,72788,Social Media,Consideration,2356.45,0.21,0.18,38,6.52,0.99,21,2,4,6,2067,0
7796,15796,32,Female,62523,SEO,Consideration,8542.76,0.3,0.13,29,8.56,9.9,69,19,7,0,2333,1
7797,15797,53,Male,50284,SEO,Consideration,7521.65,0.11,0.15,20,4.59,14.34,44,17,1,7,3410,0
7798,15798,62,Male,107964,PPC,Conversion,5221.02,0.25,0.08,4,6.0,11.64,6,10,3,0,2419,1
7799,15799,44,Male,83996,Email,Awareness,5164.72,0.21,0.18,25,8.05,5.1,99,1,3,0,4193,1
7800,15800,22,Female,86247,Social Media,Conversion,5734.81,0.1,0.11,42,5.47,2.13,4,2,0,5,2337,1
7801,15801,19,Female,33706,Referral,Consideration,8299.94,0.21,0.14,47,9.94,10.19,25,12,4,9,2820,1
7802,15802,50,Female,113614,PPC,Conversion,7448.37,0.16,0.19,29,7.69,10.05,91,12,4,8,4730,1
7803,15803,33,Female,30924,Email,Consideration,8576.83,0.06,0.18,21,7.15,4.74,46,7,7,2,4782,1
7804,15804,40,Male,131377,Referral,Awareness,5122.1,0.06,0.13,44,8.21,12.18,86,4,4,1,2566,1
7805,15805,55,Male,35921,Referral,Consideration,6284.03,0.22,0.04,1,7.99,9.67,65,4,8,9,2638,0
7806,15806,33,Male,45432,SEO,Retention,8560.26,0.22,0.19,43,2.98,6.51,20,17,1,0,3636,1
7807,15807,31,Female,138960,Email,Retention,2399.97,0.16,0.2,11,2.89,7.25,65,10,8,5,3921,1
7808,15808,46,Female,37813,PPC,Awareness,4495.8,0.16,0.03,41,6.45,4.09,1,15,5,4,350,1
7809,15809,43,Male,124748,Social Media,Conversion,6244.46,0.06,0.1,26,4.92,8.31,17,16,6,9,2697,0
7810,15810,52,Male,128988,Social Media,Conversion,9159.95,0.13,0.11,25,8.84,7.78,90,3,3,6,3331,0
7811,15811,32,Male,85250,PPC,Conversion,256.78,0.26,0.03,44,3.61,14.18,63,7,6,4,1990,0
7812,15812,20,Female,146078,SEO,Consideration,2204.47,0.26,0.05,43,3.98,7.89,45,8,5,5,565,0
7813,15813,40,Male,88956,SEO,Retention,2421.06,0.2,0.11,24,2.5,11.77,68,14,3,1,217,1
7814,15814,46,Male,22068,Referral,Awareness,3333.47,0.3,0.19,18,9.84,9.41,8,5,3,0,3574,1
7815,15815,51,Male,59927,Email,Conversion,2889.69,0.27,0.02,48,2.04,3.77,13,3,9,5,605,0
7816,15816,50,Female,90342,Referral,Conversion,5942.37,0.05,0.18,26,9.85,1.22,67,14,9,1,4983,0
7817,15817,58,Female,125148,Social Media,Awareness,8867.64,0.13,0.18,47,7.36,10.68,64,6,0,2,199,0
7818,15818,58,Female,50539,PPC,Consideration,6406.08,0.05,0.17,16,1.8,12.13,39,10,4,0,2451,1
7819,15819,40,Female,31683,Email,Conversion,2491.11,0.15,0.08,5,2.37,13.19,21,0,3,7,287,0
7820,15820,24,Female,143031,PPC,Consideration,8651.15,0.24,0.1,22,3.94,10.41,14,16,3,6,1936,1
7821,15821,20,Female,105151,Email,Consideration,6357.25,0.06,0.09,17,3.34,6.8,24,16,4,9,3055,0
7822,15822,49,Male,55674,Social Media,Consideration,2267.73,0.27,0.19,42,9.76,7.64,63,17,8,7,381,1
7823,15823,48,Female,72703,Social Media,Conversion,3680.5,0.18,0.11,43,6.52,11.53,50,3,7,4,1126,1
7824,15824,35,Female,78810,Email,Conversion,7920.65,0.23,0.03,48,1.67,3.08,31,13,6,5,2263,1
7825,15825,60,Male,106111,SEO,Awareness,7415.42,0.02,0.06,1,5.73,7.06,94,10,2,2,4248,1
7826,15826,24,Female,105343,Email,Awareness,5808.17,0.04,0.1,44,9.07,1.28,41,16,4,6,4337,0
7827,15827,58,Male,105977,Social Media,Consideration,1533.2,0.19,0.19,18,4.75,2.03,86,9,6,3,309,1
7828,15828,18,Male,107114,PPC,Conversion,8052.56,0.25,0.12,3,7.0,3.85,16,18,1,1,1191,1
7829,15829,31,Male,31117,Referral,Consideration,3144.67,0.26,0.14,32,7.96,9.64,33,15,1,6,330,0
7830,15830,69,Male,23665,PPC,Awareness,7738.82,0.21,0.03,33,2.67,13.84,68,18,4,5,217,0
7831,15831,49,Female,139423,Social Media,Consideration,6510.91,0.07,0.18,31,8.7,5.79,46,19,8,0,4220,0
7832,15832,23,Female,64390,PPC,Retention,2715.29,0.07,0.11,17,5.04,7.76,41,13,9,8,3976,1
7833,15833,56,Female,94884,SEO,Consideration,2202.46,0.27,0.19,43,1.51,8.77,93,14,2,8,2711,0
7834,15834,27,Female,83887,SEO,Conversion,1396.01,0.04,0.09,8,8.91,4.63,49,10,0,9,4363,1
7835,15835,24,Male,68266,Email,Consideration,2495.27,0.21,0.14,36,6.08,10.5,52,18,6,2,1254,1
7836,15836,43,Female,75541,PPC,Consideration,1662.51,0.16,0.1,47,2.78,3.58,93,7,8,9,4904,1
7837,15837,51,Female,84802,PPC,Conversion,6208.81,0.13,0.04,35,3.86,3.25,13,4,5,0,479,1
7838,15838,47,Male,114319,Social Media,Retention,6027.95,0.14,0.06,2,6.12,3.48,88,11,5,6,2160,0
7839,15839,53,Female,27882,Email,Conversion,5903.1,0.28,0.02,17,4.37,7.45,66,13,3,3,4971,1
7840,15840,38,Female,90825,Email,Awareness,6454.71,0.26,0.09,39,3.1,4.13,19,15,7,2,2438,0
7841,15841,34,Female,33910,PPC,Retention,8166.37,0.26,0.13,24,5.31,6.78,60,7,1,7,790,0
7842,15842,50,Male,60566,Referral,Retention,9144.17,0.13,0.06,1,2.67,5.96,22,11,5,8,4687,1
7843,15843,27,Male,83073,PPC,Conversion,2380.72,0.04,0.1,43,3.21,12.55,22,15,9,7,2947,0
7844,15844,68,Female,117519,PPC,Consideration,5918.97,0.3,0.1,0,8.44,3.68,20,6,6,3,3441,1
7845,15845,64,Female,56176,PPC,Awareness,875.53,0.05,0.11,23,3.06,4.94,43,7,1,6,3649,0
7846,15846,59,Male,103081,SEO,Awareness,1289.41,0.16,0.05,23,7.26,14.31,4,17,4,1,2548,1
7847,15847,68,Female,50289,Email,Retention,6577.96,0.09,0.11,49,3.25,4.05,51,5,3,0,4320,0
7848,15848,29,Male,70411,SEO,Awareness,4917.15,0.16,0.08,41,2.91,12.05,72,5,0,0,812,0
7849,15849,33,Male,132263,Referral,Retention,7607.49,0.1,0.06,39,3.26,2.55,38,13,5,9,3127,1
7850,15850,58,Female,89626,Social Media,Retention,4314.21,0.27,0.12,3,5.21,9.01,21,13,8,4,1517,1
7851,15851,49,Female,129337,Referral,Awareness,1363.22,0.29,0.04,49,2.32,1.83,82,6,4,8,1919,1
7852,15852,32,Male,35362,Email,Retention,8733.33,0.13,0.18,34,1.96,6.44,68,3,3,3,4750,0
7853,15853,44,Male,107610,Social Media,Consideration,920.6,0.03,0.19,34,7.81,14.36,67,18,1,3,4154,0
7854,15854,45,Female,116371,Referral,Retention,1970.75,0.2,0.14,11,1.21,9.82,20,18,7,6,3419,1
7855,15855,34,Female,33783,Email,Consideration,2842.07,0.12,0.07,48,4.47,3.51,81,10,8,9,1306,0
7856,15856,63,Male,64162,Referral,Consideration,9953.28,0.3,0.13,22,4.56,12.23,4,14,5,0,1495,1
7857,15857,67,Male,55749,Social Media,Consideration,4226.91,0.04,0.12,48,9.04,9.99,60,15,5,1,2486,0
7858,15858,19,Female,126369,Social Media,Awareness,5066.91,0.04,0.08,21,7.97,13.95,76,2,5,6,1252,0
7859,15859,53,Female,23554,Referral,Consideration,7720.0,0.21,0.06,25,5.6,3.82,89,0,1,9,441,0
7860,15860,67,Male,146352,SEO,Awareness,6400.51,0.23,0.04,3,5.32,2.26,79,6,4,7,1074,0
7861,15861,24,Female,78568,Referral,Conversion,8430.06,0.15,0.05,6,6.09,9.71,10,7,6,2,924,0
7862,15862,30,Male,130883,Referral,Consideration,4915.69,0.09,0.13,22,4.22,13.75,66,10,7,8,823,1
7863,15863,32,Female,38773,Referral,Retention,9724.56,0.1,0.18,30,7.31,11.78,67,4,7,0,2025,0
7864,15864,42,Female,93694,SEO,Conversion,7988.44,0.11,0.08,6,7.17,6.46,8,9,4,1,354,1
7865,15865,40,Female,86550,PPC,Conversion,4073.52,0.08,0.03,21,6.17,6.76,93,19,4,1,50,1
7866,15866,39,Male,140417,Social Media,Consideration,3874.59,0.26,0.01,38,1.52,5.32,50,15,5,7,2901,0
7867,15867,43,Female,66295,Email,Awareness,9301.96,0.03,0.09,39,2.14,13.8,59,0,3,3,255,1
7868,15868,50,Female,50331,Social Media,Conversion,6875.71,0.13,0.05,18,1.35,12.27,44,9,7,2,4332,0
7869,15869,28,Female,65640,Social Media,Consideration,6252.19,0.23,0.07,29,7.47,4.38,59,19,6,7,3812,1
7870,15870,27,Female,84877,PPC,Conversion,7602.52,0.01,0.06,25,5.3,5.15,57,3,1,9,1491,1
7871,15871,42,Male,66969,Social Media,Conversion,5652.25,0.26,0.14,40,9.59,11.23,75,19,5,0,595,1
7872,15872,54,Female,62986,Social Media,Consideration,1675.75,0.21,0.13,21,9.57,6.65,53,14,5,2,1845,1
7873,15873,65,Female,122017,SEO,Retention,3260.23,0.03,0.18,8,8.18,9.34,48,5,3,0,3619,0
7874,15874,60,Female,136180,SEO,Retention,5623.65,0.27,0.14,45,4.99,2.75,12,14,5,2,914,1
7875,15875,55,Female,27585,SEO,Retention,279.86,0.15,0.04,28,3.85,12.49,20,14,9,5,1019,1
7876,15876,58,Female,24122,SEO,Conversion,4429.77,0.2,0.15,31,2.81,8.57,20,16,8,7,4886,1
7877,15877,62,Male,128196,SEO,Awareness,7582.45,0.27,0.04,17,3.09,12.47,26,19,9,5,2108,1
7878,15878,41,Female,36838,Email,Awareness,1725.92,0.27,0.12,30,9.91,10.87,68,16,8,4,0,1
7879,15879,57,Female,37301,PPC,Conversion,739.13,0.13,0.02,31,5.77,6.72,80,16,0,1,3759,1
7880,15880,63,Female,43107,Referral,Conversion,8376.69,0.08,0.02,8,1.11,10.37,54,11,6,4,2130,1
7881,15881,50,Female,77357,SEO,Consideration,6211.01,0.08,0.1,29,1.4,1.37,84,10,3,5,4678,1
7882,15882,34,Female,108161,PPC,Awareness,1848.13,0.23,0.03,36,5.13,6.82,64,15,1,7,495,0
7883,15883,41,Male,122678,Referral,Conversion,8082.42,0.28,0.07,31,4.99,6.82,15,12,7,8,2557,1
7884,15884,54,Male,75211,Social Media,Retention,6615.48,0.03,0.07,7,4.65,6.6,21,16,9,0,3428,0
7885,15885,19,Male,86025,Social Media,Awareness,3407.78,0.01,0.16,23,8.41,2.2,86,8,2,1,1535,0
7886,15886,49,Female,86520,PPC,Conversion,3824.34,0.25,0.07,3,7.33,7.56,19,0,1,9,3307,0
7887,15887,41,Male,37344,Email,Consideration,1643.29,0.12,0.1,45,1.97,11.54,48,17,8,8,265,1
7888,15888,26,Male,77202,Email,Consideration,8369.03,0.09,0.16,16,4.26,5.18,71,2,4,8,1981,1
7889,15889,21,Female,120086,PPC,Awareness,5139.17,0.06,0.05,20,6.37,12.37,45,10,7,4,291,1
7890,15890,34,Female,34959,Email,Retention,5614.49,0.11,0.16,47,4.44,8.99,48,10,7,9,1957,0
7891,15891,34,Female,132846,Email,Awareness,8846.57,0.29,0.17,8,2.87,11.0,93,14,3,6,4906,0
7892,15892,67,Female,58751,Social Media,Conversion,256.72,0.29,0.2,4,6.65,13.52,65,2,2,3,3270,1
7893,15893,65,Female,21869,Email,Retention,762.54,0.11,0.09,4,6.42,7.49,61,6,5,5,200,0
7894,15894,47,Male,64264,Email,Conversion,1699.63,0.29,0.08,29,9.77,12.75,62,0,6,9,445,0
7895,15895,57,Female,50268,PPC,Retention,397.37,0.1,0.14,5,6.05,2.54,31,15,6,0,164,1
7896,15896,28,Male,104564,Email,Retention,6615.75,0.26,0.02,37,8.87,11.79,82,9,4,5,3192,0
7897,15897,38,Female,59606,SEO,Conversion,6375.41,0.07,0.02,7,9.54,12.59,12,14,6,9,4896,1
7898,15898,38,Female,33550,SEO,Awareness,2186.94,0.25,0.07,47,4.91,13.6,41,4,1,2,4206,1
7899,15899,35,Female,139033,PPC,Consideration,1579.12,0.11,0.15,45,1.48,1.67,87,1,8,9,3440,0
7900,15900,46,Female,25702,SEO,Retention,1542.28,0.07,0.03,32,2.29,2.2,9,4,2,7,2581,1
7901,15901,41,Male,98563,Social Media,Retention,9537.09,0.28,0.13,47,5.54,0.83,46,10,0,7,4239,0
7902,15902,27,Female,130164,PPC,Consideration,6965.69,0.07,0.06,14,9.04,7.83,68,4,2,6,1453,1
7903,15903,62,Male,81745,Email,Awareness,5895.75,0.3,0.13,36,6.89,3.3,90,0,4,7,1296,1
7904,15904,34,Female,118279,SEO,Consideration,3292.62,0.04,0.1,8,2.81,8.73,59,9,0,2,3831,0
7905,15905,35,Female,44459,Social Media,Awareness,4387.13,0.01,0.03,2,7.31,13.44,60,1,5,0,4571,0
7906,15906,59,Female,76782,PPC,Retention,985.12,0.26,0.06,30,9.05,5.24,57,18,0,7,784,1
7907,15907,65,Female,107822,PPC,Retention,9981.7,0.18,0.05,38,1.27,0.58,24,10,9,4,224,1
7908,15908,37,Female,26032,Email,Conversion,7575.35,0.13,0.04,6,3.19,13.4,70,17,5,2,2930,1
7909,15909,54,Male,21825,Referral,Awareness,6252.39,0.03,0.1,15,2.38,9.52,61,2,9,7,1238,1
7910,15910,62,Male,146187,SEO,Consideration,5918.9,0.18,0.19,27,8.06,3.42,60,9,0,5,741,0
7911,15911,35,Female,97090,Social Media,Awareness,5092.71,0.12,0.14,34,9.02,10.54,44,6,7,0,4997,0
7912,15912,34,Female,137798,PPC,Awareness,2648.53,0.15,0.17,14,5.99,9.68,26,0,1,1,588,1
7913,15913,26,Female,68101,SEO,Awareness,2341.26,0.19,0.2,6,8.63,6.01,51,9,1,3,3858,0
7914,15914,31,Female,80109,Social Media,Awareness,5540.37,0.2,0.11,34,6.91,3.58,58,4,1,8,4030,1
7915,15915,66,Male,32470,Social Media,Consideration,794.99,0.29,0.06,47,6.91,14.89,84,0,0,8,3488,0
7916,15916,46,Male,23770,PPC,Conversion,837.26,0.2,0.19,30,6.22,9.82,42,16,1,9,2817,0
7917,15917,48,Male,47268,SEO,Retention,5652.05,0.11,0.14,37,1.45,0.53,27,13,7,1,574,1
7918,15918,21,Female,20029,Social Media,Consideration,9206.14,0.11,0.19,7,9.43,2.32,20,3,7,0,3179,1
7919,15919,35,Male,50083,PPC,Consideration,9151.29,0.15,0.13,47,4.2,4.09,33,15,5,0,3672,0
7920,15920,37,Male,28958,SEO,Retention,207.2,0.09,0.16,37,8.22,12.29,84,6,3,1,2838,0
7921,15921,64,Female,133806,SEO,Conversion,1163.2,0.12,0.18,15,8.29,7.38,46,0,9,9,4484,0
7922,15922,60,Female,28806,PPC,Consideration,5872.47,0.25,0.15,33,9.69,1.37,26,5,3,3,2959,1
7923,15923,61,Female,52162,SEO,Retention,8499.91,0.26,0.12,0,3.94,4.34,14,13,7,8,707,1
7924,15924,26,Female,94732,Referral,Conversion,9549.05,0.19,0.1,18,9.98,14.72,4,3,7,7,904,1
7925,15925,30,Female,54889,Social Media,Conversion,8619.76,0.18,0.17,13,3.71,11.63,63,14,7,2,1149,0
7926,15926,32,Female,47702,Social Media,Awareness,6808.37,0.13,0.16,18,5.06,0.57,16,10,9,0,3985,0
7927,15927,44,Female,55777,SEO,Consideration,2085.2,0.19,0.08,22,7.36,12.66,7,17,3,5,4881,1
7928,15928,32,Male,72971,PPC,Conversion,818.95,0.24,0.1,3,2.39,3.29,56,1,1,9,3128,1
7929,15929,45,Male,27739,Email,Consideration,570.41,0.22,0.13,33,3.4,5.3,56,5,2,6,4293,0
7930,15930,54,Male,44599,SEO,Retention,6159.56,0.02,0.02,1,7.55,2.22,47,15,2,1,1754,0
7931,15931,36,Male,56827,Email,Consideration,458.27,0.22,0.06,11,9.77,0.65,87,13,5,5,4645,1
7932,15932,43,Female,96821,SEO,Conversion,7418.48,0.22,0.06,22,7.6,7.81,17,12,0,7,520,1
7933,15933,69,Male,116683,Email,Retention,7153.46,0.04,0.18,42,8.76,4.65,41,11,0,0,4561,1
7934,15934,43,Female,115263,SEO,Retention,888.15,0.05,0.07,17,1.34,5.72,68,18,2,7,2624,0
7935,15935,42,Male,88446,PPC,Awareness,9075.56,0.24,0.11,31,6.19,2.95,53,11,2,2,2012,0
7936,15936,43,Female,100210,Email,Retention,5267.1,0.17,0.17,16,9.23,12.19,15,1,1,8,3063,1
7937,15937,43,Female,103890,Referral,Conversion,9053.94,0.25,0.06,30,7.14,3.02,84,8,3,9,292,1
7938,15938,63,Female,116212,PPC,Awareness,9025.94,0.06,0.03,35,7.09,8.0,75,8,4,9,4303,1
7939,15939,45,Female,111650,SEO,Conversion,2050.64,0.02,0.19,25,2.83,7.31,16,15,2,7,4218,1
7940,15940,66,Male,43039,Email,Conversion,3867.72,0.06,0.14,11,8.75,13.84,43,7,6,1,1573,0
7941,15941,35,Female,146021,Social Media,Awareness,1432.8,0.14,0.04,34,8.79,14.82,32,4,9,1,1466,1
7942,15942,49,Male,139455,PPC,Awareness,7772.28,0.16,0.17,15,6.53,13.63,10,9,9,5,2479,1
7943,15943,20,Female,64929,Email,Consideration,5090.84,0.26,0.16,3,4.84,11.14,39,5,4,8,1024,1
7944,15944,19,Female,117367,PPC,Conversion,9295.19,0.22,0.17,27,8.42,6.75,36,3,3,2,4010,1
7945,15945,50,Male,63884,Email,Consideration,2161.33,0.3,0.06,37,5.18,2.39,74,0,1,1,3840,0
7946,15946,59,Female,45146,Social Media,Retention,6914.84,0.03,0.1,32,8.4,13.11,27,8,8,2,137,1
7947,15947,36,Male,65819,Referral,Retention,9893.44,0.05,0.14,36,5.36,10.89,29,7,2,5,3077,0
7948,15948,34,Female,103162,Social Media,Consideration,6687.27,0.03,0.08,9,6.22,2.41,45,2,8,3,1512,1
7949,15949,61,Female,102632,SEO,Awareness,780.86,0.17,0.02,30,7.73,1.78,77,0,0,1,876,0
7950,15950,50,Female,51308,PPC,Retention,5925.4,0.09,0.04,13,3.38,10.28,42,12,2,4,3223,0
7951,15951,29,Female,33054,Referral,Awareness,1880.44,0.21,0.12,4,3.22,13.64,84,17,9,7,1989,0
7952,15952,66,Female,99606,PPC,Consideration,401.98,0.05,0.08,9,7.01,3.6,95,11,3,4,2824,1
7953,15953,20,Female,127789,Email,Awareness,3416.11,0.04,0.01,24,9.59,6.47,90,10,2,4,2574,0
7954,15954,60,Male,72018,SEO,Conversion,2734.43,0.14,0.16,40,5.01,14.48,97,14,5,5,3555,0
7955,15955,66,Female,46250,SEO,Retention,7908.83,0.12,0.09,44,9.08,14.22,7,17,6,8,369,1
7956,15956,43,Female,34413,PPC,Awareness,3799.44,0.25,0.07,16,5.66,10.63,42,11,8,0,1681,1
7957,15957,52,Male,97391,SEO,Awareness,7356.29,0.25,0.15,19,9.77,7.37,32,4,8,1,2794,0
7958,15958,25,Male,58921,PPC,Conversion,260.77,0.04,0.1,32,8.13,5.91,54,4,6,7,3271,1
7959,15959,69,Male,91123,Email,Awareness,246.64,0.25,0.14,8,8.74,6.17,57,15,9,7,3716,1
7960,15960,53,Female,144239,Email,Consideration,390.2,0.17,0.01,49,7.12,7.82,20,16,6,4,1539,0
7961,15961,24,Female,94363,PPC,Consideration,2271.65,0.16,0.01,30,8.82,10.47,46,18,9,4,2922,0
7962,15962,63,Female,45785,Social Media,Consideration,3802.48,0.04,0.12,4,6.34,7.91,50,6,2,5,4103,1
7963,15963,63,Female,76865,Social Media,Retention,6117.67,0.22,0.2,45,6.11,3.83,28,6,7,7,3073,0
7964,15964,53,Male,117400,Email,Awareness,9860.55,0.03,0.06,28,8.86,11.42,15,17,1,3,2845,1
7965,15965,33,Male,116847,Referral,Retention,3608.65,0.09,0.14,46,1.14,7.07,67,2,3,3,1158,0
7966,15966,41,Male,26861,Social Media,Retention,651.02,0.04,0.04,3,5.31,8.81,88,9,2,0,1521,1
7967,15967,18,Female,96340,PPC,Awareness,2029.51,0.16,0.07,30,8.83,11.75,68,17,8,9,3189,1
7968,15968,66,Male,33979,Email,Awareness,8988.73,0.2,0.02,3,2.77,6.07,18,11,5,0,4870,1
7969,15969,42,Female,86833,SEO,Consideration,7023.85,0.27,0.18,17,9.62,13.98,38,4,6,6,3171,1
7970,15970,27,Female,133049,SEO,Retention,7922.99,0.22,0.07,17,7.67,7.9,69,5,5,4,1280,0
7971,15971,33,Female,20357,Social Media,Retention,1329.27,0.29,0.05,39,7.86,10.7,29,12,7,4,3311,1
7972,15972,33,Female,148646,Referral,Awareness,1436.37,0.23,0.15,33,6.99,11.45,27,2,0,0,2623,0
7973,15973,25,Female,134604,Social Media,Retention,1211.24,0.1,0.05,47,5.03,5.78,62,5,6,1,1505,1
7974,15974,46,Male,67201,Referral,Conversion,8585.97,0.17,0.06,13,5.15,4.24,12,8,5,2,1593,0
7975,15975,56,Male,74254,Social Media,Awareness,2178.68,0.14,0.03,25,8.55,13.89,66,2,0,4,4544,1
7976,15976,45,Female,102160,SEO,Consideration,6467.2,0.17,0.19,22,2.25,5.05,63,1,0,1,3673,0
7977,15977,23,Female,30796,Referral,Conversion,5210.05,0.18,0.06,32,5.7,2.09,57,16,0,6,2749,0
7978,15978,33,Female,43238,SEO,Conversion,5489.46,0.21,0.2,16,3.79,7.69,98,16,5,5,2215,1
7979,15979,37,Male,114176,PPC,Consideration,2034.81,0.03,0.04,41,9.86,12.46,67,10,2,9,577,0
7980,15980,33,Female,70978,PPC,Conversion,6388.94,0.23,0.01,31,1.03,4.59,9,7,5,7,1930,1
7981,15981,24,Male,60883,Email,Conversion,526.7,0.05,0.18,47,1.57,7.66,50,1,8,0,620,1
7982,15982,58,Male,117393,SEO,Conversion,9935.38,0.02,0.12,34,9.71,5.74,69,16,3,7,51,0
7983,15983,31,Male,105478,SEO,Retention,364.91,0.16,0.08,42,5.89,0.86,0,8,0,2,4968,1
7984,15984,60,Female,89396,Email,Conversion,596.55,0.18,0.11,29,2.25,2.49,0,19,1,7,4732,1
7985,15985,43,Male,148240,PPC,Conversion,3314.01,0.02,0.06,14,5.04,12.06,6,12,4,5,52,1
7986,15986,43,Male,130747,PPC,Awareness,8333.09,0.16,0.13,49,3.9,14.05,79,3,6,2,4303,0
7987,15987,31,Female,24447,Referral,Consideration,2646.17,0.17,0.13,6,9.2,0.56,87,3,4,1,218,1
7988,15988,24,Female,40523,Referral,Retention,4772.16,0.03,0.03,5,7.19,12.99,3,7,5,4,1494,0
7989,15989,50,Female,84079,PPC,Retention,277.98,0.22,0.18,8,2.17,11.0,15,8,0,0,2935,0
7990,15990,43,Female,84823,Social Media,Consideration,880.91,0.07,0.1,12,5.83,10.43,70,2,4,2,2848,1
7991,15991,62,Female,69289,SEO,Retention,6118.86,0.24,0.05,39,2.21,6.74,24,6,5,3,3075,1
7992,15992,37,Male,138422,Referral,Retention,2024.15,0.1,0.07,17,6.99,5.31,14,17,0,5,2733,0
7993,15993,20,Male,120271,Social Media,Retention,6973.12,0.15,0.17,34,7.55,6.45,8,12,1,7,3066,0
7994,15994,69,Female,124883,Referral,Awareness,7875.37,0.27,0.08,0,6.06,9.22,10,1,5,9,2448,0
7995,15995,21,Male,24849,Email,Awareness,8518.31,0.24,0.12,23,9.69,14.23,70,13,6,7,286,0
7996,15996,43,Female,44718,SEO,Retention,1424.61,0.24,0.19,49,9.5,3.5,52,13,1,5,1502,0
7997,15997,28,Female,125471,Referral,Consideration,4609.53,0.06,0.13,35,2.85,14.62,38,16,0,3,738,1
7998,15998,19,Female,107862,PPC,Consideration,9476.11,0.02,0.14,49,1.0,3.88,86,1,5,7,2709,1
7999,15999,31,Female,93002,Email,Awareness,7743.63,0.19,0.06,15,6.96,12.76,2,18,9,9,341,0
