CustomerID,Age,Gender,Income,CampaignChannel,CampaignType,AdSpend,ClickThroughRate,ConversionRate,WebsiteVisits,PagesPerVisit,TimeOnSite,SocialShares,EmailOpens,EmailClicks,PreviousPurchases,LoyaltyPoints,Conversion
13574,27,Male,83843,SEO,Consideration,8263.32,0.16,0.08,14,9.75,1.57,78,17,0,5,1449,1
11631,26,Female,100754,SEO,Consideration,2036.6,0.08,0.12,47,5.48,1.2,44,3,3,3,732,0
10399,55,Male,27466,Social Media,Consideration,2717.0,0.14,0.08,45,9.76,10.13,83,18,7,0,4854,1
14929,43,Female,48994,Email,Awareness,2988.92,0.19,0.14,4,9.93,3.68,71,14,7,3,787,1
11233,59,Male,90072,Social Media,Retention,2730.74,0.05,0.14,20,7.23,2.87,60,1,5,0,370,0
15126,33,Male,49179,Referral,Awareness,2187.84,0.27,0.02,26,8.43,14.53,77,8,1,9,1414,1
13433,63,Male,100642,Social Media,Consideration,1285.75,0.23,0.18,39,4.71,14.45,55,0,9,4,4183,1
8045,26,Male,120349,Social Media,Awareness,5036.73,0.15,0.09,7,8.66,7.88,91,15,3,0,284,1
9112,40,Male,54171,Social Media,Awareness,7327.78,0.1,0.13,23,7.55,1.82,84,18,8,5,877,1
11492,64,Female,36756,PPC,Awareness,100.67,0.09,0.06,12,2.27,1.65,49,7,2,6,3605,0
9792,29,Female,122398,PPC,Conversion,4155.58,0.12,0.09,25,1.2,12.31,28,18,5,4,2337,1
9738,42,Male,78791,Social Media,Consideration,5145.83,0.09,0.16,25,4.01,12.87,28,19,7,5,1317,1
11403,29,Female,64859,SEO,Awareness,7783.35,0.08,0.04,16,3.71,4.32,72,13,6,5,254,1
13761,35,Male,76005,Social Media,Consideration,9200.31,0.13,0.15,38,3.58,2.98,35,19,9,4,817,1
14470,35,Male,142066,SEO,Retention,1336.6,0.12,0.18,20,5.62,3.97,37,4,3,1,1277,1
13485,29,Male,120769,Referral,Consideration,8959.87,0.09,0.1,48,8.64,4.7,92,16,3,6,2865,1
11317,27,Female,31913,Social Media,Conversion,9853.18,0.23,0.16,0,6.79,6.59,46,4,6,8,464,1
12128,51,Female,76050,Referral,Consideration,2601.4,0.25,0.02,21,1.55,2.94,87,5,8,5,1413,0
13807,49,Female,47268,SEO,Conversion,1327.47,0.24,0.15,7,4.38,2.12,42,9,1,9,821,1
13419,49,Female,133718,PPC,Retention,4531.66,0.24,0.03,12,8.12,11.94,52,19,3,9,2874,1
9988,63,Male,57827,Email,Conversion,6647.29,0.29,0.12,22,1.02,7.55,26,19,6,1,474,1
13503,38,Female,144045,SEO,Awareness,5103.45,0.09,0.02,37,8.55,10.62,50,6,7,1,3971,1
12696,40,Male,110853,SEO,Awareness,2174.5,0.17,0.04,38,5.55,1.34,34,14,5,6,2029,1
10480,24,Male,128598,PPC,Awareness,7694.12,0.16,0.13,44,5.8,2.23,13,6,7,9,1457,1
13804,51,Female,115885,Referral,Consideration,7842.47,0.28,0.05,49,4.25,11.63,79,5,4,1,19,1
14242,62,Male,44630,Email,Consideration,8896.08,0.11,0.09,30,4.41,10.58,40,16,5,4,4499,1
13190,30,Female,137068,Social Media,Retention,7466.17,0.08,0.09,0,1.97,4.77,38,13,0,0,4939,0
15378,38,Male,45482,Referral,Consideration,1420.79,0.2,0.15,38,9.48,1.47,97,15,0,8,4430,0
15658,51,Female,61603,Referral,Awareness,1520.94,0.13,0.2,40,5.56,8.41,25,17,5,6,1386,0
14042,18,Female,66125,PPC,Awareness,3361.69,0.21,0.06,39,9.87,8.79,30,0,1,7,2842,1
12250,27,Female,108898,Social Media,Consideration,3820.51,0.16,0.11,9,8.1,6.69,57,1,4,4,1753,1
12125,30,Male,103845,PPC,Consideration,5959.39,0.06,0.03,4,6.86,11.5,7,9,2,1,1767,0
15336,32,Female,43519,Referral,Retention,2014.84,0.09,0.11,44,3.62,8.85,45,16,1,1,3527,0
15261,23,Male,28272,Social Media,Retention,3340.04,0.27,0.2,22,5.48,14.21,87,8,7,2,675,1
11823,18,Female,36151,Email,Conversion,304.16,0.25,0.15,46,5.46,9.0,10,10,6,3,719,1
10397,52,Female,82771,SEO,Retention,9917.99,0.14,0.07,8,6.46,9.78,77,1,9,4,3141,1
9469,34,Female,148826,Email,Awareness,1105.96,0.13,0.18,3,9.56,13.96,16,11,4,3,1329,1
13964,69,Female,117807,Referral,Retention,1478.28,0.16,0.18,11,3.16,0.95,84,5,0,8,2645,1
12046,25,Female,103488,Social Media,Conversion,5529.74,0.02,0.17,19,9.49,13.89,24,6,8,8,896,1
9335,60,Female,121390,PPC,Retention,5455.27,0.09,0.17,1,1.72,9.84,37,19,4,6,885,1
15070,58,Male,32003,PPC,Consideration,320.18,0.3,0.19,7,7.16,4.67,80,4,7,2,337,0
11372,23,Male,100123,Email,Consideration,881.23,0.17,0.1,2,8.14,2.35,71,11,9,9,1731,1
15186,33,Male,22014,Referral,Retention,9896.73,0.23,0.2,26,9.36,2.9,3,5,9,8,3165,1
15707,58,Male,109729,Social Media,Consideration,6719.74,0.09,0.13,24,4.93,5.65,78,13,4,4,4279,1
14892,61,Female,110790,Social Media,Awareness,8252.44,0.17,0.16,25,9.11,6.66,12,2,2,1,1980,1
11148,48,Female,76023,PPC,Consideration,3151.12,0.3,0.15,14,9.84,10.38,89,10,5,5,2524,1
12545,47,Male,86403,Social Media,Retention,3517.19,0.15,0.15,10,8.94,6.61,38,9,9,2,1835,1
10206,64,Female,65778,SEO,Conversion,1238.03,0.24,0.04,23,7.89,0.57,57,8,6,7,2118,1
15662,35,Female,130563,PPC,Consideration,6599.46,0.03,0.09,10,1.43,11.65,7,18,9,5,4238,0
12982,65,Female,145451,SEO,Awareness,7253.24,0.13,0.11,1,3.1,5.97,66,12,4,4,194,1
10127,53,Female,62362,Referral,Retention,7863.29,0.05,0.11,5,3.05,6.96,90,13,3,0,2188,1
15924,26,Female,94732,Referral,Conversion,9549.05,0.19,0.1,18,9.98,14.72,4,3,7,7,904,1
13054,67,Male,100539,Email,Conversion,8617.4,0.27,0.06,43,1.06,8.65,89,10,2,2,4015,1
13878,38,Female,20218,PPC,Conversion,1401.23,0.14,0.17,26,6.69,9.56,85,3,4,3,991,1
13702,49,Female,127508,Referral,Retention,4348.46,0.27,0.12,15,6.93,14.59,62,12,4,0,1456,1
10457,21,Female,25969,Social Media,Conversion,1925.23,0.21,0.08,30,1.61,7.63,19,9,3,0,4802,1
11401,37,Female,96970,Referral,Retention,9559.75,0.22,0.17,13,5.49,9.4,0,16,5,9,1869,1
13348,47,Male,119895,SEO,Awareness,8035.09,0.3,0.16,18,3.48,2.23,74,8,9,2,3884,1
15659,21,Male,104825,Referral,Consideration,5672.43,0.02,0.03,29,8.14,4.25,97,1,5,9,2658,0
11570,63,Female,88196,Referral,Conversion,7998.0,0.03,0.06,46,8.27,3.66,62,11,8,2,3452,1
12301,55,Female,99946,PPC,Conversion,1264.77,0.29,0.07,15,4.4,10.04,49,15,8,7,2214,1
15926,32,Female,47702,Social Media,Awareness,6808.37,0.13,0.16,18,5.06,0.57,16,10,9,0,3985,0
8108,25,Female,69427,Referral,Consideration,6642.57,0.07,0.02,19,7.89,7.74,2,9,2,7,2395,1
11731,56,Male,78175,Email,Consideration,2924.47,0.25,0.16,31,3.47,8.31,43,14,3,4,1611,1
14583,42,Female,121031,Referral,Awareness,5265.33,0.21,0.08,42,4.41,6.97,19,11,4,3,2283,1
8140,54,Female,40739,SEO,Awareness,9275.35,0.2,0.04,17,9.39,4.38,84,1,1,7,2856,1
14292,21,Female,49854,Email,Awareness,1601.1,0.21,0.05,33,5.48,12.06,95,16,4,0,1922,1
8832,55,Male,83983,SEO,Retention,4828.87,0.14,0.07,22,2.37,4.03,76,5,8,3,4940,1
9245,44,Male,43557,Social Media,Retention,8563.62,0.22,0.11,32,9.07,3.8,33,13,0,1,4956,1
15073,66,Female,51607,SEO,Conversion,8899.39,0.09,0.19,1,1.64,12.74,34,0,8,2,1311,1
13422,64,Female,108340,Social Media,Consideration,6449.11,0.21,0.17,25,6.12,10.96,53,19,5,6,3937,1
12220,46,Female,61983,Referral,Awareness,8067.27,0.24,0.16,29,1.41,7.09,68,14,6,6,4882,1
13457,39,Female,149057,SEO,Conversion,1455.84,0.04,0.04,35,8.85,8.63,23,12,4,0,4810,1
15997,28,Female,125471,Referral,Consideration,4609.53,0.06,0.13,35,2.85,14.62,38,16,0,3,738,1
14584,19,Female,88388,Referral,Retention,3182.39,0.29,0.17,24,8.96,5.08,4,17,0,9,1910,1
13349,60,Female,142641,Referral,Conversion,2136.92,0.09,0.17,43,8.36,1.42,68,14,6,3,3041,1
15354,25,Female,91439,Social Media,Retention,3837.93,0.06,0.07,34,7.67,7.29,72,15,4,3,2265,1
9136,31,Female,107160,PPC,Conversion,7435.83,0.08,0.18,13,2.06,3.38,16,5,9,5,4264,1
12497,25,Female,81922,Email,Awareness,4198.83,0.1,0.09,10,6.55,0.93,91,18,7,7,2224,1
10408,63,Male,121794,Social Media,Consideration,7132.15,0.03,0.12,24,9.47,6.88,41,15,6,4,4223,1
12650,64,Female,101006,Referral,Conversion,9138.03,0.1,0.05,35,1.85,11.26,59,15,9,8,4639,1
12721,53,Male,118345,Social Media,Retention,8476.59,0.11,0.16,17,2.06,5.94,75,6,3,7,4511,1
10417,45,Female,140550,SEO,Awareness,3374.8,0.11,0.09,18,1.71,3.55,30,10,5,4,3052,1
10842,54,Female,86890,Email,Awareness,4368.28,0.06,0.03,8,4.09,5.44,82,16,2,8,3016,0
9455,29,Male,125925,Email,Consideration,8425.33,0.14,0.1,2,2.66,13.83,42,13,7,6,2460,1
14029,43,Female,30270,Social Media,Conversion,1099.42,0.23,0.19,46,6.94,9.42,5,14,8,6,3186,1
11617,52,Female,127690,PPC,Consideration,3680.75,0.12,0.1,48,6.59,14.14,79,6,7,7,147,1
12764,54,Female,34312,Social Media,Retention,4337.51,0.21,0.02,14,6.74,11.17,16,13,8,9,3583,1
9249,27,Male,111228,Email,Retention,5781.31,0.18,0.17,29,2.99,4.29,44,16,8,1,245,1
12169,49,Male,78676,Social Media,Conversion,3197.66,0.04,0.13,14,9.3,13.63,76,4,9,3,3556,1
8929,21,Female,136524,PPC,Awareness,8246.34,0.11,0.17,43,1.1,1.38,64,15,8,3,337,1
8739,64,Male,118120,Referral,Conversion,5800.55,0.12,0.05,6,1.59,7.08,97,1,7,9,4006,1
9488,60,Male,44240,Email,Consideration,3978.83,0.02,0.16,46,3.21,2.4,76,2,4,0,3268,0
13017,52,Female,132894,PPC,Consideration,2477.28,0.05,0.07,5,8.79,13.77,56,14,0,9,3940,1
9432,35,Female,101213,Email,Conversion,6981.87,0.04,0.11,25,8.02,2.0,83,7,5,3,4143,1
14982,35,Male,143249,Referral,Awareness,6336.88,0.27,0.12,5,7.4,2.63,90,14,9,1,496,1
13478,25,Female,73506,Email,Conversion,7057.67,0.14,0.1,11,6.85,4.39,68,18,3,7,4925,1
10570,36,Male,68716,SEO,Consideration,9417.69,0.27,0.09,43,1.76,8.54,1,1,0,8,2578,1
9643,47,Male,67553,Social Media,Conversion,3461.27,0.19,0.2,46,5.49,14.58,48,19,0,0,4510,1
15306,42,Female,134742,Email,Consideration,3957.63,0.27,0.17,29,4.52,8.73,63,11,7,7,1132,1
12317,20,Female,74288,Email,Consideration,3894.38,0.14,0.15,11,9.37,7.33,48,2,3,2,2900,1
13644,52,Female,67404,PPC,Consideration,2360.05,0.24,0.17,12,4.35,3.24,67,4,1,7,270,0
11861,41,Male,89843,PPC,Conversion,1717.42,0.09,0.12,3,9.16,2.8,22,9,8,7,1015,1
13538,65,Female,65693,Social Media,Awareness,9781.59,0.29,0.09,34,5.25,2.53,78,6,0,7,3586,1
12492,47,Female,93586,Social Media,Retention,9696.77,0.14,0.04,11,6.34,14.94,53,2,4,9,3618,1
13268,20,Female,132610,Email,Retention,1777.67,0.29,0.14,3,4.68,10.84,18,0,4,6,2254,1
12026,32,Female,45499,PPC,Conversion,9848.97,0.15,0.04,12,2.69,13.05,40,14,5,1,1169,1
10877,46,Female,106348,Email,Retention,6718.38,0.02,0.09,31,5.45,14.58,69,2,3,3,3767,1
11689,43,Female,108417,Email,Awareness,5322.78,0.22,0.18,31,8.94,14.78,35,1,1,3,705,1
13359,53,Female,131113,SEO,Consideration,1080.87,0.16,0.14,39,9.42,11.83,53,10,1,1,423,1
8706,23,Female,117276,PPC,Consideration,524.67,0.29,0.03,49,2.92,4.82,64,18,7,1,3392,0
15987,31,Female,24447,Referral,Consideration,2646.17,0.17,0.13,6,9.2,0.56,87,3,4,1,218,1
15928,32,Male,72971,PPC,Conversion,818.95,0.24,0.1,3,2.39,3.29,56,1,1,9,3128,1
12687,51,Female,117816,PPC,Conversion,7131.93,0.09,0.18,36,7.6,2.01,84,8,4,4,674,1
13175,22,Male,67367,PPC,Conversion,7193.73,0.19,0.2,3,1.85,14.32,97,5,6,4,1209,1
9124,26,Female,23878,Referral,Awareness,3015.18,0.14,0.17,12,6.33,7.11,6,12,1,9,833,1
10833,22,Female,48491,PPC,Retention,6354.78,0.22,0.15,29,8.24,6.21,82,17,3,0,717,1
11957,38,Female,72485,Email,Consideration,6437.26,0.01,0.13,7,7.59,12.73,75,7,7,6,4224,1
9709,20,Male,62427,PPC,Consideration,5669.05,0.01,0.04,4,7.32,7.52,77,18,5,5,3244,1
8802,67,Male,96670,Social Media,Retention,8047.38,0.26,0.05,47,9.68,11.98,94,16,7,6,1944,1
13110,60,Female,138870,PPC,Retention,2928.18,0.26,0.12,36,7.48,3.09,73,16,9,8,3035,1
8318,57,Female,91819,Social Media,Consideration,4202.63,0.06,0.16,34,3.02,11.32,62,6,6,7,1655,1
9762,52,Male,27139,SEO,Awareness,296.77,0.22,0.04,40,4.9,14.99,84,0,1,7,3281,1
12181,63,Male,96433,PPC,Retention,4119.32,0.04,0.15,1,6.04,7.78,24,15,7,6,558,1
13417,40,Male,101434,Email,Conversion,9280.42,0.13,0.2,35,9.74,2.69,97,9,4,5,4362,1
9161,42,Male,73326,Referral,Retention,6726.0,0.26,0.12,26,3.04,7.87,74,13,3,5,3848,1
8684,59,Male,37007,Referral,Conversion,7166.53,0.04,0.08,15,8.68,6.96,83,0,0,3,1355,1
12318,45,Female,141796,PPC,Conversion,9546.01,0.24,0.07,2,8.1,0.74,16,11,8,7,1728,1
12079,52,Female,115273,Referral,Consideration,4825.94,0.18,0.03,21,1.5,5.04,81,18,5,3,1400,1
13237,50,Female,107646,Email,Awareness,9681.72,0.08,0.04,28,8.65,3.17,47,14,0,1,1486,0
14650,57,Male,83537,PPC,Consideration,1946.69,0.11,0.07,26,3.0,14.78,38,2,5,6,559,1
8530,50,Female,23239,Referral,Conversion,5044.54,0.02,0.12,13,2.59,12.43,25,19,4,1,67,1
8887,47,Female,137028,SEO,Retention,1979.06,0.17,0.08,7,8.53,11.87,88,7,0,8,1197,1
15975,56,Male,74254,Social Media,Awareness,2178.68,0.14,0.03,25,8.55,13.89,66,2,0,4,4544,1
11197,52,Female,131857,PPC,Consideration,7400.79,0.14,0.05,32,4.11,5.39,77,11,5,9,4254,1
10277,50,Female,62817,Social Media,Awareness,2898.28,0.11,0.18,1,4.67,3.18,88,14,4,6,4309,1
12918,22,Male,131682,SEO,Retention,5535.52,0.12,0.07,24,3.15,2.83,74,19,2,1,1002,1
8072,21,Male,28469,Email,Consideration,6536.09,0.13,0.17,44,5.41,5.74,8,5,5,4,2761,1
13740,42,Female,61417,SEO,Awareness,2533.51,0.16,0.02,28,5.01,6.19,49,10,5,6,3532,1
8257,26,Female,102455,Email,Retention,1954.41,0.1,0.12,29,3.03,6.8,96,3,4,0,3193,1
10668,53,Male,58418,SEO,Retention,7755.76,0.08,0.13,8,5.82,7.83,28,19,7,9,4264,1
13281,49,Male,55895,PPC,Retention,4648.74,0.04,0.07,10,4.92,1.84,41,6,6,1,1696,0
15678,31,Male,144098,PPC,Consideration,4943.03,0.06,0.02,19,1.57,4.18,68,4,1,3,2989,1
12516,52,Male,142942,SEO,Awareness,9121.33,0.29,0.09,0,6.95,6.83,64,4,5,3,607,1
13285,45,Female,21208,Email,Consideration,5262.8,0.16,0.02,24,8.45,13.43,78,7,4,6,4579,1
15057,40,Male,70955,Referral,Consideration,4262.55,0.09,0.09,13,5.61,11.41,3,17,9,4,3927,1
13307,63,Male,20424,Referral,Consideration,6487.18,0.12,0.08,30,9.82,3.75,55,10,5,4,4862,1
8172,30,Male,32651,Email,Consideration,6079.48,0.12,0.12,18,7.74,8.4,58,11,2,0,3426,1
9473,40,Female,63677,PPC,Retention,1741.26,0.06,0.1,34,1.04,2.76,0,4,5,0,4486,0
11431,29,Male,87657,Email,Conversion,1864.37,0.1,0.08,34,3.41,5.25,35,9,3,4,3411,1
10290,46,Female,81926,Referral,Retention,9466.76,0.06,0.16,16,7.95,7.19,55,18,5,4,3634,1
9900,37,Male,133947,Social Media,Retention,7043.79,0.15,0.02,16,1.05,11.48,83,15,1,6,4941,1
8089,33,Male,117556,SEO,Awareness,191.27,0.18,0.04,43,9.57,6.45,57,0,4,4,3242,1
12374,47,Male,116134,Social Media,Awareness,9519.74,0.23,0.01,48,1.82,4.7,86,19,8,5,3935,1
8560,50,Male,77331,Referral,Awareness,1418.13,0.04,0.17,31,7.76,10.88,96,5,0,0,4789,0
10393,50,Male,118743,Social Media,Awareness,9220.58,0.13,0.01,23,2.69,9.74,61,5,5,7,2600,1
8609,52,Female,33698,Referral,Retention,6578.76,0.27,0.14,4,3.86,4.27,2,18,5,5,768,1
8715,56,Female,142978,Email,Retention,7629.26,0.13,0.17,5,7.67,6.78,0,16,3,9,830,1
8006,38,Female,25615,Referral,Awareness,7302.9,0.04,0.06,42,1.75,10.7,54,14,3,6,930,1
15211,30,Female,105566,Email,Conversion,9134.01,0.19,0.01,27,6.73,10.47,38,17,0,4,4389,1
10012,61,Female,139768,SEO,Conversion,2676.17,0.14,0.14,24,2.56,8.72,73,18,5,3,4659,1
11531,69,Female,41661,SEO,Conversion,6537.93,0.12,0.01,44,8.74,4.9,95,13,1,4,4562,1
10607,39,Female,44061,Social Media,Consideration,2975.8,0.15,0.13,40,8.84,4.56,62,1,3,7,4256,1
8015,41,Female,39192,Email,Awareness,429.08,0.07,0.1,44,6.95,2.25,33,0,1,1,4474,0
9645,56,Female,81410,PPC,Retention,5316.72,0.23,0.08,17,5.0,5.25,95,9,5,0,2901,1
15197,57,Male,81711,Referral,Retention,3358.49,0.29,0.16,29,5.57,6.03,40,4,3,8,3601,1
15373,19,Female,129950,Social Media,Retention,5080.54,0.03,0.1,29,5.52,6.78,74,0,0,0,4662,1
14088,66,Male,51195,Referral,Consideration,5429.74,0.25,0.13,15,7.2,7.79,16,17,4,6,2127,1
10999,56,Female,104834,Email,Conversion,8232.89,0.03,0.16,42,9.98,5.79,84,12,4,0,1256,1
15522,34,Female,43461,PPC,Awareness,9864.95,0.19,0.04,49,1.88,13.17,94,9,9,3,3087,0
8034,33,Male,127713,Social Media,Awareness,9419.67,0.02,0.06,26,4.03,9.6,82,5,7,5,653,1
14540,28,Female,57790,Email,Consideration,766.62,0.13,0.19,47,2.0,13.52,21,13,9,6,1056,1
8300,49,Female,70998,Email,Awareness,5855.3,0.1,0.07,41,9.35,12.98,57,11,0,9,4678,1
10460,63,Female,138504,PPC,Consideration,2455.57,0.13,0.17,8,6.63,2.31,30,14,3,5,1360,1
9932,68,Female,126769,SEO,Retention,6255.33,0.01,0.09,38,2.11,3.59,89,3,5,5,945,0
11349,32,Male,21753,Social Media,Conversion,5599.62,0.28,0.01,43,9.36,5.36,95,19,0,7,3167,1
13496,32,Female,131153,Referral,Awareness,9365.97,0.26,0.09,27,6.56,2.08,85,7,5,8,3369,1
8272,58,Female,122528,Social Media,Retention,1363.33,0.08,0.19,4,8.69,3.53,5,8,4,9,4470,1
11045,36,Female,97318,Referral,Awareness,8593.63,0.27,0.03,3,3.44,7.51,80,8,2,6,745,1
9342,24,Female,102945,Email,Awareness,321.84,0.14,0.18,31,6.43,10.13,36,15,5,2,2423,1
11949,68,Female,137623,Referral,Retention,6142.73,0.06,0.2,35,9.53,3.87,95,17,5,1,4004,1
10011,34,Female,48502,PPC,Retention,8998.85,0.27,0.01,36,1.54,9.55,0,5,4,7,2886,1
9794,26,Female,140428,Email,Awareness,5319.1,0.18,0.11,45,2.28,2.42,59,1,7,5,2415,1
9443,46,Male,57124,Email,Awareness,7841.64,0.15,0.19,20,1.88,8.16,53,17,7,6,643,1
13240,27,Female,101850,Referral,Conversion,4909.97,0.17,0.14,0,8.23,14.77,85,2,6,1,1722,1
15765,49,Female,96848,Email,Retention,2858.17,0.14,0.18,14,9.93,14.31,58,11,9,3,4812,1
9646,52,Female,144772,Social Media,Conversion,6899.78,0.01,0.15,21,4.66,10.37,65,19,6,8,1094,1
10496,61,Female,55732,Email,Consideration,769.59,0.25,0.16,28,3.16,7.91,49,3,9,0,2908,1
12726,40,Female,114400,SEO,Conversion,3581.65,0.13,0.03,0,9.26,2.26,83,0,0,0,2519,0
13822,69,Male,115001,SEO,Conversion,2755.95,0.09,0.08,32,3.0,13.72,57,1,3,8,136,1
12870,22,Female,61420,Referral,Retention,2737.54,0.02,0.12,3,2.8,1.87,98,13,8,0,1961,0
10617,40,Male,55765,Social Media,Consideration,1308.85,0.21,0.08,16,9.26,11.61,83,6,1,4,2264,1
13683,20,Female,62995,SEO,Conversion,7027.96,0.26,0.1,36,5.09,0.72,68,2,9,3,3533,1
13715,48,Male,55776,Referral,Retention,1865.34,0.18,0.07,37,3.47,5.09,47,7,9,6,1213,1
8640,36,Female,78609,Social Media,Conversion,1188.35,0.19,0.12,9,1.18,8.57,82,15,9,9,4530,1
15365,53,Female,103114,PPC,Consideration,8098.4,0.2,0.1,13,4.26,12.16,8,6,7,9,3171,1
11466,28,Male,26103,Social Media,Awareness,3927.63,0.19,0.13,17,3.04,2.46,61,8,7,8,3838,1
15648,54,Female,64935,PPC,Conversion,9431.04,0.13,0.11,45,7.63,2.79,76,14,3,5,1426,0
8922,33,Female,98412,PPC,Awareness,2249.44,0.13,0.12,27,5.32,14.94,87,2,1,7,1512,1
10266,19,Male,74453,PPC,Retention,3898.8,0.3,0.08,6,3.27,11.85,14,16,0,2,1117,1
9560,60,Female,48859,Social Media,Conversion,6176.66,0.29,0.04,34,5.48,7.12,13,7,3,5,4439,1
14253,27,Female,124300,PPC,Consideration,4596.52,0.17,0.18,12,1.82,10.82,82,0,3,2,4281,1
15407,39,Female,146056,PPC,Consideration,407.84,0.21,0.11,7,5.28,1.58,72,19,0,3,4710,0
12479,49,Male,45165,Email,Awareness,7385.44,0.09,0.01,12,3.26,5.06,87,4,2,6,4688,1
8152,32,Female,37536,SEO,Retention,3591.18,0.2,0.04,34,1.87,9.38,48,3,8,5,2692,1
14403,46,Female,53512,Social Media,Awareness,4289.78,0.25,0.11,7,1.89,1.72,19,11,3,2,1003,1
13248,68,Male,85125,SEO,Consideration,3793.32,0.14,0.18,29,2.75,13.41,82,17,7,8,1515,1
9088,43,Male,69050,Social Media,Awareness,9222.89,0.15,0.13,34,4.85,10.02,47,19,8,8,4146,1
15161,68,Female,40077,SEO,Awareness,1377.22,0.26,0.06,41,6.3,6.57,78,2,4,4,1049,1
9890,58,Male,58769,PPC,Consideration,6359.04,0.23,0.12,23,9.28,11.16,84,0,7,3,296,1
15758,63,Male,44715,Email,Conversion,2380.1,0.16,0.03,22,5.32,1.28,78,18,5,5,1980,1
9551,39,Female,138258,Email,Conversion,3982.23,0.17,0.15,30,9.85,1.16,20,19,2,9,243,1
9500,38,Female,83652,SEO,Consideration,3714.01,0.06,0.14,23,7.26,13.47,87,0,9,0,4827,1
15185,39,Male,65765,Social Media,Conversion,5820.08,0.27,0.13,13,5.04,1.47,82,2,2,3,2770,1
12742,38,Female,25193,Social Media,Consideration,6492.46,0.22,0.12,13,7.84,5.42,11,19,1,1,4392,1
12388,33,Male,86988,SEO,Consideration,1454.34,0.15,0.09,37,4.65,2.64,29,9,3,8,1940,1
12617,21,Female,36163,Email,Awareness,4774.58,0.11,0.1,21,7.23,5.26,39,4,3,8,1207,1
14299,23,Female,86156,Referral,Conversion,3737.92,0.11,0.06,26,7.47,11.9,22,12,3,3,1013,1
13857,30,Male,103299,Email,Awareness,3680.25,0.01,0.11,43,7.44,7.84,63,10,4,1,3520,1
14007,51,Female,114203,PPC,Conversion,869.36,0.13,0.11,31,9.08,5.11,36,3,6,4,1857,1
13563,44,Male,63086,Email,Conversion,4577.02,0.16,0.15,21,2.22,5.43,71,12,6,4,827,1
11309,66,Female,55607,Referral,Retention,2596.31,0.24,0.19,45,4.1,1.13,30,14,0,5,3352,1
10890,32,Female,87799,Email,Conversion,6428.7,0.15,0.13,40,6.45,10.74,64,0,0,0,4888,1
9805,22,Female,74203,Email,Retention,2879.24,0.02,0.13,36,6.29,8.35,18,13,3,3,1382,1
8948,18,Male,28951,Referral,Conversion,366.35,0.07,0.02,17,4.73,1.83,44,4,6,3,1747,1
9064,41,Male,91839,PPC,Awareness,4733.21,0.05,0.09,7,3.87,8.95,56,12,9,6,4418,1
9973,18,Male,133097,Email,Conversion,3942.71,0.22,0.14,4,2.21,13.6,71,13,3,3,4184,1
11100,54,Male,95082,Referral,Conversion,7378.07,0.2,0.04,8,2.3,6.98,88,8,4,3,978,1
8070,23,Male,34781,Referral,Consideration,997.52,0.06,0.08,14,1.6,14.81,47,16,4,3,1328,1
11934,34,Male,34932,SEO,Awareness,7507.26,0.09,0.09,22,8.0,12.98,1,1,8,4,3413,1
10321,60,Female,102897,Referral,Retention,1322.06,0.28,0.08,6,3.19,3.25,81,17,0,3,596,0
15596,22,Female,84566,SEO,Conversion,4956.38,0.21,0.12,7,9.8,4.7,70,13,9,0,1272,0
10514,33,Female,87238,Social Media,Consideration,6358.44,0.19,0.05,22,4.64,7.53,25,18,8,0,4292,1
14057,32,Female,94828,Email,Conversion,5088.44,0.12,0.02,28,7.89,6.99,68,14,2,5,3193,1
14746,37,Female,131841,PPC,Awareness,9050.22,0.05,0.16,25,5.85,13.58,11,8,6,9,3364,1
14773,43,Male,70649,Social Media,Awareness,1060.66,0.1,0.15,20,7.52,5.05,13,14,3,8,1588,1
9105,60,Male,139206,Social Media,Conversion,8994.39,0.08,0.05,37,7.32,5.61,24,8,3,6,2177,1
8867,47,Female,62987,Social Media,Awareness,5926.57,0.22,0.12,16,4.28,4.52,65,8,7,1,3338,1
10182,20,Male,105172,Referral,Consideration,4188.37,0.11,0.04,49,6.6,6.67,84,8,8,2,4450,1
8227,66,Male,102318,PPC,Retention,8207.87,0.23,0.03,0,4.15,13.39,93,19,0,3,783,1
11440,51,Female,117208,Email,Retention,7563.32,0.18,0.16,22,3.61,1.08,84,19,1,4,4944,1
11870,18,Male,58692,Referral,Retention,4337.02,0.08,0.16,12,4.58,14.84,92,13,3,6,503,1
12714,39,Male,72365,Referral,Awareness,9536.99,0.25,0.05,21,4.11,14.35,7,0,5,3,238,1
13075,25,Female,102331,Email,Consideration,2844.71,0.13,0.13,25,7.73,9.75,51,11,4,0,3855,1
13566,28,Male,101144,Social Media,Awareness,4637.9,0.24,0.03,36,9.28,5.83,44,2,6,8,349,1
8803,62,Male,122760,Social Media,Conversion,2859.95,0.27,0.12,32,4.26,6.92,82,13,1,0,784,1
9387,56,Female,71044,Social Media,Conversion,6309.4,0.07,0.07,16,3.08,6.74,42,11,3,2,1747,1
10168,58,Female,22438,PPC,Consideration,5590.15,0.17,0.05,40,4.9,10.03,33,16,3,3,4232,1
10297,61,Male,102819,Referral,Consideration,8848.63,0.06,0.15,42,5.29,11.12,27,3,7,1,3657,1
12738,56,Female,21120,Referral,Conversion,1323.93,0.02,0.05,11,3.88,2.2,38,4,7,9,4377,1
8473,57,Female,29589,Referral,Retention,4649.37,0.24,0.1,25,9.42,3.06,55,10,4,7,2139,1
13491,20,Female,132312,SEO,Retention,2377.45,0.04,0.09,19,4.01,4.42,89,13,5,3,2787,1
9604,38,Female,143682,SEO,Awareness,9165.95,0.19,0.04,11,2.25,11.99,70,6,3,4,3689,1
14561,49,Male,110636,Email,Awareness,7963.15,0.07,0.08,10,6.99,7.78,34,0,4,5,3667,1
10238,47,Female,76795,Email,Conversion,1529.32,0.08,0.12,13,2.54,10.51,53,5,8,7,3518,1
8771,45,Female,127268,Social Media,Retention,3428.64,0.28,0.13,22,6.78,11.17,83,10,1,9,4749,1
11116,55,Female,133917,Social Media,Retention,7934.49,0.25,0.1,28,4.87,14.65,14,1,4,2,1523,1
9046,39,Female,53539,PPC,Retention,3210.04,0.27,0.14,21,2.2,13.72,84,11,1,9,1645,1
12158,58,Female,95948,SEO,Retention,1220.24,0.27,0.09,48,7.19,5.1,39,17,9,1,3783,1
8433,18,Female,89205,Social Media,Consideration,2061.19,0.1,0.12,39,5.2,10.41,49,6,1,0,3965,1
9156,22,Female,114948,Email,Retention,2813.02,0.12,0.12,15,2.56,7.87,61,2,9,9,1785,1
12371,44,Female,84038,PPC,Conversion,5719.44,0.18,0.13,12,9.61,6.93,25,17,3,4,787,1
13138,52,Female,51516,PPC,Awareness,644.64,0.29,0.07,18,8.81,3.87,33,2,7,1,679,0
9811,65,Female,73238,PPC,Awareness,3640.19,0.06,0.09,2,4.98,11.84,75,14,3,8,3791,1
14764,60,Female,72448,Referral,Retention,5721.67,0.02,0.07,23,4.66,2.32,66,14,0,6,658,1
14544,28,Male,72025,Referral,Consideration,7759.87,0.15,0.13,10,6.43,4.01,67,18,1,6,1048,1
15917,48,Male,47268,SEO,Retention,5652.05,0.11,0.14,37,1.45,0.53,27,13,7,1,574,1
9304,26,Female,143479,Email,Retention,8006.35,0.18,0.11,20,9.68,11.3,34,17,4,7,3925,1
10765,23,Female,44690,Referral,Retention,8618.46,0.14,0.11,38,4.27,2.14,22,19,9,5,3223,1
11122,24,Male,103442,SEO,Retention,809.83,0.08,0.08,23,5.45,9.62,36,17,1,9,330,1
11030,69,Female,123167,PPC,Retention,9248.49,0.01,0.05,11,4.4,7.6,77,8,8,6,666,1
11695,46,Female,104963,Email,Consideration,1640.12,0.01,0.04,46,8.68,3.01,63,17,5,6,3638,1
14427,54,Female,63815,SEO,Conversion,9797.16,0.14,0.15,32,6.7,14.15,82,14,9,3,2188,1
15442,24,Male,103605,Email,Retention,6725.58,0.14,0.15,17,4.61,12.01,44,9,4,9,4703,0
14630,39,Female,88310,PPC,Awareness,8006.19,0.27,0.15,3,8.57,5.94,98,11,6,2,1411,1
14897,60,Female,69240,Referral,Awareness,4033.84,0.2,0.2,40,4.61,4.69,21,0,2,2,108,0
12943,46,Female,30011,PPC,Conversion,9177.74,0.19,0.06,43,3.39,7.82,1,3,1,0,2358,1
15601,58,Female,137105,Referral,Retention,1881.86,0.29,0.18,14,7.78,4.69,19,5,3,1,3684,0
15728,67,Male,32094,Social Media,Conversion,2008.96,0.25,0.05,44,8.71,0.7,65,14,8,7,2718,1
13039,56,Male,34909,SEO,Awareness,354.23,0.08,0.11,4,1.58,5.2,97,18,9,4,4173,1
15777,37,Male,131689,PPC,Awareness,9633.52,0.27,0.17,11,6.16,7.29,99,0,5,8,1092,1
9947,46,Female,61504,Referral,Retention,2462.63,0.12,0.13,8,3.46,7.38,85,18,5,5,299,1
8934,44,Male,56253,PPC,Consideration,7257.79,0.06,0.14,14,8.03,1.56,34,12,1,4,3289,1
12831,22,Female,40809,SEO,Conversion,3698.47,0.13,0.17,49,3.56,5.06,75,19,5,9,987,1
14552,19,Female,133316,Referral,Retention,3735.07,0.01,0.07,26,3.23,8.26,32,9,3,5,4511,1
10152,66,Female,65805,SEO,Consideration,243.44,0.25,0.12,39,5.96,2.13,25,19,9,0,484,1
13225,31,Female,25257,Referral,Retention,3393.64,0.05,0.08,9,3.63,1.06,89,14,2,8,2467,0
11925,23,Female,33803,PPC,Conversion,7077.94,0.13,0.05,45,1.37,2.94,62,17,1,0,4526,1
15828,18,Male,107114,PPC,Conversion,8052.56,0.25,0.12,3,7.0,3.85,16,18,1,1,1191,1
8344,34,Female,135845,PPC,Conversion,1796.03,0.08,0.15,5,9.62,1.87,75,13,2,1,1558,0
12430,49,Male,126854,SEO,Conversion,1652.98,0.19,0.02,33,2.06,2.39,19,2,7,9,4509,1
8462,61,Female,144284,Social Media,Awareness,6199.45,0.09,0.08,19,5.48,6.49,5,2,8,8,1710,1
9191,20,Female,53427,PPC,Consideration,8250.04,0.23,0.07,39,2.94,9.18,1,7,9,5,2144,1
9641,35,Male,128173,Social Media,Retention,2090.22,0.07,0.07,34,1.44,11.08,48,0,7,4,4388,1
12270,36,Female,31971,Social Media,Awareness,6485.68,0.03,0.13,48,2.67,7.02,12,3,0,0,4282,0
9941,34,Male,69008,Email,Consideration,3847.81,0.2,0.07,5,4.39,3.91,49,7,4,2,4393,1
15805,55,Male,35921,Referral,Consideration,6284.03,0.22,0.04,1,7.99,9.67,65,4,8,9,2638,0
8440,40,Male,21933,Email,Awareness,7036.58,0.09,0.1,18,3.97,10.46,65,16,7,1,3313,1
9081,25,Male,88908,Social Media,Awareness,8138.45,0.04,0.1,39,6.99,7.76,76,9,2,9,905,1
8950,58,Female,56180,SEO,Retention,7861.93,0.04,0.17,42,4.09,11.85,61,3,3,3,1017,1
11706,30,Female,122895,Social Media,Retention,9893.42,0.25,0.1,46,6.72,7.5,27,6,9,1,1782,1
12024,41,Female,66871,PPC,Conversion,1385.02,0.29,0.06,16,7.37,4.77,63,14,8,0,93,1
8822,52,Female,105865,SEO,Conversion,9004.43,0.14,0.02,4,3.17,14.84,19,7,7,8,2017,1
11222,63,Female,146419,Social Media,Consideration,9409.92,0.15,0.16,46,3.42,13.79,3,2,4,6,2607,1
8485,54,Male,117583,Referral,Conversion,1567.22,0.16,0.09,43,3.37,5.66,5,12,8,4,4909,1
12526,55,Female,84527,SEO,Consideration,6533.14,0.11,0.19,24,1.88,4.42,3,7,4,9,3435,1
9172,68,Female,62139,Referral,Consideration,3210.5,0.06,0.01,46,2.85,6.58,56,1,4,7,1883,0
11747,25,Male,99056,SEO,Conversion,9827.84,0.16,0.01,19,3.89,12.65,22,18,8,2,125,1
14235,25,Male,47785,SEO,Conversion,403.92,0.26,0.07,38,2.82,8.32,89,5,5,8,1445,1
15375,56,Male,30058,Social Media,Awareness,5756.21,0.15,0.19,46,4.51,9.78,58,11,1,4,1141,0
13686,25,Male,69831,Email,Consideration,5578.29,0.24,0.06,24,8.44,8.52,97,4,5,3,4633,1
8175,68,Male,65606,PPC,Conversion,8843.25,0.08,0.07,30,3.1,7.94,83,15,3,5,3789,1
8289,33,Female,37839,Email,Consideration,4838.93,0.03,0.11,21,4.23,7.72,98,3,6,2,4135,1
9637,25,Female,57489,Social Media,Conversion,2580.01,0.04,0.07,4,7.55,14.34,32,2,3,5,1090,1
14564,57,Male,37857,PPC,Consideration,6803.67,0.23,0.15,30,9.46,2.45,83,16,4,8,4356,1
11013,40,Female,104719,Referral,Retention,8688.74,0.08,0.02,29,1.03,12.83,31,4,7,2,3331,1
14094,62,Male,23974,Social Media,Retention,8396.05,0.29,0.03,1,7.29,1.91,50,11,0,9,2151,1
15689,55,Male,52726,Referral,Consideration,1047.29,0.13,0.16,19,5.53,7.15,63,1,0,7,3153,1
13896,69,Male,110728,PPC,Awareness,8588.25,0.25,0.15,30,1.84,7.16,21,3,9,6,2434,1
10744,42,Female,137952,SEO,Consideration,597.35,0.08,0.09,45,9.3,1.71,88,1,1,6,4781,0
15796,32,Female,62523,SEO,Consideration,8542.76,0.3,0.13,29,8.56,9.9,69,19,7,0,2333,1
14895,34,Female,36585,PPC,Awareness,3227.19,0.09,0.08,24,1.04,6.05,70,13,3,5,3956,1
13880,38,Female,57471,PPC,Conversion,5863.45,0.19,0.09,40,6.28,7.27,46,11,2,2,3217,1
8794,35,Female,125447,Social Media,Conversion,7311.37,0.15,0.13,2,8.63,4.18,26,7,7,1,2630,1
11643,57,Female,128511,Social Media,Conversion,7651.27,0.28,0.17,34,1.56,2.21,57,0,5,8,4627,1
15526,35,Male,102628,Social Media,Awareness,7722.09,0.28,0.15,35,7.95,7.08,88,4,0,5,3848,0
14736,68,Male,33341,Referral,Retention,2033.64,0.13,0.13,21,7.38,3.31,59,18,7,0,506,1
15571,31,Female,36685,Referral,Awareness,7310.27,0.23,0.04,21,1.71,7.03,77,8,7,6,3168,1
12349,20,Male,35773,PPC,Retention,3922.1,0.06,0.2,14,8.99,12.03,54,2,1,2,1929,1
10785,40,Female,35852,Email,Consideration,7220.48,0.22,0.05,6,2.98,5.75,62,18,8,3,2819,1
12067,46,Female,77911,Social Media,Retention,8070.96,0.02,0.03,23,8.26,9.03,45,1,8,7,3737,1
13330,62,Female,97354,Referral,Awareness,8307.5,0.24,0.06,21,3.42,12.49,38,4,9,4,4208,1
10689,39,Male,36375,SEO,Retention,5862.11,0.28,0.13,21,1.25,3.32,90,12,5,6,54,1
14362,33,Female,90784,PPC,Conversion,6967.99,0.26,0.03,7,6.67,13.9,79,16,7,0,711,1
13126,22,Female,62464,SEO,Conversion,7732.7,0.24,0.1,7,1.76,0.51,74,17,8,7,213,1
14425,59,Female,97614,Social Media,Retention,555.49,0.18,0.08,22,5.65,14.79,84,12,4,3,1796,1
12258,50,Female,94332,SEO,Conversion,2138.95,0.25,0.18,35,6.5,13.1,3,8,2,8,4990,1
9859,47,Female,140063,Email,Conversion,1438.12,0.05,0.1,35,5.86,7.22,61,8,0,2,1117,1
9292,54,Female,74504,PPC,Conversion,5547.81,0.27,0.15,47,3.61,3.05,97,8,5,6,4416,1
11626,54,Female,138201,Social Media,Conversion,1316.34,0.29,0.04,13,2.26,7.05,2,1,3,1,3906,1
13387,53,Female,84926,Referral,Awareness,2521.98,0.3,0.15,29,8.12,7.99,11,4,9,5,4819,1
15609,60,Male,48987,Social Media,Consideration,7616.18,0.17,0.15,21,5.11,5.91,84,7,8,9,2932,0
14875,59,Male,110888,SEO,Retention,5541.42,0.15,0.07,31,4.49,2.0,5,16,2,7,1229,1
11875,27,Male,23907,Social Media,Retention,3524.11,0.18,0.16,45,3.78,8.51,30,14,0,5,4004,1
13186,46,Male,125120,Referral,Conversion,2157.26,0.04,0.12,45,3.23,13.19,27,3,7,9,3587,1
15350,62,Female,145008,PPC,Conversion,1665.72,0.11,0.13,33,2.3,12.32,34,15,8,0,2749,1
15797,53,Male,50284,SEO,Consideration,7521.65,0.11,0.15,20,4.59,14.34,44,17,1,7,3410,0
8443,51,Male,127336,Email,Conversion,1875.66,0.04,0.12,1,6.61,9.9,3,9,5,2,2153,1
15359,47,Female,91823,Referral,Conversion,3882.2,0.19,0.06,6,3.13,10.89,73,8,7,0,1667,0
14997,66,Female,55344,Social Media,Consideration,7480.55,0.04,0.07,40,1.54,12.72,59,8,6,9,3980,1
11775,50,Male,84928,Email,Awareness,7006.05,0.04,0.06,5,3.42,5.32,81,15,2,3,2966,1
12429,32,Female,35793,SEO,Awareness,9888.75,0.04,0.07,14,3.19,5.0,69,7,1,8,1411,1
12146,51,Female,93728,Email,Retention,7968.91,0.26,0.04,36,2.77,8.21,36,3,2,8,58,0
13698,45,Male,116666,PPC,Retention,1527.93,0.04,0.16,49,9.21,13.75,94,14,7,0,3009,1
11485,50,Female,22977,SEO,Retention,9153.11,0.07,0.02,13,3.71,9.16,74,10,7,7,189,1
14629,53,Male,65798,Social Media,Conversion,1088.95,0.07,0.04,2,9.03,1.62,19,13,1,1,4517,0
9914,35,Female,119186,PPC,Awareness,5723.59,0.26,0.04,15,1.73,14.8,14,18,2,3,4373,1
13805,33,Male,24334,Social Media,Consideration,5682.67,0.17,0.14,48,7.79,3.08,83,2,3,0,865,1
12802,34,Male,87759,Social Media,Awareness,5713.03,0.28,0.04,48,2.23,9.02,80,5,4,7,452,1
9293,38,Male,63130,PPC,Conversion,6138.77,0.23,0.17,48,9.54,5.95,84,6,4,1,1468,1
15688,44,Female,38989,PPC,Conversion,707.25,0.29,0.11,0,1.65,3.51,5,0,7,0,2540,1
10848,66,Female,142534,PPC,Consideration,8494.95,0.15,0.14,27,2.89,11.66,70,9,2,3,2657,1
8777,45,Female,31377,SEO,Consideration,6174.7,0.28,0.07,19,3.11,9.47,3,13,0,5,3693,1
12837,65,Male,126374,SEO,Consideration,8221.75,0.05,0.13,5,2.75,0.76,43,14,8,5,2622,1
15063,31,Female,120229,PPC,Awareness,3152.67,0.04,0.12,42,2.88,5.7,0,4,2,4,2219,0
12974,18,Male,107858,PPC,Consideration,9116.74,0.24,0.07,38,1.84,3.46,20,19,9,7,1449,1
14291,21,Female,42409,Email,Awareness,4346.23,0.15,0.14,19,6.8,6.24,84,0,9,3,195,1
9495,40,Female,116355,SEO,Conversion,2982.27,0.06,0.05,9,7.35,1.6,97,0,0,6,1322,0
8882,51,Male,40932,Referral,Awareness,834.28,0.2,0.09,15,7.02,1.54,48,11,9,4,2221,1
15099,60,Female,79261,Social Media,Conversion,8606.31,0.23,0.13,24,7.87,1.23,84,12,1,4,1881,1
15565,31,Male,78694,Email,Awareness,3606.97,0.02,0.17,18,2.3,0.93,72,18,3,7,2121,1
9022,62,Female,47973,Email,Awareness,3623.8,0.13,0.09,4,3.6,0.91,48,19,1,8,3773,1
12914,23,Male,85377,PPC,Conversion,2307.44,0.21,0.06,11,3.57,10.7,74,10,1,9,3879,1
12606,44,Female,129824,PPC,Consideration,4839.55,0.08,0.12,11,9.46,7.54,45,6,5,6,438,1
10974,27,Male,78786,SEO,Awareness,4490.31,0.26,0.16,45,8.32,11.01,73,19,0,6,3479,1
15016,66,Female,84372,Social Media,Conversion,5813.88,0.01,0.03,38,7.63,1.21,29,7,8,6,2914,1
10605,61,Female,53367,Email,Consideration,6330.86,0.1,0.12,47,2.59,7.71,72,6,3,7,2276,1
10534,64,Female,21963,SEO,Consideration,7891.65,0.19,0.04,2,7.68,3.47,67,14,3,0,2000,1
11758,25,Male,110859,Social Media,Retention,8071.8,0.07,0.1,36,9.05,8.28,48,18,8,8,4466,1
14841,67,Male,105348,PPC,Conversion,3035.72,0.29,0.01,11,2.23,13.98,54,7,6,4,1894,1
15183,30,Male,71656,Referral,Awareness,9840.34,0.11,0.2,2,6.87,2.08,2,13,4,0,314,1
15464,28,Male,41788,SEO,Awareness,2984.0,0.23,0.11,27,8.8,10.66,63,15,1,7,4179,1
12476,44,Female,60251,Email,Awareness,7976.3,0.08,0.19,29,9.6,14.72,76,14,5,8,2209,1
12863,69,Female,104079,Email,Awareness,243.24,0.21,0.06,38,6.8,10.69,74,15,2,9,3395,1
11451,42,Female,61596,Referral,Conversion,7182.41,0.17,0.14,12,8.07,10.82,25,18,0,0,1520,1
12036,45,Female,143981,Social Media,Retention,8052.88,0.09,0.08,30,3.5,12.85,85,18,8,4,4304,1
15243,65,Female,126649,PPC,Retention,1155.27,0.3,0.18,5,9.67,12.26,27,14,9,2,2565,1
13778,57,Male,77052,Referral,Conversion,6575.24,0.2,0.17,13,4.82,6.52,30,13,0,0,2472,1
11726,58,Male,91982,PPC,Awareness,7698.3,0.09,0.03,27,8.49,4.68,44,3,3,1,2989,0
15235,23,Female,69506,SEO,Retention,5370.3,0.16,0.14,15,4.3,12.77,31,7,1,8,2175,1
11976,34,Male,62337,Social Media,Consideration,3147.5,0.2,0.03,34,7.63,10.26,65,13,2,0,2029,1
8316,53,Male,107191,Social Media,Consideration,678.08,0.1,0.19,18,3.02,0.78,98,6,2,2,507,0
15432,25,Female,46321,SEO,Awareness,5351.04,0.16,0.08,20,8.5,10.42,56,7,1,2,2199,1
12828,57,Male,126753,PPC,Retention,9223.49,0.26,0.06,20,4.81,5.78,8,9,0,4,4402,1
11750,29,Female,42805,Referral,Awareness,8365.71,0.28,0.04,16,1.81,6.95,62,8,1,2,823,1
11272,24,Female,126396,Email,Conversion,6395.52,0.28,0.01,39,2.4,1.87,65,4,1,5,311,0
12685,57,Female,75998,PPC,Awareness,8972.65,0.03,0.17,44,5.04,11.77,21,17,1,8,1054,1
14720,33,Female,103275,Email,Consideration,5450.18,0.02,0.2,30,8.34,3.27,65,0,1,3,1918,1
10495,18,Female,125754,PPC,Conversion,2690.31,0.15,0.17,19,2.9,7.34,54,14,4,3,3777,1
11319,22,Female,38631,Referral,Consideration,4314.28,0.24,0.03,32,3.79,11.55,15,10,0,0,4464,1
13308,47,Female,71899,PPC,Retention,8646.33,0.16,0.05,43,9.9,3.61,0,5,6,8,1840,1
14986,35,Male,65939,PPC,Retention,2348.8,0.04,0.02,27,2.21,4.48,42,8,6,5,3304,0
12381,49,Female,94628,SEO,Awareness,3870.04,0.1,0.11,7,9.4,13.27,70,17,3,3,4535,1
13283,33,Female,43867,Referral,Consideration,6343.46,0.1,0.14,12,2.41,5.44,60,16,6,8,2834,1
10594,19,Male,66032,Referral,Awareness,8114.64,0.02,0.03,30,1.09,12.97,53,15,9,9,4577,1
12747,59,Female,99766,PPC,Conversion,1621.09,0.12,0.19,22,3.81,0.96,98,0,0,7,404,1
14458,68,Female,95589,Referral,Retention,5703.36,0.15,0.1,36,1.87,8.77,85,11,5,5,611,1
8909,41,Male,124713,SEO,Retention,6994.77,0.17,0.05,19,6.32,10.46,38,6,3,4,3570,1
14620,35,Female,96438,Referral,Consideration,8787.27,0.13,0.14,23,4.31,2.83,18,6,2,6,1163,1
8356,68,Male,127519,Referral,Conversion,1473.95,0.07,0.1,2,2.12,13.38,31,1,1,3,1188,0
15959,69,Male,91123,Email,Awareness,246.64,0.25,0.14,8,8.74,6.17,57,15,9,7,3716,1
11331,29,Female,111118,Social Media,Consideration,3422.02,0.13,0.05,7,9.05,12.42,26,7,1,1,4733,1
15755,61,Female,141952,Social Media,Conversion,1773.73,0.25,0.04,40,8.03,6.47,32,12,1,3,1464,0
10990,61,Female,110975,PPC,Consideration,6904.64,0.04,0.16,32,7.0,9.37,52,16,7,2,3099,1
12795,34,Male,132517,Email,Retention,4795.05,0.28,0.03,42,3.98,4.47,71,15,8,7,3343,1
13122,55,Male,32473,Referral,Consideration,9231.01,0.18,0.17,22,9.96,13.89,4,19,3,5,428,1
8944,59,Male,99045,Email,Conversion,2412.54,0.21,0.09,8,1.6,3.88,54,2,1,6,1341,0
12669,36,Female,137513,Email,Conversion,8428.64,0.25,0.18,32,4.22,3.57,12,1,5,6,4783,1
10268,54,Male,140848,Social Media,Consideration,8021.3,0.12,0.16,46,7.74,9.93,58,9,3,1,4094,1
8273,50,Female,66526,SEO,Conversion,9594.5,0.18,0.03,47,7.84,7.81,57,15,6,9,1722,1
8013,53,Male,64608,SEO,Awareness,1520.42,0.19,0.16,8,8.5,14.25,81,8,1,2,2818,1
11637,49,Male,143863,Email,Conversion,7908.92,0.27,0.15,35,9.94,14.42,80,4,5,0,4157,1
10768,60,Female,53762,SEO,Conversion,3162.79,0.06,0.2,9,9.85,3.95,3,14,2,6,2822,1
11264,32,Male,26028,Email,Retention,1962.63,0.1,0.17,28,9.58,13.07,86,5,2,1,1835,1
14774,40,Female,82104,SEO,Awareness,9479.56,0.04,0.12,11,8.95,13.45,46,19,6,5,99,1
8111,68,Female,25717,Email,Conversion,8443.73,0.23,0.03,17,6.36,10.53,78,19,5,7,603,1
8022,55,Male,57586,Email,Consideration,6599.33,0.26,0.14,14,3.45,12.85,94,14,6,9,1989,1
12307,40,Female,121564,Referral,Consideration,5162.18,0.12,0.01,29,5.26,6.83,65,6,5,6,3710,1
11762,40,Female,94310,SEO,Consideration,7674.12,0.09,0.17,19,1.16,14.3,86,18,2,8,4212,1
14020,20,Female,50384,PPC,Consideration,1701.21,0.02,0.13,31,9.23,12.78,54,2,3,8,2991,1
8149,44,Male,45476,Social Media,Consideration,5423.01,0.04,0.18,35,3.29,3.37,71,14,6,7,252,1
15731,38,Male,64378,SEO,Consideration,5950.35,0.19,0.1,22,6.06,10.17,22,0,4,6,671,1
14817,55,Female,67163,Social Media,Conversion,6964.79,0.02,0.13,12,5.07,10.14,86,15,6,4,3992,1
11848,20,Male,80750,Email,Awareness,4218.77,0.17,0.15,24,8.74,9.59,56,10,3,2,2976,1
9735,28,Female,31135,Email,Awareness,1698.45,0.18,0.04,22,7.57,12.87,1,13,0,0,36,0
14656,23,Female,31552,Email,Awareness,5114.06,0.03,0.15,38,5.99,8.56,91,6,3,7,1655,1
15734,54,Male,115798,SEO,Conversion,4834.9,0.13,0.18,37,4.62,13.76,93,6,0,9,3991,0
12033,31,Female,123229,Email,Awareness,6722.59,0.08,0.14,19,9.91,10.94,2,15,4,4,4891,1
15056,25,Female,82395,SEO,Retention,3732.98,0.13,0.09,25,4.51,11.74,14,16,4,9,1572,1
12996,66,Female,32987,Referral,Retention,5952.41,0.15,0.1,17,3.67,1.57,28,0,5,6,3704,1
10519,21,Female,24271,SEO,Consideration,3620.39,0.15,0.05,37,5.2,8.14,9,15,0,0,1137,1
8066,67,Female,49075,Email,Retention,985.54,0.21,0.14,17,9.09,5.29,75,19,4,6,643,1
9694,66,Female,105870,Email,Retention,8771.06,0.23,0.1,20,1.48,4.16,53,1,6,2,2670,1
14689,40,Female,76884,Referral,Conversion,130.04,0.22,0.15,10,8.7,14.01,39,14,7,4,2084,1
11858,49,Female,69460,Social Media,Retention,3265.43,0.07,0.17,33,4.21,2.7,29,12,5,4,1457,1
13463,22,Female,70697,PPC,Retention,4909.42,0.15,0.15,6,7.82,11.83,8,18,7,1,3951,1
10722,52,Male,126464,Email,Retention,9250.13,0.13,0.2,33,5.32,7.76,32,18,4,8,156,1
10203,55,Female,129591,PPC,Consideration,7880.13,0.2,0.11,43,2.56,8.41,64,2,9,2,1509,1
14117,48,Female,22998,Email,Conversion,1987.36,0.27,0.13,16,6.86,10.57,82,13,3,1,3308,1
11581,26,Female,72763,Social Media,Awareness,8221.23,0.24,0.15,44,7.67,7.44,87,1,7,7,1017,1
15289,36,Male,66454,Referral,Awareness,8781.78,0.18,0.1,32,1.96,0.52,44,10,4,9,3392,1
9855,59,Male,61191,Referral,Awareness,4226.62,0.13,0.07,45,6.12,11.26,80,8,8,9,4192,1
10446,53,Female,92843,Email,Conversion,8535.16,0.01,0.13,26,5.75,14.67,2,19,5,6,3224,1
8643,24,Female,101666,Social Media,Consideration,6576.04,0.01,0.16,29,1.9,4.18,25,17,7,6,4550,1
8205,50,Male,29047,Email,Retention,3872.97,0.03,0.04,15,8.25,4.73,72,9,4,6,155,0
14676,69,Male,68120,PPC,Consideration,3857.87,0.29,0.09,22,7.41,1.05,67,19,7,6,4221,1
10292,48,Female,61048,PPC,Retention,6433.46,0.03,0.18,16,5.1,13.09,8,4,9,1,2105,1
15200,58,Male,139991,PPC,Awareness,8676.31,0.16,0.18,18,1.5,0.99,2,11,9,7,4317,1
12723,58,Male,113330,PPC,Conversion,7017.38,0.24,0.04,3,6.36,3.67,37,1,2,0,4687,0
13180,40,Female,33691,Email,Awareness,9288.96,0.07,0.03,20,9.55,14.66,49,5,0,9,528,0
13252,46,Male,109937,Social Media,Awareness,6780.41,0.02,0.13,39,4.19,8.73,49,13,4,0,2120,1
10555,42,Female,43238,SEO,Consideration,6519.57,0.2,0.03,46,8.11,5.39,77,0,6,9,2773,1
8836,54,Male,25364,Email,Consideration,3026.93,0.02,0.15,41,5.22,9.14,15,2,5,7,199,1
12916,45,Male,58842,Social Media,Consideration,666.46,0.19,0.11,9,2.83,7.05,76,11,7,9,1296,1
13618,25,Male,55120,Referral,Awareness,9233.75,0.09,0.07,22,4.49,11.76,11,12,0,0,4265,1
12062,48,Male,32822,Referral,Consideration,6911.03,0.02,0.12,21,3.15,6.7,45,5,9,4,350,1
15764,24,Female,136202,Referral,Retention,2826.52,0.09,0.14,47,9.25,8.04,75,12,9,3,1888,1
14972,38,Male,128338,Referral,Retention,965.28,0.2,0.19,49,4.93,1.86,70,6,9,8,3445,1
8010,28,Male,88319,PPC,Retention,7283.89,0.27,0.11,47,2.05,3.29,94,16,5,6,1987,1
13750,32,Female,122373,Social Media,Awareness,9071.7,0.27,0.18,25,6.75,13.03,93,2,4,2,2289,1
10994,66,Female,77055,PPC,Conversion,6798.26,0.11,0.19,35,9.91,2.12,13,8,7,0,2991,1
15849,33,Male,132263,Referral,Retention,7607.49,0.1,0.06,39,3.26,2.55,38,13,5,9,3127,1
11676,44,Male,86723,PPC,Retention,4333.72,0.13,0.1,18,4.34,2.77,7,14,4,7,3761,1
14753,44,Male,68723,Email,Conversion,8166.6,0.19,0.11,18,6.01,2.0,30,17,1,7,1599,1
12647,36,Male,70400,SEO,Consideration,5675.67,0.08,0.07,28,2.08,13.26,98,6,3,7,3417,1
15165,36,Female,125528,PPC,Consideration,8899.63,0.09,0.15,41,5.72,3.39,49,11,2,9,3264,1
11432,28,Female,23582,SEO,Retention,8207.87,0.1,0.15,39,4.22,3.47,0,7,9,6,1953,1
12132,33,Male,105421,SEO,Retention,6276.44,0.08,0.03,26,4.25,4.37,18,12,3,5,3102,1
13921,28,Male,103276,Email,Retention,5048.65,0.29,0.05,39,3.95,4.28,64,13,2,3,2156,1
14485,48,Female,77544,Social Media,Awareness,1467.91,0.28,0.2,49,1.04,9.69,75,3,6,7,774,1
14128,54,Male,124000,Referral,Retention,3216.7,0.17,0.14,43,3.88,7.69,23,11,0,9,2032,1
12306,62,Female,38913,Social Media,Retention,3957.51,0.28,0.06,6,2.63,7.92,65,0,0,5,3431,0
14495,36,Female,65938,Email,Awareness,2130.33,0.28,0.08,43,6.52,2.15,64,15,6,4,1970,1
15558,51,Male,147597,Social Media,Awareness,5561.69,0.03,0.14,34,7.07,6.75,84,11,7,4,3085,1
12563,27,Male,117757,Email,Retention,1710.76,0.15,0.05,49,9.6,4.79,99,11,9,2,207,1
8547,33,Female,78945,Email,Conversion,1153.99,0.01,0.15,47,8.5,11.94,47,11,7,3,2688,1
15091,31,Male,144582,Email,Conversion,8750.09,0.03,0.13,10,7.4,12.4,77,7,6,9,1286,1
8531,47,Female,23415,PPC,Awareness,7112.64,0.17,0.15,47,5.16,7.49,12,19,6,7,3252,1
8612,35,Male,92265,Social Media,Awareness,7895.05,0.29,0.1,30,8.64,12.84,32,7,0,1,3806,1
14350,28,Female,45793,Social Media,Conversion,9345.78,0.15,0.05,25,4.61,14.64,24,7,6,4,229,1
12069,60,Female,81854,Email,Retention,9363.33,0.05,0.04,32,1.43,11.59,43,15,4,0,447,0
8351,63,Female,129437,Social Media,Retention,6501.22,0.05,0.14,39,1.16,13.75,35,7,0,4,2390,1
9252,23,Female,78204,Social Media,Consideration,8078.81,0.04,0.16,16,4.26,8.46,62,12,9,6,3094,1
12411,46,Male,133930,Email,Conversion,7914.45,0.05,0.17,46,5.72,10.95,50,15,7,7,4981,1
14674,62,Female,85185,SEO,Consideration,195.84,0.22,0.14,18,3.97,3.2,59,7,7,5,2447,1
13220,51,Male,44090,Referral,Conversion,5894.4,0.13,0.03,47,8.99,11.85,38,15,9,9,2792,1
9144,57,Male,131545,PPC,Conversion,9185.98,0.03,0.19,20,7.59,12.11,97,14,2,5,3587,1
12591,68,Female,91082,PPC,Retention,5468.34,0.2,0.15,0,3.91,2.76,7,17,5,5,2510,1
11633,52,Female,110938,SEO,Consideration,8120.52,0.23,0.17,17,4.46,5.52,50,16,2,8,4803,1
12488,27,Male,40319,SEO,Conversion,6891.22,0.12,0.18,41,5.5,6.55,17,16,2,8,497,1
9935,43,Female,85311,Email,Consideration,393.44,0.27,0.18,45,1.34,8.54,30,14,7,4,4034,1
10674,58,Male,92972,Referral,Retention,6360.73,0.08,0.19,2,1.34,11.12,84,12,0,1,1938,0
8676,27,Female,96970,Social Media,Consideration,3954.68,0.21,0.07,27,5.18,5.37,12,2,8,2,582,1
15818,58,Female,50539,PPC,Consideration,6406.08,0.05,0.17,16,1.8,12.13,39,10,4,0,2451,1
8134,57,Male,121860,Email,Awareness,2713.54,0.15,0.05,8,1.62,10.81,47,19,5,8,2601,1
11535,34,Female,51147,SEO,Consideration,6838.1,0.23,0.09,19,7.27,11.58,82,1,9,5,4194,1
11339,66,Female,117572,Referral,Awareness,756.0,0.2,0.05,4,5.11,7.38,73,5,9,2,2771,1
13530,46,Female,66696,SEO,Awareness,3996.92,0.14,0.02,9,3.43,6.3,97,2,8,1,3063,0
8402,63,Male,80022,PPC,Consideration,4173.7,0.14,0.03,4,1.56,3.36,92,3,2,7,3009,0
12901,46,Male,32344,Referral,Retention,5008.39,0.19,0.01,29,4.94,0.75,30,1,9,2,1084,1
9777,42,Female,74020,SEO,Consideration,8279.52,0.17,0.1,35,2.3,6.13,19,13,2,2,4018,1
9114,61,Male,135019,Social Media,Conversion,7632.33,0.19,0.03,45,3.9,7.58,87,7,4,4,4491,1
12524,36,Female,99854,SEO,Consideration,9646.93,0.11,0.17,18,6.29,14.03,65,19,9,3,3867,1
9846,44,Male,94460,PPC,Retention,5456.29,0.26,0.17,14,9.43,2.75,25,19,6,5,3361,1
12232,35,Male,118329,Referral,Retention,7534.42,0.08,0.04,21,6.47,11.57,67,7,2,7,3468,1
15945,50,Male,63884,Email,Consideration,2161.33,0.3,0.06,37,5.18,2.39,74,0,1,1,3840,0
15908,37,Female,26032,Email,Conversion,7575.35,0.13,0.04,6,3.19,13.4,70,17,5,2,2930,1
10560,35,Male,64153,Referral,Retention,2826.98,0.17,0.02,15,8.31,14.12,40,10,0,5,2340,1
9755,23,Female,77184,SEO,Consideration,3001.5,0.08,0.19,39,4.64,11.73,62,18,5,6,261,1
11306,58,Male,42875,SEO,Awareness,9131.79,0.21,0.07,24,6.44,12.41,84,14,4,0,2315,1
12458,55,Female,83479,SEO,Retention,9705.41,0.2,0.08,27,9.98,4.14,15,19,5,1,4816,1
10337,21,Female,97160,PPC,Consideration,8437.53,0.24,0.18,16,5.14,11.57,19,19,8,4,4114,1
8958,62,Male,128575,Referral,Conversion,5219.46,0.08,0.16,10,7.44,4.55,43,8,8,7,4492,1
10699,59,Female,60950,SEO,Retention,5831.8,0.28,0.12,35,4.51,9.73,46,18,9,5,2890,1
8305,65,Male,63585,Referral,Awareness,2448.6,0.03,0.12,18,6.1,9.97,23,7,4,1,935,1
10760,48,Female,93251,Referral,Retention,1814.71,0.25,0.06,47,4.28,7.73,86,7,2,7,1053,1
10344,65,Male,129640,Social Media,Conversion,8396.55,0.24,0.02,19,7.04,14.08,88,14,0,1,636,1
8874,54,Female,95051,PPC,Retention,3369.91,0.04,0.16,22,7.59,12.72,71,19,7,0,4187,1
11119,62,Male,45221,SEO,Consideration,1755.43,0.16,0.19,43,7.3,10.96,14,9,0,3,3317,1
11558,37,Male,86130,Email,Awareness,3893.23,0.12,0.16,38,9.51,9.86,45,12,0,1,2675,1
13799,47,Male,35396,PPC,Retention,3631.75,0.08,0.17,17,5.61,7.89,8,15,0,4,2237,1
9238,48,Male,63805,Email,Conversion,7026.1,0.05,0.04,9,2.14,4.38,66,17,2,7,343,0
15168,45,Female,81679,Referral,Consideration,6379.91,0.27,0.19,37,7.48,1.63,95,4,5,1,764,1
9594,34,Female,58250,Social Media,Conversion,7589.16,0.04,0.14,39,3.48,9.56,94,10,2,8,4550,1
11465,61,Female,125569,Referral,Conversion,4976.03,0.18,0.15,35,1.16,8.87,53,16,2,8,1595,1
8830,48,Female,131923,Email,Awareness,5960.13,0.26,0.17,10,8.13,6.79,83,3,9,0,2976,1
10554,30,Female,86968,SEO,Awareness,5841.92,0.15,0.04,45,6.16,12.65,34,5,3,8,1319,1
11266,49,Male,139247,Social Media,Retention,5168.93,0.23,0.05,32,9.04,14.86,68,1,1,8,1801,1
14547,29,Female,25149,Email,Conversion,3115.4,0.06,0.04,0,7.55,5.58,14,6,1,5,4800,1
8086,40,Female,145725,PPC,Consideration,4147.82,0.29,0.19,17,5.14,3.19,61,1,9,8,1530,1
9353,18,Male,23236,Email,Retention,7316.03,0.13,0.02,27,2.09,2.14,95,4,8,3,1139,1
15511,65,Male,32054,Referral,Awareness,3905.07,0.22,0.15,30,5.85,9.72,50,7,9,8,1313,1
14178,23,Male,117065,SEO,Consideration,2252.53,0.15,0.18,37,6.5,8.35,54,11,5,3,844,1
13418,35,Male,99925,PPC,Retention,5575.53,0.24,0.11,18,7.45,8.18,41,11,3,2,3424,1
15760,21,Male,92934,Email,Retention,606.07,0.23,0.16,27,5.59,7.94,42,2,9,5,3809,0
9153,52,Male,61410,Email,Consideration,9511.22,0.11,0.06,2,3.27,5.58,54,8,6,4,1459,1
15718,40,Female,93541,Referral,Awareness,3119.59,0.03,0.12,47,2.7,11.81,27,15,1,7,4870,0
10673,19,Male,138551,Social Media,Awareness,9716.39,0.05,0.17,47,5.94,9.82,21,1,0,7,390,1
14019,22,Male,111875,PPC,Retention,8258.14,0.3,0.03,34,7.88,7.68,54,7,7,0,2432,1
14871,69,Female,91688,Email,Awareness,7464.83,0.06,0.09,26,2.61,13.45,19,15,2,4,3275,1
13874,47,Female,125737,Referral,Awareness,9136.46,0.18,0.12,31,3.16,9.33,88,7,6,1,1420,1
12455,66,Male,115373,Social Media,Awareness,8031.89,0.26,0.19,29,7.35,9.48,8,5,3,4,1062,1
14966,54,Female,148186,Email,Conversion,3499.72,0.05,0.09,48,3.4,5.81,41,12,2,2,1627,1
12003,22,Male,32359,SEO,Awareness,3071.24,0.11,0.11,6,5.33,6.01,15,10,0,6,4459,1
15094,40,Male,28951,SEO,Consideration,1238.5,0.08,0.04,49,4.11,13.52,1,18,4,7,2789,1
12233,32,Female,144438,Social Media,Retention,7198.47,0.14,0.15,45,8.44,8.83,25,5,7,6,3311,1
8905,34,Female,89690,Referral,Conversion,7593.31,0.24,0.01,2,2.79,10.48,31,17,3,6,2116,1
14176,43,Male,131466,SEO,Consideration,9355.15,0.16,0.16,7,8.47,5.71,95,9,1,2,1200,1
15568,19,Female,70321,Referral,Consideration,4983.57,0.13,0.14,5,9.77,5.04,98,1,6,6,1903,0
10975,32,Female,124919,PPC,Consideration,6458.75,0.21,0.19,5,2.66,4.14,56,12,3,6,2656,1
9854,40,Female,91257,SEO,Consideration,9940.69,0.24,0.13,6,3.11,2.35,90,7,4,8,3677,1
14749,21,Female,109122,Email,Consideration,1948.83,0.07,0.14,2,4.18,13.97,27,8,2,6,1723,1
13493,44,Male,124292,Referral,Conversion,3423.02,0.16,0.11,2,7.95,8.66,7,1,4,6,4001,1
13757,37,Female,94975,Email,Consideration,1268.26,0.07,0.18,17,4.86,7.1,65,7,6,6,3581,1
9830,50,Male,140856,Referral,Conversion,1529.79,0.2,0.17,39,2.67,3.8,91,17,4,5,2747,1
10866,38,Male,63308,SEO,Consideration,3305.38,0.06,0.03,40,5.11,3.12,37,12,4,3,112,0
9281,26,Female,28444,SEO,Retention,6285.26,0.25,0.1,5,8.92,8.74,25,2,6,8,3170,1
10013,37,Male,131750,PPC,Consideration,6324.85,0.21,0.17,36,2.55,14.78,64,1,2,9,2864,1
11097,48,Male,71902,Email,Retention,3549.65,0.18,0.06,1,8.29,14.54,33,4,2,8,1007,1
10741,52,Male,51058,PPC,Conversion,3173.3,0.2,0.09,32,6.52,2.7,40,4,5,2,4153,1
15469,65,Male,124181,Social Media,Conversion,8926.27,0.18,0.17,37,5.22,6.02,88,8,6,1,4505,1
12239,65,Male,128863,Email,Retention,5611.88,0.18,0.16,21,9.68,1.15,68,8,3,0,2523,1
12148,20,Female,148114,SEO,Awareness,4148.03,0.24,0.07,19,1.95,5.66,7,19,1,7,26,1
14653,56,Female,119067,SEO,Retention,9095.66,0.11,0.14,46,8.88,4.06,53,4,6,2,2045,1
10903,30,Male,28945,Email,Conversion,6592.69,0.27,0.15,49,2.3,4.57,11,9,6,1,4729,1
10527,35,Female,117081,PPC,Retention,1790.2,0.1,0.11,5,3.16,7.69,85,16,0,8,2851,1
8690,46,Female,144535,Social Media,Conversion,7311.92,0.23,0.05,32,2.19,8.76,82,15,2,7,1162,1
13826,38,Female,95409,SEO,Retention,9933.55,0.16,0.09,17,5.32,0.76,92,13,9,6,3444,1
9234,29,Male,75467,SEO,Consideration,8323.59,0.08,0.09,16,9.04,12.25,7,8,5,0,4419,1
13293,61,Female,133371,PPC,Consideration,4824.28,0.16,0.1,12,5.04,9.72,4,16,5,5,443,1
12804,43,Female,119732,Social Media,Conversion,5295.14,0.09,0.18,44,7.99,14.18,95,7,0,3,3906,1
13286,26,Male,64085,SEO,Awareness,6924.12,0.2,0.08,5,7.17,12.28,25,18,0,3,4701,1
13060,47,Male,70044,Referral,Conversion,4151.05,0.15,0.09,36,7.11,6.71,94,9,7,8,287,1
15500,28,Female,106700,Email,Conversion,5157.22,0.16,0.03,41,1.1,7.19,38,9,8,5,1454,0
13148,38,Female,144166,SEO,Awareness,7621.6,0.14,0.05,44,2.19,6.81,89,13,4,0,2607,1
10473,66,Female,120860,SEO,Consideration,2701.73,0.13,0.15,25,8.42,3.44,23,15,9,8,2083,1
10710,20,Female,44691,Social Media,Awareness,9765.96,0.21,0.02,11,1.93,2.43,26,12,8,0,868,0
8724,58,Female,40967,SEO,Retention,6567.14,0.04,0.14,35,3.53,12.42,38,0,7,5,4840,1
14439,35,Female,80197,SEO,Consideration,2042.3,0.03,0.12,39,1.71,3.47,38,3,3,5,4556,0
14855,45,Female,64016,PPC,Retention,7380.26,0.21,0.17,2,7.55,5.05,13,12,4,2,1890,1
12645,43,Female,113391,Social Media,Awareness,9057.0,0.07,0.15,26,5.27,12.61,60,14,1,4,3870,1
15048,25,Female,127532,SEO,Consideration,7736.95,0.3,0.13,23,9.28,4.58,15,6,6,2,1438,1
10763,35,Male,102990,SEO,Awareness,7517.79,0.03,0.19,32,4.62,1.65,13,19,1,5,405,1
9928,23,Female,64544,Email,Consideration,3647.62,0.2,0.08,23,9.47,1.65,32,2,3,0,3245,1
13994,21,Female,123317,Email,Consideration,795.29,0.24,0.05,5,2.76,14.19,88,0,2,1,498,0
8207,59,Male,92123,Social Media,Retention,5235.49,0.11,0.13,36,7.05,5.95,7,2,0,8,4398,1
14220,64,Female,112971,SEO,Awareness,5194.68,0.13,0.1,43,7.84,11.08,16,11,3,7,3496,1
13963,68,Female,86201,SEO,Awareness,499.11,0.3,0.09,5,9.6,8.19,77,0,1,5,1095,1
13124,65,Female,119510,PPC,Consideration,9392.35,0.29,0.06,23,3.24,7.59,3,19,6,3,3082,1
13543,63,Female,124893,Referral,Awareness,4845.14,0.02,0.05,2,5.79,0.96,13,5,0,0,625,0
15331,26,Male,46930,Referral,Conversion,1502.59,0.07,0.05,3,3.67,11.51,71,13,0,2,741,1
15704,37,Female,31055,Email,Awareness,4960.92,0.04,0.18,22,8.48,3.39,91,18,1,8,773,0
12131,55,Female,145234,SEO,Retention,2383.79,0.28,0.01,24,8.48,4.45,73,11,7,2,458,1
14255,35,Male,22512,Referral,Awareness,9867.94,0.11,0.18,35,8.72,14.45,40,17,2,6,3412,1
11009,63,Male,22599,Referral,Consideration,7721.85,0.24,0.12,20,5.23,3.93,79,0,1,6,1148,1
9656,62,Male,96574,PPC,Conversion,1986.88,0.07,0.1,15,6.72,4.76,45,7,9,9,536,1
14148,34,Female,21084,Email,Consideration,6983.36,0.08,0.14,17,1.9,10.78,93,8,8,3,4949,1
11711,25,Female,72079,Referral,Conversion,3812.98,0.14,0.01,37,1.59,9.21,94,4,0,9,868,0
12489,63,Female,56726,Referral,Awareness,869.57,0.21,0.05,28,7.52,5.52,89,4,9,4,1326,1
10946,26,Female,38312,PPC,Awareness,3789.25,0.15,0.11,7,5.21,14.23,69,1,8,0,4919,1
12929,27,Female,86421,Referral,Conversion,4747.28,0.18,0.08,24,2.86,5.17,14,8,7,1,2037,1
9844,59,Female,67080,Social Media,Retention,3587.57,0.11,0.02,31,6.38,3.57,89,0,9,6,4549,1
10711,33,Male,53799,Email,Retention,1266.45,0.16,0.01,30,6.57,13.16,52,5,9,7,3749,1
14602,44,Female,75020,Email,Conversion,3826.11,0.25,0.01,37,1.02,1.52,33,8,9,1,2719,1
8782,34,Male,135227,Social Media,Retention,4368.53,0.16,0.1,37,2.32,12.63,97,1,6,9,1498,1
10957,42,Male,141373,Social Media,Retention,2644.22,0.13,0.16,49,1.01,4.46,78,16,2,7,470,0
8590,51,Male,99618,Social Media,Conversion,375.15,0.06,0.14,4,4.0,2.78,66,12,4,2,1088,1
9868,29,Female,102092,PPC,Conversion,7515.48,0.25,0.04,20,8.87,7.78,85,14,8,9,4451,1
12256,30,Female,53339,PPC,Retention,385.19,0.22,0.02,18,6.55,14.96,63,6,6,4,662,1
13269,24,Male,137236,Email,Conversion,2231.19,0.26,0.16,39,6.61,2.59,47,4,7,0,52,1
14796,36,Female,149797,Social Media,Retention,4959.27,0.21,0.05,45,5.61,14.64,77,15,4,4,1286,1
14589,43,Male,49002,PPC,Conversion,1945.89,0.12,0.09,6,5.91,13.14,80,11,5,1,3778,1
15286,33,Male,118906,Social Media,Conversion,2238.57,0.21,0.18,3,8.47,8.93,7,3,9,7,2339,0
11001,29,Male,77450,Social Media,Consideration,7161.53,0.04,0.13,12,1.58,14.36,34,15,9,5,3768,1
15425,36,Male,21674,Social Media,Conversion,5218.5,0.1,0.08,45,8.44,14.57,77,0,2,5,1566,1
12382,42,Male,91918,Email,Consideration,1984.42,0.02,0.08,1,3.7,7.62,7,7,8,1,4319,1
13721,55,Male,58368,Email,Retention,7095.15,0.09,0.1,23,6.6,5.48,23,19,4,0,2890,1
13104,39,Male,99015,SEO,Retention,4460.71,0.25,0.17,18,8.19,12.6,26,0,8,8,2808,1
9403,18,Female,146107,SEO,Awareness,9052.64,0.06,0.17,36,7.88,12.63,53,1,9,1,1624,1
10777,27,Male,104074,PPC,Awareness,9084.9,0.14,0.03,24,2.09,14.36,11,11,8,0,2832,1
12009,23,Male,124987,PPC,Awareness,1224.98,0.25,0.07,38,5.1,12.77,57,3,5,4,3539,1
10471,35,Female,85560,Referral,Retention,3231.55,0.24,0.08,16,8.04,13.13,20,11,3,6,2968,1
11980,39,Male,33796,Referral,Awareness,3044.0,0.22,0.01,6,9.85,9.81,1,9,9,8,2437,1
11355,45,Male,95756,PPC,Awareness,5320.58,0.14,0.18,35,3.8,11.47,62,17,6,0,1944,1
8489,29,Female,114449,Referral,Awareness,7127.83,0.09,0.19,2,7.42,0.53,9,17,0,7,1997,1
10972,51,Female,138712,SEO,Retention,3332.92,0.27,0.1,48,9.23,14.01,22,15,9,9,3311,1
12101,30,Male,85510,Referral,Conversion,495.03,0.16,0.1,25,2.95,4.27,59,3,3,5,1113,1
15936,43,Female,100210,Email,Retention,5267.1,0.17,0.17,16,9.23,12.19,15,1,1,8,3063,1
13249,30,Female,87752,Social Media,Awareness,5371.61,0.07,0.02,28,2.17,8.18,73,6,7,5,4789,1
15004,23,Female,36967,PPC,Conversion,8047.92,0.28,0.16,28,7.42,4.14,75,3,2,2,2403,1
12934,19,Female,28977,Social Media,Conversion,7077.56,0.2,0.13,6,2.91,0.62,29,15,7,7,1511,1
12972,46,Male,49552,SEO,Retention,8689.59,0.29,0.18,15,9.46,10.36,45,0,8,1,286,1
13641,40,Female,134507,Referral,Conversion,5139.26,0.28,0.17,46,4.28,14.39,73,7,0,6,476,1
15880,63,Female,43107,Referral,Conversion,8376.69,0.08,0.02,8,1.11,10.37,54,11,6,4,2130,1
12944,64,Female,68039,PPC,Retention,6892.35,0.21,0.09,35,6.3,5.13,2,16,4,2,296,1
12259,41,Male,65380,Email,Conversion,4582.14,0.19,0.11,14,6.07,1.33,16,9,5,9,3073,1
8199,56,Male,31164,Social Media,Awareness,4428.82,0.18,0.17,25,10.0,13.33,67,19,0,3,2141,1
15315,56,Male,42151,Email,Retention,7898.42,0.11,0.04,26,1.84,1.1,33,3,0,7,4114,0
15316,48,Female,145673,Social Media,Awareness,5109.13,0.19,0.14,25,7.8,12.21,47,16,4,3,3700,0
11107,52,Female,32836,Email,Awareness,2336.55,0.17,0.15,18,3.85,8.89,98,5,9,4,1534,1
10750,21,Male,129396,Referral,Awareness,1775.38,0.11,0.02,36,8.12,8.95,53,11,5,2,4109,1
12445,30,Female,50283,Referral,Consideration,5307.45,0.09,0.16,8,2.2,8.84,79,6,6,2,2406,1
13986,65,Female,31440,Email,Conversion,8170.56,0.21,0.1,28,5.26,14.35,69,1,6,3,4180,1
9449,37,Female,89610,Referral,Awareness,9939.1,0.23,0.17,5,5.79,14.19,27,12,8,0,422,1
11265,35,Female,123751,Referral,Awareness,5268.83,0.02,0.17,39,4.8,11.01,71,0,5,5,3019,1
12251,64,Female,61835,PPC,Awareness,6695.35,0.17,0.06,10,4.17,9.32,87,10,0,3,1541,1
8475,33,Male,84874,SEO,Awareness,8732.99,0.28,0.12,20,9.69,8.8,58,7,2,0,3155,1
10114,59,Male,32100,PPC,Awareness,3504.74,0.3,0.19,0,7.85,1.26,62,16,1,3,3605,1
13595,65,Female,37399,Email,Consideration,5834.03,0.3,0.09,36,7.71,1.03,87,17,2,2,1999,1
13351,66,Female,27855,Social Media,Awareness,9285.14,0.1,0.12,16,1.43,4.85,85,3,8,4,2364,1
14715,64,Female,45365,Referral,Consideration,9170.99,0.03,0.04,12,3.53,9.76,17,18,8,5,537,1
14980,56,Male,131663,Referral,Awareness,9051.67,0.16,0.2,46,6.1,10.76,28,19,2,0,282,1
8924,28,Male,119220,PPC,Awareness,4971.81,0.02,0.07,27,8.81,14.41,22,13,5,3,102,1
11032,67,Male,81457,Social Media,Consideration,8981.57,0.09,0.16,37,9.28,13.59,8,3,6,4,780,1
15419,66,Female,76207,Referral,Consideration,2278.26,0.19,0.2,39,6.94,1.67,13,6,9,1,475,0
9892,51,Female,133289,Referral,Conversion,9085.42,0.28,0.18,43,3.91,12.75,21,14,5,4,1398,1
10611,61,Male,65638,Referral,Awareness,4301.47,0.07,0.19,6,6.61,12.99,11,13,9,8,1144,1
12740,39,Male,63638,PPC,Awareness,1678.5,0.15,0.18,24,5.22,11.05,8,12,2,9,3498,1
13401,19,Female,53826,Referral,Consideration,2098.29,0.18,0.05,12,6.26,2.15,29,1,9,1,457,0
12781,64,Female,136721,Social Media,Consideration,6982.06,0.18,0.1,41,9.74,6.15,13,19,4,8,1259,1
13404,29,Male,24944,Social Media,Awareness,6987.66,0.22,0.03,42,2.98,10.06,54,11,4,3,1221,1
13061,65,Female,107089,PPC,Awareness,6586.78,0.23,0.06,20,3.89,7.5,37,2,5,6,2168,1
10060,67,Male,113329,Email,Awareness,3402.65,0.12,0.11,17,5.01,9.61,38,18,9,0,3466,1
12667,58,Female,40080,Social Media,Awareness,620.43,0.09,0.15,5,6.38,13.9,43,9,2,6,2193,1
10139,54,Female,71645,Email,Awareness,5204.75,0.14,0.12,15,4.77,0.73,38,18,7,9,2071,1
15482,18,Female,119158,PPC,Awareness,3167.62,0.28,0.15,2,5.31,9.98,23,10,3,3,1625,0
11227,42,Female,132023,Email,Awareness,7571.62,0.07,0.18,35,9.77,9.4,96,17,3,0,2466,1
15227,57,Female,125894,SEO,Conversion,3724.67,0.25,0.12,21,4.82,12.78,55,12,9,9,4506,1
9678,61,Male,103459,PPC,Consideration,2072.35,0.26,0.16,3,9.79,1.19,68,4,5,0,3256,0
10782,48,Female,75197,SEO,Conversion,9512.58,0.05,0.03,41,6.17,7.98,30,18,1,3,2344,1
9203,56,Male,134006,PPC,Awareness,2011.96,0.12,0.13,28,8.45,11.31,92,2,3,7,520,1
14799,69,Female,146484,SEO,Conversion,1110.75,0.21,0.07,0,8.36,5.89,53,18,4,8,434,1
9229,25,Female,42184,Referral,Awareness,6478.62,0.29,0.08,19,4.6,7.8,60,13,0,4,1861,1
10322,27,Female,80805,PPC,Retention,2592.58,0.07,0.08,29,2.44,3.9,16,17,0,8,2637,0
14672,51,Female,141237,Email,Consideration,4049.91,0.07,0.06,35,6.66,3.26,31,9,4,4,1499,1
8699,69,Female,56527,Social Media,Conversion,1032.82,0.17,0.04,41,7.03,5.83,82,10,9,9,921,1
10690,60,Female,22711,PPC,Awareness,9157.95,0.15,0.07,46,4.53,7.48,11,18,8,9,2809,1
13552,21,Female,112045,SEO,Conversion,7076.93,0.28,0.02,6,6.02,10.51,87,8,2,1,4326,1
8627,47,Female,40115,Referral,Conversion,5705.5,0.2,0.07,40,6.08,11.52,40,7,6,8,3624,1
15551,30,Male,145934,PPC,Awareness,6271.37,0.25,0.08,28,6.19,1.94,93,19,7,5,4312,1
9915,67,Male,116490,Referral,Conversion,1334.96,0.11,0.14,47,8.84,4.5,64,14,2,4,3883,1
8399,48,Female,143916,SEO,Consideration,8296.95,0.17,0.19,40,5.66,12.18,61,15,1,0,2811,1
12103,25,Male,45832,Referral,Consideration,9027.9,0.02,0.18,0,3.91,5.33,9,6,4,0,2903,1
9485,56,Female,47482,PPC,Awareness,6798.1,0.02,0.14,19,4.74,11.16,37,15,0,1,915,1
9751,43,Female,143092,PPC,Conversion,3566.65,0.26,0.1,6,1.9,9.11,15,13,4,9,1781,1
11873,36,Male,118262,Social Media,Consideration,1496.2,0.19,0.1,0,2.79,0.71,36,16,4,0,2622,0
13666,63,Female,80859,Referral,Awareness,6519.45,0.1,0.04,15,3.49,7.08,49,14,9,0,186,1
10628,64,Male,42592,SEO,Conversion,996.63,0.04,0.18,37,6.34,5.51,27,14,4,9,1606,1
15113,57,Male,116696,Social Media,Conversion,2418.21,0.3,0.11,4,3.85,3.2,49,11,9,1,965,1
8163,47,Female,92190,PPC,Retention,2233.39,0.26,0.1,7,1.8,10.48,11,12,4,9,3224,1
14284,65,Male,72492,Email,Conversion,7055.88,0.27,0.14,2,7.07,6.27,90,15,3,5,557,1
12985,53,Female,36184,Referral,Consideration,6892.18,0.09,0.16,26,3.2,2.73,12,13,0,4,3125,1
13561,28,Female,131414,Email,Consideration,8217.59,0.05,0.19,33,6.6,12.51,87,2,5,8,3538,1
8377,46,Male,116307,Email,Consideration,3331.81,0.25,0.03,29,7.14,12.94,57,13,9,3,2911,1
11974,53,Female,113913,Referral,Consideration,1581.07,0.23,0.15,3,2.94,13.48,87,13,8,7,1535,1
15605,22,Male,80240,Referral,Conversion,9992.48,0.12,0.13,18,2.85,12.0,4,15,1,5,4870,1
11609,39,Male,44122,Referral,Awareness,1538.44,0.01,0.07,4,2.88,10.46,31,7,6,5,1641,1
14554,33,Female,141465,PPC,Retention,9093.6,0.22,0.11,47,8.42,13.26,64,8,6,0,1116,1
12291,30,Female,107777,Social Media,Awareness,8812.22,0.28,0.05,29,6.53,10.61,67,9,1,7,853,1
11942,58,Male,29213,SEO,Awareness,8834.13,0.15,0.09,8,9.65,1.67,87,2,5,7,4325,1
8304,36,Female,81794,SEO,Awareness,1407.94,0.17,0.17,46,6.9,13.96,75,8,5,3,859,1
12976,43,Female,94693,PPC,Awareness,9585.42,0.15,0.06,15,4.97,5.65,73,15,9,3,3508,1
9152,47,Male,111181,SEO,Awareness,3946.34,0.12,0.15,10,4.14,8.0,35,4,0,1,3037,0
14098,26,Male,143099,Referral,Consideration,8590.21,0.12,0.14,9,6.82,9.56,48,3,6,9,4151,1
11682,23,Female,136057,PPC,Awareness,2387.24,0.29,0.12,33,3.27,5.25,66,12,9,2,2838,1
13077,63,Male,100446,SEO,Awareness,6059.27,0.01,0.18,47,1.44,0.88,91,4,2,5,4177,0
11947,39,Female,76971,SEO,Retention,3244.45,0.2,0.17,36,1.15,7.12,89,3,6,4,2854,1
10819,31,Female,95974,Email,Awareness,5669.71,0.3,0.1,11,1.65,2.99,2,9,7,2,4179,1
13423,20,Female,56282,PPC,Consideration,3793.32,0.13,0.01,8,9.85,2.25,63,14,2,3,4182,0
13409,33,Female,31845,Referral,Conversion,8946.08,0.2,0.16,19,8.65,0.96,34,5,9,4,3818,1
8557,29,Male,92949,Email,Awareness,5735.98,0.04,0.16,30,6.51,10.59,66,4,9,3,4511,1
8439,68,Male,70606,Referral,Awareness,8348.81,0.23,0.07,22,2.28,14.82,61,5,2,4,4529,1
8804,22,Female,46897,PPC,Consideration,2836.67,0.21,0.09,27,6.95,14.52,96,10,6,5,4426,1
15956,43,Female,34413,PPC,Awareness,3799.44,0.25,0.07,16,5.66,10.63,42,11,8,0,1681,1
13162,56,Male,149189,SEO,Conversion,1283.86,0.18,0.05,48,1.99,4.6,84,4,4,5,4176,1
11601,58,Female,82293,Social Media,Conversion,8760.04,0.15,0.04,29,7.02,3.26,67,3,2,6,3196,1
10289,67,Female,97223,PPC,Conversion,4954.11,0.16,0.09,24,7.99,3.39,72,1,5,1,2319,1
14975,50,Male,115155,Referral,Retention,4464.66,0.19,0.04,32,4.11,11.52,41,6,6,7,3347,1
9453,20,Male,135594,Social Media,Retention,329.54,0.23,0.05,28,5.51,2.96,86,5,1,8,1803,0
15335,33,Female,23991,Social Media,Consideration,8448.23,0.05,0.11,20,8.01,7.03,37,17,7,8,1832,0
10968,48,Female,92554,Referral,Awareness,9818.31,0.11,0.04,14,5.47,7.39,41,14,6,0,3445,1
11414,55,Female,124139,Referral,Awareness,3298.78,0.07,0.06,39,1.12,5.46,73,11,4,8,3982,1
11824,62,Male,96133,Referral,Consideration,4045.62,0.18,0.06,29,7.66,12.98,9,11,1,3,1574,1
13289,39,Male,103748,Referral,Awareness,6679.08,0.1,0.11,3,4.86,3.28,51,10,0,9,990,1
8255,33,Female,97991,PPC,Awareness,3087.65,0.28,0.09,46,5.77,12.28,33,18,3,0,2632,1
11821,52,Female,56748,Social Media,Awareness,2092.6,0.14,0.17,43,9.89,11.96,70,4,9,7,4906,1
15451,40,Female,40572,Referral,Conversion,4577.81,0.13,0.03,47,8.39,4.21,48,8,1,8,2232,0
14852,31,Female,95902,Email,Retention,547.44,0.11,0.03,20,9.15,8.08,54,6,5,6,1099,1
9054,47,Female,129454,SEO,Consideration,6964.21,0.13,0.17,26,8.62,10.79,44,13,2,4,3571,1
14436,39,Female,68980,SEO,Awareness,7313.25,0.23,0.09,17,3.96,4.69,80,6,4,3,3444,1
14899,21,Female,99991,PPC,Awareness,4170.33,0.23,0.19,1,1.75,13.82,13,18,9,7,4424,1
8109,41,Female,101617,Email,Retention,6796.13,0.22,0.04,22,6.08,8.52,18,5,4,8,2647,1
8736,62,Female,135205,PPC,Awareness,5485.63,0.29,0.19,34,9.29,12.82,80,12,9,5,3817,1
13299,36,Male,53577,Email,Retention,1994.17,0.2,0.03,41,7.59,6.07,62,15,4,6,2098,1
11356,31,Female,103574,Email,Conversion,7819.43,0.24,0.03,31,3.98,6.34,3,4,4,4,1915,1
10071,43,Female,29864,Social Media,Conversion,1555.61,0.08,0.06,46,5.57,1.71,28,18,6,9,2691,1
14503,41,Female,34628,Social Media,Consideration,3064.61,0.27,0.04,42,2.5,14.2,70,17,2,7,715,0
12379,24,Male,65370,SEO,Consideration,1062.14,0.17,0.13,49,7.98,4.13,70,17,8,4,3601,1
9239,68,Female,63998,SEO,Consideration,8664.7,0.25,0.15,8,6.0,6.61,13,8,0,0,3343,1
14712,49,Male,110688,Social Media,Conversion,5045.33,0.11,0.03,17,9.79,6.03,63,16,3,9,1744,1
9104,30,Female,99304,SEO,Conversion,135.31,0.04,0.09,40,1.42,2.0,0,5,5,9,1424,1
9996,67,Female,106496,SEO,Conversion,9442.23,0.18,0.04,38,1.72,13.26,61,7,0,5,4522,1
14868,55,Female,77600,Email,Retention,4433.22,0.16,0.15,10,6.46,1.63,39,0,5,9,3819,1
14721,52,Male,136375,Social Media,Consideration,9447.62,0.07,0.16,10,4.51,3.97,11,0,3,5,364,0
8098,46,Female,130995,PPC,Conversion,5175.87,0.18,0.1,15,7.9,11.43,9,5,0,4,2595,1
12274,59,Male,58655,PPC,Awareness,9016.49,0.08,0.16,9,6.19,13.43,7,10,9,4,4760,1
8025,50,Female,144213,PPC,Conversion,9229.35,0.29,0.07,22,1.85,7.9,70,17,3,3,2227,1
14473,40,Female,149026,Social Media,Retention,5057.41,0.27,0.15,48,7.23,14.61,2,15,1,2,3392,1
10411,38,Female,114627,Email,Retention,1185.7,0.01,0.12,13,8.12,13.6,88,4,1,4,3179,1
12864,33,Female,149169,PPC,Conversion,2392.96,0.27,0.07,3,5.26,5.18,45,2,4,7,4126,1
11359,57,Female,122345,Email,Consideration,9512.6,0.14,0.04,19,8.27,9.01,92,14,2,8,2205,1
12070,20,Female,81888,SEO,Awareness,2579.2,0.02,0.11,16,8.03,9.38,44,3,5,9,1280,1
12624,69,Female,82126,Referral,Conversion,6663.06,0.01,0.1,29,8.72,2.61,76,17,3,7,4451,1
15421,55,Female,115661,Email,Consideration,3938.81,0.26,0.06,8,8.24,10.56,1,11,8,4,1361,0
10342,33,Female,69047,SEO,Conversion,6269.51,0.16,0.04,8,4.87,12.16,16,5,7,6,1448,1
13745,57,Male,40519,Social Media,Conversion,5625.11,0.12,0.1,44,1.11,7.02,2,19,0,0,1284,1
13019,38,Male,101204,PPC,Conversion,5135.23,0.13,0.17,21,2.28,14.88,90,10,0,0,4924,1
9749,60,Female,124777,Referral,Retention,4311.81,0.28,0.07,14,5.81,2.69,7,17,7,5,3223,1
14225,33,Male,65174,Referral,Retention,5206.05,0.11,0.1,38,9.01,13.65,62,5,3,1,2523,1
13206,47,Female,53677,PPC,Conversion,1145.78,0.18,0.04,7,8.19,0.78,38,9,8,0,1701,1
9013,42,Female,29297,Referral,Conversion,2301.58,0.3,0.16,5,4.79,12.63,76,7,3,9,96,1
8955,66,Male,138169,SEO,Conversion,7522.7,0.05,0.03,1,4.59,5.46,48,15,7,3,187,1
9889,27,Female,69294,Referral,Retention,551.86,0.28,0.05,26,2.42,0.65,80,19,6,7,4912,1
12774,19,Female,117486,Referral,Awareness,3676.04,0.22,0.05,31,4.45,2.28,28,1,6,2,0,0
11036,40,Male,126368,PPC,Awareness,8328.84,0.02,0.13,30,2.03,9.43,27,0,0,4,4775,1
9628,38,Female,119992,Email,Consideration,4180.73,0.19,0.17,21,6.49,14.35,52,6,2,8,2173,1
8737,49,Male,103140,Social Media,Retention,2814.36,0.1,0.05,21,1.16,10.66,25,9,9,0,3176,1
14348,52,Male,62568,Email,Consideration,8958.68,0.2,0.02,36,1.77,3.6,72,14,9,6,3451,1
14974,46,Female,75178,PPC,Awareness,4707.2,0.22,0.16,18,9.88,6.71,97,19,2,2,1609,1
10513,41,Male,60428,Social Media,Consideration,4493.03,0.2,0.1,46,7.98,12.48,93,16,2,7,4700,1
11827,54,Female,20059,SEO,Awareness,8372.4,0.09,0.03,14,9.29,4.55,75,9,3,0,1996,1
12897,40,Male,130363,SEO,Awareness,7413.24,0.06,0.16,48,9.71,1.88,23,4,8,1,4890,1
14218,65,Female,82607,Email,Conversion,6319.08,0.05,0.03,35,6.31,10.91,94,3,8,2,862,1
9357,40,Male,33487,Email,Conversion,7085.31,0.26,0.1,38,9.89,10.03,14,1,9,9,4698,1
10016,55,Female,29262,Referral,Conversion,3000.13,0.25,0.04,40,3.3,1.35,21,18,0,6,1362,1
8234,50,Male,107601,SEO,Retention,6398.64,0.12,0.04,30,8.56,10.58,57,19,7,5,4473,1
11092,51,Female,110452,Social Media,Retention,8182.42,0.11,0.01,46,3.07,6.63,1,15,7,5,1128,1
8123,26,Male,102048,Social Media,Conversion,3407.38,0.18,0.17,33,1.71,6.2,84,11,7,9,3310,1
8513,31,Female,31447,SEO,Awareness,3742.43,0.27,0.2,30,7.92,3.14,84,12,1,6,1842,1
11725,66,Male,50138,Referral,Conversion,1891.63,0.26,0.08,31,9.06,12.52,85,9,2,1,4248,1
14912,60,Male,80896,PPC,Retention,4530.88,0.18,0.18,35,3.81,7.64,4,5,4,1,3002,1
14836,45,Female,145873,Referral,Awareness,9337.64,0.24,0.01,19,5.5,14.82,55,19,9,1,3272,1
9049,23,Female,142059,Social Media,Retention,2422.24,0.22,0.02,30,9.41,11.55,92,13,6,7,3178,1
15879,57,Female,37301,PPC,Conversion,739.13,0.13,0.02,31,5.77,6.72,80,16,0,1,3759,1
10306,25,Female,119937,PPC,Retention,2711.09,0.18,0.14,23,2.3,2.23,30,7,4,8,4182,1
9882,62,Male,34388,PPC,Conversion,1585.39,0.05,0.04,40,8.87,12.99,73,0,0,8,1421,1
9931,49,Female,107236,PPC,Awareness,738.95,0.12,0.18,21,7.58,4.86,57,5,2,0,2197,0
15523,41,Male,25351,Referral,Consideration,8185.07,0.14,0.2,10,4.34,8.39,32,8,3,7,94,1
14553,66,Female,68601,PPC,Conversion,492.61,0.05,0.14,44,7.28,4.91,94,0,2,5,2119,1
10258,45,Female,139053,PPC,Awareness,5533.58,0.09,0.12,45,1.13,12.75,94,10,3,1,3498,1
11529,52,Male,134738,Email,Conversion,6085.21,0.1,0.16,2,6.61,14.76,22,19,4,0,1980,1
13210,34,Female,121544,Social Media,Retention,9725.04,0.13,0.13,34,1.85,13.98,92,8,7,5,4788,1
12157,34,Female,25279,SEO,Conversion,8162.39,0.12,0.18,29,4.99,0.67,8,8,8,2,1134,1
9622,27,Female,73076,Email,Conversion,773.69,0.3,0.04,43,4.75,9.94,64,13,7,5,2720,1
12343,34,Female,117332,PPC,Conversion,2103.0,0.28,0.14,13,5.84,1.1,66,13,2,5,67,1
14941,47,Female,29610,Social Media,Awareness,8494.98,0.18,0.04,28,6.96,5.37,10,19,6,6,2795,1
9313,43,Male,112930,PPC,Retention,7656.83,0.08,0.06,4,8.23,2.12,29,10,8,2,665,1
13742,35,Female,121673,PPC,Consideration,3271.62,0.25,0.15,38,6.51,2.21,92,18,2,2,4956,1
13580,18,Male,83004,Referral,Retention,5062.31,0.23,0.06,15,9.77,6.49,88,4,4,1,93,1
11291,38,Female,141691,PPC,Conversion,974.76,0.11,0.03,16,6.64,13.25,17,14,7,9,2860,1
11047,46,Female,90162,Social Media,Consideration,2213.84,0.25,0.05,39,6.81,6.59,43,7,9,5,2052,1
13752,30,Male,129883,Social Media,Consideration,1767.82,0.09,0.09,48,8.91,4.66,96,2,1,7,3129,0
11621,38,Male,106314,SEO,Conversion,7326.65,0.16,0.19,8,3.51,2.25,86,11,7,5,3120,1
15841,34,Female,33910,PPC,Retention,8166.37,0.26,0.13,24,5.31,6.78,60,7,1,7,790,0
8894,50,Female,127481,Email,Awareness,1345.43,0.27,0.1,45,4.01,5.82,44,17,5,6,4498,1
13227,64,Female,74249,SEO,Awareness,7666.69,0.23,0.18,45,6.64,2.2,29,2,1,8,3218,1
11196,59,Male,28294,Social Media,Consideration,5017.0,0.01,0.03,3,7.96,13.05,47,5,1,0,935,0
15388,67,Female,131387,Email,Retention,3436.93,0.16,0.1,15,9.62,7.59,33,0,1,0,1903,0
13525,38,Male,34328,Referral,Conversion,6703.45,0.12,0.11,12,5.71,9.17,22,5,7,5,915,1
8464,56,Female,149779,Email,Retention,8546.31,0.17,0.03,34,2.42,6.62,13,3,2,8,1411,1
13724,63,Female,96902,PPC,Conversion,1266.83,0.03,0.06,41,3.62,11.52,70,11,7,0,234,1
9917,64,Male,82552,Email,Conversion,2651.6,0.28,0.11,8,1.87,6.75,40,15,7,3,870,1
15858,19,Female,126369,Social Media,Awareness,5066.91,0.04,0.08,21,7.97,13.95,76,2,5,6,1252,0
12059,30,Male,27088,PPC,Retention,584.18,0.02,0.09,26,8.75,5.71,82,10,6,1,4873,1
11981,41,Male,60972,Email,Awareness,9065.23,0.01,0.17,38,7.39,9.09,60,11,5,1,3562,1
8738,62,Female,22506,PPC,Awareness,2298.55,0.14,0.15,22,2.16,14.16,94,7,3,3,2506,1
14199,53,Female,139675,Email,Consideration,9942.66,0.15,0.02,37,6.07,6.61,44,0,5,6,3982,1
9959,20,Female,121976,Email,Awareness,304.07,0.06,0.18,6,7.04,13.43,24,12,1,5,2535,1
15741,61,Male,68747,SEO,Conversion,8682.65,0.17,0.13,32,8.23,0.68,43,11,8,5,658,0
9209,54,Male,39266,Email,Consideration,6202.49,0.28,0.17,19,1.88,1.23,26,1,8,7,978,1
10715,26,Female,107919,SEO,Retention,4725.59,0.11,0.16,17,6.83,8.23,94,10,7,8,3803,1
14377,30,Female,126507,Social Media,Awareness,3525.42,0.22,0.01,6,6.85,2.7,65,11,1,3,864,0
12252,40,Male,29133,Social Media,Conversion,3647.4,0.22,0.19,15,9.61,0.57,93,7,6,4,449,1
13829,39,Female,45852,Email,Consideration,2286.61,0.19,0.07,21,9.65,10.99,45,4,9,5,1012,1
12340,41,Male,58624,PPC,Conversion,8313.98,0.21,0.08,0,2.32,12.11,73,9,2,0,4475,1
14323,22,Male,140356,Email,Conversion,1579.24,0.07,0.08,13,1.35,10.87,27,18,9,3,1370,1
11667,39,Female,33635,PPC,Conversion,722.25,0.2,0.06,20,2.44,13.35,83,3,0,0,2974,1
10307,67,Female,108921,Referral,Consideration,5261.84,0.04,0.2,30,7.64,14.7,98,4,8,1,2252,1
15276,62,Female,136723,Referral,Awareness,8431.15,0.28,0.07,38,8.3,4.66,15,8,9,7,1502,1
14378,21,Female,60533,Email,Awareness,285.54,0.11,0.07,32,6.75,8.53,10,16,5,0,2720,1
11006,30,Male,51000,Social Media,Awareness,1155.52,0.14,0.06,34,8.1,14.7,48,14,1,7,76,1
14582,43,Female,125217,Email,Conversion,8562.21,0.18,0.1,43,6.09,14.22,87,18,1,8,1322,1
14355,24,Female,110841,PPC,Retention,5018.87,0.06,0.15,28,3.16,12.91,79,4,7,9,2355,1
12942,44,Male,135475,Social Media,Retention,201.53,0.21,0.08,21,8.76,9.84,5,11,5,5,3917,1
13703,53,Male,141356,Email,Conversion,6664.59,0.28,0.18,28,7.35,6.18,43,5,2,9,1000,1
9126,32,Female,105380,Referral,Awareness,4155.8,0.03,0.04,16,6.49,7.79,64,9,2,4,4413,1
10115,31,Male,67930,SEO,Awareness,4996.37,0.16,0.02,9,8.88,5.06,27,14,0,2,2145,1
15149,28,Female,27583,Email,Retention,8032.64,0.15,0.07,27,2.13,1.18,24,13,0,6,80,1
13275,60,Female,135402,Social Media,Awareness,321.14,0.04,0.19,33,8.43,12.02,64,17,0,2,691,1
14337,59,Female,92920,Email,Consideration,6422.01,0.1,0.15,23,7.44,5.29,9,8,6,4,4897,1
13228,36,Female,71663,Email,Retention,9347.98,0.08,0.1,17,8.43,12.43,89,13,6,0,4055,1
10593,66,Male,21320,PPC,Awareness,3578.99,0.06,0.14,36,8.19,8.32,28,4,7,3,2538,1
14390,29,Male,47906,Referral,Consideration,2097.86,0.12,0.1,4,1.55,1.29,68,2,2,8,90,0
13246,67,Female,31320,Email,Conversion,5317.59,0.09,0.14,37,6.45,4.11,54,3,3,6,2781,1
13540,40,Male,113366,Referral,Conversion,3263.39,0.14,0.08,40,3.77,2.36,78,14,9,9,700,1
11330,39,Male,39215,SEO,Consideration,7510.5,0.09,0.17,21,5.51,7.39,60,5,3,0,796,1
11086,59,Male,103035,Email,Consideration,9987.93,0.3,0.12,45,9.39,5.11,61,18,2,2,4969,1
10439,38,Male,83627,Email,Awareness,6714.69,0.16,0.16,26,6.9,4.38,16,16,5,4,3025,1
10091,26,Male,71772,SEO,Awareness,4308.16,0.23,0.01,6,9.18,2.44,46,1,5,4,2752,0
14678,57,Female,134147,PPC,Consideration,5708.23,0.01,0.12,6,2.37,2.48,90,19,3,5,1881,1
9857,49,Female,24353,Email,Awareness,3128.97,0.06,0.06,41,6.08,1.86,56,18,7,9,4267,1
9867,46,Male,45525,Email,Consideration,5421.43,0.12,0.15,32,5.22,9.92,40,5,7,9,1481,1
12124,31,Female,128918,PPC,Conversion,7274.2,0.02,0.11,4,3.16,5.02,47,3,1,3,2217,1
14171,42,Male,130463,SEO,Awareness,9911.69,0.06,0.16,30,3.97,9.8,44,17,8,2,11,1
15982,58,Male,117393,SEO,Conversion,9935.38,0.02,0.12,34,9.71,5.74,69,16,3,7,51,0
11300,50,Male,111404,PPC,Consideration,1326.93,0.1,0.16,33,5.57,14.77,65,16,5,2,4624,1
15742,57,Female,86606,Referral,Awareness,1323.42,0.02,0.1,38,9.83,13.13,96,12,0,2,3581,0
15600,68,Female,124565,Referral,Consideration,7832.16,0.28,0.19,3,6.42,11.09,35,1,0,6,2008,1
11216,52,Female,26518,Referral,Conversion,7851.39,0.07,0.1,47,5.72,4.04,98,16,5,0,3609,1
8332,58,Male,122979,PPC,Retention,8206.31,0.13,0.18,34,6.59,6.98,94,5,0,8,4552,1
8401,57,Female,86013,Social Media,Consideration,6454.42,0.13,0.09,31,6.26,5.31,95,17,8,9,3493,1
11270,32,Male,26306,Referral,Retention,4498.59,0.14,0.01,23,8.97,10.98,42,13,4,8,3311,1
14201,49,Female,143950,Social Media,Awareness,6307.79,0.03,0.07,32,8.75,3.35,84,13,2,4,2167,1
8219,29,Female,148307,SEO,Conversion,5371.55,0.15,0.05,36,2.58,6.97,5,18,2,2,3106,1
15262,62,Male,21573,Email,Consideration,4802.78,0.25,0.13,47,1.38,6.84,0,16,9,6,1310,1
9217,27,Male,95246,SEO,Retention,2804.35,0.1,0.09,2,4.56,9.39,77,6,9,4,3676,1
14819,29,Male,121002,PPC,Consideration,852.7,0.17,0.18,46,3.92,4.83,43,17,3,5,1741,1
12862,35,Female,41553,Social Media,Conversion,7010.44,0.23,0.04,28,6.13,8.54,80,18,9,8,750,1
10793,68,Female,144773,Social Media,Awareness,8405.43,0.04,0.17,4,3.32,7.22,22,15,9,9,3123,1
10695,59,Female,115066,Referral,Retention,367.9,0.22,0.12,17,4.2,13.0,37,14,4,0,1230,1
15655,40,Male,37673,Email,Retention,1751.52,0.2,0.19,47,8.99,0.58,38,19,3,3,764,1
14531,59,Female,89674,PPC,Consideration,2027.13,0.09,0.08,29,5.21,13.98,45,8,2,8,2643,1
10932,47,Female,52799,Social Media,Awareness,4043.86,0.17,0.05,48,2.82,13.47,44,13,6,4,1796,1
12420,21,Male,92575,SEO,Retention,4819.04,0.26,0.17,24,5.79,9.79,90,0,0,5,1043,1
8756,18,Female,125297,Referral,Awareness,4031.75,0.22,0.08,44,3.62,5.75,23,0,3,3,353,1
14060,32,Female,50374,PPC,Awareness,5294.0,0.03,0.02,44,2.17,7.02,86,8,6,2,2625,1
9038,23,Female,104845,SEO,Consideration,9929.91,0.08,0.04,18,3.21,3.94,71,13,6,1,1524,1
15645,35,Female,54519,SEO,Awareness,7132.41,0.19,0.11,11,7.53,7.54,56,1,3,0,1963,1
9507,54,Female,85623,Referral,Awareness,4017.45,0.23,0.07,22,5.06,4.73,13,14,2,9,2715,1
8515,22,Female,106569,Email,Conversion,8632.45,0.13,0.06,1,5.82,6.15,94,4,4,2,489,1
9170,31,Female,112114,SEO,Awareness,3335.26,0.13,0.14,40,8.15,12.15,36,5,8,3,1095,1
9563,60,Male,97199,Social Media,Awareness,5514.18,0.08,0.03,4,2.39,6.87,98,0,1,1,1106,0
9282,68,Male,95147,Social Media,Consideration,8694.94,0.3,0.05,10,6.46,7.24,63,11,6,1,3612,1
8653,29,Male,107350,Email,Awareness,7003.89,0.12,0.07,13,6.83,1.14,14,2,2,1,2195,1
11819,58,Male,36321,PPC,Retention,7700.42,0.08,0.15,30,1.28,7.84,34,7,4,0,4258,1
12978,27,Female,143355,Social Media,Awareness,8229.92,0.1,0.12,18,1.81,2.61,98,10,6,3,1430,1
15794,43,Female,99397,SEO,Awareness,6435.89,0.28,0.03,15,7.52,14.78,68,2,3,8,1047,0
10824,19,Female,104075,PPC,Retention,1234.16,0.12,0.06,24,7.65,10.08,55,9,6,1,3149,1
11079,58,Female,138964,Social Media,Awareness,575.0,0.24,0.17,32,7.52,7.27,29,19,8,1,657,1
12717,45,Female,62926,SEO,Consideration,4059.32,0.26,0.17,30,7.66,7.92,93,5,4,5,3939,1
8014,57,Male,148788,Email,Awareness,4104.38,0.12,0.11,20,7.36,2.47,70,16,8,1,3247,1
12453,60,Male,131257,Referral,Awareness,1111.0,0.23,0.02,2,7.39,6.32,76,17,3,3,4660,1
10803,54,Male,90831,Social Media,Awareness,9532.52,0.24,0.05,40,3.95,10.51,58,18,5,0,3176,1
9664,61,Female,142747,Referral,Awareness,7405.0,0.19,0.05,1,1.58,3.28,95,3,2,1,3654,0
11862,56,Female,22364,PPC,Retention,4094.18,0.08,0.16,24,1.13,2.83,36,10,5,9,535,0
15749,60,Male,147899,PPC,Conversion,8524.14,0.18,0.1,1,6.06,2.35,12,10,9,1,1299,1
15304,35,Male,78639,Referral,Retention,2707.61,0.03,0.03,49,2.17,7.82,84,12,6,0,2992,1
11988,22,Male,80436,SEO,Awareness,3389.26,0.12,0.03,18,4.3,5.38,31,10,4,1,346,1
10338,50,Female,97751,Referral,Retention,3032.01,0.29,0.04,33,3.38,1.83,56,10,5,6,2050,1
8998,35,Male,132813,SEO,Consideration,1999.33,0.24,0.1,10,3.26,13.53,82,8,0,7,4105,1
10309,18,Female,45437,Email,Retention,9213.18,0.2,0.13,48,5.89,7.08,32,12,1,3,1768,1
10953,21,Male,140135,Email,Retention,789.12,0.26,0.06,30,4.52,13.7,44,0,3,5,800,1
10523,53,Male,49602,Referral,Consideration,4118.2,0.14,0.15,46,8.88,0.59,8,4,7,5,3670,1
15264,31,Male,102339,Referral,Conversion,8964.28,0.16,0.14,39,1.28,9.41,30,16,0,8,2487,1
8004,60,Female,83964,PPC,Conversion,1678.04,0.25,0.11,0,2.05,13.99,6,6,6,8,4345,1
12664,62,Female,107832,Email,Awareness,7845.16,0.18,0.02,1,7.99,10.58,76,16,8,6,355,1
8522,29,Female,42369,Social Media,Awareness,6399.5,0.13,0.09,3,4.01,2.06,46,17,5,1,3725,1
15872,54,Female,62986,Social Media,Consideration,1675.75,0.21,0.13,21,9.57,6.65,53,14,5,2,1845,1
14839,62,Female,108672,SEO,Conversion,3014.63,0.29,0.14,40,3.81,7.04,4,13,7,1,2725,1
12727,67,Female,129865,Email,Consideration,6075.77,0.12,0.1,39,9.91,14.77,49,17,6,8,300,1
15639,40,Female,55120,Referral,Retention,9678.93,0.1,0.1,15,3.76,2.28,2,10,3,1,2549,1
9195,59,Male,149849,Referral,Consideration,5782.45,0.08,0.03,4,2.01,12.67,89,16,9,1,2189,0
8786,30,Female,57443,Email,Conversion,1379.78,0.25,0.06,24,6.19,9.01,83,10,5,9,3979,1
12084,36,Female,22794,SEO,Retention,6787.84,0.14,0.05,7,8.06,3.59,72,11,3,8,4615,1
13865,35,Female,108023,Referral,Consideration,5130.0,0.13,0.17,47,2.12,10.96,64,14,8,8,823,1
14250,33,Male,111068,Social Media,Consideration,4848.51,0.17,0.07,39,1.61,8.01,34,0,8,2,3540,1
12265,42,Female,21236,Referral,Awareness,9200.83,0.28,0.06,30,4.52,7.33,10,15,4,8,1089,1
15247,40,Male,27198,SEO,Awareness,5053.61,0.13,0.05,23,3.71,10.01,84,8,0,6,4725,1
9456,37,Female,135350,PPC,Conversion,7488.97,0.08,0.14,46,8.36,14.74,26,6,7,9,3840,1
13156,22,Male,58082,PPC,Consideration,6318.89,0.23,0.09,16,6.04,3.61,18,3,7,1,3269,1
15333,21,Male,43095,Referral,Awareness,3173.76,0.08,0.08,44,4.43,5.96,45,9,3,6,3879,0
13954,45,Female,91035,Social Media,Awareness,6639.61,0.11,0.02,16,4.75,11.97,50,4,5,6,2111,1
8927,21,Female,94861,Email,Conversion,6689.07,0.18,0.16,28,6.34,5.88,55,12,8,1,3170,1
11260,50,Male,31246,Referral,Consideration,1998.8,0.15,0.04,13,5.76,0.63,54,6,0,5,2389,1
15912,34,Female,137798,PPC,Awareness,2648.53,0.15,0.17,14,5.99,9.68,26,0,1,1,588,1
8978,39,Female,98578,SEO,Awareness,6978.41,0.12,0.06,20,7.31,12.32,55,12,8,4,3758,1
13144,44,Female,124123,SEO,Retention,730.35,0.14,0.16,0,1.0,4.91,83,2,9,8,4926,0
12536,60,Male,100225,Referral,Retention,5698.19,0.22,0.07,37,3.6,9.96,22,11,8,9,1502,1
11525,64,Male,116238,Referral,Awareness,1045.13,0.02,0.14,20,4.35,14.8,38,10,1,7,4924,1
15472,47,Female,146003,Referral,Conversion,5234.93,0.13,0.01,30,8.14,11.92,40,17,8,1,1131,1
14726,64,Male,32713,Social Media,Awareness,6774.22,0.14,0.08,22,9.11,3.1,8,11,9,8,4612,1
10425,54,Female,106826,Email,Consideration,610.92,0.09,0.02,11,8.26,12.24,31,10,9,2,3698,1
10960,38,Male,126458,Social Media,Retention,9278.36,0.16,0.11,20,2.69,7.79,98,11,3,9,1987,1
14585,29,Female,127381,Email,Conversion,4548.56,0.12,0.04,39,3.48,4.89,93,14,7,6,2930,1
15032,20,Female,84099,Email,Awareness,8765.16,0.27,0.13,31,9.06,1.27,97,12,7,6,4002,1
13515,66,Female,30515,Referral,Conversion,1952.62,0.28,0.15,5,1.29,4.33,37,12,6,6,1224,1
15864,42,Female,93694,SEO,Conversion,7988.44,0.11,0.08,6,7.17,6.46,8,9,4,1,354,1
10751,42,Female,43674,SEO,Consideration,536.08,0.09,0.03,33,1.71,1.89,5,14,2,3,1237,0
10892,40,Male,56583,Email,Conversion,1077.59,0.28,0.16,27,4.13,7.02,48,8,9,0,4092,1
9822,68,Male,46835,Social Media,Awareness,8981.27,0.18,0.19,44,4.44,9.68,80,13,7,7,3186,1
12684,44,Female,137246,Email,Retention,4176.8,0.07,0.15,14,8.92,13.41,66,16,7,4,561,1
9358,68,Female,97384,PPC,Retention,9723.87,0.29,0.13,8,3.77,10.99,15,12,7,7,2109,1
13386,43,Female,119258,SEO,Retention,6950.93,0.3,0.03,39,4.51,5.7,36,17,3,2,4746,1
14763,39,Female,52862,Email,Consideration,3070.2,0.03,0.14,45,4.61,6.07,46,5,0,9,2244,1
8797,64,Female,87446,SEO,Consideration,1131.62,0.08,0.13,42,9.86,11.14,81,4,9,0,4761,1
13030,45,Female,34941,Social Media,Conversion,743.24,0.09,0.2,0,3.71,8.31,87,3,9,8,1135,1
12686,53,Male,129537,Social Media,Conversion,4167.48,0.29,0.04,45,6.39,3.85,84,1,9,4,3678,1
14576,60,Female,143307,PPC,Awareness,3047.2,0.22,0.18,12,8.79,9.44,84,17,5,7,4643,1
9781,54,Male,23531,Social Media,Conversion,8760.24,0.05,0.05,2,8.36,14.66,22,17,0,0,2027,1
9117,57,Female,130104,Social Media,Consideration,4702.24,0.11,0.03,10,6.97,14.12,80,1,7,2,3478,1
14590,26,Male,54723,Social Media,Consideration,3426.41,0.19,0.2,40,2.63,5.53,97,16,8,2,3830,1
12567,45,Female,109619,SEO,Retention,7753.7,0.2,0.18,30,4.02,2.99,92,0,3,5,348,1
15638,51,Female,36333,SEO,Conversion,5343.7,0.13,0.13,1,3.78,5.15,40,15,2,2,1787,1
11736,63,Female,26677,Referral,Consideration,1952.17,0.21,0.03,10,6.42,13.09,26,7,6,2,4686,1
10302,69,Male,38637,Email,Retention,7055.29,0.24,0.17,34,6.03,12.31,91,13,3,6,3551,1
8047,35,Female,91778,Social Media,Consideration,5631.31,0.15,0.07,2,8.77,4.17,21,2,7,8,3388,1
8751,58,Female,124801,Email,Conversion,8492.12,0.13,0.17,25,1.53,1.29,68,8,5,2,3739,1
9715,35,Female,90441,Email,Consideration,6173.33,0.15,0.07,44,9.1,3.29,71,0,9,5,3004,1
13886,32,Male,37986,Social Media,Awareness,4338.21,0.09,0.12,34,9.42,8.89,66,12,0,2,220,1
11771,35,Male,146233,Social Media,Consideration,4295.82,0.08,0.08,36,5.55,7.81,19,12,6,0,1468,1
12302,28,Female,141337,Referral,Consideration,4318.21,0.07,0.06,11,8.18,8.04,85,6,1,6,2986,1
8456,32,Female,133104,PPC,Awareness,7331.22,0.25,0.2,13,3.27,8.71,4,2,2,7,4437,1
13106,30,Female,112781,PPC,Consideration,8179.57,0.22,0.09,32,6.85,4.02,44,17,5,1,2305,1
9559,69,Male,58653,Referral,Retention,712.53,0.01,0.18,0,1.27,1.85,2,15,0,9,658,0
10559,38,Female,28330,PPC,Retention,5754.25,0.02,0.08,17,1.74,7.27,32,0,7,8,3615,1
10153,47,Female,138286,SEO,Consideration,8815.61,0.29,0.18,16,5.16,4.93,42,6,3,2,112,1
10731,50,Male,72540,Email,Conversion,7621.29,0.17,0.09,26,5.3,3.34,73,6,5,5,1187,1
8863,29,Female,99139,PPC,Retention,4047.62,0.19,0.17,31,1.68,1.39,44,14,2,5,726,0
11764,62,Female,73266,SEO,Conversion,3708.25,0.14,0.13,44,9.46,7.08,22,9,1,6,1549,1
12786,58,Male,30472,Referral,Consideration,2489.04,0.15,0.08,46,1.51,10.79,24,6,0,7,2091,1
9129,52,Female,71306,Referral,Conversion,5732.6,0.15,0.2,31,5.84,11.38,19,4,6,3,1385,1
9385,25,Female,56680,Referral,Conversion,2003.7,0.22,0.07,24,9.5,6.78,66,3,0,7,3193,1
15905,35,Female,44459,Social Media,Awareness,4387.13,0.01,0.03,2,7.31,13.44,60,1,5,0,4571,0
12956,47,Female,90494,Referral,Conversion,3052.1,0.17,0.07,39,9.34,6.33,50,8,4,2,3965,1
10110,39,Male,41248,SEO,Conversion,1572.05,0.1,0.13,8,6.11,5.9,70,11,4,4,2837,1
14777,45,Female,67940,SEO,Awareness,4522.55,0.15,0.05,34,3.96,4.85,98,9,2,7,2695,1
10734,31,Female,50030,PPC,Consideration,6707.05,0.18,0.18,20,5.88,2.53,0,12,8,1,276,1
14125,18,Female,98033,Email,Conversion,3249.9,0.07,0.15,32,7.58,0.97,24,5,7,0,1747,1
14865,63,Female,146682,SEO,Retention,7970.86,0.16,0.16,4,9.65,1.07,13,18,1,7,2949,1
8974,52,Male,130227,SEO,Conversion,1947.4,0.3,0.04,0,2.08,13.13,99,10,1,0,2294,0
12779,23,Female,87986,Referral,Awareness,9667.12,0.02,0.08,45,7.12,4.66,80,4,6,4,4380,1
12178,31,Male,64067,Email,Retention,7914.16,0.19,0.03,21,7.69,12.01,17,19,9,4,2081,1
15136,35,Male,40110,SEO,Awareness,9795.74,0.24,0.06,40,8.88,3.12,4,17,7,9,3645,1
8584,43,Female,123623,PPC,Consideration,4008.13,0.08,0.17,6,8.81,9.64,64,13,5,7,2814,1
8057,64,Female,26732,PPC,Awareness,7830.39,0.04,0.12,37,3.28,10.5,68,5,3,0,336,1
14954,25,Male,43750,Referral,Conversion,6329.46,0.22,0.08,12,9.47,4.89,16,7,4,3,3910,1
13908,29,Female,117567,Email,Retention,8658.63,0.24,0.1,44,2.3,8.57,44,3,0,7,1528,1
8204,54,Male,86800,Social Media,Retention,8487.43,0.29,0.2,39,6.58,10.34,86,7,0,8,780,1
13692,63,Female,40698,Referral,Consideration,1717.48,0.04,0.11,41,3.55,6.79,9,17,0,9,3492,1
9761,26,Male,125277,PPC,Consideration,8444.99,0.19,0.07,49,3.31,1.4,44,12,8,6,2136,1
15496,24,Female,86572,SEO,Consideration,3676.16,0.24,0.13,45,8.82,8.42,45,14,8,3,896,0
14919,33,Female,142766,Referral,Retention,6512.77,0.27,0.09,25,8.4,7.26,2,4,1,9,2351,1
11638,18,Female,133996,Referral,Conversion,4434.4,0.23,0.06,15,5.11,8.18,49,7,3,9,162,1
13952,36,Female,73462,Referral,Consideration,880.26,0.03,0.14,38,1.01,12.2,41,7,7,9,838,1
11577,37,Female,112141,Referral,Conversion,114.5,0.15,0.07,24,4.47,1.2,66,16,3,8,736,1
13261,43,Male,102098,PPC,Consideration,2958.17,0.02,0.05,37,7.88,8.91,83,0,7,6,4260,1
9895,47,Male,21460,PPC,Awareness,9498.06,0.25,0.16,17,3.81,2.55,35,1,0,1,2405,1
15556,31,Female,138199,Referral,Awareness,3010.89,0.19,0.2,48,8.92,1.99,35,2,0,9,2562,1
12560,61,Female,65909,Email,Retention,9578.9,0.24,0.06,33,7.79,2.72,11,11,3,0,3406,1
11783,37,Female,84509,Email,Retention,8802.88,0.19,0.07,19,6.35,11.69,70,8,2,8,4905,1
11924,40,Male,34028,SEO,Conversion,6285.48,0.29,0.05,17,1.03,13.67,30,1,3,3,1671,1
15528,31,Female,144501,Referral,Consideration,6053.31,0.11,0.12,33,1.67,9.1,58,1,5,0,2228,1
11442,45,Female,101427,PPC,Conversion,363.34,0.24,0.05,43,7.54,12.18,14,12,8,0,4345,1
11249,61,Female,87951,PPC,Consideration,4308.24,0.15,0.1,38,7.15,1.86,38,6,1,4,3492,1
10156,41,Female,120696,Referral,Awareness,7562.67,0.1,0.13,36,6.62,11.5,77,0,1,2,4281,1
10498,59,Female,103230,Referral,Conversion,814.99,0.22,0.1,30,5.83,7.86,33,5,9,9,4039,1
10503,39,Male,94990,Referral,Retention,2342.39,0.2,0.14,14,3.5,1.85,93,15,7,1,2565,1
14423,36,Female,127123,SEO,Conversion,4954.67,0.15,0.19,10,3.46,7.42,89,6,3,4,4692,1
13884,36,Female,138121,SEO,Consideration,1062.66,0.29,0.08,45,2.67,6.55,89,5,0,8,2002,1
11007,38,Female,115341,PPC,Conversion,2057.02,0.28,0.13,26,7.7,4.17,62,0,1,5,4452,1
11740,63,Female,61616,SEO,Consideration,870.45,0.07,0.06,8,8.86,9.79,98,19,0,8,789,0
10414,65,Female,42064,SEO,Conversion,5030.2,0.1,0.02,6,1.94,5.99,98,13,1,6,4351,1
8569,57,Female,129365,PPC,Conversion,9309.93,0.25,0.04,32,2.29,7.07,3,14,6,2,1064,1
9838,65,Female,64938,PPC,Conversion,2200.09,0.24,0.06,38,1.54,11.51,81,14,4,6,1706,1
12977,42,Male,120699,PPC,Awareness,8519.93,0.14,0.04,48,4.9,14.57,38,11,2,0,880,1
15124,25,Female,108586,PPC,Retention,6775.78,0.14,0.13,4,3.4,14.69,75,17,2,2,887,1
9691,63,Male,137083,SEO,Conversion,1856.62,0.03,0.04,48,2.01,9.87,45,4,7,0,2234,0
9961,61,Female,133271,Referral,Conversion,6577.12,0.23,0.13,22,7.95,1.65,38,12,6,8,3575,1
9413,45,Female,62642,Social Media,Retention,2864.81,0.12,0.18,19,8.53,6.1,45,17,2,7,1974,1
15111,64,Female,72536,PPC,Awareness,8654.83,0.08,0.14,47,2.51,3.42,95,12,7,1,3315,1
9982,35,Female,77563,SEO,Consideration,9077.41,0.3,0.05,45,8.04,12.21,88,1,0,8,3474,1
15931,36,Male,56827,Email,Consideration,458.27,0.22,0.06,11,9.77,0.65,87,13,5,5,4645,1
15156,62,Male,125512,PPC,Retention,9609.61,0.28,0.06,28,9.08,4.94,24,14,4,2,2951,1
10667,31,Male,24435,PPC,Awareness,2218.61,0.19,0.11,9,1.52,1.09,77,18,4,8,851,0
9550,41,Female,142337,PPC,Retention,4841.77,0.21,0.05,21,6.28,4.66,64,6,1,5,1529,1
9547,52,Female,89585,PPC,Conversion,9656.59,0.09,0.09,3,7.45,2.88,37,15,1,5,2250,1
11497,39,Male,115014,Email,Conversion,5286.41,0.2,0.07,20,4.14,2.51,83,14,5,5,4050,1
14449,46,Male,125647,Referral,Retention,6762.71,0.19,0.03,15,9.03,1.93,95,7,0,2,3943,1
10645,68,Male,22988,Email,Retention,5919.78,0.13,0.08,18,5.22,10.23,67,5,6,1,1258,1
9183,31,Female,118122,Social Media,Conversion,9467.38,0.23,0.14,47,7.42,7.04,67,1,7,8,763,1
11490,58,Female,134465,Referral,Conversion,4099.15,0.06,0.13,1,5.39,5.62,80,16,6,9,1954,1
15888,26,Male,77202,Email,Consideration,8369.03,0.09,0.16,16,4.26,5.18,71,2,4,8,1981,1
9706,18,Female,93246,Referral,Awareness,4929.55,0.26,0.17,14,3.5,1.64,93,6,2,8,4929,1
10349,19,Male,53864,SEO,Consideration,9977.67,0.15,0.18,10,2.02,0.91,14,4,0,9,1903,0
8878,28,Male,41972,Social Media,Consideration,1253.79,0.05,0.04,16,7.49,4.6,21,0,7,3,2895,0
10101,45,Male,96674,Social Media,Awareness,6867.88,0.17,0.07,44,6.79,7.23,1,16,1,7,854,1
8179,59,Male,34248,Referral,Retention,3859.3,0.02,0.03,28,8.48,13.86,41,16,3,2,409,1
11171,44,Female,53645,Social Media,Conversion,7736.48,0.25,0.07,2,8.82,4.32,84,15,6,7,531,1
13915,29,Female,133333,Email,Retention,8561.65,0.28,0.16,8,8.95,0.98,36,19,4,1,4341,1
13593,37,Female,137062,PPC,Conversion,9346.67,0.21,0.05,48,1.02,11.68,45,19,3,1,409,1
13378,23,Male,28301,Social Media,Retention,3516.13,0.07,0.1,33,3.98,14.17,38,14,2,2,4268,1
8877,19,Male,20891,PPC,Conversion,9751.48,0.12,0.18,11,6.22,3.14,46,18,6,4,3564,1
14568,59,Female,113386,Social Media,Consideration,7365.16,0.2,0.08,39,9.36,6.04,35,2,7,0,886,1
13541,41,Female,88917,Referral,Retention,3585.92,0.06,0.04,44,4.4,1.74,76,3,6,8,2001,0
13522,20,Female,26799,Social Media,Retention,1195.39,0.21,0.07,37,7.33,11.5,86,11,1,7,312,1
8168,32,Male,32693,SEO,Retention,6299.94,0.18,0.12,43,4.93,1.53,80,16,8,5,412,1
14523,34,Female,46000,Social Media,Consideration,2184.6,0.02,0.02,1,4.05,14.29,95,5,4,0,2356,0
9939,46,Male,103910,Referral,Retention,6182.17,0.2,0.07,11,6.93,5.59,82,11,8,4,3741,1
9710,62,Male,145608,SEO,Awareness,8444.64,0.05,0.03,47,8.14,10.53,64,6,0,8,1588,1
11040,39,Male,144660,PPC,Consideration,9226.57,0.25,0.04,23,4.62,2.73,61,15,1,7,909,1
8685,26,Female,121460,Social Media,Awareness,6784.67,0.06,0.06,8,9.39,12.34,99,1,0,0,1416,0
10937,64,Male,58938,Referral,Awareness,4084.23,0.17,0.1,43,9.35,8.06,3,3,2,0,2956,1
10545,32,Female,49607,SEO,Awareness,8289.61,0.05,0.14,2,1.84,12.77,12,14,5,4,4699,1
9819,62,Female,90053,Social Media,Awareness,6086.28,0.26,0.14,8,2.45,11.82,20,5,3,2,548,1
14686,45,Male,84577,SEO,Retention,9149.24,0.27,0.12,44,7.67,4.94,33,14,2,0,4774,1
10580,57,Male,91435,Referral,Retention,4051.91,0.23,0.02,19,3.81,8.51,35,18,8,8,2478,1
14115,26,Female,61482,PPC,Consideration,276.81,0.26,0.04,38,1.61,9.14,71,15,0,5,1701,1
10037,42,Female,30249,Email,Awareness,4333.05,0.13,0.2,25,9.49,9.75,48,11,2,2,4793,1
12398,28,Male,82886,Social Media,Conversion,4115.83,0.2,0.19,27,3.47,5.85,62,13,3,6,3484,1
12940,60,Male,41500,PPC,Awareness,2311.35,0.05,0.12,23,3.25,2.57,79,19,3,0,4960,1
15536,53,Male,32777,Email,Consideration,157.63,0.06,0.04,31,5.02,5.76,6,7,4,5,3027,1
15054,20,Male,41891,PPC,Retention,8537.42,0.22,0.01,23,4.72,7.79,6,3,8,7,1969,1
14229,45,Male,96788,SEO,Consideration,5251.0,0.15,0.1,15,7.03,14.15,46,12,9,5,283,1
13059,35,Male,86851,Social Media,Consideration,5380.06,0.18,0.05,1,1.89,3.73,89,11,0,9,3458,1
11603,21,Male,135849,Social Media,Awareness,6906.23,0.09,0.07,4,9.68,4.89,25,14,3,7,2672,1
14451,39,Female,54341,Referral,Consideration,8231.57,0.24,0.19,33,4.64,0.77,33,17,9,0,4787,1
12744,66,Male,35213,SEO,Retention,460.62,0.22,0.15,0,9.26,2.18,44,12,7,7,747,1
8753,31,Male,41552,Email,Conversion,6842.8,0.2,0.11,46,8.73,1.86,57,2,8,6,4172,1
12715,64,Female,123412,Referral,Consideration,2944.69,0.27,0.14,24,9.69,12.2,99,11,1,6,2164,1
9957,28,Male,73544,Social Media,Retention,3762.07,0.23,0.16,23,4.16,3.79,50,6,8,5,2333,1
13131,67,Female,107104,SEO,Conversion,7797.72,0.08,0.07,40,9.92,11.87,33,1,7,2,1142,1
9804,25,Female,103938,Email,Retention,5934.67,0.11,0.05,3,8.61,9.36,18,10,0,0,496,0
8550,19,Male,70298,Email,Retention,9881.14,0.26,0.04,7,6.1,11.39,67,14,0,8,890,1
13021,45,Female,73054,Email,Retention,7026.59,0.24,0.14,15,9.49,2.3,47,16,7,4,4626,1
10700,55,Female,123806,Email,Consideration,8039.23,0.08,0.09,24,6.4,8.96,54,19,5,4,3289,1
8615,49,Female,99483,Social Media,Awareness,2218.78,0.06,0.15,42,2.45,4.58,25,1,4,6,4408,0
11478,45,Male,126823,Social Media,Awareness,8570.8,0.1,0.07,32,3.02,0.58,14,5,3,2,1800,1
14545,62,Male,142453,Referral,Conversion,8331.61,0.19,0.01,43,1.33,0.84,3,19,4,6,3045,1
15296,18,Male,126680,Email,Conversion,8366.37,0.2,0.07,0,8.7,1.68,3,1,1,9,3575,0
13204,61,Female,37793,Social Media,Awareness,7379.44,0.26,0.02,28,8.64,11.09,93,1,5,6,4288,1
8133,61,Female,70799,Email,Conversion,2431.61,0.03,0.18,44,6.15,2.55,13,11,5,6,40,1
9568,26,Male,144576,SEO,Conversion,3603.43,0.15,0.19,45,4.04,4.78,69,4,1,1,4640,1
15787,40,Female,58547,SEO,Awareness,8992.76,0.09,0.01,12,2.09,5.89,59,4,3,2,3990,1
14146,43,Female,64585,PPC,Awareness,4154.62,0.15,0.16,25,4.46,13.93,45,14,4,8,2790,1
11155,66,Male,135310,Social Media,Consideration,5218.01,0.18,0.1,31,1.22,5.91,65,3,9,2,542,1
14953,61,Male,131335,Email,Consideration,369.36,0.2,0.16,18,5.89,6.75,52,11,2,7,3847,1
9045,50,Female,147368,Referral,Retention,4302.32,0.05,0.14,40,3.94,6.4,41,19,2,4,2942,1
12000,28,Female,66308,SEO,Consideration,2364.18,0.12,0.14,35,6.67,11.73,72,12,7,2,1957,1
12555,41,Male,32056,SEO,Conversion,4521.85,0.04,0.09,49,2.29,8.23,79,18,8,6,3246,1
9138,26,Male,62801,PPC,Consideration,5938.73,0.11,0.13,6,9.72,10.79,29,14,5,4,2562,1
9945,56,Male,72890,Email,Awareness,3656.17,0.17,0.06,14,7.27,4.44,0,14,7,2,4631,1
9180,50,Male,102036,Referral,Retention,4886.09,0.03,0.06,46,1.33,13.61,78,4,5,6,1861,1
11226,41,Female,124540,Referral,Conversion,4864.81,0.29,0.05,24,5.12,8.53,42,1,5,2,2642,1
11135,35,Female,38540,SEO,Retention,7749.61,0.25,0.07,35,6.24,7.07,54,18,0,8,3212,1
12748,27,Male,103959,Social Media,Awareness,9899.84,0.08,0.17,17,5.83,7.5,27,3,4,2,2626,1
14318,26,Male,126657,Email,Awareness,5192.09,0.27,0.07,2,8.1,13.08,5,18,7,4,4149,1
10772,48,Male,27670,PPC,Consideration,545.07,0.1,0.13,42,7.33,11.01,33,12,0,1,670,0
8480,36,Male,34937,SEO,Awareness,1377.39,0.18,0.08,31,8.1,4.33,74,0,5,6,3081,1
10881,57,Female,113396,Referral,Conversion,9577.13,0.11,0.06,30,7.7,3.06,92,1,8,2,3114,1
8988,31,Female,48688,Referral,Consideration,9062.32,0.1,0.02,8,1.96,5.84,99,11,5,3,4644,1
12133,19,Male,49346,Email,Awareness,5158.39,0.14,0.06,46,8.21,2.03,49,14,5,0,3,1
10868,30,Female,114436,SEO,Consideration,7107.11,0.13,0.17,34,7.23,6.96,16,16,8,2,1054,1
8597,28,Male,49485,Email,Conversion,5846.06,0.04,0.14,3,4.93,6.69,58,17,1,3,2855,1
10316,39,Female,36279,PPC,Consideration,3498.49,0.02,0.09,43,6.85,5.83,46,15,5,9,695,1
15171,36,Female,55902,PPC,Consideration,9168.47,0.04,0.15,44,2.3,8.31,6,0,4,0,2752,1
10211,19,Female,60955,Email,Conversion,3910.41,0.25,0.19,37,3.55,12.85,4,5,7,8,2809,1
10187,32,Male,118452,Social Media,Awareness,2224.72,0.1,0.12,16,7.38,3.1,99,4,0,9,2491,0
11387,45,Female,118598,SEO,Awareness,912.74,0.16,0.2,29,2.73,13.41,89,13,2,4,1036,1
14191,60,Female,95236,PPC,Consideration,969.02,0.11,0.16,48,5.7,14.48,11,18,1,0,1620,1
13873,63,Female,77752,Social Media,Retention,3918.58,0.02,0.18,26,5.86,2.79,87,10,7,5,4723,1
14013,37,Male,98976,Social Media,Consideration,7554.53,0.14,0.02,1,2.55,8.09,9,16,3,8,2500,1
14108,29,Female,48760,SEO,Awareness,1425.87,0.2,0.16,7,9.66,10.91,39,7,4,1,2617,1
10805,69,Male,48038,Social Media,Retention,5776.12,0.18,0.12,13,5.3,13.32,67,4,5,2,4672,1
10251,64,Female,58230,Email,Conversion,5254.83,0.16,0.02,35,7.81,9.15,60,15,5,5,1933,1
10547,45,Female,144403,PPC,Conversion,1838.99,0.28,0.14,22,8.21,13.65,60,13,3,1,4952,1
11427,63,Male,88831,PPC,Awareness,1800.92,0.27,0.17,36,7.23,7.69,27,3,3,6,2650,1
9631,31,Female,127841,SEO,Conversion,5918.91,0.22,0.09,0,9.18,12.58,87,8,2,6,2754,1
9675,33,Female,64917,Email,Consideration,5441.04,0.23,0.04,17,2.52,0.66,16,1,7,6,2596,1
9130,47,Male,107150,Email,Consideration,4582.39,0.04,0.03,49,5.3,12.12,50,10,6,6,4616,1
12010,34,Male,69962,Social Media,Retention,2705.77,0.26,0.06,23,3.24,3.85,82,7,3,3,3214,1
12905,35,Male,74733,SEO,Conversion,1644.07,0.17,0.17,27,5.85,14.6,74,3,5,0,1239,1
15086,42,Female,65902,Referral,Consideration,8813.59,0.28,0.08,20,5.51,12.22,87,10,7,3,665,1
15577,39,Male,71362,Email,Conversion,9684.76,0.02,0.1,6,5.97,7.41,19,9,5,8,3924,1
10122,42,Female,39369,Referral,Retention,2224.62,0.23,0.09,10,4.93,5.19,14,2,3,2,1587,1
13803,62,Male,74039,Referral,Awareness,5380.55,0.12,0.17,31,8.19,3.42,12,9,7,1,1442,1
14099,65,Male,105222,SEO,Conversion,1171.72,0.26,0.07,2,6.4,8.85,15,0,4,6,489,1
9016,37,Female,78434,Referral,Retention,3156.88,0.26,0.07,35,2.18,2.21,60,13,3,3,975,1
11920,54,Male,71581,Email,Retention,9961.13,0.27,0.19,46,3.59,6.81,35,0,6,0,3943,1
14511,60,Female,139346,Email,Retention,2232.2,0.26,0.06,26,5.14,5.22,37,13,9,6,482,1
10728,42,Female,24897,PPC,Conversion,6005.11,0.19,0.17,30,4.89,3.97,63,18,8,1,2349,1
15869,28,Female,65640,Social Media,Consideration,6252.19,0.23,0.07,29,7.47,4.38,59,19,6,7,3812,1
11847,49,Female,131449,SEO,Awareness,2688.8,0.02,0.05,3,2.68,1.41,70,6,5,5,1139,0
12852,68,Female,47655,Email,Retention,7638.35,0.19,0.06,15,8.58,3.19,90,10,1,7,72,1
14597,19,Female,28302,SEO,Retention,1724.69,0.23,0.05,8,1.74,12.04,65,7,0,6,1926,1
14952,23,Male,132134,Email,Awareness,6019.31,0.04,0.05,23,8.3,1.62,19,19,1,0,2418,1
8746,52,Female,79321,Social Media,Retention,6244.07,0.16,0.13,46,6.97,5.81,1,9,3,9,2360,1
8783,26,Male,109905,Referral,Consideration,4324.59,0.18,0.03,38,9.53,3.73,79,9,5,4,3031,1
13548,68,Female,85875,Email,Retention,3898.45,0.12,0.18,13,9.04,12.02,64,6,2,5,3670,1
13304,32,Female,98619,Email,Conversion,3861.55,0.09,0.05,15,1.35,11.71,79,14,3,7,2468,1
10042,28,Male,59673,Social Media,Consideration,5147.64,0.03,0.14,43,2.69,9.2,57,19,0,5,2541,1
15097,64,Female,94525,SEO,Retention,6850.31,0.29,0.15,33,8.88,12.59,79,3,1,2,4118,1
14389,57,Male,106644,PPC,Awareness,3118.92,0.01,0.03,23,7.81,13.7,41,3,1,3,3069,0
11348,39,Male,144075,SEO,Retention,5631.98,0.28,0.01,22,9.57,2.62,94,14,7,3,4080,1
15804,40,Male,131377,Referral,Awareness,5122.1,0.06,0.13,44,8.21,12.18,86,4,4,1,2566,1
12025,40,Male,106526,PPC,Retention,4032.65,0.25,0.16,47,3.76,10.39,24,7,2,1,2882,1
8073,46,Male,65167,Email,Retention,1453.64,0.27,0.13,33,2.82,14.53,77,14,1,4,2918,1
13687,57,Female,61446,Email,Consideration,7280.12,0.02,0.12,16,9.24,9.04,14,7,5,7,4207,1
9920,53,Female,87576,PPC,Awareness,6205.09,0.18,0.14,12,7.87,11.67,47,9,4,6,1922,1
12282,64,Female,71302,SEO,Awareness,3234.4,0.02,0.05,8,3.6,5.88,1,0,5,6,1455,0
13928,46,Male,146072,PPC,Awareness,1790.48,0.16,0.05,2,5.6,3.5,79,11,5,0,4441,0
14351,38,Female,72204,Email,Conversion,8762.33,0.18,0.06,37,3.13,14.13,85,18,4,8,3068,1
11284,43,Male,27482,Email,Retention,6124.29,0.17,0.01,45,3.68,4.36,45,0,1,1,3379,0
11470,61,Male,35900,SEO,Consideration,5656.39,0.21,0.08,21,2.93,2.78,55,7,0,8,968,1
12634,51,Female,147976,SEO,Retention,3495.82,0.14,0.06,18,9.3,2.69,1,19,0,1,1534,1
15545,57,Female,111586,SEO,Retention,9952.53,0.12,0.1,7,4.51,11.94,10,17,5,3,4936,0
11618,28,Female,136214,SEO,Conversion,7868.99,0.23,0.13,0,3.79,14.55,15,15,8,8,1210,1
12775,57,Female,89519,Social Media,Awareness,2671.14,0.29,0.02,36,9.27,9.09,96,13,1,6,2452,1
14908,36,Male,37938,Email,Awareness,2424.03,0.24,0.13,22,3.13,13.18,57,2,8,1,1253,1
15369,27,Male,81713,SEO,Retention,7054.69,0.27,0.02,25,4.84,4.26,24,13,9,4,2680,0
12008,29,Female,137095,Referral,Retention,6701.28,0.24,0.19,5,5.38,14.34,39,9,5,5,4187,1
14159,25,Female,76690,Email,Retention,2298.13,0.17,0.08,20,9.33,4.92,39,1,2,5,1368,1
15692,66,Female,99837,Referral,Awareness,9093.3,0.17,0.15,44,6.94,0.84,30,5,1,4,2726,0
13486,60,Male,72429,Email,Consideration,5244.58,0.06,0.04,43,7.78,8.15,6,7,6,3,1181,1
12401,40,Female,53937,Referral,Awareness,9181.61,0.01,0.17,35,1.84,11.8,39,15,4,6,3372,1
13389,54,Male,50341,Social Media,Consideration,3739.41,0.07,0.09,9,4.74,12.57,55,6,1,8,1516,1
15090,65,Female,95516,Referral,Awareness,6339.81,0.25,0.03,3,7.99,11.14,54,16,5,8,2415,1
13128,27,Male,80878,PPC,Retention,5106.69,0.13,0.07,0,4.01,11.14,48,13,5,5,453,1
15092,58,Male,121929,Social Media,Consideration,842.04,0.29,0.13,21,5.96,11.85,79,7,5,9,2006,1
10381,24,Female,51286,Social Media,Retention,6776.2,0.17,0.18,47,6.1,8.29,0,3,0,7,4349,1
15700,47,Male,91616,SEO,Retention,5856.34,0.07,0.02,47,2.01,1.48,99,1,1,5,3734,1
10375,40,Male,98711,Social Media,Conversion,6775.92,0.24,0.19,31,5.66,2.49,16,6,1,6,3820,1
14195,34,Male,126885,Email,Conversion,4985.39,0.05,0.1,27,8.99,1.88,85,15,7,6,3682,1
11186,30,Female,90624,PPC,Retention,3844.37,0.25,0.16,27,6.86,2.8,91,19,7,0,495,1
13524,22,Female,117098,PPC,Retention,2216.88,0.05,0.02,13,2.81,7.28,37,5,4,5,1282,0
9872,30,Female,51280,SEO,Retention,4486.71,0.16,0.14,46,5.05,1.46,40,14,2,4,3248,1
14854,47,Male,111992,PPC,Awareness,9539.9,0.3,0.17,25,6.95,5.12,89,7,5,2,190,1
10273,52,Female,69993,Social Media,Consideration,7751.29,0.27,0.14,28,1.64,8.78,28,18,0,9,159,1
12175,37,Female,137385,Email,Retention,8981.64,0.13,0.02,33,7.88,3.98,51,1,8,9,2660,1
10305,59,Male,67431,SEO,Consideration,2914.35,0.3,0.06,15,3.96,7.11,46,17,6,0,2478,1
9767,67,Male,142558,Social Media,Retention,2814.7,0.26,0.02,48,8.36,14.08,12,15,7,4,3511,1
14550,44,Female,75474,Email,Conversion,6786.04,0.1,0.07,0,1.18,8.31,57,14,7,0,3854,1
13982,45,Female,130884,SEO,Retention,5828.8,0.21,0.02,0,5.2,10.59,18,13,3,3,4217,1
10746,51,Male,70500,Social Media,Consideration,2434.85,0.21,0.09,49,6.58,13.52,76,0,9,9,4106,1
14934,47,Female,44935,Referral,Conversion,6809.75,0.23,0.13,11,4.16,6.58,55,7,8,4,2589,1
11033,48,Female,145111,SEO,Conversion,5584.7,0.01,0.19,2,3.62,11.23,54,8,7,7,4291,1
13111,41,Male,149826,PPC,Awareness,1324.36,0.27,0.2,7,2.42,12.62,87,10,4,2,277,1
12200,29,Male,90597,Referral,Conversion,4662.97,0.22,0.02,48,2.96,7.47,9,1,3,3,650,1
15733,23,Male,20154,Social Media,Retention,7508.17,0.13,0.01,47,6.65,12.76,32,14,5,3,1808,0
10543,65,Female,102162,Social Media,Awareness,7788.29,0.14,0.05,42,4.65,7.4,50,10,3,8,282,1
13932,40,Female,112469,PPC,Awareness,6714.52,0.23,0.14,11,9.01,12.4,36,15,2,8,565,1
8689,22,Male,138105,Email,Consideration,1753.16,0.14,0.1,15,3.98,3.15,96,12,8,6,1162,1
14066,23,Male,94039,Referral,Retention,9357.58,0.21,0.12,20,9.31,2.27,85,8,9,7,2436,1
14217,54,Female,70050,Social Media,Retention,6842.62,0.2,0.03,18,1.37,5.82,58,17,4,3,4646,1
13475,55,Male,89550,Referral,Conversion,1571.95,0.07,0.13,47,5.43,12.03,98,3,1,9,1996,1
10675,38,Female,122012,Email,Conversion,9860.37,0.18,0.19,33,7.03,4.73,85,3,3,5,3253,1
9149,58,Female,119926,Email,Consideration,997.68,0.15,0.12,28,7.66,1.32,97,10,2,9,1629,1
14296,22,Male,29952,Social Media,Awareness,7123.33,0.14,0.06,22,9.79,7.0,57,11,3,8,3061,1
8161,49,Male,131641,PPC,Retention,4127.48,0.13,0.02,25,5.21,13.06,71,12,4,8,225,1
14113,45,Female,99698,SEO,Conversion,9814.26,0.17,0.15,30,7.05,5.39,15,6,5,3,1041,1
10353,50,Female,59265,PPC,Retention,8404.78,0.16,0.09,23,3.59,4.53,87,10,1,1,3121,1
9428,38,Female,29678,PPC,Retention,8905.97,0.27,0.09,34,8.6,11.9,7,4,2,1,2788,1
9566,43,Female,134446,SEO,Retention,7737.39,0.13,0.16,1,4.31,3.62,8,4,1,7,4442,1
11412,60,Female,104029,Email,Retention,6761.94,0.16,0.06,26,1.26,4.16,73,8,1,1,790,0
9873,63,Female,144130,PPC,Awareness,5915.56,0.1,0.08,15,4.56,10.24,44,17,8,3,4463,1
14081,40,Female,82241,Referral,Conversion,6805.65,0.24,0.12,19,8.28,7.06,42,4,1,7,1829,1
11052,42,Male,149712,PPC,Retention,2155.35,0.01,0.15,3,2.59,4.85,35,5,6,6,2886,0
11110,55,Female,33740,PPC,Conversion,9189.91,0.19,0.06,17,8.97,8.69,85,5,8,9,1198,1
13305,20,Male,69647,Social Media,Consideration,5969.94,0.12,0.05,9,3.7,7.33,55,7,4,1,3062,1
13764,26,Female,31403,Email,Conversion,5626.8,0.05,0.12,13,8.18,0.67,13,6,3,7,4415,1
13291,58,Male,105261,Social Media,Awareness,4617.53,0.29,0.09,25,4.4,13.12,53,5,8,6,1944,1
9911,18,Male,132296,Referral,Awareness,4999.94,0.02,0.19,29,6.21,5.83,49,9,0,1,2740,1
13016,67,Male,76188,SEO,Conversion,2933.94,0.19,0.14,18,3.51,1.53,19,16,4,3,3292,1
10797,50,Female,29895,Referral,Retention,5038.94,0.15,0.1,22,1.66,0.76,48,15,0,1,4464,1
9514,38,Female,120944,Referral,Retention,1382.31,0.22,0.11,43,9.45,14.34,56,12,6,5,1979,1
12587,53,Male,44737,Referral,Retention,5719.1,0.05,0.16,3,4.63,1.94,14,1,6,9,2211,1
9332,50,Male,37230,Referral,Retention,2202.56,0.11,0.16,37,2.54,1.92,91,9,4,2,625,1
13965,21,Female,43237,PPC,Retention,5180.87,0.27,0.15,1,3.55,8.75,49,15,2,0,2434,1
9325,68,Female,88458,SEO,Retention,6654.68,0.08,0.1,24,4.81,1.45,77,3,3,1,3030,1
14051,69,Male,26040,PPC,Conversion,8804.85,0.04,0.02,1,4.89,10.65,83,4,5,9,4726,1
15011,56,Male,136810,SEO,Retention,2736.27,0.12,0.08,28,8.74,14.42,48,9,3,6,4977,1
14406,54,Male,47649,Email,Awareness,3801.77,0.28,0.08,15,5.97,0.71,8,3,0,6,3071,1
13158,63,Male,61430,SEO,Conversion,7949.64,0.15,0.12,26,6.92,4.79,80,7,7,0,1699,1
8407,39,Female,92855,Email,Retention,3671.22,0.24,0.04,11,9.07,7.02,90,7,7,9,1428,1
10323,47,Male,38201,Email,Retention,5672.33,0.28,0.15,11,1.76,9.86,0,15,9,9,4241,1
10318,51,Female,119810,SEO,Conversion,5120.09,0.17,0.19,41,1.91,5.94,34,6,7,8,2753,1
14429,69,Female,29257,Social Media,Conversion,8240.08,0.26,0.02,3,8.23,4.45,26,15,0,9,992,1
10252,54,Female,131364,Email,Awareness,5152.33,0.13,0.14,27,6.57,2.71,89,8,8,2,4828,1
11712,60,Female,140883,PPC,Consideration,4071.05,0.03,0.14,31,6.52,10.92,84,0,9,7,4438,1
9746,62,Male,79556,SEO,Consideration,5149.3,0.01,0.1,49,6.09,13.01,11,1,7,7,2748,1
15169,45,Female,107637,SEO,Retention,1924.89,0.07,0.15,11,4.91,12.87,41,11,0,8,2696,1
12733,68,Female,75959,Referral,Awareness,9216.17,0.07,0.08,2,2.17,1.41,52,13,0,1,1638,0
12422,57,Female,44099,PPC,Conversion,2879.81,0.11,0.18,42,5.13,13.36,70,6,5,5,229,1
13324,69,Male,132448,Referral,Conversion,2260.35,0.06,0.2,21,4.21,1.61,57,6,1,0,4492,1
12329,52,Male,50889,SEO,Conversion,2025.04,0.16,0.03,46,2.23,4.58,58,13,0,9,3331,1
8139,52,Female,72256,PPC,Awareness,9815.35,0.04,0.13,38,6.42,5.01,45,14,4,8,2995,1
13069,20,Female,67953,Email,Conversion,8423.22,0.16,0.19,32,2.76,12.12,90,17,9,0,3445,1
15986,43,Male,130747,PPC,Awareness,8333.09,0.16,0.13,49,3.9,14.05,79,3,6,2,4303,0
14104,47,Female,55070,Email,Conversion,4240.46,0.18,0.03,39,3.59,3.68,78,15,4,8,2724,1
9728,54,Female,81518,Email,Conversion,1677.99,0.02,0.18,35,6.25,0.96,85,14,6,7,2832,1
12456,64,Female,141663,Email,Conversion,1913.66,0.26,0.04,28,6.99,11.04,25,7,9,3,216,1
13650,64,Female,135104,Social Media,Conversion,1195.68,0.21,0.18,35,9.18,11.83,74,15,9,4,2374,1
8593,24,Female,61770,Email,Awareness,5220.51,0.29,0.1,2,4.28,11.69,4,7,6,7,2090,1
11062,20,Male,149883,Email,Retention,2251.75,0.13,0.14,42,4.1,12.67,83,8,2,5,321,1
10372,35,Female,77225,SEO,Consideration,3488.93,0.05,0.13,34,4.8,11.13,40,19,5,6,3495,1
8019,41,Female,69949,PPC,Consideration,8446.05,0.3,0.05,35,9.82,1.9,36,7,7,3,3644,1
11835,45,Female,132831,Referral,Consideration,6336.41,0.16,0.02,29,9.4,14.16,96,18,4,5,3236,1
15478,39,Male,78958,PPC,Retention,9360.15,0.09,0.13,0,6.66,12.61,43,4,2,5,1868,1
9685,30,Female,40893,Social Media,Conversion,1167.18,0.07,0.19,18,7.31,8.93,60,15,7,3,335,1
12806,53,Female,33776,Email,Conversion,5048.33,0.3,0.2,39,7.73,5.16,1,14,9,8,4795,1
11798,30,Male,81273,Social Media,Retention,258.16,0.13,0.07,12,4.1,10.2,38,13,6,3,1430,1
9739,24,Male,29684,Social Media,Retention,1940.49,0.24,0.18,41,6.03,0.84,92,8,4,7,4688,1
13421,55,Female,20744,Social Media,Awareness,4694.9,0.13,0.02,47,3.33,11.8,44,0,6,9,1617,1
14205,41,Female,65813,Email,Awareness,5735.37,0.28,0.07,11,3.76,3.9,81,9,9,6,4079,1
8966,60,Female,140014,Referral,Conversion,6275.69,0.12,0.19,42,2.36,6.03,32,7,1,9,1592,1
8682,30,Female,117919,SEO,Retention,7150.11,0.16,0.06,10,2.02,11.12,10,16,4,8,2229,1
8426,42,Male,77255,PPC,Awareness,7342.97,0.03,0.16,40,6.9,7.69,27,6,7,5,3814,1
9938,51,Female,105553,SEO,Consideration,196.9,0.04,0.07,4,2.02,0.97,44,13,5,9,3885,0
15368,54,Female,54374,Email,Consideration,4938.71,0.02,0.02,31,2.49,7.29,66,6,3,7,1348,1
11280,35,Female,118247,SEO,Consideration,3016.46,0.22,0.07,40,1.42,10.08,57,17,1,4,4620,1
11035,68,Female,121150,Email,Consideration,6232.64,0.03,0.16,48,7.67,1.17,27,13,1,6,4368,1
12295,53,Female,27750,SEO,Retention,6397.57,0.15,0.06,25,2.99,7.78,71,0,4,7,4870,1
13166,38,Female,39943,SEO,Retention,8640.55,0.3,0.17,45,6.63,6.98,96,10,1,2,15,1
9661,57,Female,29770,Social Media,Consideration,7613.73,0.24,0.18,4,2.53,10.37,30,18,4,2,3413,1
9768,35,Female,58108,PPC,Retention,2258.87,0.22,0.06,15,9.78,5.98,63,2,0,8,2771,1
10248,45,Male,130210,Social Media,Retention,6159.67,0.05,0.03,25,1.74,14.07,9,4,5,1,2828,0
8068,21,Female,91031,Email,Consideration,6381.37,0.08,0.18,34,3.93,4.76,20,10,6,3,4280,1
13617,28,Male,70546,Referral,Awareness,2520.81,0.25,0.06,28,6.77,8.26,79,0,7,1,2268,1
13633,63,Male,140075,Referral,Conversion,4376.69,0.29,0.04,19,5.07,0.88,63,2,6,6,3545,1
10804,56,Female,32264,PPC,Retention,1631.6,0.18,0.06,19,7.9,8.11,52,0,6,6,3452,1
12755,27,Male,136994,SEO,Conversion,9200.49,0.06,0.09,38,2.81,0.97,66,0,1,3,4693,1
14710,61,Male,138217,Social Media,Conversion,7308.01,0.22,0.2,6,2.06,11.27,60,5,4,7,2957,1
15055,62,Female,126566,PPC,Awareness,3357.69,0.28,0.09,48,2.58,11.18,49,2,1,3,3749,1
13680,32,Male,101132,PPC,Awareness,405.01,0.13,0.02,33,4.1,1.5,30,19,5,3,2477,1
12086,25,Male,129832,Referral,Awareness,1462.2,0.25,0.02,47,3.58,10.89,97,5,8,4,602,1
14891,18,Female,94099,PPC,Awareness,4074.63,0.27,0.19,16,2.89,9.83,10,3,7,1,2939,1
12096,42,Female,29850,SEO,Consideration,8962.66,0.09,0.18,3,2.2,12.19,25,0,3,2,4549,1
13300,36,Female,47648,Email,Consideration,893.76,0.13,0.2,38,6.9,11.92,9,3,6,1,1139,1
11546,40,Female,130436,SEO,Retention,7852.62,0.2,0.08,0,2.05,10.98,47,3,2,0,1882,0
12017,69,Female,52357,PPC,Consideration,8858.54,0.13,0.13,38,7.76,7.81,2,7,0,9,3063,1
8839,36,Female,106366,Email,Conversion,5816.98,0.03,0.12,2,1.62,8.4,77,2,1,8,851,0
13962,54,Male,125363,Email,Retention,5498.07,0.04,0.15,39,5.52,5.47,56,5,3,0,395,1
15035,45,Male,120510,Email,Consideration,2369.62,0.27,0.18,16,3.46,5.82,2,16,1,1,943,1
15834,27,Female,83887,SEO,Conversion,1396.01,0.04,0.09,8,8.91,4.63,49,10,0,9,4363,1
9448,22,Female,98643,PPC,Awareness,8933.84,0.2,0.05,29,6.88,9.51,59,16,3,2,1230,1
9543,53,Male,33527,Referral,Retention,4070.57,0.06,0.06,34,8.48,11.75,2,4,4,6,140,1
15517,69,Female,49292,SEO,Consideration,664.13,0.05,0.15,33,7.37,1.65,23,15,3,9,983,0
10113,58,Female,67547,Social Media,Consideration,120.36,0.25,0.02,1,5.4,2.87,30,12,2,6,1302,0
14857,20,Male,22257,Social Media,Consideration,2484.84,0.15,0.03,24,7.9,2.2,34,17,2,4,4721,1
9017,42,Male,84749,Email,Awareness,9789.65,0.18,0.02,39,7.87,13.55,16,9,3,0,2752,1
12796,66,Female,63386,PPC,Consideration,9713.98,0.1,0.07,23,9.77,13.25,28,16,9,4,4077,1
9011,43,Male,117435,PPC,Conversion,2946.84,0.02,0.13,33,2.68,4.86,13,3,8,5,2530,1
12653,57,Female,38281,PPC,Conversion,586.53,0.24,0.1,41,4.92,9.74,44,8,5,8,100,1
11464,36,Female,46570,SEO,Retention,6649.48,0.01,0.06,0,3.02,3.51,5,8,9,5,2435,1
12923,66,Female,72383,Email,Retention,9517.52,0.18,0.09,19,7.7,11.97,96,18,9,0,4941,1
8618,49,Female,69948,Email,Conversion,3988.35,0.02,0.01,30,8.24,14.16,42,18,2,1,1241,1
11905,62,Female,112675,Email,Consideration,5566.15,0.24,0.08,48,1.76,8.81,70,1,3,8,3721,1
15413,21,Male,100096,Referral,Awareness,4139.23,0.13,0.16,49,3.21,10.39,62,9,3,3,853,1
8375,45,Female,96023,Social Media,Retention,7824.31,0.25,0.17,29,1.12,2.05,18,1,0,5,4605,1
12248,44,Male,33217,SEO,Retention,3788.13,0.28,0.13,10,7.63,8.58,0,18,1,4,1492,1
11594,42,Female,50312,Social Media,Retention,3058.01,0.04,0.15,33,2.4,14.04,85,14,2,0,542,0
9291,63,Female,46022,SEO,Consideration,5941.26,0.15,0.17,35,2.36,7.87,81,8,9,8,2570,1
15484,25,Female,83372,Referral,Awareness,2033.47,0.18,0.09,29,6.32,2.64,83,14,6,8,2089,1
13437,24,Female,81970,Social Media,Conversion,5869.85,0.05,0.12,46,3.24,0.93,43,15,6,8,321,1
8457,60,Female,104610,Social Media,Conversion,2950.12,0.09,0.11,12,7.11,4.26,72,6,6,2,4305,1
8368,65,Male,25413,Social Media,Retention,487.24,0.12,0.03,26,6.0,7.02,50,9,1,4,1420,1
12986,51,Male,110033,Referral,Awareness,4830.39,0.07,0.15,3,9.34,6.0,64,17,9,1,1374,1
13020,42,Male,21772,Social Media,Consideration,2342.19,0.11,0.04,27,4.22,10.57,85,8,6,8,2003,1
10284,67,Female,73678,SEO,Consideration,8514.63,0.24,0.19,39,6.73,13.18,12,19,6,0,4432,1
8750,64,Female,23090,PPC,Consideration,401.22,0.23,0.05,9,2.41,11.94,50,1,6,5,2099,1
9516,48,Male,117449,Email,Retention,6042.05,0.05,0.1,41,7.78,2.24,33,7,4,5,3090,1
15353,58,Male,27546,SEO,Awareness,8436.47,0.24,0.01,26,5.66,6.6,40,13,9,9,548,0
14604,48,Male,115440,Social Media,Conversion,6274.21,0.23,0.17,45,6.55,1.27,27,16,5,8,777,1
11509,51,Male,144080,Referral,Awareness,3493.07,0.26,0.04,12,5.73,11.72,29,0,3,3,1382,1
14004,31,Female,62481,Referral,Retention,9338.8,0.1,0.02,33,9.01,6.99,41,14,6,2,382,1
15833,56,Female,94884,SEO,Consideration,2202.46,0.27,0.19,43,1.51,8.77,93,14,2,8,2711,0
13506,47,Female,62851,Email,Conversion,3931.25,0.28,0.05,28,2.08,13.47,56,10,6,6,3216,1
11742,18,Female,69741,PPC,Conversion,8043.3,0.26,0.03,9,3.99,8.53,11,4,6,5,4141,1
9586,47,Male,26668,Email,Consideration,5758.06,0.1,0.08,3,6.57,10.82,34,9,8,7,4564,1
8539,48,Female,81104,SEO,Conversion,6381.54,0.08,0.18,36,2.64,10.59,73,15,9,7,4323,1
13556,55,Female,147108,SEO,Consideration,2535.33,0.2,0.16,24,2.7,12.09,85,10,5,4,3770,1
10176,23,Female,70998,SEO,Awareness,8007.66,0.04,0.03,46,8.33,1.72,25,11,3,5,4107,1
14835,28,Female,113657,Email,Conversion,1408.57,0.15,0.16,45,8.21,8.74,12,0,4,1,401,1
8561,50,Male,112551,Referral,Retention,2084.51,0.07,0.02,25,9.48,1.81,70,15,8,7,325,0
12626,27,Female,87224,Email,Consideration,6730.0,0.24,0.15,29,9.06,3.83,50,14,9,3,3727,1
9824,57,Female,45357,Email,Consideration,1432.82,0.01,0.1,20,8.75,1.72,4,3,2,6,2198,0
9359,36,Female,82423,PPC,Consideration,531.64,0.19,0.16,1,3.84,6.73,80,10,2,2,4804,1
13619,61,Female,68484,SEO,Conversion,5617.01,0.01,0.05,7,1.23,11.13,45,17,1,2,3671,1
15301,33,Male,85167,Email,Awareness,6500.97,0.09,0.16,24,7.58,3.99,33,6,8,8,1931,1
12823,46,Male,23477,SEO,Retention,6471.52,0.01,0.18,47,9.56,3.43,65,9,6,3,4116,1
9780,31,Female,27994,PPC,Awareness,6444.28,0.23,0.13,43,7.92,3.35,97,18,0,6,518,1
11965,68,Male,31091,SEO,Awareness,8559.8,0.25,0.17,29,9.7,6.15,33,18,0,4,1359,1
11408,62,Female,77254,SEO,Retention,2485.55,0.25,0.17,28,6.65,10.48,91,16,3,5,3543,1
13819,48,Female,80378,SEO,Retention,7983.9,0.17,0.17,8,2.75,12.82,30,2,6,8,1287,1
9000,52,Female,126700,SEO,Conversion,9537.79,0.05,0.2,49,1.36,5.22,23,18,5,5,1840,1
8749,35,Male,76588,Email,Awareness,2399.65,0.06,0.18,46,3.8,12.71,49,3,2,3,3900,1
12355,41,Male,99714,Social Media,Awareness,2604.04,0.19,0.04,30,9.41,0.9,54,11,7,0,3235,1
9513,39,Female,69314,Email,Conversion,6024.94,0.08,0.14,21,1.8,12.53,83,19,2,3,1082,1
8773,43,Female,81201,Social Media,Awareness,4825.91,0.1,0.06,45,6.01,6.88,63,0,9,1,4094,1
11109,54,Female,72648,SEO,Retention,3906.16,0.29,0.12,29,3.19,4.06,55,12,6,4,2622,1
13230,45,Female,124367,SEO,Conversion,1460.68,0.23,0.1,44,3.88,13.64,69,6,1,9,812,1
10773,68,Female,106687,SEO,Retention,9399.17,0.28,0.2,13,8.0,0.93,87,6,7,2,442,1
9726,21,Female,149483,Email,Conversion,2890.63,0.08,0.15,7,2.22,1.64,13,8,9,8,3852,1
10410,20,Female,142790,Social Media,Awareness,1940.69,0.15,0.16,20,9.39,6.39,85,4,2,4,1347,1
14100,19,Female,59713,Referral,Awareness,1467.3,0.22,0.03,7,9.59,6.09,49,0,8,1,3452,0
11860,50,Female,90975,PPC,Retention,3453.89,0.07,0.11,11,1.02,3.43,54,4,0,2,4947,0
12135,34,Male,145191,SEO,Consideration,1382.38,0.17,0.17,20,4.23,3.0,56,18,9,4,3886,1
12749,49,Female,37187,Referral,Conversion,3510.5,0.27,0.02,45,2.13,7.68,38,12,9,4,2128,1
11447,42,Male,146146,Social Media,Retention,6325.85,0.11,0.1,35,5.42,10.75,7,16,3,8,4706,1
8120,58,Female,116822,SEO,Conversion,8125.42,0.04,0.06,47,8.01,13.97,45,9,0,2,3803,1
12746,48,Male,133915,PPC,Awareness,1222.08,0.18,0.16,27,3.5,8.01,49,9,4,9,1392,1
11174,64,Female,142479,PPC,Conversion,5061.41,0.06,0.14,20,8.52,1.0,4,19,3,1,4261,1
14596,56,Male,78169,Referral,Consideration,4680.13,0.26,0.12,44,6.46,3.11,63,17,3,3,2893,1
10775,36,Male,115140,PPC,Awareness,9184.42,0.24,0.03,0,5.58,6.46,51,3,9,4,4184,1
11950,20,Male,74030,Email,Conversion,4980.54,0.12,0.11,47,1.73,3.5,45,1,5,6,3862,1
10288,42,Female,129987,Social Media,Consideration,2651.9,0.28,0.01,21,1.51,4.83,22,13,6,9,1361,1
15495,55,Female,32043,Social Media,Retention,1441.78,0.05,0.09,40,1.44,10.42,58,3,9,0,3878,0
11195,36,Male,61098,SEO,Conversion,170.0,0.17,0.06,25,3.14,8.21,19,1,6,3,2378,1
13201,19,Male,71158,Referral,Conversion,2899.03,0.21,0.11,34,9.49,7.88,8,12,3,5,942,1
14701,39,Female,103517,Referral,Conversion,2193.34,0.29,0.07,33,9.91,9.51,11,13,9,2,4781,1
9067,19,Female,117180,Social Media,Awareness,3335.32,0.21,0.12,23,5.0,7.15,65,1,4,8,1292,1
11115,27,Female,149677,Email,Awareness,4784.91,0.28,0.12,27,2.97,10.55,24,1,6,4,686,1
15597,22,Male,62011,SEO,Awareness,1257.63,0.1,0.09,45,9.47,4.28,99,9,9,0,4540,1
11734,30,Female,32328,PPC,Awareness,734.11,0.14,0.04,34,5.06,1.64,85,0,3,0,2239,0
10404,63,Male,56317,Social Media,Retention,6905.66,0.06,0.03,20,7.77,12.78,97,15,3,9,641,1
11156,50,Male,91609,Referral,Consideration,3535.21,0.04,0.12,6,6.52,6.18,52,8,3,4,2170,1
11561,57,Male,102060,Referral,Conversion,5944.96,0.11,0.08,5,9.87,7.68,17,17,7,0,3868,1
12184,32,Female,20420,SEO,Conversion,9937.55,0.1,0.04,27,8.21,2.29,83,2,0,9,2389,1
12400,50,Female,99996,SEO,Retention,8735.6,0.06,0.03,24,4.64,14.35,80,19,7,2,2194,1
10413,25,Female,114483,Referral,Retention,3803.13,0.13,0.06,7,4.49,5.21,77,13,6,1,3377,1
12391,30,Male,29862,PPC,Retention,2983.58,0.18,0.19,28,5.3,5.44,45,5,0,8,2848,1
9106,20,Female,37507,Email,Conversion,2256.21,0.09,0.18,36,5.84,13.83,40,9,5,7,2317,1
9537,43,Female,37833,Referral,Consideration,2829.79,0.21,0.1,33,7.46,4.88,23,4,0,3,2232,1
13147,42,Female,71188,Referral,Retention,977.8,0.11,0.1,3,5.53,6.83,61,19,4,1,2750,1
8386,63,Male,54354,PPC,Retention,2151.98,0.26,0.18,6,7.15,12.37,42,0,4,8,4675,1
8201,25,Female,88560,PPC,Consideration,460.07,0.08,0.06,43,8.2,14.3,71,7,1,2,1764,1
12743,25,Female,109144,Email,Retention,5303.59,0.2,0.13,34,5.67,10.13,33,9,0,1,4562,1
8578,19,Male,73619,Email,Consideration,822.28,0.09,0.06,42,1.18,0.94,41,11,3,1,1851,0
12235,30,Female,117753,Email,Retention,8650.48,0.29,0.19,23,3.19,0.67,69,12,5,4,4570,1
9696,61,Male,118753,Referral,Conversion,1902.6,0.18,0.05,36,7.57,6.11,86,6,6,6,2847,1
10752,32,Male,144473,Social Media,Consideration,1972.34,0.14,0.06,16,6.46,3.88,45,13,6,9,2112,1
10723,35,Female,43267,Email,Conversion,7619.76,0.26,0.03,36,3.86,5.74,20,7,1,2,2953,1
14286,59,Female,38361,Social Media,Retention,5524.19,0.09,0.02,35,5.27,4.07,72,16,1,6,1462,1
10208,56,Female,116857,Referral,Consideration,3706.8,0.18,0.02,8,6.0,6.25,36,3,7,7,4025,1
14633,53,Male,110680,Referral,Retention,7117.41,0.21,0.12,26,7.45,7.32,73,11,2,8,1448,1
15859,53,Female,23554,Referral,Consideration,7720.0,0.21,0.06,25,5.6,3.82,89,0,1,9,441,0
11071,42,Female,74933,PPC,Retention,1166.65,0.05,0.04,48,6.66,13.83,93,18,2,6,339,0
12189,40,Male,102951,PPC,Conversion,8659.57,0.04,0.02,34,7.06,8.68,19,8,8,9,2297,1
13661,34,Female,80237,PPC,Retention,8653.69,0.19,0.15,18,5.41,2.36,12,3,5,7,606,1
15641,59,Male,42159,SEO,Conversion,6132.99,0.02,0.01,20,4.06,3.59,33,18,7,0,1773,0
15267,20,Female,25176,Referral,Awareness,3749.85,0.02,0.06,11,2.75,9.35,22,15,1,4,20,0
9417,52,Female,61604,Social Media,Retention,6190.24,0.24,0.07,10,3.84,0.83,84,8,4,8,2318,1
15062,26,Male,84783,Referral,Awareness,9054.3,0.18,0.12,16,5.02,12.5,15,14,4,9,4942,1
8564,54,Male,91519,SEO,Awareness,4151.7,0.02,0.19,10,2.86,14.33,36,2,2,4,4538,0
9527,43,Female,20929,SEO,Conversion,9127.62,0.19,0.1,22,2.04,2.49,34,13,8,5,1474,1
15543,51,Male,134883,SEO,Awareness,6633.19,0.15,0.14,33,6.13,0.78,32,19,1,0,3505,1
11143,41,Male,35221,Referral,Conversion,299.94,0.2,0.06,23,4.98,13.69,57,19,7,1,2452,1
10007,42,Male,53479,Referral,Conversion,536.69,0.28,0.15,44,5.4,12.45,33,14,9,9,659,1
10141,58,Male,106151,PPC,Awareness,8081.15,0.16,0.19,45,1.82,1.05,48,0,7,5,4793,1
11069,51,Female,71827,Social Media,Conversion,7037.84,0.25,0.02,45,2.05,9.91,73,0,0,6,2093,1
11170,64,Female,110048,Referral,Retention,1760.76,0.11,0.07,2,2.78,4.81,44,11,7,7,2641,1
10371,51,Female,25432,Email,Conversion,9944.81,0.2,0.11,31,5.34,6.01,38,1,1,2,1183,1
11828,38,Female,120828,Social Media,Retention,9763.94,0.28,0.2,37,5.86,10.86,8,0,6,7,4271,1
12437,24,Male,20360,SEO,Awareness,8741.83,0.18,0.03,7,4.9,8.17,39,11,1,2,455,1
14499,69,Female,124120,Referral,Retention,3245.11,0.12,0.11,18,1.53,2.03,83,8,0,9,452,0
15233,37,Female,21835,PPC,Awareness,6912.44,0.26,0.13,10,7.35,9.83,90,19,5,1,4845,1
15112,26,Female,28922,Social Media,Consideration,6187.14,0.02,0.14,18,2.08,5.91,29,4,4,2,2054,1
12225,36,Male,54133,PPC,Conversion,9487.46,0.3,0.05,20,1.71,12.06,14,4,9,3,2202,1
8251,23,Male,20823,Social Media,Conversion,7180.96,0.09,0.05,12,6.5,0.74,68,15,0,9,1817,1
8864,18,Male,36246,Referral,Conversion,3094.99,0.02,0.04,16,8.27,6.71,84,15,3,5,192,1
15510,22,Female,97228,PPC,Conversion,6421.2,0.15,0.05,39,3.85,0.51,25,6,9,2,4711,1
14334,42,Female,115830,Referral,Conversion,5252.59,0.26,0.04,16,4.51,13.74,80,0,0,1,4784,1
8945,39,Male,27101,SEO,Conversion,8343.16,0.29,0.08,20,4.12,11.93,91,8,0,8,1092,1
15813,40,Male,88956,SEO,Retention,2421.06,0.2,0.11,24,2.5,11.77,68,14,3,1,217,1
9297,40,Female,71413,Email,Awareness,2274.42,0.1,0.08,19,5.36,1.59,33,11,9,0,4872,1
11782,57,Male,56681,Social Media,Consideration,6353.64,0.19,0.15,24,1.48,12.97,99,0,6,7,3505,1
8040,20,Female,57538,Email,Conversion,4101.22,0.28,0.1,24,1.07,11.25,13,4,7,3,1476,1
13333,46,Male,89498,PPC,Consideration,9966.42,0.2,0.18,2,1.56,14.68,26,1,0,1,4725,0
11569,36,Female,93318,PPC,Conversion,7091.3,0.09,0.02,23,7.06,6.08,51,8,0,2,3713,1
14308,59,Male,81791,SEO,Consideration,3304.59,0.25,0.2,36,8.24,2.38,97,6,0,1,872,0
9556,37,Female,87113,SEO,Conversion,4669.69,0.1,0.04,7,3.35,6.16,58,14,1,9,4892,1
9442,53,Male,47312,Email,Awareness,3664.19,0.21,0.19,21,3.44,4.78,30,14,6,0,2271,1
9663,40,Female,130121,SEO,Consideration,2516.0,0.12,0.04,16,9.75,3.45,57,14,5,8,2967,1
15874,60,Female,136180,SEO,Retention,5623.65,0.27,0.14,45,4.99,2.75,12,14,5,2,914,1
15552,18,Female,37658,Email,Consideration,4738.33,0.11,0.12,37,9.92,13.99,73,7,4,2,4824,0
12784,34,Female,58787,Social Media,Consideration,7512.51,0.02,0.01,5,6.01,7.68,89,6,2,3,964,0
15531,32,Male,147535,Email,Consideration,5880.24,0.06,0.02,49,7.91,8.22,62,9,5,9,4562,0
9863,53,Male,77298,Email,Conversion,2168.31,0.2,0.12,4,6.65,11.68,77,8,1,8,1915,1
12312,41,Female,72184,SEO,Retention,8636.04,0.07,0.02,45,5.82,2.95,90,9,3,7,2363,1
8940,38,Female,37705,Email,Awareness,3442.79,0.05,0.09,0,7.37,14.08,66,13,8,6,3540,1
15766,36,Female,105890,SEO,Consideration,8033.47,0.19,0.09,14,5.38,12.31,55,2,0,3,1509,1
15332,43,Male,79117,Referral,Consideration,3306.08,0.07,0.02,28,3.95,7.51,14,5,8,2,1822,0
14315,35,Male,131903,PPC,Consideration,4989.27,0.08,0.13,6,3.65,8.94,48,10,6,3,2183,1
11936,49,Female,28727,SEO,Awareness,1433.54,0.16,0.2,42,4.3,1.61,14,4,5,0,4322,1
10486,48,Male,66162,Social Media,Conversion,3377.3,0.03,0.07,33,6.17,4.32,46,0,1,1,899,0
10000,46,Male,130078,Email,Consideration,7427.71,0.23,0.04,28,7.88,0.99,24,10,1,8,4990,1
10646,57,Female,55919,PPC,Conversion,7032.08,0.23,0.04,20,3.1,7.89,10,19,2,0,2154,1
13488,44,Female,107350,Referral,Conversion,7099.48,0.18,0.07,29,6.05,12.11,68,5,9,8,2511,1
14083,57,Female,120079,PPC,Conversion,1205.25,0.09,0.13,47,3.51,4.67,82,0,4,2,4318,1
8177,45,Male,114499,Social Media,Consideration,9367.65,0.2,0.16,36,1.54,8.33,56,2,0,7,3047,1
8192,50,Female,89902,SEO,Consideration,2428.59,0.12,0.09,13,7.22,3.18,76,10,9,8,1032,1
8532,54,Male,105488,Referral,Conversion,7536.69,0.19,0.15,46,8.41,12.75,33,19,0,6,3891,1
13087,50,Male,109288,Referral,Conversion,2731.37,0.2,0.14,12,6.84,7.01,78,6,5,1,4917,1
8594,21,Female,42300,SEO,Awareness,2161.03,0.24,0.11,49,9.27,5.61,98,6,2,9,4828,1
15996,43,Female,44718,SEO,Retention,1424.61,0.24,0.19,49,9.5,3.5,52,13,1,5,1502,0
13373,46,Female,50615,SEO,Retention,5809.74,0.19,0.03,2,1.9,11.69,55,12,7,6,2437,1
14853,52,Female,87333,SEO,Awareness,9017.46,0.21,0.05,32,9.85,12.66,46,11,1,5,3438,1
12559,39,Male,48429,Email,Conversion,1080.86,0.12,0.14,33,1.67,14.63,48,11,3,6,3970,1
8242,49,Female,58733,Referral,Conversion,291.21,0.21,0.07,2,1.02,4.8,92,16,8,0,4114,1
10610,40,Female,62124,Email,Awareness,2243.82,0.29,0.04,16,6.82,4.23,29,14,3,1,3375,1
12179,67,Female,135745,Referral,Conversion,2529.38,0.2,0.13,13,3.29,12.25,39,9,4,3,4455,1
12561,26,Female,72906,SEO,Awareness,570.64,0.19,0.04,8,8.7,13.76,95,3,1,2,798,0
14938,19,Male,84875,Referral,Awareness,6517.64,0.04,0.19,16,7.53,4.08,70,12,2,2,4818,1
10032,48,Male,68707,Social Media,Retention,3171.5,0.23,0.11,29,2.05,1.47,73,0,8,5,4032,1
13338,20,Male,136587,Social Media,Conversion,5774.07,0.27,0.11,15,9.53,11.89,52,9,3,3,2439,1
12858,67,Male,87107,Referral,Awareness,6977.77,0.09,0.16,32,9.78,6.49,26,18,2,9,4191,1
14680,32,Male,61348,Referral,Consideration,559.97,0.05,0.1,43,5.45,12.62,19,12,1,8,533,1
12889,64,Male,56744,PPC,Retention,2258.69,0.24,0.18,42,2.49,4.39,12,6,7,7,1953,1
10135,23,Male,98867,SEO,Retention,2060.15,0.03,0.16,33,8.75,13.39,64,4,9,7,1277,1
12199,58,Male,83203,Social Media,Awareness,3000.24,0.29,0.17,21,5.65,14.82,37,0,0,5,2376,1
13130,38,Female,117481,Social Media,Consideration,2463.58,0.02,0.01,42,4.88,14.87,89,14,5,4,1707,1
14791,44,Male,23086,Email,Awareness,6681.51,0.17,0.01,12,8.2,8.23,77,14,4,4,2048,1
14548,20,Female,58079,PPC,Awareness,6809.6,0.16,0.14,7,6.81,13.22,15,2,0,1,2853,1
10241,22,Female,133548,SEO,Conversion,2678.17,0.03,0.15,49,1.21,11.86,30,7,5,7,1553,1
8129,40,Male,35198,Social Media,Consideration,5335.55,0.29,0.14,33,7.43,14.29,21,19,7,9,1084,1
14785,32,Female,66538,Referral,Consideration,6325.99,0.11,0.12,6,1.59,8.6,60,3,4,2,2740,1
9681,59,Male,61196,Email,Retention,7822.62,0.25,0.17,10,3.11,6.26,60,5,7,1,1318,1
14187,24,Female,26212,Social Media,Conversion,6054.79,0.17,0.01,40,8.95,9.12,52,10,5,1,545,1
13957,36,Female,147727,PPC,Consideration,3197.01,0.29,0.13,15,6.33,0.96,7,12,6,9,2247,1
13123,38,Female,102245,Referral,Conversion,753.36,0.15,0.16,6,8.35,14.22,10,16,1,4,1610,1
13904,33,Female,77676,Email,Conversion,7395.88,0.1,0.03,25,9.28,0.74,21,2,3,8,2373,1
8145,22,Female,105823,PPC,Consideration,225.3,0.05,0.15,27,8.29,10.02,43,0,7,9,4579,1
15103,60,Male,129912,Referral,Conversion,5082.44,0.02,0.01,38,4.2,7.85,69,15,9,2,1356,1
12843,27,Male,38458,Social Media,Consideration,8899.06,0.28,0.18,47,4.49,5.8,40,9,4,5,1339,1
14198,37,Male,48831,SEO,Retention,3531.89,0.26,0.06,36,9.35,1.02,28,5,7,7,1234,1
13554,59,Male,76843,PPC,Consideration,1249.77,0.09,0.13,39,7.82,14.1,86,2,0,8,4542,1
14461,23,Male,38648,Social Media,Retention,6506.59,0.14,0.06,29,4.28,2.82,31,10,8,4,1380,1
13676,41,Female,139492,Social Media,Awareness,7309.08,0.23,0.1,23,5.62,1.3,66,16,4,8,1957,1
10491,53,Female,88008,Social Media,Conversion,3734.1,0.25,0.16,8,9.42,10.22,42,13,5,1,265,1
11951,59,Female,93042,Referral,Awareness,8395.38,0.11,0.02,44,9.08,13.44,17,11,1,3,4897,1
9619,43,Male,72196,Referral,Conversion,6069.07,0.12,0.11,3,2.7,12.09,96,8,6,7,1533,1
13710,55,Female,142618,Social Media,Consideration,4175.71,0.29,0.09,7,2.99,3.15,6,0,5,4,3200,0
14444,36,Female,37899,Social Media,Awareness,6205.86,0.16,0.09,31,4.46,12.26,37,12,7,1,1661,1
11792,46,Female,113699,Social Media,Conversion,395.36,0.17,0.15,23,5.9,3.17,72,1,8,7,159,1
13526,27,Female,32679,Referral,Conversion,8633.1,0.07,0.07,8,6.57,1.98,88,18,1,4,4965,1
14483,26,Female,106483,Referral,Retention,7115.41,0.24,0.15,15,5.05,2.71,72,19,3,6,3161,1
12924,44,Female,132311,Email,Consideration,6864.86,0.02,0.17,44,1.26,7.44,12,11,0,3,2477,1
13895,50,Female,88024,Email,Consideration,3480.56,0.24,0.07,19,1.27,2.65,16,3,1,9,2270,0
15052,68,Female,20620,Email,Conversion,5760.25,0.27,0.1,24,4.9,1.37,45,3,3,9,2990,1
12731,65,Male,89225,Email,Retention,7195.41,0.1,0.12,8,5.91,3.52,52,13,1,7,3337,1
12947,44,Female,100118,Social Media,Retention,6924.18,0.14,0.13,36,9.68,7.25,23,6,7,8,3863,1
14163,66,Female,107755,Referral,Retention,4140.31,0.1,0.16,6,6.63,7.7,24,12,7,6,2635,1
8488,26,Female,102949,SEO,Retention,1592.64,0.3,0.03,13,5.83,6.77,7,1,2,3,860,0
11620,67,Male,130100,SEO,Awareness,6949.85,0.3,0.04,36,5.39,2.78,50,9,7,7,1198,1
11989,34,Male,110805,Social Media,Retention,2876.55,0.22,0.18,21,6.48,8.93,2,5,2,1,4386,1
8225,66,Male,73595,SEO,Conversion,3226.81,0.25,0.07,37,9.55,9.72,17,5,1,6,2138,1
12034,44,Female,32202,Social Media,Retention,9605.01,0.28,0.16,22,9.59,14.38,51,16,2,8,1592,1
15685,23,Female,22587,SEO,Conversion,1463.09,0.27,0.02,37,9.68,13.08,36,18,0,3,4629,1
9437,40,Male,97281,Social Media,Retention,1521.55,0.13,0.02,23,4.75,4.41,33,8,9,5,4344,1
11507,37,Female,27021,Referral,Retention,6828.65,0.29,0.16,37,4.81,6.23,41,8,9,7,1121,1
12194,31,Male,41331,PPC,Conversion,6564.05,0.16,0.05,19,3.7,11.32,68,6,2,0,4620,1
8785,37,Female,137971,Referral,Conversion,7861.79,0.13,0.07,32,1.21,6.97,60,12,1,9,2036,1
12833,33,Female,22806,Referral,Awareness,4589.9,0.23,0.16,31,7.13,8.42,25,4,0,5,914,1
14848,36,Female,79551,SEO,Conversion,7383.56,0.17,0.06,35,2.74,6.84,96,5,4,0,411,1
8239,43,Female,102864,PPC,Conversion,9612.66,0.16,0.04,4,7.49,4.86,15,11,8,9,1747,1
13350,19,Female,68536,Referral,Awareness,3973.87,0.24,0.04,21,2.54,7.55,61,11,8,2,4060,1
8303,52,Female,22985,Social Media,Consideration,3811.8,0.08,0.14,13,5.78,4.07,14,3,0,1,297,0
9575,57,Female,36119,Social Media,Awareness,7221.3,0.27,0.04,40,4.8,2.21,2,12,3,9,222,1
10396,66,Male,111190,PPC,Awareness,4045.08,0.06,0.16,11,7.36,9.75,40,16,5,2,4663,1
14530,45,Female,76999,Referral,Consideration,8216.04,0.28,0.09,25,7.01,3.16,10,12,0,7,1283,1
11844,47,Female,66579,PPC,Conversion,9506.81,0.14,0.18,35,7.13,10.06,34,6,4,8,3126,1
15845,64,Female,56176,PPC,Awareness,875.53,0.05,0.11,23,3.06,4.94,43,7,1,6,3649,0
12076,19,Female,126023,Social Media,Consideration,2229.56,0.01,0.03,33,9.84,13.83,55,9,5,1,1708,1
10394,66,Male,78630,SEO,Awareness,5932.91,0.17,0.08,33,1.44,13.83,33,8,7,8,2799,1
9284,31,Male,135923,Referral,Consideration,3790.55,0.02,0.2,19,6.48,8.33,5,9,2,9,4458,1
15108,68,Female,55677,SEO,Awareness,7940.13,0.25,0.1,10,1.98,0.93,38,14,5,0,4640,1
11885,66,Female,131690,SEO,Conversion,1788.11,0.07,0.06,37,7.3,11.76,0,16,1,0,95,1
8079,53,Male,36775,SEO,Consideration,6483.13,0.28,0.08,7,3.32,7.69,10,15,9,7,65,1
13714,19,Female,108713,SEO,Conversion,3927.96,0.17,0.09,0,4.48,11.19,80,16,5,9,3612,1
12097,54,Male,111237,PPC,Retention,1857.93,0.05,0.09,2,1.28,10.48,59,15,7,2,1150,1
13854,25,Female,43430,PPC,Retention,7056.18,0.06,0.16,12,3.56,5.79,73,19,8,2,1527,1
13443,21,Male,62180,PPC,Conversion,3054.74,0.11,0.08,32,1.7,5.14,16,1,4,4,2271,1
14106,45,Male,140973,PPC,Retention,1748.25,0.26,0.07,19,7.54,11.46,75,8,9,9,3293,1
8917,65,Male,105641,Email,Awareness,6239.36,0.09,0.08,1,6.24,14.92,77,3,8,6,1593,1
10950,20,Male,66972,Email,Consideration,2552.93,0.16,0.16,2,6.98,14.59,27,3,1,0,4849,0
14400,33,Male,101165,Referral,Awareness,8294.37,0.22,0.1,6,2.88,13.35,86,11,9,2,1523,1
14987,61,Male,34202,SEO,Consideration,2128.5,0.15,0.09,10,7.2,13.13,46,8,3,2,1206,1
8506,29,Male,96681,PPC,Conversion,357.72,0.08,0.13,11,9.95,3.6,15,6,1,4,2845,1
10151,29,Female,67236,Social Media,Conversion,7955.1,0.2,0.16,22,9.95,2.77,29,9,2,3,3595,1
9841,60,Male,64735,Referral,Awareness,6867.15,0.06,0.05,38,3.12,4.81,35,13,7,5,4453,1
15403,28,Female,102189,Social Media,Retention,1116.8,0.2,0.09,3,7.2,1.28,1,17,2,8,3828,1
11165,34,Male,33894,Referral,Awareness,4999.46,0.19,0.14,15,1.03,14.1,39,17,0,6,3904,1
8106,18,Male,116102,Referral,Retention,1961.37,0.16,0.13,41,2.68,9.67,20,14,9,8,4403,1
15842,50,Male,60566,Referral,Retention,9144.17,0.13,0.06,1,2.67,5.96,22,11,5,8,4687,1
9707,47,Female,58560,Social Media,Awareness,3560.63,0.06,0.17,1,5.43,11.21,26,11,0,3,4383,1
14731,37,Female,50709,SEO,Conversion,3632.34,0.26,0.18,29,5.73,4.36,19,16,9,3,3108,1
10562,59,Female,33872,Referral,Conversion,3304.01,0.14,0.14,20,8.88,7.69,48,8,0,7,4321,1
12281,52,Female,110982,Social Media,Consideration,8981.57,0.22,0.15,10,2.66,0.89,12,0,6,3,3404,1
10239,58,Female,141729,Referral,Consideration,7611.53,0.16,0.13,7,8.97,6.08,40,11,9,5,2328,1
11484,43,Female,121398,Referral,Retention,1193.68,0.1,0.19,16,1.36,10.62,54,2,9,5,1490,1
9835,57,Female,44992,PPC,Conversion,3391.74,0.11,0.16,18,9.15,4.83,91,10,1,5,2102,1
15287,51,Female,92792,PPC,Conversion,7953.26,0.17,0.17,17,7.51,14.79,79,13,7,7,2975,0
14180,67,Female,125352,Email,Awareness,4078.29,0.27,0.16,26,9.7,4.7,75,9,4,5,958,1
12183,41,Female,22792,PPC,Retention,6185.9,0.26,0.14,6,7.5,2.75,70,15,1,5,1574,1
12642,38,Female,110159,Referral,Conversion,178.81,0.04,0.09,41,9.9,7.68,36,9,6,6,212,1
13364,62,Male,96019,SEO,Retention,6428.28,0.18,0.07,34,2.65,13.19,41,2,3,2,982,1
14107,61,Female,51812,Email,Retention,2732.86,0.12,0.11,46,5.47,12.53,25,6,4,2,829,1
12494,47,Female,140019,Social Media,Conversion,7514.09,0.09,0.07,45,5.78,7.06,78,10,0,9,4228,1
11093,37,Male,129446,Social Media,Conversion,2956.91,0.2,0.11,0,7.37,6.68,74,19,9,4,3208,1
14811,28,Male,140405,Email,Conversion,1348.0,0.02,0.09,21,8.23,3.63,5,4,5,5,3232,1
9745,68,Male,24934,Email,Conversion,8682.77,0.02,0.09,26,6.79,6.62,48,1,5,7,4628,1
10222,57,Female,34847,Referral,Awareness,3935.29,0.27,0.18,2,4.74,4.68,81,15,5,8,2788,1
13011,55,Female,121494,Referral,Consideration,6237.74,0.16,0.01,49,8.05,7.88,79,11,9,8,3347,1
10997,49,Female,30931,SEO,Retention,4107.65,0.28,0.04,18,4.39,9.12,51,9,0,7,2998,1
14936,39,Female,110139,PPC,Conversion,8776.33,0.18,0.14,36,6.51,1.41,75,5,8,6,3435,1
8650,33,Male,125852,SEO,Awareness,1914.9,0.11,0.16,25,4.21,8.93,45,5,8,7,52,1
8744,54,Male,132647,Email,Retention,7371.72,0.14,0.03,47,3.26,11.11,0,15,7,8,3015,1
12995,24,Male,37544,Email,Retention,1074.1,0.21,0.16,48,6.97,8.28,97,11,0,1,4882,1
15147,67,Female,117153,Social Media,Retention,8582.79,0.12,0.17,28,2.25,8.57,29,8,3,5,2205,1
15017,26,Female,71372,Referral,Consideration,1584.42,0.29,0.02,32,3.24,8.78,65,4,7,4,4155,1
11404,19,Female,147203,Referral,Retention,409.69,0.07,0.04,48,8.09,14.96,30,19,8,9,990,1
9853,48,Female,104347,Referral,Conversion,8919.43,0.08,0.11,18,9.65,13.54,78,10,9,0,3575,1
12022,28,Female,57429,SEO,Conversion,8093.26,0.24,0.14,1,6.64,14.07,38,15,6,2,706,1
13435,44,Male,132000,Referral,Awareness,6661.2,0.28,0.16,27,9.13,1.35,68,12,8,1,4090,1
15783,23,Female,38462,Referral,Consideration,657.38,0.15,0.19,14,4.79,13.46,92,8,3,6,447,0
10418,46,Male,103632,Social Media,Conversion,7632.65,0.13,0.11,1,3.32,6.81,65,9,4,6,1082,1
14725,18,Male,80883,Social Media,Consideration,3281.91,0.27,0.19,6,8.3,10.68,13,3,0,8,4539,1
14169,66,Male,77956,Social Media,Awareness,3272.23,0.22,0.08,23,7.21,13.83,81,8,2,4,321,1
15762,31,Female,47987,Social Media,Awareness,5459.03,0.06,0.14,32,4.8,11.29,89,13,7,0,3259,1
14090,28,Male,144208,Referral,Conversion,9884.22,0.16,0.05,10,6.32,3.73,81,9,9,0,362,1
10599,38,Female,58912,Social Media,Consideration,2234.0,0.15,0.04,6,6.65,2.25,87,15,5,1,3835,0
12358,42,Male,93932,Email,Retention,3116.84,0.06,0.14,4,6.31,12.71,78,3,2,2,585,0
13831,30,Female,27004,PPC,Awareness,1327.38,0.05,0.08,26,7.71,8.23,12,19,5,2,3185,1
11416,45,Female,93662,Referral,Conversion,5471.62,0.13,0.07,8,6.38,4.42,28,11,3,9,1935,1
8562,68,Female,83815,Social Media,Awareness,6916.98,0.08,0.1,47,3.07,2.98,3,11,7,5,4094,1
15220,44,Female,108216,SEO,Awareness,5602.78,0.21,0.03,35,3.02,11.18,75,17,5,8,189,1
12534,51,Female,128724,Social Media,Conversion,9478.24,0.23,0.15,6,8.97,12.69,18,10,9,5,721,1
12087,43,Female,52324,SEO,Consideration,5044.92,0.26,0.05,25,3.66,13.83,33,0,4,8,4691,1
9166,57,Female,66052,Email,Conversion,5470.26,0.19,0.09,26,3.6,14.22,68,9,2,9,3253,1
12735,65,Female,105917,SEO,Awareness,6405.33,0.03,0.04,34,3.94,4.5,2,13,6,7,388,1
10600,25,Male,20552,PPC,Consideration,6327.71,0.24,0.08,5,3.57,10.37,33,4,8,8,4205,1
12991,18,Female,81377,Social Media,Awareness,5125.73,0.21,0.09,27,2.43,12.29,52,13,7,4,3188,1
15146,30,Male,76973,Referral,Conversion,7921.36,0.18,0.19,31,5.98,11.43,37,9,2,6,2413,1
12049,34,Male,138179,Referral,Awareness,9974.26,0.12,0.19,26,5.66,5.38,24,3,0,5,687,1
14542,67,Female,115343,SEO,Conversion,6984.12,0.1,0.13,40,6.1,8.86,4,11,3,0,1834,1
11856,28,Female,51886,PPC,Awareness,3910.56,0.1,0.14,22,6.25,3.2,26,19,5,2,1739,1
15428,33,Male,77251,Referral,Retention,2426.14,0.23,0.08,21,4.47,2.05,24,7,8,9,1178,0
11219,53,Male,20610,SEO,Retention,8164.16,0.16,0.05,8,7.93,1.17,53,17,5,1,56,0
9110,27,Male,146354,Social Media,Consideration,1168.52,0.25,0.08,49,5.85,3.44,94,8,4,3,3139,1
11245,59,Male,94397,Social Media,Awareness,741.24,0.08,0.13,24,1.07,1.81,24,10,0,2,4049,0
8411,59,Female,133591,Email,Consideration,6270.23,0.22,0.17,35,7.31,1.87,55,3,0,0,1238,1
11378,60,Female,144785,Social Media,Retention,3142.87,0.13,0.05,37,8.71,14.35,20,8,0,8,292,1
12002,45,Female,23846,Email,Retention,5394.34,0.3,0.1,0,6.19,10.87,70,7,2,3,2858,1
12139,55,Female,134063,PPC,Conversion,4705.9,0.01,0.03,38,9.38,1.09,28,17,8,2,4318,1
15846,59,Male,103081,SEO,Awareness,1289.41,0.16,0.05,23,7.26,14.31,4,17,4,1,2548,1
12463,63,Female,55081,Email,Consideration,3581.44,0.1,0.18,30,4.94,13.13,93,5,9,8,2155,1
12094,18,Female,70790,Email,Awareness,3198.37,0.2,0.02,42,6.84,2.0,77,12,0,5,2441,1
11398,57,Female,121069,Referral,Conversion,9839.72,0.2,0.16,34,1.48,14.52,26,10,6,9,141,1
9344,37,Male,70511,Social Media,Awareness,651.63,0.08,0.15,43,1.4,11.83,27,2,5,8,4062,1
8892,69,Male,63130,SEO,Awareness,9893.59,0.25,0.09,24,4.24,0.94,31,4,1,8,2633,1
15082,66,Female,101846,Referral,Awareness,5967.98,0.15,0.15,35,7.48,0.69,48,16,5,5,938,1
11857,65,Male,28800,PPC,Retention,4157.27,0.24,0.03,28,3.93,4.55,92,8,0,0,2208,0
13174,58,Male,46955,SEO,Retention,9935.02,0.12,0.06,3,8.15,4.26,75,5,7,1,3443,1
9100,55,Female,32901,SEO,Retention,3377.51,0.15,0.11,4,2.97,0.72,16,16,9,5,288,0
15366,30,Female,127071,SEO,Awareness,6937.05,0.07,0.15,39,7.83,6.17,24,19,6,2,3299,1
11548,51,Male,149356,Email,Awareness,7329.8,0.16,0.17,23,6.6,0.95,11,19,4,2,1779,1
8430,53,Female,51236,SEO,Awareness,5017.95,0.05,0.17,31,1.65,2.44,44,6,7,1,1816,1
9267,57,Male,83874,Referral,Consideration,6399.48,0.11,0.02,33,1.57,0.93,73,0,0,6,1387,0
14071,64,Female,39121,Referral,Conversion,1629.93,0.16,0.1,21,6.38,6.8,21,13,8,5,4179,1
9350,57,Female,101947,SEO,Consideration,7582.12,0.12,0.08,49,1.94,12.27,9,10,0,5,550,1
15832,23,Female,64390,PPC,Retention,2715.29,0.07,0.11,17,5.04,7.76,41,13,9,8,3976,1
13462,32,Female,138058,Social Media,Conversion,1454.11,0.25,0.1,49,7.13,6.72,62,5,8,5,1729,1
14460,55,Female,135920,Referral,Consideration,5447.12,0.2,0.04,14,6.98,9.94,49,7,5,4,1138,1
10448,68,Male,49251,Email,Consideration,1136.33,0.13,0.04,40,9.58,0.74,55,12,8,3,2022,1
8469,69,Female,148217,PPC,Retention,838.07,0.08,0.06,11,1.54,11.59,88,4,2,0,3624,0
13071,55,Female,123394,Social Media,Consideration,6407.45,0.05,0.06,25,9.61,6.99,59,5,6,8,3583,1
8903,21,Male,89434,Referral,Conversion,8908.13,0.13,0.17,28,9.59,10.85,97,2,6,4,844,1
13711,41,Male,30114,Social Media,Consideration,3718.19,0.3,0.01,42,6.56,12.59,78,15,2,3,2210,1
10859,52,Male,143670,SEO,Awareness,2696.45,0.26,0.16,3,7.75,6.65,44,8,9,7,908,1
8020,61,Female,88382,PPC,Consideration,3841.55,0.12,0.03,25,6.71,6.91,41,5,1,6,1651,1
15610,53,Male,72616,PPC,Conversion,8639.79,0.2,0.15,22,1.16,3.28,51,0,4,9,2932,0
15259,28,Female,33784,SEO,Retention,8130.12,0.11,0.02,18,9.11,14.96,42,11,7,4,2506,1
13508,52,Female,54407,PPC,Retention,8884.26,0.26,0.08,43,9.62,13.77,24,7,2,3,4624,1
15401,52,Female,123488,PPC,Retention,2662.49,0.24,0.07,7,3.67,13.69,15,12,3,3,3615,1
15694,41,Female,113639,Social Media,Awareness,1507.37,0.01,0.13,43,4.85,10.5,32,18,0,4,766,1
11646,63,Female,127535,PPC,Retention,847.96,0.12,0.17,44,4.58,12.22,93,3,4,3,1350,1
9567,19,Female,90780,SEO,Consideration,5042.47,0.29,0.08,41,3.3,7.12,53,11,9,3,2737,1
9630,24,Female,47192,SEO,Consideration,2423.83,0.12,0.11,16,2.29,9.49,2,15,9,6,997,1
9705,22,Female,55069,Referral,Consideration,3992.6,0.25,0.18,30,8.29,11.73,61,2,1,5,302,1
13944,68,Male,43849,Email,Awareness,8902.25,0.21,0.16,47,9.61,10.13,1,5,9,1,1837,1
11257,38,Female,92179,PPC,Awareness,6285.62,0.09,0.08,21,7.19,11.19,1,6,9,3,2500,1
11120,37,Male,83265,SEO,Conversion,6861.21,0.18,0.12,3,3.52,7.12,55,10,2,9,1239,1
13937,54,Female,55035,Referral,Conversion,2122.12,0.21,0.06,33,1.21,12.58,27,19,5,3,4512,1
9840,30,Male,76249,SEO,Retention,7095.24,0.18,0.13,6,1.53,10.76,45,1,2,8,2906,1
12353,29,Female,75852,PPC,Awareness,287.86,0.19,0.09,6,4.14,7.05,67,8,4,2,1662,1
13189,40,Male,60024,PPC,Conversion,274.82,0.29,0.09,17,9.67,8.39,79,1,3,9,3642,1
13170,62,Male,100908,PPC,Consideration,3889.14,0.07,0.15,45,9.7,3.09,87,12,9,1,2001,1
11773,21,Male,33851,SEO,Awareness,2213.68,0.15,0.17,19,8.16,12.07,90,3,2,7,4952,1
11340,49,Female,98157,Referral,Consideration,6479.2,0.12,0.06,48,9.38,13.91,0,9,8,3,4257,1
13052,57,Female,30352,PPC,Consideration,5486.88,0.11,0.15,35,8.47,2.57,45,12,0,8,1859,1
11205,66,Female,81417,Social Media,Retention,3071.79,0.16,0.18,37,7.18,12.52,77,1,5,4,2887,1
9461,26,Female,126958,SEO,Awareness,3886.11,0.02,0.13,48,5.15,11.6,96,3,5,3,4051,1
15673,67,Male,115515,SEO,Consideration,5657.41,0.06,0.19,17,4.74,2.34,25,5,5,1,4874,1
14462,69,Female,103967,SEO,Awareness,6483.9,0.08,0.02,30,2.6,14.92,18,7,6,4,1035,1
9460,47,Male,134430,PPC,Consideration,4561.42,0.2,0.06,16,9.95,10.25,35,6,7,7,3168,1
8984,41,Male,23405,SEO,Awareness,9205.67,0.18,0.13,40,9.61,6.68,39,0,8,4,2302,1
14364,68,Male,80089,SEO,Consideration,7436.97,0.03,0.14,33,1.21,0.65,9,3,1,4,884,0
8973,66,Male,116487,Email,Retention,5062.99,0.08,0.15,19,8.08,2.73,67,19,9,4,3240,1
15883,41,Male,122678,Referral,Conversion,8082.42,0.28,0.07,31,4.99,6.82,15,12,7,8,2557,1
8328,35,Female,51300,Email,Awareness,2981.94,0.03,0.04,38,9.94,10.93,27,14,3,3,4166,1
11164,50,Female,127426,PPC,Awareness,5849.56,0.1,0.19,29,9.11,14.15,55,11,6,3,2560,1
15915,66,Male,32470,Social Media,Consideration,794.99,0.29,0.06,47,6.91,14.89,84,0,0,8,3488,0
15047,25,Male,55065,Referral,Retention,4108.82,0.15,0.12,42,5.45,4.53,94,8,2,9,4934,1
13032,60,Male,120720,Email,Consideration,4596.77,0.04,0.1,7,4.38,13.92,33,15,9,8,3132,1
13518,49,Female,30830,Email,Conversion,1480.85,0.21,0.05,25,6.7,10.24,31,1,6,6,3054,1
12152,44,Female,142836,SEO,Awareness,5395.08,0.05,0.18,12,2.56,1.05,22,18,3,3,4692,1
10619,69,Female,116422,Referral,Consideration,2510.31,0.14,0.04,2,1.24,11.36,22,14,6,3,4815,1
15547,49,Male,101289,SEO,Awareness,8124.28,0.05,0.06,34,6.91,3.36,10,15,9,5,4184,0
10676,19,Female,67219,Email,Awareness,3455.04,0.26,0.09,28,2.13,11.33,8,18,2,8,4683,1
11072,27,Female,100501,PPC,Retention,7869.89,0.18,0.01,7,9.88,9.03,50,0,2,3,1750,1
14158,64,Female,135381,Social Media,Conversion,3443.46,0.07,0.16,9,8.11,14.3,77,12,8,7,846,1
15236,44,Female,128101,Email,Awareness,9533.77,0.2,0.05,19,5.19,3.25,19,16,7,4,1475,1
8598,46,Male,140605,Email,Awareness,2788.07,0.17,0.13,2,6.86,2.8,22,14,8,6,2077,1
14216,31,Male,80563,Email,Retention,4223.56,0.14,0.19,12,2.51,2.68,58,6,7,8,3349,1
13199,57,Female,65200,Referral,Conversion,1056.55,0.28,0.19,18,6.66,7.32,90,9,0,8,3242,1
14116,56,Female,129203,Referral,Awareness,7918.79,0.1,0.07,5,3.72,3.09,65,15,3,7,2452,1
8758,33,Female,41661,SEO,Retention,9347.03,0.2,0.1,16,3.35,8.06,55,17,5,3,2310,1
15389,37,Female,143311,PPC,Conversion,9096.76,0.17,0.13,35,2.86,0.89,53,2,3,9,166,0
15763,33,Female,55740,Social Media,Consideration,6509.49,0.11,0.14,28,9.24,8.66,25,17,6,2,1282,1
15310,23,Female,81516,Social Media,Awareness,9139.69,0.22,0.17,2,1.02,9.94,6,15,5,3,2917,0
8209,41,Female,103171,SEO,Conversion,4259.02,0.2,0.19,43,8.25,6.49,69,15,0,1,3419,1
13741,65,Male,104658,Email,Conversion,1608.41,0.26,0.18,8,3.83,11.11,4,0,5,5,2594,1
13194,64,Female,40064,Social Media,Retention,3452.33,0.13,0.15,10,3.74,8.21,12,11,2,7,2380,1
13214,68,Female,48394,Social Media,Consideration,3821.08,0.07,0.15,20,6.99,5.52,49,12,6,8,4364,1
15699,52,Female,122114,PPC,Awareness,6770.4,0.09,0.2,41,9.97,3.96,44,14,8,5,4320,1
9029,64,Male,62238,SEO,Retention,3459.64,0.16,0.15,6,1.67,4.39,35,9,5,2,3939,1
9702,42,Female,145339,SEO,Conversion,1584.42,0.2,0.09,32,9.48,10.13,47,18,2,4,600,1
10090,23,Female,60857,Referral,Conversion,247.6,0.03,0.01,41,1.82,2.29,43,18,3,3,4687,1
12126,62,Female,143446,Social Media,Retention,1507.87,0.29,0.05,1,8.51,7.74,49,9,9,1,3738,1
14111,30,Male,138414,PPC,Consideration,2911.79,0.02,0.01,31,8.1,7.63,17,10,8,3,850,1
14486,24,Male,24403,PPC,Consideration,3918.9,0.21,0.04,28,2.62,5.99,27,15,5,4,2633,1
13577,18,Female,122549,PPC,Awareness,5194.46,0.24,0.02,7,8.37,13.09,1,18,9,5,3962,1
12308,62,Male,69515,Referral,Retention,9539.61,0.29,0.02,23,3.47,6.85,93,1,8,4,595,1
10867,59,Female,125561,PPC,Retention,8514.4,0.28,0.1,11,9.41,13.65,7,2,3,3,3895,1
10223,29,Female,67191,SEO,Awareness,5979.42,0.09,0.11,5,2.6,8.84,78,7,2,7,1305,1
8297,29,Female,149703,Social Media,Consideration,3768.95,0.12,0.08,24,6.0,7.96,82,17,0,8,4761,1
9005,45,Female,44265,Email,Awareness,158.58,0.1,0.19,35,1.23,3.72,31,0,8,1,2606,0
12029,68,Female,44591,Email,Consideration,7121.75,0.22,0.15,35,6.65,3.65,61,16,4,5,42,1
13022,64,Female,74878,Referral,Consideration,393.37,0.16,0.19,49,5.96,6.78,82,19,3,2,2849,1
8245,34,Female,59116,Social Media,Consideration,9124.73,0.12,0.03,10,2.13,11.26,61,10,5,2,110,1
9187,56,Female,122865,Email,Retention,8587.04,0.26,0.1,27,6.53,6.97,13,16,5,6,1366,1
14467,49,Female,64493,PPC,Awareness,6342.36,0.14,0.02,22,4.25,5.2,9,10,4,8,177,1
8818,30,Male,50783,PPC,Awareness,2413.43,0.19,0.12,27,8.0,6.76,33,0,7,9,857,1
8036,64,Male,114520,Email,Conversion,3932.33,0.08,0.09,11,8.63,11.06,87,3,7,3,1066,1
9720,63,Female,143295,Email,Consideration,9620.61,0.1,0.19,10,3.16,13.87,29,4,3,0,4069,1
15769,67,Male,33627,Email,Consideration,6318.62,0.29,0.02,42,6.37,10.11,14,12,3,0,2572,1
13825,48,Male,38823,Email,Retention,2908.51,0.02,0.12,34,1.74,8.23,50,4,5,9,4555,1
9316,19,Male,53630,Referral,Retention,5058.09,0.09,0.18,34,7.07,12.52,66,1,1,4,1758,1
14475,54,Female,134267,Referral,Consideration,4142.6,0.23,0.19,46,3.69,11.59,78,7,6,1,4442,1
14226,21,Female,136720,Social Media,Conversion,6214.54,0.06,0.17,5,7.36,9.2,55,18,2,7,1348,1
8516,64,Male,126891,PPC,Awareness,4443.98,0.15,0.03,14,6.32,12.61,60,0,9,5,4400,1
13273,66,Male,129715,PPC,Consideration,5796.3,0.05,0.19,46,9.45,6.12,66,9,9,0,4,1
14431,37,Female,45634,Social Media,Retention,1526.75,0.07,0.16,33,9.97,9.73,14,5,9,7,4371,1
13940,25,Male,133369,Email,Awareness,3405.24,0.05,0.05,15,8.88,13.29,87,13,8,8,641,1
8556,41,Female,69744,Social Media,Consideration,7390.87,0.14,0.12,7,9.88,14.51,70,8,7,3,1046,1
14166,23,Female,51489,Email,Retention,6223.62,0.26,0.14,32,3.06,13.09,92,0,3,7,3405,1
12060,64,Male,117354,Email,Consideration,955.92,0.11,0.14,0,8.8,7.61,82,4,7,7,1107,1
15053,38,Female,43082,Social Media,Retention,1624.65,0.05,0.07,46,5.06,4.78,34,11,2,3,1506,1
11419,54,Female,78951,Email,Consideration,8841.18,0.15,0.18,14,1.69,7.88,50,8,7,3,2971,1
10639,20,Female,35701,SEO,Conversion,4069.95,0.22,0.17,24,4.55,0.85,34,16,1,8,1440,1
14666,32,Female,63574,Social Media,Awareness,1621.07,0.17,0.16,41,9.5,5.58,70,13,5,9,4074,1
12648,62,Male,135855,Social Media,Conversion,7089.92,0.14,0.13,25,7.01,1.51,26,11,9,0,2664,1
10149,50,Female,99614,Referral,Consideration,9905.27,0.02,0.06,39,4.56,13.6,38,13,9,5,3124,1
12928,20,Male,108249,PPC,Consideration,7177.2,0.16,0.2,10,1.33,1.86,32,2,4,1,1653,0
11534,29,Female,119047,SEO,Conversion,4814.92,0.05,0.02,20,7.2,1.0,86,4,2,9,1981,0
9608,33,Male,135095,Social Media,Awareness,9796.87,0.18,0.07,10,2.72,8.69,65,10,0,6,4302,1
9974,55,Male,128227,SEO,Consideration,2933.13,0.17,0.2,17,4.13,6.16,58,1,7,8,84,1
10872,26,Female,113318,Email,Awareness,5446.08,0.18,0.17,27,7.51,8.43,72,3,6,6,3576,1
10551,27,Female,127841,Email,Conversion,2897.38,0.13,0.1,22,9.69,12.7,86,15,0,1,4932,1
15041,64,Female,52174,Email,Retention,382.94,0.19,0.15,33,9.48,7.42,32,8,3,1,745,1
10998,47,Female,27702,PPC,Conversion,1155.25,0.1,0.15,42,3.14,7.14,26,18,1,8,185,1
10433,23,Female,41676,Referral,Conversion,7564.44,0.21,0.09,3,7.84,2.77,24,2,5,1,4240,1
10709,23,Male,90560,Referral,Retention,6370.31,0.09,0.13,38,2.98,7.62,87,5,4,1,444,0
13560,49,Male,93269,Referral,Awareness,1025.88,0.16,0.04,17,3.15,0.99,78,5,8,6,1624,1
11720,60,Female,146828,Email,Consideration,4861.73,0.26,0.16,14,4.61,11.8,51,4,7,3,3915,1
13861,45,Male,58180,PPC,Retention,2213.22,0.23,0.18,42,5.68,8.19,60,12,8,2,2593,1
8592,58,Female,90994,Email,Retention,5273.1,0.23,0.1,13,7.97,4.89,41,16,7,0,1102,1
15922,60,Female,28806,PPC,Consideration,5872.47,0.25,0.15,33,9.69,1.37,26,5,3,3,2959,1
8763,49,Male,32084,Referral,Conversion,7165.35,0.3,0.15,14,8.41,7.81,55,14,7,8,80,1
14349,28,Female,137514,PPC,Conversion,8340.22,0.07,0.02,38,7.65,13.04,61,3,9,3,567,1
8132,52,Male,87938,PPC,Conversion,8816.54,0.21,0.05,5,3.16,12.37,18,10,2,2,458,1
8128,65,Male,33448,SEO,Awareness,8018.6,0.07,0.06,24,5.82,2.46,69,7,8,3,596,1
10843,62,Female,91156,PPC,Consideration,9051.78,0.17,0.19,22,4.14,0.86,38,0,3,4,3712,1
15058,33,Male,52314,Email,Consideration,3294.75,0.21,0.13,4,3.57,1.87,87,8,2,3,565,0
8331,33,Female,136469,SEO,Retention,7265.77,0.14,0.19,26,7.43,7.76,67,0,0,1,2107,1
11223,61,Male,119770,Email,Awareness,7689.32,0.24,0.19,4,8.51,4.86,83,3,2,1,215,0
13067,30,Male,92002,Email,Retention,8096.91,0.04,0.01,38,7.52,2.25,80,12,2,0,1747,0
10001,61,Male,62078,Social Media,Awareness,2903.64,0.09,0.16,41,1.64,2.17,60,13,3,7,4441,1
9883,52,Female,133263,SEO,Consideration,7466.03,0.29,0.14,19,9.36,2.78,78,13,0,9,3371,1
13008,49,Male,77395,Referral,Conversion,5873.93,0.24,0.05,18,4.22,2.98,37,6,1,1,4810,1
10483,27,Female,132314,Email,Awareness,5126.76,0.25,0.19,6,5.03,0.59,3,4,8,1,1897,1
8349,39,Female,145006,SEO,Conversion,5519.14,0.29,0.17,19,1.78,2.69,64,8,8,3,1315,1
8841,38,Female,57574,Email,Conversion,3958.5,0.11,0.07,39,6.1,6.61,32,3,0,3,3137,1
11499,22,Female,31885,PPC,Conversion,6112.95,0.05,0.15,18,6.79,10.37,69,5,3,1,2379,1
13070,27,Female,77965,SEO,Retention,2942.87,0.2,0.07,13,3.87,4.22,64,7,5,5,4746,1
12716,21,Female,54551,Email,Retention,4926.52,0.21,0.16,23,8.89,1.97,13,2,4,8,4756,1
14041,65,Male,56434,Email,Retention,3833.21,0.26,0.12,44,7.8,10.64,94,13,9,5,3205,1
10148,32,Male,30886,PPC,Conversion,8501.84,0.11,0.05,45,5.0,7.93,87,17,3,5,849,1
13679,69,Female,118156,Email,Consideration,3972.0,0.25,0.13,25,8.95,8.76,79,7,6,6,2732,1
14442,47,Male,55423,Email,Consideration,7380.36,0.25,0.03,15,6.82,1.48,62,12,2,5,3431,1
13798,45,Female,145212,Social Media,Consideration,5684.99,0.1,0.19,24,4.3,14.15,4,8,6,1,2148,1
14904,26,Male,110299,SEO,Consideration,4538.08,0.29,0.12,49,1.13,5.99,16,15,7,1,2604,1
8414,34,Male,49858,Referral,Consideration,8292.27,0.03,0.09,31,3.57,5.51,26,10,3,4,4700,1
12566,45,Female,40905,Email,Awareness,5513.38,0.04,0.18,18,3.37,8.85,3,9,3,0,3248,1
12551,60,Female,140452,Email,Conversion,8926.69,0.24,0.1,27,9.52,7.27,51,13,4,6,261,1
15102,30,Female,138825,Social Media,Conversion,8658.9,0.21,0.09,29,2.75,7.14,87,2,8,1,4904,1
9689,52,Female,122428,Referral,Retention,6291.88,0.22,0.11,3,6.11,6.86,31,3,2,0,4999,1
10104,24,Male,33138,Email,Consideration,1772.95,0.1,0.02,14,1.89,8.49,30,8,0,1,1393,0
9502,53,Female,99789,Referral,Conversion,948.4,0.03,0.19,31,2.95,14.4,79,11,7,1,965,1
12104,22,Female,116746,PPC,Retention,5278.88,0.19,0.17,4,4.75,12.33,62,12,0,4,3341,1
8837,27,Male,85985,Social Media,Conversion,5445.14,0.07,0.02,1,5.53,10.67,29,17,6,2,3458,1
11138,36,Male,98283,Social Media,Retention,4478.76,0.22,0.15,7,8.34,8.58,21,0,4,4,3639,1
9639,40,Female,127507,Email,Conversion,1374.91,0.3,0.06,40,4.17,5.68,33,4,8,0,2450,1
10033,55,Male,69028,PPC,Consideration,3229.3,0.01,0.16,28,4.88,14.32,16,16,7,1,2605,1
15676,38,Female,134824,PPC,Conversion,644.74,0.11,0.12,12,1.85,10.57,8,5,0,1,3802,1
11741,62,Female,81284,Referral,Conversion,3512.17,0.12,0.17,41,6.24,13.76,63,5,3,7,2789,1
9404,20,Female,78860,SEO,Retention,7934.27,0.05,0.05,24,7.76,14.29,61,15,8,7,4285,1
11218,41,Male,27946,SEO,Retention,219.29,0.19,0.09,5,9.2,1.47,81,11,7,2,4067,1
14341,42,Female,51734,Social Media,Conversion,7815.99,0.08,0.14,43,1.08,12.48,1,19,5,8,1425,1
14408,40,Female,122880,Social Media,Conversion,2523.7,0.01,0.11,21,2.94,7.9,5,12,9,4,910,1
14616,27,Male,29585,Email,Awareness,9482.67,0.22,0.11,24,6.83,11.84,91,17,3,3,1245,1
15155,31,Female,71845,Social Media,Retention,8498.55,0.3,0.03,20,9.12,14.03,35,18,7,4,3716,1
14742,61,Female,25290,Social Media,Consideration,5974.21,0.26,0.04,21,1.18,6.78,24,7,1,7,4154,1
14599,68,Female,88447,Email,Conversion,7295.64,0.05,0.14,20,8.0,3.56,90,16,5,8,2605,1
15525,40,Female,119053,PPC,Awareness,5927.38,0.05,0.1,3,7.09,8.59,49,18,0,0,1423,0
10549,49,Female,23323,Referral,Awareness,2536.7,0.3,0.16,18,4.57,13.31,19,1,5,2,272,1
15750,34,Female,27807,PPC,Retention,1076.86,0.25,0.07,49,6.39,7.14,95,14,4,4,2862,1
15535,67,Female,120017,PPC,Conversion,6797.28,0.27,0.2,31,5.05,7.06,1,9,9,9,1903,1
12018,49,Female,32578,SEO,Consideration,519.36,0.19,0.03,23,9.86,1.78,29,9,3,2,4028,1
12798,65,Female,63388,Email,Conversion,2259.47,0.12,0.09,6,8.74,2.6,20,1,8,7,4707,1
14794,51,Female,59893,Social Media,Conversion,1697.54,0.28,0.08,19,9.37,5.2,77,14,8,4,1729,1
13867,47,Female,27084,SEO,Awareness,3561.59,0.16,0.11,13,8.85,5.36,10,0,2,8,1977,1
8928,57,Female,141184,Email,Awareness,1115.1,0.04,0.14,17,3.1,1.24,34,15,6,3,4510,1
15635,53,Male,116939,PPC,Awareness,2596.32,0.12,0.17,18,2.63,4.04,30,15,7,8,4853,0
9649,56,Male,112981,SEO,Retention,3712.71,0.16,0.04,4,2.48,2.81,66,0,3,8,3924,0
13255,30,Female,81858,SEO,Consideration,7858.04,0.13,0.16,8,6.39,10.4,24,8,1,1,530,1
12588,26,Female,43390,Email,Conversion,3598.15,0.23,0.05,14,2.7,5.56,72,16,4,1,2099,1
14611,45,Female,56104,PPC,Retention,5204.15,0.06,0.07,39,6.76,14.12,96,9,7,8,1431,1
13796,55,Female,94989,Email,Conversion,3329.37,0.17,0.18,15,7.48,2.75,11,9,9,9,2249,1
8692,55,Male,88481,SEO,Awareness,4799.9,0.18,0.06,44,9.01,5.37,75,3,4,1,112,1
12186,47,Female,39198,Social Media,Retention,5568.55,0.14,0.18,28,4.55,10.68,92,5,8,3,993,1
9769,34,Female,90647,SEO,Conversion,2219.67,0.27,0.15,25,7.34,11.61,87,9,7,8,182,1
12627,28,Male,67055,SEO,Conversion,9895.22,0.03,0.06,4,1.97,3.14,13,18,4,9,4482,1
9351,66,Female,143439,Referral,Retention,8179.66,0.23,0.05,1,4.96,7.06,7,16,7,2,3602,1
13271,56,Male,34244,Social Media,Retention,5805.55,0.26,0.02,10,2.98,6.32,72,2,3,9,243,0
9611,42,Female,114769,Referral,Conversion,1572.47,0.08,0.16,17,6.16,5.05,64,13,7,8,1165,1
11948,40,Female,138199,Referral,Awareness,4440.42,0.07,0.1,2,8.02,9.6,2,15,9,0,905,0
10095,58,Female,115856,Referral,Conversion,6815.5,0.23,0.09,30,5.22,1.62,52,0,1,1,1335,1
11962,28,Female,49098,Email,Conversion,1559.76,0.18,0.12,40,9.73,4.81,62,18,7,2,2733,1
15284,51,Male,60245,SEO,Retention,7908.53,0.04,0.14,35,8.92,1.58,55,8,5,3,3297,1
8183,45,Female,61150,PPC,Awareness,4847.93,0.07,0.16,19,6.14,14.47,35,17,6,3,1148,1
15921,64,Female,133806,SEO,Conversion,1163.2,0.12,0.18,15,8.29,7.38,46,0,9,9,4484,0
9797,42,Female,144928,PPC,Conversion,2981.76,0.22,0.13,26,5.12,10.73,24,14,9,3,2560,1
10753,21,Male,142706,Referral,Retention,6823.12,0.09,0.08,32,4.69,2.92,76,19,9,2,1234,1
14775,60,Male,96459,Referral,Consideration,4219.18,0.21,0.02,39,3.1,6.63,17,10,8,7,2749,1
8651,22,Male,103911,PPC,Conversion,3719.37,0.14,0.08,28,3.23,8.18,28,10,1,1,3125,1
14901,24,Female,95724,PPC,Consideration,2531.24,0.06,0.1,15,4.16,10.58,30,17,0,3,2534,1
12946,37,Male,115335,Referral,Awareness,5766.07,0.27,0.13,49,1.7,6.52,9,19,3,5,4540,1
11235,39,Female,139368,Referral,Awareness,8126.34,0.02,0.1,17,7.62,11.02,96,16,6,0,1846,1
13218,68,Male,104097,Referral,Retention,4989.38,0.29,0.19,37,7.73,4.47,4,0,4,8,2554,1
15167,29,Male,93338,PPC,Retention,6375.07,0.29,0.19,31,9.93,1.44,81,4,6,1,4645,1
11068,59,Female,76831,Email,Retention,7976.09,0.29,0.02,0,7.05,10.58,1,12,2,0,2512,1
13948,38,Male,49076,Social Media,Consideration,5177.12,0.14,0.13,44,4.87,4.14,34,8,0,8,2828,1
8633,39,Female,34732,Social Media,Retention,2163.88,0.3,0.12,21,3.77,6.21,21,10,0,3,1798,1
15656,68,Male,129619,Referral,Retention,7651.05,0.29,0.16,15,4.58,3.14,73,11,2,6,49,1
8806,18,Male,121639,SEO,Consideration,1563.55,0.17,0.09,44,1.51,6.07,32,1,3,2,2378,1
13699,66,Female,135378,Email,Conversion,3109.3,0.28,0.1,26,7.15,4.3,56,7,7,6,2994,1
12052,50,Male,65435,Email,Consideration,2431.26,0.26,0.11,16,8.37,12.11,97,16,8,6,1682,1
9860,56,Male,69554,Email,Awareness,3069.72,0.17,0.06,17,7.2,11.2,27,16,2,4,3807,1
13272,18,Female,118415,SEO,Retention,3325.42,0.03,0.13,0,7.19,10.74,13,4,3,6,1592,1
11597,52,Female,129602,Social Media,Consideration,2032.56,0.1,0.13,4,8.88,8.0,19,8,4,4,1636,1
12202,32,Male,45489,Social Media,Awareness,584.82,0.08,0.14,5,7.85,0.64,84,18,7,4,1832,1
9414,64,Female,53062,Referral,Consideration,1181.95,0.1,0.06,27,8.09,1.39,53,7,2,1,4368,0
10816,44,Male,105535,SEO,Awareness,3408.64,0.18,0.2,26,1.99,12.91,92,3,5,5,107,1
14538,36,Female,94399,Email,Conversion,7447.44,0.18,0.12,9,1.16,5.02,29,1,9,9,4384,1
15456,63,Female,38456,SEO,Awareness,3948.6,0.13,0.09,20,9.26,0.9,86,12,7,5,2541,0
10603,67,Female,135169,Social Media,Consideration,194.82,0.27,0.19,20,1.58,12.77,38,7,3,7,1939,1
12640,28,Female,68865,SEO,Awareness,2530.99,0.15,0.07,12,6.8,10.49,65,8,0,1,864,1
14565,50,Male,145305,Email,Retention,4965.12,0.01,0.05,23,8.88,4.89,11,3,2,2,226,0
9269,29,Male,126945,PPC,Consideration,9001.06,0.24,0.07,44,8.97,2.3,28,0,7,6,1075,1
8870,65,Female,136526,Social Media,Consideration,2928.52,0.02,0.19,49,4.81,7.21,74,17,9,6,694,1
11246,42,Male,105814,Social Media,Retention,6405.5,0.21,0.17,18,1.8,2.52,95,2,3,3,1520,1
9190,23,Female,110047,PPC,Awareness,8106.94,0.18,0.11,14,8.04,0.71,31,13,2,7,4178,1
10956,58,Female,42854,Referral,Awareness,5310.69,0.03,0.05,16,4.89,14.27,63,10,8,0,1016,1
10613,55,Female,111115,SEO,Awareness,2623.01,0.24,0.02,33,1.41,3.56,63,8,4,4,4238,1
11043,50,Male,144221,Referral,Awareness,176.77,0.03,0.05,15,4.25,9.4,33,10,0,3,2903,1
8912,23,Female,84385,Email,Conversion,2497.95,0.26,0.2,47,3.7,9.96,3,12,5,2,878,1
11896,21,Female,114877,Social Media,Awareness,568.63,0.02,0.03,7,3.98,3.84,33,13,8,0,394,0
10572,43,Female,86704,PPC,Awareness,9522.57,0.28,0.14,27,2.75,8.13,40,12,6,9,1912,1
10571,21,Female,128722,PPC,Consideration,3985.27,0.06,0.11,8,9.38,1.28,86,19,7,1,2942,0
10595,22,Male,97763,PPC,Retention,7381.22,0.15,0.03,27,7.07,11.44,31,3,6,5,2748,1
14755,60,Female,134098,SEO,Awareness,6109.51,0.23,0.09,17,7.86,2.87,65,12,0,4,4546,1
10996,52,Male,84366,Email,Conversion,9917.64,0.03,0.12,47,6.26,10.33,61,9,1,8,1190,1
14963,59,Female,49104,SEO,Consideration,7139.53,0.18,0.04,28,9.34,6.25,53,13,6,5,1088,1
11679,25,Female,54457,Email,Consideration,7948.1,0.23,0.07,28,4.84,4.06,11,4,3,9,4532,1
8582,40,Male,146866,Social Media,Awareness,6051.11,0.04,0.11,49,7.81,9.34,37,12,5,8,3613,1
14025,52,Female,58977,PPC,Retention,5830.19,0.15,0.14,39,6.68,5.04,94,10,2,1,3946,1
13427,18,Male,99072,Email,Awareness,5194.17,0.13,0.06,6,4.78,11.12,10,13,6,6,3592,1
10747,25,Female,149329,Email,Consideration,340.1,0.25,0.07,13,4.99,13.2,13,6,2,5,1628,1
10479,28,Female,58384,SEO,Retention,8655.94,0.11,0.17,36,7.55,8.67,13,13,3,0,641,1
13735,59,Male,97260,Social Media,Awareness,288.6,0.24,0.11,49,2.19,5.97,43,10,2,6,4630,1
8601,38,Male,137713,Social Media,Conversion,6366.78,0.12,0.04,21,3.03,14.15,69,18,9,3,4950,1
10279,68,Male,111434,Social Media,Consideration,2946.11,0.07,0.02,17,8.5,4.59,87,0,4,2,4771,0
8043,24,Male,43386,SEO,Retention,5705.13,0.05,0.19,21,2.29,8.55,33,5,9,0,913,0
9827,44,Female,87952,SEO,Awareness,4766.24,0.23,0.07,25,2.54,5.69,58,14,4,1,3364,1
10596,61,Male,37907,PPC,Awareness,6924.93,0.18,0.04,24,9.87,6.78,37,15,9,4,1743,1
14014,57,Female,122210,PPC,Conversion,2537.01,0.09,0.17,17,9.81,9.18,97,10,9,9,673,1
10005,63,Male,69876,Email,Conversion,1188.26,0.28,0.18,36,4.32,6.76,96,7,5,4,1346,1
13480,50,Male,99149,Email,Consideration,6737.69,0.18,0.14,0,3.86,5.2,3,19,4,1,1573,1
13996,61,Male,84261,PPC,Awareness,8626.42,0.3,0.02,34,2.63,4.91,94,15,7,6,835,1
8941,22,Female,64676,SEO,Conversion,6875.11,0.08,0.07,28,4.0,3.26,67,6,4,1,1424,1
12417,40,Female,60834,Referral,Awareness,1043.73,0.05,0.12,26,7.56,7.86,83,15,6,6,1949,1
14677,40,Female,58297,Email,Consideration,1012.97,0.07,0.02,39,1.1,5.81,6,5,8,9,4954,0
10620,25,Female,129910,PPC,Consideration,6325.79,0.15,0.12,47,9.28,6.36,47,2,8,1,2806,1
13434,30,Female,50359,SEO,Awareness,9239.73,0.12,0.12,3,3.72,4.7,25,13,6,4,1318,1
12630,22,Female,98040,Referral,Retention,3732.11,0.3,0.12,40,9.92,13.35,48,8,7,0,1081,1
10029,35,Female,98206,Referral,Awareness,5428.27,0.12,0.09,17,9.1,7.29,99,14,6,6,1306,1
11719,59,Female,50268,SEO,Consideration,7172.65,0.09,0.19,28,1.06,2.12,60,11,8,7,3580,1
9274,22,Female,58071,PPC,Consideration,1156.46,0.21,0.08,46,2.84,10.85,42,8,1,7,2268,1
8274,57,Female,67717,PPC,Consideration,3827.95,0.09,0.12,11,1.28,1.83,0,3,4,8,3878,0
9233,21,Female,82245,Email,Retention,3366.76,0.14,0.09,20,5.25,9.57,81,12,1,6,2254,1
14340,58,Female,88595,Social Media,Conversion,1018.26,0.08,0.05,25,9.02,5.46,54,5,1,9,4263,1
10100,67,Female,55561,Social Media,Awareness,3689.5,0.28,0.14,46,7.88,11.75,86,19,3,9,4503,1
13094,55,Female,65039,PPC,Conversion,2651.56,0.02,0.17,30,2.32,10.37,16,8,1,3,2053,1
12339,55,Male,44336,PPC,Conversion,826.78,0.24,0.17,40,7.63,5.83,45,0,1,5,4498,1
13970,53,Male,33860,Referral,Awareness,5571.75,0.18,0.05,30,3.66,7.45,27,18,1,3,3132,1
12272,29,Female,119821,Social Media,Awareness,8548.49,0.12,0.18,34,2.22,11.07,99,6,2,0,551,1
9494,51,Female,110979,PPC,Consideration,4042.28,0.08,0.11,28,2.02,13.52,48,18,1,6,4931,1
14183,34,Female,53978,Referral,Awareness,798.42,0.24,0.13,26,6.21,14.56,71,19,1,9,968,1
10497,62,Female,28104,Referral,Consideration,3328.39,0.05,0.03,15,5.43,11.06,77,10,6,9,3476,1
11263,23,Male,78507,Referral,Conversion,8849.97,0.15,0.17,27,6.2,3.58,71,17,4,8,1898,1
12154,56,Female,71473,Email,Conversion,6431.07,0.15,0.15,4,1.78,8.1,44,19,6,5,1131,1
12568,59,Female,73730,Referral,Conversion,9505.59,0.08,0.13,15,6.45,10.36,82,18,1,9,3439,1
9571,34,Female,112648,PPC,Conversion,1610.95,0.1,0.14,8,2.2,1.01,62,11,9,8,3995,1
11333,64,Male,96949,PPC,Conversion,1671.55,0.27,0.14,47,1.16,3.75,66,12,7,8,3961,1
15617,63,Female,113831,Email,Retention,8718.39,0.24,0.1,27,6.82,2.78,24,2,2,6,4372,0
8308,37,Male,53326,Email,Awareness,2799.62,0.12,0.01,43,2.82,2.91,56,11,1,7,3241,0
8286,59,Female,24333,Referral,Retention,2649.6,0.09,0.1,45,7.89,2.83,34,0,2,6,3377,0
9230,22,Female,43279,Email,Conversion,3143.3,0.06,0.07,10,8.35,13.91,66,10,9,1,2721,1
10745,30,Male,84930,SEO,Retention,7565.62,0.01,0.02,27,3.16,5.94,57,10,4,8,4651,1
11402,23,Female,75701,PPC,Awareness,140.72,0.05,0.04,5,9.05,3.2,22,1,4,6,75,0
14347,27,Female,119978,SEO,Conversion,1677.98,0.24,0.12,25,9.8,3.29,34,1,0,6,1603,1
12997,26,Female,25239,PPC,Retention,7442.17,0.28,0.1,11,7.46,12.1,60,9,7,7,1638,1
11829,66,Male,105717,PPC,Consideration,6111.4,0.28,0.18,27,3.13,11.24,85,15,0,1,4512,1
14961,54,Female,64854,PPC,Conversion,6457.86,0.17,0.04,45,7.75,8.75,29,14,4,4,4208,1
11023,46,Female,139193,PPC,Retention,8916.67,0.1,0.04,12,3.41,13.88,76,17,2,7,2270,1
14641,55,Female,115599,SEO,Awareness,5380.66,0.28,0.17,7,6.76,2.46,6,10,9,8,400,1
11038,61,Male,92158,Email,Conversion,5938.95,0.27,0.15,7,5.36,0.88,24,5,7,9,378,1
8035,32,Female,127960,PPC,Consideration,3147.15,0.22,0.15,14,8.67,14.72,3,10,0,1,2429,1
9181,64,Female,124089,SEO,Conversion,3742.59,0.06,0.08,14,2.99,8.36,0,15,6,5,599,1
9256,43,Male,100263,SEO,Awareness,857.08,0.17,0.04,9,3.36,5.65,26,9,0,3,1013,1
10062,19,Male,99852,SEO,Conversion,9088.43,0.27,0.19,43,7.12,5.49,75,11,0,4,1380,1
10079,67,Male,21821,PPC,Conversion,5860.96,0.18,0.13,10,9.16,9.44,8,10,9,7,4342,1
9815,30,Female,35029,Email,Consideration,2190.45,0.26,0.11,32,8.47,12.02,8,15,5,3,1100,1
14165,52,Male,79439,Email,Retention,5786.4,0.26,0.1,40,4.66,11.26,53,13,6,5,196,1
13605,45,Male,115923,SEO,Retention,9938.15,0.17,0.06,30,2.6,10.91,11,10,5,1,3664,1
8649,64,Female,30728,Email,Consideration,3267.49,0.14,0.1,28,2.94,11.89,60,16,1,3,4034,1
11454,43,Female,99303,Social Media,Awareness,2689.74,0.16,0.1,0,3.33,2.9,63,16,3,7,4952,1
14847,46,Male,101919,Social Media,Consideration,6966.05,0.07,0.14,4,1.88,5.94,79,9,6,1,3819,1
12939,43,Female,102473,SEO,Awareness,1874.01,0.08,0.07,45,2.05,6.51,23,15,0,9,902,0
11574,36,Female,146270,Social Media,Conversion,419.68,0.18,0.03,13,4.87,4.55,25,8,5,8,2171,1
15037,32,Female,54018,Email,Consideration,9705.35,0.09,0.07,28,1.64,9.0,77,1,1,2,58,0
12665,46,Male,31675,Email,Conversion,622.44,0.05,0.15,15,7.53,7.82,6,17,0,5,4463,1
10118,29,Male,73025,SEO,Conversion,7276.9,0.15,0.11,17,1.61,3.99,96,12,0,3,2078,1
13559,28,Female,76467,SEO,Conversion,3737.16,0.26,0.15,24,8.76,4.32,88,8,1,5,1933,1
12446,25,Female,70908,Referral,Awareness,6084.96,0.05,0.04,35,5.85,7.74,35,13,8,4,101,1
8843,26,Male,124383,PPC,Awareness,208.19,0.17,0.01,11,7.72,1.65,28,17,7,9,2309,1
12692,21,Female,41320,Email,Retention,4195.29,0.04,0.09,6,8.76,3.01,92,2,8,1,2127,0
15942,49,Male,139455,PPC,Awareness,7772.28,0.16,0.17,15,6.53,13.63,10,9,9,5,2479,1
14842,45,Female,93509,Social Media,Conversion,6012.03,0.22,0.06,31,3.99,1.21,75,15,8,3,29,1
12117,47,Female,149752,PPC,Consideration,6895.13,0.02,0.13,24,2.12,1.05,18,1,7,1,4713,0
9970,36,Male,42027,SEO,Retention,5253.6,0.22,0.19,36,7.36,10.4,68,17,6,9,3980,1
12835,57,Female,114368,PPC,Consideration,4134.28,0.3,0.11,5,1.23,6.56,18,18,4,3,4334,1
14160,32,Female,110011,Email,Retention,8940.76,0.18,0.12,37,7.52,13.05,47,3,2,8,4222,1
11082,26,Female,106643,Social Media,Consideration,7655.47,0.08,0.18,43,4.85,0.66,54,5,7,9,2433,1
12766,66,Female,31804,SEO,Awareness,8627.36,0.06,0.08,25,3.15,12.01,25,10,2,8,2085,1
13088,54,Female,101171,PPC,Retention,2286.41,0.03,0.08,6,8.11,3.85,68,10,5,6,4445,1
13193,69,Female,29635,Social Media,Retention,3614.95,0.15,0.01,47,5.37,8.32,44,1,0,4,1723,1
10982,31,Male,125633,Email,Conversion,8914.54,0.29,0.11,22,2.39,11.27,1,12,7,7,296,1
8670,60,Male,148301,Referral,Consideration,9136.11,0.17,0.2,6,9.52,1.99,89,18,7,5,1189,1
10658,25,Female,136296,SEO,Consideration,1117.18,0.06,0.09,43,8.25,5.81,40,6,5,5,1581,1
15993,20,Male,120271,Social Media,Retention,6973.12,0.15,0.17,34,7.55,6.45,8,12,1,7,3066,0
9784,58,Male,119020,PPC,Consideration,4792.1,0.27,0.2,7,9.06,12.5,41,13,2,4,4634,1
13704,54,Male,147422,SEO,Consideration,4332.83,0.02,0.1,6,8.75,4.7,68,8,5,2,4954,1
14102,57,Female,144776,Referral,Conversion,5769.36,0.09,0.03,35,9.4,14.32,53,1,9,7,3007,1
9343,34,Female,29963,SEO,Conversion,8352.06,0.24,0.14,4,2.49,3.55,32,0,2,9,4956,1
8970,53,Male,44182,Social Media,Retention,1425.97,0.29,0.12,36,6.67,14.08,66,4,7,4,4552,1
8181,23,Female,59727,SEO,Awareness,7210.62,0.09,0.07,26,7.27,1.08,29,14,1,9,126,1
13278,32,Male,107954,Referral,Conversion,6927.57,0.08,0.16,43,7.42,8.06,5,6,1,8,4920,1
14943,35,Female,96644,Social Media,Consideration,462.63,0.23,0.05,10,5.22,12.1,16,19,0,9,201,1
10031,64,Female,113375,Social Media,Awareness,2462.4,0.17,0.14,39,3.59,14.23,9,5,9,2,4917,1
10576,56,Female,90779,Referral,Conversion,4063.31,0.14,0.05,37,9.13,10.81,8,4,4,9,4288,1
15730,69,Female,66647,PPC,Conversion,6099.87,0.05,0.14,17,4.78,10.65,99,16,5,0,1524,0
12328,60,Female,47470,Social Media,Consideration,6864.97,0.01,0.09,2,7.43,7.49,89,15,8,9,1395,1
15563,42,Female,34358,SEO,Consideration,6855.01,0.19,0.19,12,4.06,10.36,33,17,4,9,2773,1
15362,54,Male,54173,Social Media,Conversion,1733.33,0.26,0.17,13,6.36,5.18,97,12,2,3,4390,0
12407,57,Female,47924,SEO,Conversion,6141.67,0.26,0.17,3,2.69,9.78,89,13,1,6,664,1
11495,40,Female,60385,Email,Consideration,7759.48,0.19,0.09,0,5.33,1.12,84,15,5,1,1218,1
8525,43,Male,22589,PPC,Consideration,2804.32,0.29,0.04,28,8.64,10.58,30,8,1,5,1432,1
11500,61,Male,29796,Social Media,Retention,5418.6,0.04,0.18,37,1.09,11.09,75,3,4,9,3425,1
13662,59,Female,136632,Social Media,Conversion,3548.5,0.28,0.12,25,5.85,14.08,89,11,2,1,3577,1
8076,61,Male,39928,SEO,Conversion,3415.82,0.29,0.17,17,9.31,11.65,30,5,2,5,2751,1
9438,38,Female,25818,SEO,Retention,9788.42,0.16,0.15,30,2.56,10.64,68,14,6,1,4650,1
14827,42,Male,103127,Email,Awareness,4763.98,0.08,0.16,20,1.41,4.61,94,7,6,3,1521,1
10685,21,Female,20125,Referral,Consideration,3422.73,0.08,0.19,22,8.76,1.21,3,4,2,1,512,0
14937,28,Female,23837,Email,Consideration,5141.37,0.19,0.11,14,8.03,2.32,13,14,3,9,2999,1
14709,37,Male,62876,SEO,Retention,386.21,0.17,0.09,21,8.19,12.85,93,1,3,0,3558,1
14332,65,Male,88741,PPC,Consideration,9898.48,0.03,0.02,38,2.25,3.4,7,18,6,1,222,0
12480,38,Female,87285,Email,Awareness,3215.48,0.27,0.1,32,8.97,3.67,30,3,4,1,2209,1
12834,23,Male,27163,Social Media,Conversion,6010.91,0.23,0.07,22,7.77,13.28,62,10,4,5,3181,1
11020,42,Male,52580,SEO,Conversion,1360.22,0.15,0.07,25,2.25,11.61,27,18,4,9,4728,1
10028,47,Female,89108,PPC,Awareness,7184.16,0.28,0.04,1,7.74,12.4,11,10,0,4,2668,1
12503,34,Male,37423,Social Media,Consideration,4553.79,0.23,0.13,45,1.02,7.9,52,3,5,9,1481,1
11652,69,Female,104946,SEO,Retention,976.69,0.17,0.01,25,6.95,11.75,26,1,3,4,3697,1
13127,66,Male,33714,Referral,Retention,5393.28,0.03,0.08,44,5.34,3.29,11,5,1,2,1048,1
11786,29,Male,87680,PPC,Conversion,351.47,0.28,0.13,15,9.39,3.25,5,3,8,0,23,1
10538,51,Female,25177,SEO,Awareness,2880.04,0.17,0.08,7,3.7,5.83,41,9,6,1,786,1
14234,20,Female,31039,Email,Conversion,2006.22,0.24,0.17,43,6.72,8.67,77,13,4,3,2395,1
9412,50,Female,140609,Email,Consideration,1076.88,0.27,0.1,43,4.3,11.84,32,19,4,3,3234,1
14778,26,Male,141402,Email,Awareness,2244.3,0.02,0.04,21,1.74,14.69,82,8,0,1,3680,0
10666,51,Female,58333,Referral,Retention,4808.03,0.14,0.03,44,2.37,14.0,24,0,9,0,1453,0
13212,49,Female,20530,Email,Consideration,8581.22,0.18,0.05,3,1.12,1.33,41,0,3,2,2261,0
10195,40,Female,66434,Email,Conversion,4600.3,0.03,0.12,8,8.66,12.36,89,6,1,1,452,0
8514,45,Female,137954,SEO,Awareness,9901.97,0.11,0.13,32,3.0,5.06,72,14,4,9,2406,1
15176,43,Male,89360,Social Media,Consideration,8956.8,0.23,0.16,19,9.86,2.43,79,19,5,5,2256,1
8060,25,Female,120488,PPC,Consideration,9657.29,0.07,0.06,21,1.35,7.56,38,7,6,0,1035,1
14727,18,Male,32614,Email,Consideration,7595.9,0.25,0.17,30,5.73,11.57,73,13,0,2,2433,1
12304,50,Male,77290,Email,Conversion,7813.75,0.28,0.15,36,6.44,5.66,26,12,6,7,536,1
8381,58,Male,107151,Social Media,Consideration,9081.13,0.17,0.07,13,3.42,2.24,3,9,6,3,3124,1
15096,23,Female,45979,SEO,Retention,6828.39,0.23,0.02,48,4.39,3.02,62,12,0,0,4959,1
10063,50,Female,127630,Email,Awareness,2422.7,0.06,0.02,25,4.28,8.23,38,15,5,0,3007,1
8124,25,Female,114463,Email,Awareness,6297.31,0.23,0.11,7,3.37,2.91,73,14,4,5,4974,1
15944,19,Female,117367,PPC,Conversion,9295.19,0.22,0.17,27,8.42,6.75,36,3,3,2,4010,1
11463,23,Male,108095,Social Media,Consideration,1943.88,0.25,0.16,48,1.33,2.92,47,15,2,5,4486,1
10860,58,Female,56308,Referral,Retention,2534.05,0.19,0.11,31,8.57,4.66,78,12,3,4,4203,1
8395,20,Male,21310,Referral,Awareness,2074.81,0.11,0.1,42,5.71,14.79,17,2,7,2,2905,1
9782,51,Female,29343,PPC,Retention,6638.65,0.19,0.16,8,2.92,0.73,89,11,1,6,1043,1
10478,47,Male,36506,Email,Retention,3093.56,0.27,0.11,17,8.87,14.73,2,1,3,1,24,1
8324,42,Male,23143,SEO,Retention,9287.72,0.19,0.14,26,9.25,2.32,43,13,8,9,2928,1
11800,31,Female,137574,SEO,Conversion,5644.92,0.08,0.04,18,3.17,12.03,48,0,0,6,3619,1
12389,60,Female,127739,Referral,Retention,8498.98,0.12,0.16,10,6.04,10.8,65,18,9,9,486,1
15852,32,Male,35362,Email,Retention,8733.33,0.13,0.18,34,1.96,6.44,68,3,3,3,4750,0
13875,35,Male,119618,PPC,Awareness,5448.53,0.14,0.09,20,9.35,6.03,22,14,4,4,1001,1
14418,32,Female,22438,Email,Consideration,6760.61,0.04,0.1,24,1.39,0.64,40,13,4,0,429,0
9177,50,Male,33140,SEO,Conversion,5669.94,0.16,0.13,47,4.57,12.49,7,18,2,2,1581,1
11467,19,Male,148758,SEO,Consideration,3072.3,0.16,0.13,46,1.47,13.85,53,16,0,8,1596,1
13545,45,Male,27447,Social Media,Conversion,6638.08,0.01,0.14,28,8.77,14.32,59,6,7,0,2498,1
10971,49,Female,20973,PPC,Consideration,3687.44,0.29,0.08,10,9.78,1.64,42,8,4,6,1122,1
14586,57,Male,104528,Referral,Consideration,4301.37,0.17,0.02,40,1.08,3.11,6,19,2,1,3585,0
9143,18,Male,50493,SEO,Consideration,1222.33,0.18,0.18,34,4.6,14.28,80,5,9,8,72,1
13292,68,Female,27006,Email,Retention,4967.07,0.16,0.04,17,9.81,2.34,0,10,7,6,4311,1
11380,22,Female,93644,Referral,Retention,6048.66,0.16,0.11,37,6.09,4.49,35,8,3,2,2824,1
12012,36,Female,55885,Social Media,Conversion,8529.33,0.08,0.07,37,1.19,11.6,94,13,7,8,2561,1
10383,38,Male,114450,Email,Conversion,6889.57,0.13,0.16,26,9.92,8.81,63,14,0,7,1925,1
10083,61,Female,76388,Social Media,Consideration,4284.8,0.05,0.04,23,9.85,5.34,84,17,9,1,1436,1
12933,33,Female,88590,Email,Consideration,8066.58,0.15,0.05,32,7.69,9.61,20,9,8,9,2854,1
9002,32,Female,130075,Social Media,Conversion,6414.59,0.13,0.1,7,5.6,5.11,64,9,2,8,4907,1
14471,22,Male,105017,SEO,Consideration,1996.08,0.25,0.09,10,2.15,8.43,84,2,6,9,224,0
11916,32,Male,56415,Referral,Awareness,9997.0,0.15,0.18,7,8.27,3.01,88,6,3,7,4759,1
14792,28,Female,129609,Referral,Consideration,1763.41,0.03,0.06,8,6.21,1.37,21,19,3,0,4279,0
10719,19,Female,73242,Social Media,Awareness,4071.48,0.03,0.15,38,9.95,6.33,42,6,8,5,3863,1
14962,47,Female,96226,Referral,Consideration,112.38,0.14,0.17,11,6.71,11.24,51,0,3,7,1974,1
15322,41,Female,91016,Email,Awareness,927.1,0.14,0.06,18,3.66,1.8,2,11,9,8,4873,1
12871,44,Female,45382,PPC,Conversion,3955.41,0.12,0.05,17,6.55,10.18,87,18,2,1,4981,1
11460,69,Male,34332,Email,Conversion,2351.66,0.19,0.13,8,5.29,5.32,77,7,4,2,4856,1
10795,33,Female,47410,PPC,Conversion,8103.63,0.01,0.2,1,7.76,8.78,74,11,3,0,621,1
11190,62,Female,87857,SEO,Awareness,9434.6,0.15,0.04,48,1.76,8.89,30,2,0,4,2481,1
9023,35,Female,43117,Email,Retention,4507.36,0.25,0.14,25,7.35,10.88,24,13,6,5,1621,1
9244,60,Female,68245,SEO,Conversion,3515.79,0.11,0.03,0,3.01,5.37,57,9,5,1,3655,1
15732,46,Female,39513,Referral,Retention,614.03,0.11,0.09,4,6.53,11.42,19,0,4,0,3025,1
13239,20,Female,57336,Social Media,Consideration,1297.95,0.06,0.19,14,3.36,5.72,33,0,1,7,4246,1
10684,43,Female,62205,Social Media,Conversion,3342.25,0.17,0.05,13,7.17,0.99,89,19,9,0,791,1
9904,21,Male,116889,PPC,Consideration,338.37,0.14,0.08,30,9.18,10.97,38,6,9,6,4994,1
15280,42,Female,38368,Referral,Conversion,7101.12,0.11,0.12,47,6.91,10.3,63,3,2,5,4500,1
10077,43,Female,132343,PPC,Consideration,6580.75,0.14,0.04,37,1.44,14.39,70,16,0,1,2428,1
12332,27,Male,25465,Social Media,Conversion,3990.98,0.18,0.16,13,5.04,14.91,29,14,6,0,625,1
10647,22,Male,130023,PPC,Conversion,8273.09,0.15,0.09,44,9.96,5.95,61,19,9,9,1734,1
9007,56,Female,68192,Social Media,Awareness,5127.66,0.13,0.07,26,5.5,11.52,54,8,3,2,587,1
12754,49,Male,23527,Referral,Retention,1836.94,0.2,0.17,13,4.55,8.05,76,13,1,2,4259,1
8523,33,Female,115017,Social Media,Consideration,9380.66,0.16,0.08,21,6.6,14.46,5,14,6,7,521,1
10200,19,Female,78397,PPC,Consideration,1094.59,0.19,0.03,5,7.36,8.14,62,13,9,8,4200,1
11204,37,Female,123693,Referral,Retention,8090.22,0.22,0.03,41,5.45,10.3,50,14,7,2,2869,1
11793,58,Male,108456,Referral,Retention,4876.61,0.12,0.12,18,9.42,4.4,49,11,1,4,664,1
11532,31,Female,101975,Referral,Retention,7645.19,0.22,0.12,34,7.25,3.22,21,3,6,1,1738,1
15623,18,Male,32857,PPC,Retention,7182.53,0.06,0.08,2,6.83,4.08,81,8,2,5,3505,1
10024,34,Male,49605,Referral,Awareness,9429.49,0.19,0.01,4,2.65,12.63,8,14,0,8,2551,1
8444,19,Male,109893,SEO,Consideration,2442.43,0.2,0.04,8,8.28,6.06,42,7,0,1,1327,0
8288,24,Male,140384,Email,Retention,616.83,0.19,0.16,47,1.88,8.28,5,13,7,5,295,1
11854,40,Female,52161,Referral,Consideration,1266.12,0.08,0.13,11,4.04,12.54,87,11,7,8,3742,1
9943,30,Female,99134,Email,Retention,3675.52,0.18,0.15,6,3.74,1.55,70,9,2,2,4136,1
12134,57,Male,133507,Email,Awareness,311.39,0.26,0.03,26,5.91,13.45,22,12,0,5,1345,1
15367,29,Female,27923,Referral,Consideration,1203.54,0.04,0.06,13,7.51,7.49,39,2,6,9,2666,0
14687,36,Male,80047,Email,Awareness,5558.38,0.15,0.07,47,7.11,3.85,43,18,2,2,2973,1
9885,23,Male,147727,Referral,Consideration,877.42,0.11,0.13,3,1.37,10.95,98,1,2,9,3312,0
8248,22,Male,81794,Social Media,Retention,6985.76,0.09,0.02,37,8.54,7.63,19,10,3,8,1719,1
15553,51,Female,89245,Email,Consideration,6324.12,0.25,0.13,18,7.39,3.07,41,6,8,4,265,0
12177,67,Female,49030,Social Media,Conversion,5663.42,0.16,0.16,28,6.52,6.72,85,0,7,3,68,1
9708,66,Female,78070,SEO,Retention,9375.99,0.07,0.09,12,2.0,1.41,61,11,6,8,2397,1
12122,25,Male,117683,PPC,Retention,9495.67,0.15,0.13,29,3.9,5.74,30,0,1,3,2423,1
13195,65,Male,29940,Email,Conversion,216.99,0.16,0.09,31,4.78,8.39,19,4,6,7,4674,1
9617,58,Female,94710,Referral,Retention,789.99,0.18,0.08,41,9.72,6.23,15,9,5,4,1138,1
12794,20,Female,98538,Social Media,Consideration,9596.22,0.21,0.02,29,5.87,3.37,71,13,5,0,3856,1
14541,57,Male,134704,Social Media,Awareness,528.32,0.25,0.18,35,7.91,1.02,3,0,2,5,3165,1
15337,52,Male,46657,SEO,Retention,1327.0,0.21,0.14,8,2.29,5.93,3,1,8,6,2207,1
15143,64,Female,93191,SEO,Consideration,5998.17,0.3,0.17,20,8.81,5.73,73,2,7,2,2412,1
15441,30,Female,84586,Social Media,Awareness,1775.96,0.08,0.12,25,7.9,9.73,62,1,7,3,1115,0
15444,27,Female,46865,Social Media,Retention,6271.87,0.02,0.14,1,4.13,12.33,87,15,5,1,2147,1
14006,42,Female,136189,PPC,Awareness,381.07,0.08,0.13,45,8.78,11.59,4,17,4,8,3208,1
15234,44,Female,41283,SEO,Retention,7059.07,0.23,0.05,28,1.1,14.37,6,15,3,9,3265,1
15268,52,Female,56161,Email,Consideration,5548.58,0.14,0.04,11,5.67,14.9,17,14,8,9,3015,1
15487,20,Male,84046,Social Media,Consideration,6158.1,0.23,0.15,20,8.58,11.82,74,16,9,8,1914,0
12758,21,Female,122433,PPC,Conversion,4909.91,0.29,0.02,5,3.4,14.81,9,5,7,1,3472,1
12824,36,Female,22202,Email,Awareness,1753.43,0.13,0.11,47,3.13,9.67,60,19,1,7,1705,1
11182,69,Male,59038,SEO,Retention,6461.46,0.02,0.02,30,1.06,14.35,74,5,8,2,2059,1
14005,62,Male,108669,Referral,Conversion,6788.88,0.02,0.13,22,4.26,5.99,45,19,9,8,2631,1
12921,37,Male,132833,Social Media,Retention,1868.77,0.04,0.06,18,5.92,1.47,30,7,7,8,2361,1
14321,36,Female,118962,PPC,Consideration,5908.5,0.09,0.06,31,8.18,4.05,1,0,9,7,450,1
8484,43,Female,42568,Social Media,Retention,7087.85,0.02,0.12,18,1.49,7.36,56,15,8,4,1194,1
9440,65,Female,144613,Referral,Consideration,4730.59,0.02,0.08,38,3.37,2.46,11,2,3,9,3554,1
8585,25,Female,118529,Referral,Conversion,487.82,0.18,0.02,45,6.94,8.85,4,12,6,1,1221,1
15454,42,Male,101061,Email,Conversion,9942.62,0.12,0.18,4,2.89,7.58,90,0,3,5,856,0
9991,46,Male,70546,Referral,Consideration,6914.82,0.12,0.07,14,4.0,1.73,26,12,0,0,1055,1
13663,47,Male,75713,Referral,Conversion,6387.86,0.22,0.13,35,8.15,5.32,22,15,9,2,4239,1
14748,56,Female,68437,Referral,Consideration,5969.59,0.17,0.11,16,4.22,1.77,96,9,7,2,3305,1
14556,47,Male,63809,Social Media,Retention,7003.45,0.22,0.08,43,4.63,11.41,36,5,8,8,4530,1
9756,22,Female,22963,Social Media,Consideration,417.9,0.05,0.19,16,7.33,3.06,50,7,5,0,4821,1
12736,64,Female,118629,Social Media,Conversion,5362.11,0.21,0.19,4,7.2,5.11,86,18,6,3,812,1
8625,52,Female,131315,Social Media,Consideration,1846.44,0.23,0.14,9,9.36,14.07,34,2,1,3,3085,1
10220,22,Female,96676,PPC,Awareness,4979.62,0.13,0.08,2,9.54,8.69,53,11,4,2,2206,1
10672,62,Male,106089,Social Media,Consideration,995.49,0.23,0.19,20,5.71,11.94,84,11,0,2,3969,1
11481,65,Female,145741,Social Media,Retention,7287.54,0.11,0.1,37,7.59,3.6,30,15,0,5,2838,1
12780,18,Female,96772,Referral,Retention,3479.17,0.25,0.09,10,8.16,12.77,74,7,8,0,3074,1
11256,60,Female,60955,Referral,Awareness,6635.59,0.17,0.1,49,5.43,8.42,71,14,1,2,1404,1
8805,50,Female,67280,Email,Conversion,8355.42,0.06,0.04,19,7.0,12.39,80,6,3,1,3860,1
9165,35,Female,66390,SEO,Conversion,1247.41,0.08,0.03,39,5.19,12.56,40,2,5,3,2842,1
10643,40,Female,139278,Social Media,Retention,9648.54,0.12,0.05,16,6.24,4.48,55,10,8,1,433,1
11671,39,Male,104619,Social Media,Consideration,3184.61,0.07,0.04,1,1.76,5.14,23,8,6,6,4832,0
11512,57,Male,33071,SEO,Conversion,3487.22,0.16,0.05,30,9.98,4.69,78,15,3,7,4485,1
9677,59,Female,132923,Referral,Consideration,5507.5,0.2,0.05,37,2.2,14.48,5,16,3,6,170,1
15687,41,Female,59437,PPC,Conversion,4946.44,0.11,0.07,21,6.94,5.77,48,16,3,8,3288,1
13770,52,Male,52903,PPC,Conversion,8036.58,0.25,0.03,11,2.0,8.56,80,13,7,8,1978,1
15581,67,Female,125534,Referral,Retention,7206.23,0.22,0.05,31,8.94,3.11,57,19,3,3,3105,0
14782,56,Female,31073,Referral,Conversion,2056.97,0.12,0.1,26,1.14,10.39,58,16,6,1,1237,1
9098,43,Female,116818,Referral,Conversion,401.24,0.17,0.05,2,8.16,2.38,28,8,2,5,4607,1
12285,31,Female,64191,Email,Awareness,230.99,0.14,0.03,38,3.1,10.25,90,2,6,5,3068,1
8406,64,Female,118812,Referral,Conversion,6985.92,0.29,0.2,12,9.17,2.42,8,8,9,0,2822,1
8051,67,Female,97857,PPC,Conversion,5768.65,0.06,0.02,15,6.24,14.31,56,1,3,9,4720,1
14628,62,Female,131407,PPC,Conversion,9514.92,0.23,0.1,1,9.49,3.33,87,14,0,1,3858,1
8632,42,Male,33615,Email,Consideration,5796.15,0.27,0.1,21,2.16,2.22,45,16,9,2,1335,1
11096,68,Male,79789,Social Media,Awareness,3029.84,0.14,0.09,37,1.5,6.23,60,3,8,9,1465,1
10581,54,Female,119142,SEO,Retention,8371.55,0.01,0.03,44,2.46,0.86,22,14,4,4,2108,1
12300,26,Male,79615,SEO,Retention,3497.95,0.03,0.05,20,3.93,14.66,17,13,5,3,3014,1
10219,54,Male,114048,Email,Awareness,743.88,0.1,0.12,33,4.41,13.58,26,2,6,5,4365,1
10891,34,Male,111724,Social Media,Awareness,4932.25,0.13,0.06,27,3.92,14.17,96,3,6,3,3170,1
11757,22,Female,83202,PPC,Conversion,3176.79,0.05,0.07,1,1.67,9.52,46,16,3,9,153,1
10642,62,Female,88225,PPC,Consideration,4647.0,0.2,0.09,6,9.56,10.45,19,0,1,1,465,0
12622,62,Male,56764,Referral,Retention,3845.09,0.04,0.06,8,7.07,12.49,6,5,7,3,4090,1
15886,49,Female,86520,PPC,Conversion,3824.34,0.25,0.07,3,7.33,7.56,19,0,1,9,3307,0
8002,46,Female,88456,PPC,Awareness,1546.43,0.28,0.08,2,8.22,13.79,0,11,2,8,2337,1
13492,62,Male,61585,PPC,Consideration,2456.33,0.1,0.11,39,1.95,7.23,75,2,4,8,3747,1
8136,44,Female,54961,PPC,Conversion,8212.72,0.28,0.02,0,9.75,13.32,78,5,1,3,3124,1
10924,36,Female,69999,Referral,Awareness,4490.85,0.03,0.2,28,8.13,9.03,22,0,4,4,314,1
11878,52,Female,57869,Social Media,Retention,3422.77,0.08,0.03,42,6.33,10.65,72,7,9,7,2284,1
15521,48,Female,128447,PPC,Retention,8752.46,0.27,0.18,44,5.14,9.26,15,11,2,0,4297,0
10345,22,Female,122614,PPC,Consideration,4874.95,0.22,0.13,14,6.99,3.96,4,10,1,0,46,0
9684,30,Female,61887,SEO,Conversion,9746.56,0.26,0.13,28,4.81,10.94,52,13,1,2,3804,1
12869,28,Male,138301,Referral,Awareness,6782.53,0.2,0.06,14,9.94,4.41,41,15,1,4,1310,1
10462,46,Male,148658,PPC,Conversion,6820.57,0.14,0.19,5,7.08,14.05,24,3,9,5,60,1
11608,63,Female,112024,Social Media,Awareness,3620.09,0.05,0.12,22,3.17,12.54,4,0,5,6,4783,1
14645,62,Male,117239,Social Media,Consideration,3438.23,0.29,0.09,15,4.25,13.34,48,5,0,9,2714,1
11544,23,Male,67577,PPC,Conversion,9067.87,0.26,0.05,4,8.27,3.4,25,1,2,9,3409,1
10429,32,Female,47491,Email,Consideration,7330.25,0.12,0.09,27,4.59,5.92,33,0,2,4,3772,1
15205,40,Male,60376,Referral,Retention,4809.92,0.09,0.14,30,4.43,7.06,95,0,5,9,3236,1
12595,46,Female,41037,Referral,Awareness,3219.92,0.13,0.06,35,6.54,1.72,41,5,9,7,452,1
15229,59,Female,124869,Referral,Consideration,2063.31,0.17,0.11,6,2.56,8.55,26,5,5,4,2699,1
14947,43,Male,75122,PPC,Retention,1935.97,0.23,0.06,5,3.09,5.1,32,7,7,9,452,1
8330,52,Male,48896,SEO,Awareness,3310.15,0.11,0.1,19,8.13,5.77,71,7,7,1,4625,1
13678,49,Female,133605,PPC,Retention,3598.75,0.23,0.01,41,5.21,9.93,58,13,4,5,106,1
10533,22,Male,40760,Social Media,Conversion,4707.7,0.29,0.08,4,5.84,5.59,51,9,3,1,214,1
14922,48,Female,21552,SEO,Awareness,781.94,0.24,0.05,13,6.53,1.11,93,12,2,0,3642,0
14810,24,Male,134495,Referral,Retention,4661.18,0.14,0.19,49,4.21,8.22,86,14,4,0,504,1
11018,39,Male,20858,Email,Consideration,7916.02,0.03,0.1,49,9.39,10.61,4,14,2,7,3553,1
15438,59,Female,134080,Social Media,Retention,5046.87,0.23,0.04,12,8.27,8.94,60,11,2,0,743,0
13758,43,Female,113445,Referral,Consideration,6011.71,0.18,0.03,46,2.88,2.11,65,14,0,9,1076,1
9876,58,Female,89541,SEO,Retention,1671.62,0.12,0.18,19,9.56,14.35,37,10,3,6,2500,1
9722,26,Female,135287,Email,Awareness,5472.96,0.07,0.02,22,6.06,4.3,66,14,4,6,3410,1
9092,50,Female,46408,Social Media,Conversion,1672.9,0.24,0.15,6,1.27,3.19,90,1,9,9,4426,1
10444,32,Male,148345,Social Media,Awareness,2688.16,0.11,0.1,16,2.68,0.74,49,6,7,0,954,0
9493,62,Female,83925,SEO,Consideration,3502.28,0.12,0.19,12,9.69,14.33,31,6,5,4,2503,1
9380,47,Female,60122,Referral,Awareness,5673.5,0.27,0.18,8,5.44,11.58,76,7,3,8,4787,1
13849,44,Female,85179,Email,Consideration,7100.89,0.17,0.03,31,3.43,1.09,30,2,3,7,107,1
8630,37,Male,61997,SEO,Awareness,8164.41,0.13,0.07,0,8.02,8.01,73,9,7,0,1983,1
9162,62,Female,58549,Social Media,Awareness,7795.26,0.02,0.13,30,3.51,2.52,11,0,1,3,601,0
13868,56,Male,65630,Social Media,Retention,7514.07,0.2,0.14,32,2.9,7.1,35,7,0,4,3864,1
13086,45,Male,92623,Social Media,Awareness,2441.32,0.15,0.09,22,2.47,10.65,68,19,9,9,3190,1
9375,67,Female,75619,Referral,Conversion,3580.84,0.24,0.05,49,6.06,6.96,35,3,4,9,2477,1
10987,47,Female,147396,PPC,Retention,3618.88,0.19,0.03,5,4.09,3.37,93,11,5,0,2503,0
15087,34,Female,138502,Referral,Retention,8884.01,0.04,0.08,45,4.71,13.49,76,7,6,3,3055,1
11565,55,Male,78220,Social Media,Retention,7545.52,0.14,0.1,25,7.22,8.41,24,13,5,3,2680,1
14688,63,Female,30191,Referral,Awareness,4505.02,0.28,0.09,46,7.0,0.68,80,7,8,4,4772,1
12680,18,Female,99864,Email,Conversion,1445.59,0.14,0.19,8,4.14,10.74,0,4,8,4,4446,1
11890,65,Female,134829,PPC,Retention,1610.51,0.23,0.2,17,4.12,3.46,89,11,3,3,700,1
9647,35,Female,148536,Social Media,Retention,4960.12,0.2,0.11,15,1.09,2.63,70,17,0,1,3456,0
11619,63,Female,126435,Email,Consideration,2475.08,0.27,0.11,46,8.97,14.6,64,0,2,2,4197,1
8290,43,Female,71337,SEO,Retention,7426.07,0.1,0.1,31,2.39,13.92,10,11,9,1,4697,1
8325,46,Male,121341,Social Media,Conversion,3980.5,0.22,0.19,16,1.7,1.35,64,1,0,5,1301,1
14457,56,Female,127127,PPC,Retention,777.63,0.29,0.05,47,9.0,0.79,60,18,0,0,2055,0
8417,26,Female,143980,PPC,Consideration,1696.44,0.22,0.11,12,3.6,3.86,61,6,0,7,781,1
11675,51,Female,36944,SEO,Retention,4299.37,0.14,0.1,11,7.36,1.31,74,0,5,3,2261,1
13447,41,Male,95348,PPC,Consideration,3421.42,0.24,0.18,2,4.53,11.01,95,1,1,3,2749,1
14634,42,Female,115446,PPC,Awareness,9300.83,0.2,0.06,21,4.97,14.29,91,16,8,7,3440,1
10193,65,Female,141331,SEO,Retention,1337.75,0.22,0.02,23,4.71,8.91,96,3,7,2,2113,1
11536,56,Female,49114,SEO,Retention,8778.86,0.14,0.13,26,4.06,1.24,22,9,8,4,707,1
9923,29,Female,46170,SEO,Consideration,8644.18,0.11,0.05,43,1.49,1.25,23,1,7,1,3630,1
8011,28,Male,29605,SEO,Awareness,2898.25,0.2,0.16,16,9.16,1.37,23,18,6,5,2403,1
9378,66,Female,83401,SEO,Consideration,8298.54,0.1,0.02,34,7.11,14.0,62,19,5,7,2045,1
13786,30,Male,28826,Social Media,Conversion,108.06,0.09,0.19,31,5.08,13.8,51,5,6,5,971,1
8678,34,Male,139779,Referral,Consideration,6106.27,0.1,0.08,46,9.7,5.14,96,17,7,1,2719,1
13809,25,Female,42068,Referral,Retention,8035.47,0.17,0.06,19,8.1,2.87,53,19,1,6,3287,1
8814,42,Male,119676,Email,Consideration,9860.82,0.22,0.01,47,4.63,12.64,57,18,9,7,3758,1
9242,53,Female,88264,SEO,Awareness,1499.61,0.13,0.14,30,2.76,0.8,90,19,5,4,3536,1
12656,31,Female,65680,PPC,Awareness,3152.01,0.13,0.02,6,5.52,14.78,37,10,6,1,1160,1
14506,33,Female,32501,Referral,Awareness,5396.44,0.11,0.12,35,9.09,12.34,93,8,4,8,1571,1
12788,26,Male,103227,PPC,Consideration,304.82,0.25,0.16,17,3.93,3.72,75,3,2,2,4497,1
11172,32,Female,132079,SEO,Conversion,5795.01,0.1,0.02,37,8.16,13.26,79,15,1,4,185,1
13430,49,Male,85711,Referral,Awareness,9093.45,0.16,0.13,25,7.58,7.7,9,15,1,0,4880,1
11505,52,Female,40753,PPC,Consideration,236.38,0.28,0.18,12,7.88,0.63,18,11,5,2,405,1
9259,29,Male,44400,Email,Retention,4231.33,0.21,0.14,38,9.8,8.52,36,0,6,2,3388,1
9635,68,Female,139195,SEO,Conversion,7047.41,0.09,0.18,19,3.07,14.62,38,8,7,7,355,1
12294,30,Male,50825,Social Media,Conversion,7282.23,0.03,0.07,34,3.65,14.79,45,13,2,4,2892,1
13085,66,Male,132491,Social Media,Consideration,9165.94,0.1,0.08,32,5.35,13.18,66,5,7,4,4561,1
14420,64,Male,128686,Referral,Retention,6192.38,0.05,0.14,12,5.3,14.75,37,13,2,6,4681,1
11995,28,Female,21902,SEO,Consideration,6972.62,0.17,0.04,6,5.7,12.62,51,3,1,2,3209,1
13792,25,Female,78204,Email,Retention,1472.17,0.21,0.04,1,6.7,9.68,63,4,3,4,439,0
10202,22,Male,36960,PPC,Awareness,2731.69,0.1,0.11,28,7.58,3.62,49,2,2,9,3783,0
8477,67,Male,135725,PPC,Retention,338.71,0.27,0.18,27,8.07,10.86,48,13,9,5,157,1
8028,61,Female,27549,Referral,Retention,6250.27,0.15,0.08,25,3.95,10.67,92,17,1,3,68,1
12981,68,Female,148424,SEO,Conversion,9116.02,0.3,0.17,44,2.31,14.17,3,13,3,3,3887,1
9492,46,Female,71500,Referral,Consideration,3418.95,0.3,0.1,19,9.69,13.58,80,1,9,6,108,1
14646,33,Female,77172,Email,Retention,8035.47,0.08,0.12,49,6.06,14.68,21,8,3,5,4480,1
14831,49,Male,142143,Email,Awareness,6560.92,0.3,0.05,7,7.31,6.78,32,14,9,2,259,1
8250,51,Male,135900,PPC,Awareness,5741.98,0.25,0.05,8,8.63,10.3,50,8,2,2,1588,1
9409,54,Male,62113,Social Media,Conversion,5613.64,0.29,0.04,31,5.35,9.29,48,6,6,0,521,1
15360,28,Male,130497,PPC,Awareness,5406.88,0.04,0.12,5,2.92,8.64,93,13,4,5,370,1
11025,35,Female,74941,Referral,Consideration,3634.04,0.09,0.18,6,4.01,11.26,26,9,3,6,4192,1
9323,60,Female,20527,Social Media,Awareness,4214.29,0.21,0.18,46,9.34,1.95,57,16,5,4,712,1
14300,52,Female,119233,Email,Retention,9450.47,0.24,0.04,16,4.67,1.01,58,10,2,3,1058,1
9592,61,Female,77995,Social Media,Awareness,7007.71,0.29,0.07,16,6.76,12.29,45,4,2,1,3266,1
11698,52,Female,26621,Email,Retention,6834.51,0.17,0.12,22,1.96,7.18,8,13,7,5,2497,1
15387,48,Female,110473,Email,Awareness,4828.1,0.03,0.19,31,1.81,12.47,72,2,2,9,1732,0
9754,20,Male,85064,Referral,Consideration,1569.02,0.29,0.18,26,8.83,12.56,63,10,2,0,1138,1
10526,42,Female,64227,Referral,Awareness,3035.47,0.04,0.11,6,4.42,6.33,69,12,1,5,3411,1
15803,33,Female,30924,Email,Consideration,8576.83,0.06,0.18,21,7.15,4.74,46,7,7,2,4782,1
9094,66,Female,90683,Email,Conversion,2045.07,0.22,0.09,29,5.54,11.05,50,15,0,8,2033,1
11167,21,Female,73095,Email,Awareness,3168.74,0.16,0.01,30,4.25,11.89,48,16,5,9,316,1
12136,51,Female,134673,Email,Retention,8129.33,0.08,0.02,30,9.09,14.57,96,15,3,2,2227,1
10954,31,Male,68225,PPC,Retention,6227.03,0.03,0.1,6,9.11,9.35,23,15,2,8,3905,1
9564,51,Male,56345,SEO,Consideration,8008.56,0.23,0.06,31,2.66,14.91,59,1,5,8,4646,1
8642,26,Female,110855,SEO,Retention,2694.5,0.29,0.18,10,7.47,12.6,26,0,3,7,3622,1
9201,69,Female,90218,Social Media,Consideration,425.08,0.08,0.19,28,3.87,8.69,65,13,2,5,1112,1
14647,22,Male,117305,Referral,Awareness,8160.67,0.29,0.03,39,9.2,7.5,51,0,6,8,3958,1
10350,67,Female,141298,SEO,Retention,1554.96,0.18,0.06,15,8.36,3.79,38,3,0,8,4060,1
15379,40,Male,64494,Social Media,Retention,5828.77,0.2,0.09,36,6.89,10.56,46,3,5,3,632,1
10917,57,Male,133023,Social Media,Retention,3540.63,0.23,0.16,32,7.82,13.6,62,11,7,5,2366,1
14823,63,Female,66823,PPC,Conversion,7559.64,0.19,0.18,3,9.57,10.51,5,2,9,5,4600,1
15820,24,Female,143031,PPC,Consideration,8651.15,0.24,0.1,22,3.94,10.41,14,16,3,6,1936,1
15182,55,Female,103994,PPC,Awareness,3944.23,0.18,0.17,21,2.38,4.93,2,4,5,3,3294,1
8858,56,Male,21358,PPC,Awareness,5241.18,0.07,0.11,40,2.41,7.61,85,8,0,3,270,1
10081,51,Female,65485,Referral,Conversion,3893.22,0.05,0.19,30,8.25,12.39,26,8,2,4,4888,1
12903,46,Female,22355,Referral,Conversion,964.72,0.24,0.15,10,2.38,7.1,34,6,0,6,3329,1
13624,25,Female,73096,Email,Consideration,3238.24,0.12,0.12,9,5.25,14.29,90,11,3,7,1716,1
8449,42,Female,134501,Referral,Retention,3009.32,0.07,0.06,43,4.92,8.49,84,14,9,2,2754,1
13028,43,Female,121442,SEO,Awareness,3413.38,0.07,0.1,25,8.65,12.79,68,6,2,2,2724,1
8860,51,Male,111150,PPC,Consideration,4355.59,0.18,0.03,15,2.94,8.34,44,10,6,5,398,1
9075,47,Female,51275,PPC,Retention,5775.93,0.17,0.01,30,7.03,4.94,52,13,3,0,2205,1
9773,52,Female,62230,SEO,Consideration,9549.64,0.19,0.13,8,5.29,12.21,56,2,1,4,4007,1
15573,47,Female,136254,SEO,Consideration,3989.31,0.04,0.12,47,1.27,3.07,0,4,1,5,3240,1
13064,55,Female,127240,Email,Conversion,9923.54,0.13,0.07,26,4.58,6.8,27,0,7,9,3762,1
14008,20,Male,75721,Social Media,Awareness,7249.57,0.12,0.14,0,1.32,1.32,76,3,2,8,4967,0
13514,67,Male,30248,Email,Awareness,7054.21,0.03,0.02,38,3.9,7.81,15,12,4,6,4422,1
10973,28,Male,129138,PPC,Retention,2594.72,0.3,0.05,20,4.76,4.26,31,1,9,7,1205,1
10385,18,Male,92427,Social Media,Consideration,8550.54,0.09,0.05,45,8.39,3.14,14,9,4,9,1309,1
11573,59,Female,26089,SEO,Awareness,9694.76,0.03,0.16,4,4.29,10.77,55,4,1,3,4817,1
12763,38,Male,141522,PPC,Awareness,4211.61,0.13,0.16,4,4.82,1.63,15,5,3,8,2911,1
8428,30,Male,136972,Referral,Consideration,5646.53,0.18,0.14,4,3.5,10.61,90,11,9,5,4887,1
15631,50,Female,32626,Email,Consideration,2039.04,0.26,0.16,1,4.8,13.6,15,17,2,3,2550,1
8789,46,Male,78391,Social Media,Awareness,373.4,0.29,0.18,49,9.12,6.27,5,4,3,5,3484,1
9431,65,Female,21648,Referral,Conversion,3633.48,0.06,0.15,13,7.47,0.76,97,13,8,4,1830,1
14002,48,Female,94798,SEO,Consideration,9692.37,0.29,0.13,31,3.88,13.02,20,13,9,6,2658,1
13942,66,Female,109006,Email,Awareness,183.24,0.17,0.16,13,4.06,11.3,88,11,6,5,4981,1
15486,52,Male,112099,Referral,Conversion,8080.31,0.29,0.15,27,2.26,10.25,42,19,1,5,3151,0
8648,36,Female,138585,PPC,Retention,9478.76,0.26,0.13,44,7.47,13.51,80,13,4,5,4579,1
10597,44,Female,58002,SEO,Conversion,316.45,0.02,0.16,48,4.59,4.93,20,2,1,7,1537,1
10166,68,Female,139250,Email,Retention,4721.55,0.19,0.09,33,4.04,5.93,80,12,9,4,1369,1
13814,52,Male,36285,PPC,Conversion,221.07,0.04,0.08,22,1.81,13.55,56,9,2,5,2802,1
8372,66,Female,86778,Referral,Awareness,2756.82,0.08,0.16,37,3.6,4.09,96,19,2,3,2382,1
13502,28,Female,95837,Referral,Consideration,4710.75,0.12,0.05,48,9.88,11.15,6,11,2,3,2330,1
9741,21,Female,91727,SEO,Consideration,7853.79,0.1,0.12,38,5.07,9.49,54,13,6,7,1372,1
14699,42,Male,133219,Social Media,Awareness,7989.03,0.06,0.09,10,5.44,11.36,94,6,1,1,3481,1
12224,60,Female,109343,PPC,Consideration,7945.14,0.03,0.16,44,4.75,3.43,77,11,7,7,4828,1
11028,38,Male,57487,SEO,Awareness,8255.78,0.29,0.1,11,5.46,1.42,47,6,3,0,4427,1
11967,45,Male,85254,Social Media,Conversion,3745.79,0.22,0.2,43,7.26,0.57,61,5,4,7,2301,1
10678,26,Female,109780,Social Media,Awareness,1541.07,0.25,0.06,19,2.43,10.3,48,12,6,2,4,1
8101,18,Female,144925,Email,Consideration,3251.44,0.11,0.04,36,9.04,5.63,21,0,9,6,4525,1
9536,68,Male,40742,SEO,Awareness,5534.6,0.19,0.08,7,6.5,11.55,81,5,6,7,3513,1
8637,53,Female,131296,PPC,Retention,8121.37,0.02,0.09,7,8.03,13.09,86,5,2,7,4131,1
15554,32,Male,118642,Email,Awareness,6811.81,0.16,0.09,44,7.13,13.92,2,0,9,5,379,1
14275,35,Male,87564,PPC,Awareness,3467.31,0.15,0.09,25,1.63,14.58,0,10,7,5,1335,1
11429,49,Female,143641,Social Media,Awareness,2989.46,0.11,0.07,19,9.82,4.33,16,1,8,2,1243,1
14661,40,Male,105639,Referral,Conversion,8445.62,0.12,0.08,37,5.55,8.74,79,16,8,7,424,1
14070,61,Female,128497,PPC,Awareness,7508.19,0.18,0.08,1,1.78,4.6,96,13,6,3,437,1
14557,37,Male,40791,SEO,Conversion,8744.72,0.25,0.15,38,3.46,13.72,17,17,3,7,3790,1
10706,59,Female,108909,Referral,Conversion,526.04,0.04,0.1,25,9.63,11.46,89,10,9,0,374,1
15491,44,Female,116458,Referral,Consideration,2103.01,0.07,0.01,39,8.9,13.48,99,12,7,6,4338,1
8425,67,Female,21776,Social Media,Conversion,6044.61,0.09,0.15,8,8.26,5.76,55,7,9,5,4140,1
9058,20,Male,46807,Email,Awareness,1585.22,0.27,0.13,4,4.23,14.84,21,17,2,9,2928,1
10247,37,Male,28009,PPC,Awareness,4188.04,0.24,0.15,20,3.5,8.02,3,14,4,1,2529,1
9801,41,Female,83103,Social Media,Awareness,9479.93,0.08,0.02,1,2.2,3.09,11,10,1,0,940,0
11258,21,Female,68435,Social Media,Retention,3262.37,0.03,0.07,0,4.66,5.79,26,3,6,1,1536,0
13836,37,Male,138336,PPC,Retention,9888.7,0.13,0.06,47,5.43,1.5,18,0,4,2,712,1
8725,56,Female,107440,Email,Conversion,2182.98,0.01,0.13,31,3.05,14.02,65,7,9,6,4810,1
9155,54,Female,74327,Social Media,Awareness,1753.03,0.3,0.06,17,1.22,12.74,86,12,8,1,4609,1
13382,40,Male,88759,Social Media,Retention,2023.82,0.06,0.05,35,4.65,13.83,19,13,5,3,1767,1
11761,63,Male,107856,Referral,Consideration,9532.32,0.1,0.07,10,5.69,11.37,32,11,7,2,4658,1
11439,30,Male,122592,Email,Retention,4506.02,0.26,0.14,7,2.35,8.52,61,10,7,9,2075,1
10825,44,Male,89015,PPC,Consideration,6268.41,0.19,0.15,23,1.28,2.12,54,9,8,0,1031,1
11634,34,Female,68623,Email,Conversion,8826.57,0.15,0.03,36,5.43,8.57,12,1,8,2,348,1
8631,65,Male,106151,Email,Retention,3182.09,0.27,0.1,11,3.15,4.7,0,10,1,5,4046,1
10040,58,Male,63839,SEO,Conversion,5182.44,0.19,0.18,8,4.91,13.59,5,4,2,4,1362,1
8197,58,Male,118331,PPC,Consideration,7323.52,0.15,0.14,12,1.48,4.02,69,15,8,1,523,1
8049,42,Female,127955,SEO,Retention,408.69,0.2,0.11,46,6.92,13.97,96,17,4,9,3404,1
14256,67,Male,100982,Social Media,Retention,4804.41,0.06,0.18,33,1.75,7.65,81,2,9,3,3394,1
15449,41,Female,69339,Social Media,Awareness,9056.43,0.26,0.05,47,8.78,14.79,76,11,4,8,359,1
8844,63,Male,82624,Referral,Retention,7916.55,0.29,0.13,0,3.15,13.53,36,18,0,0,682,1
14758,39,Female,43997,Social Media,Consideration,3036.75,0.05,0.18,25,8.51,10.39,19,13,6,3,2218,1
14925,34,Male,25271,PPC,Consideration,8437.05,0.18,0.1,27,2.58,5.5,16,15,8,3,2780,1
14683,48,Female,96693,Referral,Retention,8361.27,0.21,0.02,1,2.16,2.3,11,11,3,3,1123,1
11583,64,Male,93598,Email,Awareness,6610.46,0.05,0.14,44,6.7,8.91,64,11,3,4,2702,1
13762,30,Female,118429,Referral,Retention,9325.52,0.14,0.13,47,2.03,13.31,2,4,7,3,1499,1
10311,46,Male,34671,Email,Awareness,7820.31,0.23,0.1,31,8.4,3.95,31,0,2,8,687,1
8236,36,Male,104859,Referral,Consideration,5392.59,0.18,0.06,13,9.01,0.89,29,10,9,0,2345,1
8587,43,Female,55779,SEO,Conversion,7334.39,0.22,0.15,10,2.54,8.35,94,13,5,4,130,1
8263,53,Male,31969,Email,Awareness,828.18,0.16,0.16,0,7.67,11.31,4,7,0,6,3769,1
11421,65,Female,133852,Email,Consideration,1885.87,0.08,0.1,24,5.87,2.62,30,13,4,0,4965,1
10952,53,Female,100853,PPC,Consideration,8038.61,0.05,0.07,11,2.17,4.76,66,19,5,6,3897,1
12065,49,Female,56589,Referral,Consideration,5035.48,0.16,0.2,35,6.69,12.52,67,10,6,7,205,1
15911,35,Female,97090,Social Media,Awareness,5092.71,0.12,0.14,34,9.02,10.54,44,6,7,0,4997,0
13173,39,Female,87008,Email,Awareness,4649.72,0.05,0.04,44,1.41,4.08,57,5,4,2,3733,0
10086,28,Female,120050,Referral,Conversion,3358.86,0.13,0.2,4,1.2,10.15,71,2,3,3,4095,1
8619,54,Female,54725,Social Media,Consideration,3206.78,0.28,0.11,0,8.02,14.96,74,15,2,2,3923,1
14498,19,Female,113966,Social Media,Retention,3776.94,0.1,0.07,4,9.92,8.23,93,1,4,9,2787,1
14733,25,Female,91622,Email,Conversion,9736.87,0.26,0.17,16,2.91,6.68,55,14,6,2,1255,1
15560,24,Male,70808,Social Media,Consideration,9871.93,0.01,0.08,32,9.62,13.34,70,18,8,0,79,1
9983,32,Male,76738,Referral,Retention,840.84,0.07,0.12,38,3.14,5.16,37,10,7,0,1899,1
8050,31,Female,44832,Referral,Consideration,3429.39,0.09,0.1,21,6.35,1.91,94,18,3,9,4788,1
13870,49,Male,100228,Referral,Awareness,1799.97,0.2,0.1,35,2.88,14.88,62,7,2,2,3813,1
11450,21,Male,127114,Email,Awareness,6070.38,0.15,0.05,24,7.63,1.27,43,15,2,5,514,1
9517,23,Female,104268,Social Media,Awareness,5118.63,0.15,0.17,16,3.06,7.19,60,0,5,2,810,1
11113,56,Female,100893,Referral,Retention,3304.01,0.08,0.06,20,6.68,5.07,83,12,9,5,1505,1
14524,50,Male,109795,Social Media,Consideration,712.12,0.26,0.02,46,8.58,4.55,52,9,4,8,2578,1
14044,19,Female,95449,PPC,Retention,4215.39,0.22,0.09,13,3.47,5.66,98,8,9,0,1166,1
13074,63,Female,110932,Email,Conversion,1769.46,0.05,0.12,19,7.81,2.93,68,3,9,9,2561,1
14097,22,Male,122769,PPC,Awareness,1190.16,0.11,0.14,40,1.27,9.66,26,12,8,3,1892,1
14438,33,Female,30296,Social Media,Consideration,4643.5,0.26,0.15,17,4.55,12.35,77,1,8,7,4812,1
15985,43,Male,148240,PPC,Conversion,3314.01,0.02,0.06,14,5.04,12.06,6,12,4,5,52,1
10352,26,Female,105490,Social Media,Conversion,1474.84,0.1,0.19,21,7.11,0.75,38,5,1,0,623,0
14430,46,Female,107986,SEO,Consideration,3847.96,0.01,0.17,27,9.02,4.68,30,14,7,0,2831,1
14695,22,Male,112480,PPC,Retention,8552.81,0.08,0.13,36,4.04,14.54,76,17,8,3,4455,1
11166,23,Male,49160,SEO,Consideration,3604.23,0.11,0.14,22,7.72,3.52,15,4,4,2,1770,1
9060,48,Female,105864,PPC,Conversion,5842.91,0.14,0.2,38,2.89,7.35,83,16,7,1,4255,1
8553,49,Male,47260,PPC,Consideration,5800.88,0.19,0.08,28,4.02,12.89,15,5,2,8,3227,1
10925,24,Female,33785,Email,Conversion,8204.61,0.25,0.1,21,8.14,9.34,57,17,1,0,2029,1
8104,26,Female,40113,Referral,Awareness,7182.0,0.23,0.1,44,4.28,10.82,45,17,6,7,272,1
12042,62,Female,144600,PPC,Consideration,219.0,0.19,0.19,0,8.95,3.33,28,2,9,5,4900,1
11091,31,Male,74515,Social Media,Awareness,6452.84,0.17,0.06,36,7.67,7.87,31,1,0,7,3430,1
11346,63,Male,20526,PPC,Retention,9202.42,0.13,0.16,25,7.85,3.79,19,11,7,0,4442,1
10484,56,Female,139846,SEO,Awareness,2744.67,0.19,0.06,19,7.63,3.1,37,16,1,9,793,1
11685,35,Female,92264,PPC,Consideration,2052.24,0.28,0.18,31,5.93,6.23,81,11,6,9,4883,1
12614,37,Male,148574,PPC,Awareness,5527.84,0.2,0.14,22,4.51,14.85,64,4,5,2,4276,1
11868,54,Female,28430,Email,Awareness,3279.63,0.21,0.01,30,6.17,8.75,50,13,8,3,3711,1
11867,21,Male,85781,SEO,Conversion,3603.68,0.01,0.05,32,6.82,1.08,36,7,5,9,186,1
14305,65,Female,67673,Referral,Conversion,4435.49,0.11,0.16,1,5.14,3.09,79,8,3,3,2000,1
15383,68,Female,52481,Referral,Retention,3391.58,0.14,0.19,1,1.09,7.67,65,6,2,1,2566,1
9766,52,Female,103652,Social Media,Conversion,9392.06,0.11,0.1,48,1.98,5.96,83,10,5,5,2540,1
15022,40,Female,128938,Social Media,Consideration,2105.97,0.19,0.17,34,8.39,5.87,89,9,3,8,956,1
14898,43,Female,34772,SEO,Retention,3792.29,0.25,0.02,18,6.44,9.5,37,15,5,4,1159,1
12170,27,Female,66815,SEO,Consideration,1717.23,0.07,0.07,24,1.43,1.76,74,19,3,0,1135,0
8202,44,Female,49559,Social Media,Consideration,2312.36,0.02,0.04,45,4.5,4.01,33,12,4,6,2956,1
10310,25,Female,28149,Social Media,Retention,3660.42,0.2,0.12,46,4.19,14.7,47,14,3,4,3839,1
13907,32,Female,57429,PPC,Awareness,4608.95,0.03,0.13,5,6.32,2.23,71,2,3,4,368,0
10123,62,Female,38460,Referral,Consideration,5516.57,0.2,0.03,8,8.15,12.99,74,2,2,1,4533,0
14704,22,Male,91494,SEO,Retention,1184.3,0.08,0.03,6,6.85,5.09,99,1,5,5,37,0
15006,42,Female,129305,Referral,Consideration,4230.65,0.03,0.13,39,9.87,12.19,82,0,8,9,2342,1
9770,41,Male,88617,Email,Retention,943.76,0.29,0.11,42,9.7,2.75,29,1,7,2,292,1
11790,56,Female,111380,SEO,Conversion,1160.03,0.26,0.04,13,7.04,4.13,68,1,9,2,2674,1
12387,33,Female,91192,Referral,Awareness,4240.23,0.26,0.12,41,9.27,10.57,32,17,3,6,1310,1
14587,26,Male,86809,Referral,Awareness,2673.15,0.21,0.09,3,7.63,5.57,19,4,6,1,2603,1
15077,27,Female,65904,PPC,Conversion,1470.66,0.13,0.02,33,7.29,11.28,57,15,2,7,1398,1
14879,35,Female,116279,Referral,Consideration,3945.4,0.25,0.18,17,1.78,14.76,8,13,4,6,737,1
15752,24,Male,141401,SEO,Consideration,1440.92,0.26,0.1,24,8.11,8.87,11,5,6,3,4563,1
11587,53,Male,129955,PPC,Conversion,977.51,0.03,0.15,48,2.3,12.43,34,4,9,5,4042,1
14494,48,Male,68260,Social Media,Consideration,8988.91,0.25,0.14,43,5.31,11.83,37,13,8,0,4380,1
10733,48,Female,133295,Email,Consideration,2731.87,0.17,0.07,27,4.43,8.19,29,17,8,6,3186,1
12948,58,Male,139595,Referral,Consideration,9820.44,0.16,0.09,37,9.07,12.76,32,3,9,5,3643,1
14917,45,Female,62083,Social Media,Consideration,4900.99,0.16,0.15,18,6.53,8.62,17,11,6,8,2152,1
11074,63,Male,35611,SEO,Conversion,385.47,0.13,0.16,12,5.65,12.33,23,15,8,9,3064,1
9866,30,Male,93306,Referral,Retention,3577.13,0.27,0.03,46,1.01,7.86,96,13,2,7,4609,1
15634,58,Male,98959,Email,Awareness,3492.91,0.18,0.1,11,4.38,10.71,43,0,7,1,2050,1
13696,27,Female,103404,Referral,Consideration,7513.11,0.21,0.09,20,9.87,9.13,29,14,9,0,851,1
9043,23,Female,147220,Email,Conversion,3014.37,0.02,0.03,46,9.08,4.95,45,15,7,9,4312,1
13738,39,Female,98930,PPC,Awareness,5569.06,0.15,0.14,29,6.95,10.81,3,5,1,6,1381,1
13287,18,Female,85572,Email,Retention,3303.48,0.05,0.16,36,7.49,12.07,57,1,1,3,2802,1
9450,28,Male,106724,Referral,Awareness,9696.01,0.09,0.18,44,3.94,9.97,20,11,4,1,1808,1
8269,49,Female,118847,Social Media,Consideration,191.74,0.24,0.05,21,1.48,11.19,60,11,5,3,2629,1
13125,46,Female,81836,PPC,Awareness,378.71,0.27,0.09,45,2.67,14.09,60,10,5,1,2356,1
13372,61,Female,147588,Referral,Retention,6811.98,0.1,0.1,5,6.56,9.08,55,3,5,2,1321,1
8447,39,Female,26827,Referral,Retention,3284.35,0.04,0.11,38,7.67,8.3,45,5,7,1,1721,1
13656,63,Male,113792,SEO,Awareness,4209.39,0.04,0.05,22,3.21,10.99,19,4,8,1,3329,0
8638,29,Female,20981,Social Media,Retention,2900.43,0.22,0.02,32,3.99,3.19,42,1,3,1,4640,0
15411,41,Female,24533,Social Media,Conversion,554.56,0.16,0.19,27,6.69,0.72,62,10,7,0,3018,1
15118,21,Female,22766,Social Media,Consideration,517.23,0.09,0.14,19,9.96,3.83,99,9,2,6,818,0
14700,48,Male,143326,Social Media,Conversion,7883.35,0.16,0.08,40,6.89,14.59,87,4,3,6,1057,1
9027,39,Female,114891,PPC,Awareness,6924.87,0.17,0.07,18,6.67,2.35,25,8,7,1,4668,1
14671,61,Female,97972,Social Media,Retention,1479.62,0.28,0.13,17,2.06,11.16,59,6,9,1,4563,1
14526,45,Female,87462,Referral,Retention,6489.36,0.19,0.02,34,6.84,9.63,47,17,3,8,321,1
8760,28,Male,26092,SEO,Awareness,6686.29,0.28,0.08,42,7.82,6.68,35,4,1,2,1805,1
15384,22,Female,48401,SEO,Conversion,5417.79,0.12,0.15,21,1.68,13.63,76,1,1,8,1187,0
11817,19,Male,140207,SEO,Conversion,4927.32,0.23,0.07,13,5.71,9.39,17,15,6,6,3408,1
15824,35,Female,78810,Email,Conversion,7920.65,0.23,0.03,48,1.67,3.08,31,13,6,5,2263,1
9498,23,Male,69631,PPC,Consideration,4463.7,0.15,0.18,43,7.9,1.5,43,19,8,8,4818,1
11996,62,Female,138859,SEO,Conversion,8841.38,0.18,0.07,23,9.03,1.62,16,9,1,9,4912,1
13787,43,Male,99475,Social Media,Consideration,2656.75,0.16,0.16,37,2.14,13.48,40,14,4,7,4473,1
10851,69,Female,126831,Social Media,Conversion,8267.05,0.26,0.2,35,3.83,13.83,1,7,8,5,4228,1
9085,61,Female,138493,Email,Conversion,9495.39,0.26,0.08,5,8.54,1.09,67,15,2,4,4740,1
11129,33,Male,123191,Referral,Conversion,263.71,0.2,0.07,19,6.04,12.23,20,3,3,7,1171,1
12450,48,Male,75178,Email,Consideration,5825.29,0.15,0.16,21,5.59,6.55,76,6,8,4,1024,1
12444,28,Male,97656,PPC,Conversion,3713.64,0.09,0.16,15,3.95,5.86,63,6,9,3,3930,1
15483,46,Female,124042,PPC,Consideration,7215.22,0.23,0.11,46,4.77,5.43,18,0,2,9,1088,1
12323,45,Female,95033,Social Media,Awareness,7815.44,0.21,0.02,36,2.24,12.93,56,9,5,6,1624,1
12625,40,Male,127994,SEO,Awareness,8170.96,0.01,0.07,25,6.08,9.58,47,17,7,4,1259,1
12830,18,Male,124621,Social Media,Conversion,6158.4,0.24,0.13,16,9.93,12.84,20,7,3,7,2336,1
13177,40,Female,90408,Social Media,Conversion,5377.03,0.02,0.09,10,2.85,11.67,69,7,4,5,113,1
10743,23,Male,112407,Referral,Conversion,1250.42,0.06,0.2,47,7.92,9.06,87,17,2,9,2239,1
11055,25,Female,67656,Email,Awareness,622.78,0.01,0.19,47,1.83,13.2,52,6,1,8,667,0
10550,28,Male,72105,SEO,Consideration,2364.26,0.07,0.18,32,7.67,8.35,73,1,0,7,4735,1
9997,69,Female,50268,Email,Consideration,2400.44,0.15,0.01,3,1.49,2.53,13,11,5,0,819,0
9632,32,Female,120726,Email,Conversion,9623.24,0.1,0.2,30,1.64,11.68,85,4,7,0,824,1
15539,20,Male,63441,Social Media,Consideration,7088.13,0.03,0.14,34,7.56,11.57,2,16,2,1,3280,1
8102,42,Male,53822,Email,Consideration,1031.98,0.15,0.1,38,6.95,10.16,62,9,1,5,1506,1
9255,64,Male,45575,Referral,Retention,2438.98,0.2,0.02,21,4.7,4.14,77,17,9,0,3772,1
11756,45,Female,36017,PPC,Consideration,7685.26,0.12,0.13,47,9.51,3.54,92,0,6,3,306,1
12750,51,Female,30040,PPC,Retention,2990.54,0.29,0.03,44,3.26,5.89,2,5,7,2,2318,1
10019,19,Male,147360,PPC,Conversion,1389.26,0.09,0.14,25,8.17,11.95,72,12,0,0,2177,1
9843,42,Female,70734,Social Media,Retention,1920.28,0.27,0.18,39,4.84,12.23,82,14,5,3,911,1
10165,66,Male,79004,Referral,Retention,2190.13,0.06,0.02,42,7.88,5.29,99,10,7,8,1053,1
9522,62,Female,81902,SEO,Awareness,7201.97,0.08,0.07,25,3.52,2.82,75,18,4,6,232,1
11149,53,Female,53400,SEO,Conversion,6279.4,0.04,0.19,12,6.14,1.26,6,16,1,5,3801,1
9119,37,Female,115320,PPC,Consideration,6125.06,0.3,0.11,45,4.18,2.63,15,5,7,0,4240,1
10834,18,Male,36080,Social Media,Consideration,8886.8,0.29,0.01,26,8.18,1.14,49,5,8,9,3350,1
14441,53,Female,34570,SEO,Consideration,1900.51,0.1,0.12,21,4.09,1.98,39,11,9,4,1153,1
10725,37,Male,107049,SEO,Awareness,5092.92,0.29,0.01,34,6.07,0.5,0,9,6,7,1066,1
15978,33,Female,43238,SEO,Conversion,5489.46,0.21,0.2,16,3.79,7.69,98,16,5,5,2215,1
11510,19,Male,73096,Referral,Conversion,1405.86,0.24,0.04,23,2.6,1.13,64,19,4,9,4241,1
9535,53,Female,115967,SEO,Consideration,6818.38,0.13,0.09,33,5.68,11.82,23,7,6,7,3717,1
9971,22,Female,118463,PPC,Awareness,6648.57,0.21,0.04,32,8.84,9.19,94,15,2,3,1014,1
15195,38,Female,88776,Social Media,Awareness,2980.72,0.25,0.03,42,3.91,4.43,33,16,2,4,4976,1
11808,23,Male,135021,Email,Consideration,3813.98,0.13,0.17,26,8.12,10.82,45,14,1,9,4950,1
10098,25,Male,26107,Social Media,Retention,8856.56,0.11,0.11,43,5.34,2.65,17,17,9,7,3872,1
9506,34,Female,113304,SEO,Consideration,7760.51,0.04,0.2,21,8.97,6.62,43,18,9,9,2852,1
11926,21,Female,26307,Social Media,Awareness,7437.09,0.02,0.1,17,1.89,2.03,20,3,9,5,4843,1
8626,58,Female,39332,Social Media,Awareness,5485.3,0.15,0.11,37,7.1,14.28,88,18,8,7,4051,1
15217,38,Female,70767,Email,Retention,5940.14,0.22,0.06,13,2.99,14.15,71,10,1,1,3707,1
12433,58,Male,104764,SEO,Retention,3014.17,0.01,0.03,27,1.84,4.91,74,16,3,5,2373,0
8241,23,Female,63739,Social Media,Consideration,2325.64,0.04,0.16,31,3.06,9.01,40,5,7,6,4505,1
8434,25,Female,103120,Referral,Consideration,1072.64,0.23,0.08,27,9.72,6.13,31,15,8,9,4446,1
13611,54,Male,75810,Referral,Retention,5680.58,0.15,0.16,41,4.96,8.08,31,5,9,1,1900,1
9894,32,Male,57855,Referral,Awareness,487.11,0.26,0.03,5,1.06,12.2,59,3,8,7,4662,0
13882,34,Female,41515,Referral,Awareness,2091.85,0.23,0.06,38,7.26,8.01,33,8,0,5,1360,1
14802,59,Female,46295,SEO,Conversion,8736.45,0.12,0.05,16,1.22,9.16,21,17,1,0,1074,1
13682,37,Male,54121,Email,Retention,828.17,0.29,0.13,42,3.31,6.16,2,1,2,8,4366,1
14279,26,Male,38313,Social Media,Consideration,658.59,0.21,0.03,25,5.89,12.68,18,19,8,3,173,1
14244,25,Female,66371,Social Media,Consideration,2172.74,0.3,0.03,2,8.33,4.73,50,12,5,0,155,0
9468,41,Female,141103,PPC,Awareness,9247.38,0.03,0.13,38,3.45,14.31,51,6,9,4,4677,1
15584,34,Female,115279,SEO,Retention,6933.27,0.29,0.05,27,3.74,11.64,87,13,2,6,396,1
8298,22,Female,60854,Email,Consideration,2030.14,0.16,0.01,3,8.22,1.09,79,13,4,6,2142,1
15430,57,Female,140162,SEO,Conversion,463.88,0.28,0.03,0,5.35,5.01,6,2,2,4,1795,1
11371,52,Male,73787,Email,Conversion,2321.36,0.06,0.16,16,5.57,14.98,91,10,1,0,1672,1
13722,27,Male,97185,Social Media,Retention,9417.69,0.03,0.1,34,1.67,6.02,29,16,8,2,3925,1
11983,54,Female,115384,Referral,Conversion,926.88,0.23,0.02,41,2.68,10.43,65,7,8,4,3783,1
8438,29,Female,47277,Social Media,Retention,6452.28,0.27,0.02,4,9.53,3.09,65,4,4,9,3178,1
14354,62,Male,69465,Referral,Consideration,3094.78,0.16,0.15,10,3.79,9.75,85,6,7,6,2614,1
9570,57,Female,89428,PPC,Conversion,637.27,0.01,0.02,41,5.89,3.75,51,13,2,3,4489,1
14317,58,Female,94453,Social Media,Consideration,9014.48,0.25,0.06,25,7.67,9.59,85,14,4,6,2961,1
9747,63,Female,66806,Social Media,Retention,6109.89,0.25,0.03,16,9.8,11.92,70,12,3,6,4367,1
9457,22,Male,148295,Referral,Retention,2871.24,0.13,0.03,29,7.19,7.03,22,2,4,6,2475,1
14469,67,Female,65785,Social Media,Conversion,7652.23,0.18,0.12,7,6.52,7.55,49,8,8,1,4777,1
8224,54,Female,52089,Social Media,Retention,9339.04,0.26,0.02,45,3.86,5.94,74,16,2,1,3945,1
11975,68,Male,122171,Social Media,Retention,7889.94,0.26,0.09,11,1.39,7.3,0,19,7,5,1751,1
13242,64,Female,59931,SEO,Retention,5767.52,0.1,0.03,40,5.19,5.65,6,9,1,8,1585,1
15868,50,Female,50331,Social Media,Conversion,6875.71,0.13,0.05,18,1.35,12.27,44,9,7,2,4332,0
11564,43,Female,111742,Social Media,Retention,7722.73,0.21,0.15,18,8.96,3.75,53,4,9,7,4837,1
11660,46,Female,42555,Referral,Awareness,8567.5,0.22,0.19,36,7.1,0.93,51,16,4,6,3105,1
14206,34,Male,120874,Social Media,Conversion,5014.96,0.25,0.06,10,9.85,13.37,25,1,8,8,2373,1
9856,27,Male,24930,Social Media,Awareness,561.03,0.21,0.19,43,5.65,14.85,83,0,1,5,4509,1
9601,36,Female,63442,SEO,Conversion,7232.36,0.17,0.06,40,2.5,11.68,35,10,3,3,2925,1
13045,64,Female,101496,Referral,Conversion,6495.08,0.23,0.15,25,2.79,0.74,25,17,8,1,3719,1
15807,31,Female,138960,Email,Retention,2399.97,0.16,0.2,11,2.89,7.25,65,10,8,5,3921,1
11123,21,Female,43140,Referral,Retention,8516.38,0.23,0.06,41,7.91,2.56,64,1,4,3,632,1
15881,50,Female,77357,SEO,Consideration,6211.01,0.08,0.1,29,1.4,1.37,84,10,3,5,4678,1
9021,58,Female,76305,Email,Consideration,9912.86,0.07,0.13,38,7.28,4.4,12,3,7,7,2318,1
15039,23,Female,145989,Social Media,Awareness,449.25,0.1,0.11,39,7.45,14.98,76,15,6,6,3260,1
11434,33,Male,50280,Referral,Awareness,878.09,0.15,0.14,44,7.41,1.78,67,8,9,1,3342,1
15079,33,Male,91657,SEO,Consideration,4812.23,0.05,0.2,49,1.39,13.59,20,7,2,6,1294,1
10367,21,Female,120673,PPC,Awareness,7875.16,0.22,0.07,36,8.46,13.66,61,5,8,2,3428,1
10739,69,Male,144703,Referral,Conversion,8735.42,0.24,0.15,20,3.14,12.81,72,9,3,4,3326,1
11987,45,Female,33397,Referral,Consideration,1450.09,0.05,0.07,5,2.41,9.15,61,9,5,3,878,0
8868,47,Female,128024,Referral,Retention,6343.93,0.26,0.19,45,1.24,9.47,23,13,8,0,2396,1
11327,65,Female,82110,Social Media,Conversion,9365.2,0.04,0.19,23,5.93,6.16,23,7,7,2,4566,1
15590,51,Female,41021,SEO,Consideration,6222.11,0.22,0.04,41,2.54,14.67,51,4,3,4,1257,1
11749,62,Female,64711,Email,Conversion,5695.05,0.14,0.13,7,1.91,9.08,14,1,6,8,3143,1
12829,36,Male,31850,Referral,Conversion,3663.64,0.07,0.17,27,1.74,0.72,10,0,7,0,3882,0
15107,45,Female,90440,PPC,Conversion,6927.07,0.26,0.16,30,9.75,12.2,2,2,5,4,1223,1
11937,65,Female,75406,SEO,Conversion,855.11,0.15,0.18,19,1.45,8.93,38,1,6,9,777,1
15151,52,Male,37701,Email,Awareness,2228.63,0.1,0.13,1,2.27,7.48,59,0,1,9,2271,0
8437,31,Male,75333,Referral,Awareness,8519.85,0.25,0.04,0,6.82,9.99,5,2,1,1,4342,0
10806,46,Female,124458,Email,Conversion,9621.61,0.24,0.09,34,2.22,6.5,62,18,4,2,1150,1
15364,30,Male,75619,SEO,Awareness,4448.59,0.19,0.18,20,2.39,14.57,68,4,7,5,2982,1
8611,53,Male,123882,Social Media,Consideration,5334.49,0.01,0.06,42,4.91,4.59,79,9,2,3,3800,1
10301,62,Male,42480,PPC,Retention,1209.08,0.29,0.05,33,2.64,6.65,86,16,1,0,1296,0
9405,41,Female,93613,Email,Consideration,3397.91,0.27,0.14,24,8.0,10.19,56,5,5,5,3793,1
8986,62,Female,30862,Email,Conversion,4047.08,0.07,0.12,40,6.01,10.96,26,8,1,2,4462,1
11907,43,Female,62294,SEO,Conversion,5121.05,0.17,0.01,17,8.35,2.43,32,6,2,5,1822,1
9557,36,Female,97918,Referral,Consideration,2791.16,0.09,0.04,7,7.92,8.04,73,13,6,8,4694,1
12970,53,Female,42601,Email,Conversion,6020.84,0.17,0.11,31,7.2,7.99,10,0,2,0,206,1
15795,50,Male,72788,Social Media,Consideration,2356.45,0.21,0.18,38,6.52,0.99,21,2,4,6,2067,0
12311,26,Female,135533,PPC,Conversion,1507.1,0.25,0.05,19,4.4,1.75,23,8,5,6,1895,1
14227,62,Female,97760,Email,Retention,3024.14,0.19,0.08,43,3.83,8.85,62,5,7,9,623,1
8390,69,Female,109535,Social Media,Conversion,5326.92,0.1,0.18,47,5.09,5.48,72,11,0,3,4446,1
12145,48,Female,61401,Email,Consideration,9706.23,0.15,0.11,33,7.25,2.67,63,16,8,2,3309,1
10426,32,Female,70530,Referral,Retention,3280.04,0.02,0.13,43,4.52,5.07,46,15,3,7,3059,1
9065,48,Male,78049,Email,Consideration,6481.1,0.29,0.02,15,7.59,10.26,80,12,1,9,4161,1
14790,59,Female,33829,Email,Consideration,3663.86,0.23,0.01,44,8.63,4.88,31,4,2,6,1065,0
11252,53,Male,140778,SEO,Consideration,2831.99,0.03,0.16,30,2.3,11.73,89,10,6,0,3326,1
11752,50,Female,40143,Email,Conversion,8630.13,0.22,0.1,24,5.27,6.71,88,3,6,1,2986,1
12249,42,Female,83184,Referral,Retention,4126.4,0.29,0.12,42,6.01,12.93,41,18,9,7,3814,1
12508,28,Male,115201,PPC,Conversion,4871.47,0.13,0.14,23,3.88,5.2,30,3,1,0,2210,1
10066,30,Female,94492,Referral,Conversion,8754.33,0.28,0.04,6,3.37,0.67,25,12,6,1,3801,1
13136,37,Male,25136,Social Media,Retention,6853.57,0.28,0.19,18,1.45,8.43,46,1,1,8,412,1
10172,19,Female,92177,Referral,Awareness,3558.72,0.11,0.17,15,5.07,14.87,1,15,5,2,2144,1
15327,21,Female,149986,Referral,Conversion,1069.21,0.09,0.19,9,8.75,7.76,72,16,1,8,4281,0
12602,52,Male,116342,Social Media,Consideration,8337.45,0.16,0.09,25,9.37,12.22,72,3,7,4,1173,1
12682,64,Female,39112,PPC,Conversion,7899.64,0.22,0.04,38,3.45,7.73,99,1,2,6,50,1
10823,22,Female,92994,Social Media,Consideration,1831.84,0.22,0.1,36,9.27,5.6,8,5,8,6,701,1
10941,34,Female,22315,Social Media,Conversion,8316.99,0.26,0.03,31,5.58,8.53,46,7,3,0,111,1
9965,64,Female,111411,Social Media,Awareness,6101.06,0.22,0.19,31,6.49,12.03,52,14,1,9,4726,1
12286,52,Female,138454,Email,Retention,2020.26,0.21,0.1,26,5.66,12.52,81,2,8,1,2778,1
15338,69,Female,20826,Email,Consideration,6378.21,0.08,0.12,47,4.54,13.56,20,12,7,7,3407,0
13558,31,Female,112799,Email,Awareness,7142.67,0.06,0.14,36,1.13,7.8,3,7,7,4,4937,1
14069,65,Male,84578,Referral,Conversion,5843.54,0.07,0.15,17,9.33,11.72,70,16,3,5,3520,1
10635,33,Female,44154,PPC,Consideration,2766.23,0.23,0.03,8,9.63,3.3,66,7,0,3,4757,0
10730,42,Female,121614,Email,Awareness,2086.05,0.27,0.09,21,8.98,6.85,53,4,3,2,4835,1
14465,37,Female,126188,PPC,Conversion,1181.89,0.24,0.14,31,6.09,3.7,16,8,7,7,985,1
8065,53,Female,105107,Referral,Conversion,5567.53,0.27,0.05,47,5.6,1.64,52,6,1,3,125,1
14660,62,Female,49000,PPC,Conversion,7711.85,0.04,0.07,4,8.54,8.98,82,15,6,5,3512,1
12296,48,Female,78956,Email,Retention,4538.31,0.06,0.15,31,8.18,6.41,99,8,5,9,4263,1
11027,46,Male,125775,Referral,Conversion,2265.83,0.01,0.07,41,7.89,6.48,52,11,9,8,2634,1
14287,28,Male,87949,SEO,Awareness,7011.81,0.02,0.14,19,3.48,0.96,83,11,5,1,4769,1
8639,58,Female,82881,PPC,Retention,441.45,0.08,0.12,4,5.58,14.96,11,0,4,5,3715,1
11853,58,Female,147894,Referral,Awareness,6760.74,0.2,0.09,12,2.91,5.84,60,17,3,9,4238,1
9271,53,Male,64200,Referral,Awareness,6081.78,0.04,0.2,18,2.82,4.53,25,2,1,6,4018,0
9258,60,Male,40069,PPC,Consideration,8386.33,0.27,0.05,47,6.27,8.32,65,4,4,0,4582,1
14231,62,Female,27197,PPC,Consideration,1167.1,0.02,0.08,16,9.62,7.78,14,9,7,5,575,1
11473,41,Female,82713,Email,Awareness,9582.74,0.11,0.17,10,8.18,11.2,29,16,3,7,2010,1
12698,40,Female,114018,Social Media,Conversion,5926.54,0.05,0.14,37,8.32,8.67,6,2,5,5,4412,1
8517,66,Male,95665,SEO,Conversion,9996.99,0.19,0.02,10,9.04,1.28,36,15,7,4,1096,1
10696,29,Male,144401,Social Media,Consideration,7306.97,0.09,0.15,44,5.04,5.93,95,0,7,4,4684,1
15314,60,Female,103521,SEO,Retention,110.17,0.21,0.12,23,3.57,11.64,20,14,0,6,502,1
12254,38,Female,60533,PPC,Retention,4446.34,0.07,0.01,41,7.64,1.67,95,0,7,3,4805,0
10663,29,Female,34823,Social Media,Awareness,4350.71,0.12,0.12,5,4.38,9.15,6,18,5,3,1065,1
11855,57,Male,64499,Social Media,Consideration,710.75,0.09,0.03,31,5.54,10.62,29,8,9,3,4865,1
15260,55,Male,87959,PPC,Retention,9541.62,0.17,0.11,7,6.56,11.17,42,8,8,4,4754,1
12649,24,Female,56258,PPC,Conversion,9534.07,0.16,0.19,22,1.89,6.42,48,19,6,4,784,1
8194,44,Male,111269,SEO,Consideration,294.08,0.18,0.15,20,1.37,10.18,16,10,3,2,1529,1
8146,43,Female,138301,Social Media,Conversion,3973.85,0.21,0.16,1,8.02,3.03,23,10,0,6,4662,1
14052,39,Female,66652,PPC,Awareness,6637.23,0.06,0.1,9,9.72,5.1,99,19,3,2,4973,1
12884,36,Female,66384,SEO,Consideration,9594.17,0.27,0.08,48,2.11,10.06,16,10,1,1,3358,1
13946,41,Female,93309,Referral,Awareness,6361.11,0.06,0.05,9,4.0,11.02,86,0,3,1,1452,1
10421,29,Male,97347,SEO,Retention,6191.52,0.03,0.05,1,4.05,12.46,74,15,3,5,409,1
8366,50,Male,136752,Email,Awareness,776.03,0.23,0.19,36,6.92,4.7,69,6,2,6,1939,1
12367,34,Male,79870,Email,Consideration,4340.45,0.27,0.07,25,7.48,2.65,7,15,6,9,1919,1
11382,28,Female,68302,Social Media,Consideration,8172.58,0.09,0.15,19,7.29,1.99,83,3,5,2,669,1
13507,65,Male,96910,Email,Awareness,3581.72,0.15,0.16,1,3.23,12.73,91,0,6,0,3810,1
11506,50,Female,40325,Referral,Awareness,2282.7,0.26,0.04,13,7.29,13.08,4,19,3,2,2532,1
10652,47,Male,23574,PPC,Conversion,8966.71,0.12,0.15,45,4.31,5.15,37,18,4,5,4416,1
14145,34,Male,88633,SEO,Conversion,9085.57,0.14,0.07,37,4.97,6.85,87,7,8,8,805,1
15189,52,Female,134794,Referral,Retention,417.7,0.08,0.06,45,2.27,3.34,52,17,0,1,4976,0
13154,49,Male,97193,SEO,Retention,3721.16,0.14,0.11,9,4.02,14.61,88,13,1,8,3981,1
13847,25,Male,101118,PPC,Consideration,8164.16,0.2,0.08,27,3.38,0.58,34,11,4,2,2485,1
11024,30,Female,78770,Referral,Awareness,9910.28,0.15,0.17,38,3.74,10.13,69,9,9,3,3916,1
8747,36,Male,123783,Social Media,Consideration,4421.28,0.24,0.16,19,1.81,14.66,64,19,1,1,3495,1
8581,52,Male,28301,SEO,Consideration,1835.74,0.21,0.09,18,1.54,2.13,41,14,0,7,1297,1
14719,43,Female,123376,Referral,Awareness,5016.88,0.25,0.19,4,3.69,6.62,55,11,2,0,770,1
10943,25,Female,117267,Referral,Conversion,2281.08,0.06,0.02,47,2.29,3.17,18,7,1,7,2810,0
8283,40,Female,135036,Social Media,Conversion,7593.28,0.2,0.02,5,1.23,11.97,47,19,3,0,1609,1
8053,43,Male,52407,Referral,Retention,6136.95,0.14,0.17,17,3.12,13.88,37,0,2,1,3219,1
11130,69,Male,139362,PPC,Awareness,1312.11,0.29,0.05,7,8.46,13.37,26,4,1,4,1462,1
15740,33,Female,55183,Referral,Retention,1688.98,0.28,0.09,47,9.85,14.98,61,10,8,2,2799,1
9415,25,Female,91633,PPC,Consideration,2641.06,0.21,0.11,30,2.56,7.45,79,14,6,0,3590,1
11159,66,Male,75517,Social Media,Conversion,1519.37,0.17,0.16,31,9.54,14.9,10,15,7,0,1521,1
13607,47,Female,69274,Social Media,Conversion,5828.93,0.2,0.16,29,4.99,3.26,76,8,2,6,4687,1
13688,61,Male,138308,PPC,Awareness,3096.96,0.18,0.17,15,5.38,7.73,26,6,2,8,1218,1
15450,35,Female,121086,Referral,Consideration,1012.46,0.12,0.06,38,8.51,3.12,14,9,0,1,2180,1
14560,42,Male,51090,PPC,Awareness,3387.38,0.05,0.15,44,7.1,9.27,67,5,5,4,3077,1
12603,52,Male,131864,PPC,Consideration,7561.1,0.05,0.02,27,3.47,10.69,11,10,0,8,2821,1
9036,58,Female,66408,PPC,Consideration,961.18,0.21,0.14,4,9.07,7.86,65,13,3,0,333,1
13673,37,Male,109653,Email,Retention,6932.69,0.03,0.1,23,1.9,11.18,26,10,5,9,1672,1
10006,32,Male,116047,PPC,Consideration,768.95,0.01,0.02,41,6.65,9.1,83,6,8,9,4903,1
10274,23,Female,130780,Referral,Awareness,6168.18,0.07,0.11,36,7.54,2.28,85,16,5,5,878,1
14549,59,Female,22484,Referral,Awareness,7148.51,0.13,0.01,4,5.01,8.7,83,6,9,6,4998,1
14288,60,Female,126330,Email,Awareness,6431.69,0.06,0.19,29,6.29,4.43,25,18,3,1,1336,1
8467,62,Male,96544,Social Media,Conversion,7763.66,0.09,0.02,16,6.4,9.18,58,8,7,9,1591,1
12575,25,Male,86199,SEO,Awareness,9768.55,0.25,0.08,28,1.11,3.09,94,17,3,3,4411,1
9347,37,Female,143440,SEO,Awareness,1865.94,0.14,0.1,22,6.03,14.63,57,1,0,4,1593,1
10657,35,Male,52228,SEO,Retention,356.08,0.13,0.15,1,6.46,9.88,85,8,6,7,4066,1
10378,28,Female,26774,Referral,Awareness,4727.38,0.1,0.07,46,1.12,6.02,77,14,5,5,2480,1
9462,51,Male,145782,PPC,Conversion,9145.04,0.07,0.08,44,5.81,1.1,37,5,5,7,2052,1
15376,57,Female,124554,Referral,Retention,4298.14,0.16,0.2,13,5.97,3.93,33,13,4,0,4031,1
9328,24,Female,113316,Social Media,Awareness,7925.73,0.22,0.09,8,8.17,3.37,73,19,6,6,2203,1
8504,46,Female,69289,SEO,Conversion,6183.14,0.24,0.17,46,6.3,9.24,6,13,6,5,1912,1
8947,23,Female,24743,Social Media,Conversion,4159.21,0.13,0.15,27,2.22,14.99,1,14,3,9,1132,1
13006,59,Female,67582,Referral,Awareness,2465.74,0.23,0.09,19,4.09,8.25,26,10,1,5,534,1
12240,29,Male,50875,Social Media,Awareness,7124.65,0.27,0.08,32,7.7,2.41,0,12,5,8,2649,1
13352,26,Male,142483,Email,Consideration,1324.62,0.1,0.09,1,3.11,6.82,50,17,9,1,3572,1
15559,35,Male,97027,PPC,Consideration,4949.53,0.1,0.04,0,3.63,14.97,54,15,8,6,1989,1
9008,34,Male,48668,Referral,Conversion,4828.74,0.18,0.15,39,5.98,6.11,35,4,4,4,4762,1
10704,47,Female,104418,PPC,Conversion,699.91,0.03,0.14,13,8.31,9.99,17,4,2,0,1972,1
14266,23,Female,63775,PPC,Consideration,8997.02,0.08,0.11,2,9.63,8.26,79,14,4,5,297,1
8854,51,Female,82758,Referral,Conversion,3172.39,0.26,0.12,38,2.88,12.44,81,14,9,6,3327,1
13416,43,Female,75569,Referral,Consideration,7503.74,0.26,0.17,46,9.35,11.33,70,4,4,0,1983,1
13397,25,Male,92631,Referral,Awareness,9248.24,0.3,0.09,22,4.04,3.63,82,2,2,4,4085,1
13889,27,Female,132092,Referral,Awareness,7850.45,0.3,0.05,9,8.03,11.91,74,6,7,4,2864,1
13863,33,Female,92370,Referral,Awareness,2275.67,0.07,0.13,2,9.78,6.9,22,14,0,1,2364,0
11717,38,Female,84736,SEO,Awareness,5463.13,0.14,0.07,15,6.8,3.94,24,9,2,2,2094,1
14345,65,Female,125817,PPC,Consideration,956.3,0.04,0.14,45,1.31,0.67,82,9,1,1,1132,0
15346,46,Male,70559,SEO,Conversion,6838.08,0.18,0.1,5,7.26,5.46,0,7,7,5,2462,0
12395,68,Male,91632,SEO,Conversion,203.13,0.05,0.12,47,3.97,4.16,24,12,0,6,354,1
15771,54,Male,114294,Email,Conversion,8576.1,0.26,0.18,34,2.46,6.75,94,5,7,8,2378,0
13816,20,Female,106903,Email,Consideration,2060.84,0.3,0.19,9,6.48,3.98,71,11,2,0,2276,0
13197,62,Female,98647,Social Media,Conversion,6158.84,0.04,0.07,35,6.69,0.73,18,14,9,9,4490,1
9420,31,Female,52121,SEO,Retention,8027.05,0.21,0.08,37,8.7,3.72,8,10,0,9,1526,1
15788,43,Female,127754,SEO,Conversion,7487.83,0.14,0.13,49,7.87,5.97,6,12,1,2,2466,1
15885,19,Male,86025,Social Media,Awareness,3407.78,0.01,0.16,23,8.41,2.2,86,8,2,1,1535,0
10901,54,Female,133949,Email,Retention,1470.62,0.08,0.12,10,9.05,9.9,57,17,3,2,4023,1
9886,36,Female,106677,Social Media,Awareness,8907.18,0.1,0.1,10,6.87,5.83,3,6,1,4,2504,1
8294,19,Female,109229,SEO,Retention,7118.16,0.22,0.2,5,9.08,8.43,27,14,3,7,1192,1
15508,52,Male,36150,Social Media,Conversion,2385.59,0.07,0.04,16,2.59,10.32,63,8,9,6,2626,0
13667,28,Female,134229,Referral,Conversion,7646.87,0.14,0.06,9,7.24,13.2,79,4,9,9,2280,1
9659,54,Female,49236,PPC,Awareness,2161.83,0.18,0.04,35,9.69,3.47,90,13,4,3,707,1
9776,64,Female,133884,Referral,Consideration,6644.75,0.26,0.02,1,7.62,8.22,52,18,6,5,562,1
14254,55,Female,123156,SEO,Consideration,2328.66,0.04,0.03,33,7.83,2.8,25,3,5,6,3245,0
15906,59,Female,76782,PPC,Retention,985.12,0.26,0.06,30,9.05,5.24,57,18,0,7,784,1
10022,28,Male,77268,PPC,Retention,7136.28,0.1,0.16,49,5.86,8.79,70,9,8,1,706,1
9435,24,Female,87917,Email,Consideration,6485.92,0.17,0.04,45,4.62,9.11,14,10,5,6,1635,1
13509,39,Female,66606,Email,Conversion,687.08,0.07,0.14,18,8.83,6.94,21,6,1,7,1747,1
10214,34,Female,76908,Email,Consideration,6255.64,0.09,0.2,13,3.45,8.09,95,3,5,9,1748,1
14164,48,Female,126993,Referral,Awareness,6773.49,0.04,0.05,11,7.08,13.87,37,6,6,1,778,1
10853,21,Female,85471,PPC,Consideration,4111.94,0.2,0.06,35,8.13,8.65,58,6,5,4,194,1
15085,29,Female,42098,Email,Conversion,6800.68,0.04,0.04,9,6.59,11.04,87,16,9,7,1314,1
10665,69,Female,149802,Social Media,Consideration,7698.93,0.16,0.01,24,1.5,14.0,45,0,4,4,4651,1
13978,36,Female,98879,Social Media,Conversion,9203.83,0.05,0.08,6,4.75,9.74,7,17,1,7,748,1
14981,61,Female,33146,Referral,Retention,126.05,0.25,0.18,46,6.44,9.5,94,1,0,1,902,0
15271,36,Female,78862,PPC,Conversion,466.2,0.11,0.07,5,6.99,2.62,43,14,2,6,104,1
15223,35,Male,110956,Referral,Retention,6083.47,0.29,0.07,8,4.2,3.45,13,13,9,3,2111,1
8989,68,Male,68017,PPC,Awareness,261.02,0.06,0.03,45,2.48,6.33,93,3,3,7,2385,0
10757,49,Female,69584,Referral,Conversion,2037.32,0.24,0.16,38,3.74,7.58,75,10,4,9,67,1
8872,40,Female,148038,Email,Consideration,5450.99,0.28,0.03,45,3.47,5.79,54,8,0,8,2412,1
8718,30,Male,64885,Social Media,Consideration,3328.5,0.11,0.07,18,3.0,11.46,63,13,8,3,1864,1
15215,32,Female,82146,Social Media,Conversion,6346.84,0.06,0.1,42,4.24,0.55,6,18,8,1,3756,1
8363,50,Female,31075,Email,Conversion,4097.03,0.1,0.13,37,4.27,5.47,56,15,9,8,73,1
11312,23,Male,47326,Referral,Conversion,5798.75,0.21,0.04,32,4.82,14.77,52,9,3,6,282,1
15654,35,Female,133487,Email,Awareness,4386.7,0.23,0.17,12,2.39,12.06,91,6,7,1,2513,0
11959,61,Male,54370,Referral,Retention,852.22,0.1,0.13,21,7.0,7.33,1,3,5,9,2508,1
10354,58,Male,66313,Referral,Retention,6004.89,0.01,0.04,49,7.0,5.22,20,2,0,6,1492,1
11865,54,Female,91019,Social Media,Retention,6876.07,0.22,0.06,29,7.69,14.11,91,6,8,8,1960,1
11611,33,Male,114540,PPC,Awareness,7776.63,0.12,0.15,36,2.17,4.96,21,5,0,3,491,0
10837,43,Male,131056,Email,Consideration,5263.13,0.11,0.19,25,1.7,4.84,9,2,8,7,4676,1
14150,34,Male,41944,Referral,Retention,1974.42,0.21,0.14,45,7.34,4.73,0,17,0,8,2719,1
12418,61,Female,127677,Referral,Awareness,1951.62,0.1,0.2,15,5.7,7.34,77,15,7,4,252,1
15966,41,Male,26861,Social Media,Retention,651.02,0.04,0.04,3,5.31,8.81,88,9,2,0,1521,1
13902,28,Female,126511,Referral,Consideration,9188.29,0.25,0.06,25,8.74,8.48,29,11,6,4,1193,1
13743,68,Male,82827,SEO,Retention,6192.65,0.1,0.17,38,2.3,11.91,51,15,3,9,1380,1
10863,46,Male,80466,Email,Conversion,7663.36,0.2,0.02,4,6.39,10.12,25,1,8,0,2476,1
12643,52,Female,56817,SEO,Retention,2321.32,0.05,0.06,1,3.0,3.72,77,12,9,7,4469,1
12661,32,Female,128877,Referral,Consideration,1183.95,0.04,0.15,4,2.15,3.9,0,7,0,0,2881,0
13736,51,Female,59211,Email,Conversion,9332.85,0.28,0.14,26,2.41,10.13,89,11,3,5,4330,1
10735,18,Female,75313,Social Media,Consideration,9251.3,0.14,0.12,19,8.86,12.63,94,6,7,4,526,1
10888,25,Female,115909,Email,Consideration,2961.18,0.29,0.16,20,1.62,1.0,34,6,8,5,2135,1
15263,28,Male,44419,PPC,Conversion,7088.67,0.08,0.12,22,1.4,14.97,45,12,9,5,3677,1
12447,57,Female,27818,Email,Retention,4717.68,0.15,0.01,8,2.53,1.67,78,3,1,3,2190,0
14175,22,Female,53688,Email,Conversion,2890.78,0.1,0.01,49,7.36,6.54,53,18,7,1,1337,1
12662,67,Female,71095,Referral,Retention,3087.75,0.3,0.19,12,3.3,10.9,82,19,2,3,1392,1
10967,49,Male,120196,PPC,Retention,6470.11,0.26,0.05,4,2.99,8.91,79,17,9,2,4703,1
12745,33,Female,143214,Email,Conversion,671.51,0.23,0.19,21,8.52,8.56,96,19,5,2,2957,1
13972,69,Male,27045,Social Media,Consideration,6909.04,0.02,0.19,37,7.49,4.51,48,11,2,0,2913,1
11146,47,Female,106998,Referral,Awareness,1576.83,0.19,0.01,38,9.3,10.15,87,4,6,8,85,1
12080,47,Female,41213,Social Media,Consideration,4003.46,0.2,0.19,38,8.23,12.86,88,9,7,7,37,1
13665,36,Female,84997,PPC,Consideration,2600.44,0.29,0.03,6,2.5,2.94,47,4,2,0,1428,0
10181,29,Female,69831,SEO,Conversion,3300.59,0.24,0.17,24,2.06,0.53,86,11,7,8,166,1
15138,35,Female,51232,Social Media,Consideration,7911.05,0.01,0.03,10,9.56,1.96,66,14,2,0,4351,0
13082,60,Female,60517,Referral,Awareness,457.01,0.19,0.08,47,4.14,2.3,36,7,2,5,4489,1
9196,69,Female,129839,PPC,Conversion,3728.49,0.29,0.14,3,9.49,5.5,74,11,8,4,2261,1
9111,22,Female,55391,Email,Awareness,5134.34,0.1,0.15,47,6.42,10.73,27,0,0,3,4636,1
14948,40,Female,68431,Email,Consideration,6787.78,0.14,0.15,34,3.86,9.74,85,9,4,9,2031,1
11105,27,Male,122476,Email,Conversion,7314.22,0.05,0.13,34,9.01,8.4,81,4,6,2,3915,1
12077,58,Female,73952,Referral,Awareness,192.59,0.29,0.18,31,3.22,12.33,37,10,9,9,2207,1
13989,29,Female,126911,Social Media,Retention,4125.23,0.25,0.08,34,7.25,8.5,91,18,8,4,2988,1
14326,40,Male,32291,SEO,Conversion,8443.45,0.22,0.16,7,6.58,7.11,61,17,2,0,175,1
13690,57,Female,65678,Social Media,Retention,3499.82,0.28,0.05,0,4.79,6.41,97,18,2,7,2875,1
11448,20,Male,94181,Social Media,Awareness,219.63,0.27,0.11,14,8.53,1.15,97,11,1,4,1293,1
13429,62,Female,84766,Referral,Conversion,6474.07,0.05,0.02,39,3.72,1.14,2,19,6,3,4505,1
13449,54,Female,46925,Email,Retention,1906.72,0.27,0.19,1,9.52,13.65,9,16,3,6,3872,1
12502,50,Male,146830,Social Media,Retention,1088.94,0.08,0.06,23,4.19,3.81,95,14,2,7,2726,1
11547,44,Female,22966,Social Media,Consideration,2174.93,0.19,0.1,19,1.63,1.1,44,2,7,4,4114,1
10140,49,Female,49550,Referral,Retention,1774.03,0.23,0.15,2,9.17,8.27,64,3,5,8,3600,1
15574,46,Male,31356,Referral,Consideration,7095.66,0.07,0.03,4,8.73,1.09,57,7,4,2,1947,0
15637,33,Female,36802,PPC,Retention,4689.41,0.11,0.2,23,1.08,8.17,26,11,4,3,2808,0
15424,47,Male,100431,Social Media,Conversion,185.57,0.15,0.11,18,3.62,11.74,34,6,6,9,1241,0
10870,58,Female,148754,PPC,Consideration,559.63,0.07,0.08,33,8.07,10.67,2,14,9,0,4968,1
13241,57,Female,115654,Referral,Conversion,8184.39,0.15,0.1,36,9.93,7.24,85,8,3,9,242,1
10339,18,Female,93502,Referral,Awareness,8981.99,0.05,0.03,25,8.35,2.19,81,1,6,7,4236,1
15549,69,Female,130625,Social Media,Awareness,4624.73,0.06,0.12,21,4.0,10.0,91,14,2,0,2342,0
14884,24,Female,68533,Social Media,Consideration,2931.44,0.21,0.15,33,6.2,12.04,74,4,0,8,1967,1
15060,20,Male,73685,Referral,Conversion,3947.61,0.12,0.06,28,2.78,6.67,28,12,4,7,4962,1
11374,69,Male,107804,SEO,Retention,5029.95,0.19,0.02,32,6.51,13.08,73,19,3,3,3087,1
15735,18,Female,48134,PPC,Consideration,7239.63,0.28,0.18,30,2.37,3.12,88,14,6,5,1086,0
14190,36,Male,128644,Referral,Conversion,7669.04,0.11,0.15,13,3.69,2.23,91,7,3,5,363,1
14339,47,Female,70243,Referral,Conversion,7732.28,0.06,0.14,28,3.89,9.03,28,12,2,8,4172,1
14068,60,Female,140536,PPC,Awareness,4888.53,0.06,0.16,21,7.12,2.13,42,16,1,5,376,0
12166,48,Female,102115,Social Media,Awareness,8280.76,0.02,0.03,28,9.73,8.28,17,7,9,0,3559,1
8174,24,Female,29275,Email,Conversion,3661.93,0.02,0.04,14,6.14,9.06,17,10,1,8,3550,1
14866,42,Female,31004,Referral,Retention,4592.28,0.05,0.09,3,2.54,7.0,24,0,8,9,4691,0
12228,51,Male,41734,SEO,Retention,8673.21,0.22,0.04,21,1.65,6.16,17,4,1,6,4439,1
12671,56,Male,30019,Email,Conversion,4203.81,0.14,0.04,4,3.21,7.76,19,1,6,1,2170,1
11351,38,Male,34656,Referral,Conversion,9844.39,0.1,0.18,38,7.25,0.7,77,14,2,2,4675,1
13885,69,Male,98681,PPC,Conversion,3023.89,0.23,0.18,22,3.25,5.39,85,13,1,0,4258,1
8033,45,Female,109779,Social Media,Awareness,8383.98,0.28,0.17,6,2.38,12.56,97,14,2,3,467,1
12799,64,Male,41323,PPC,Consideration,5187.83,0.1,0.14,14,7.1,9.2,30,5,2,9,1087,1
10218,52,Male,38429,PPC,Conversion,5928.11,0.05,0.03,19,8.01,14.37,87,2,5,5,934,1
15410,33,Male,146272,PPC,Consideration,7390.12,0.25,0.08,38,7.06,7.99,18,1,7,3,3141,0
13265,22,Female,142659,Email,Conversion,9153.08,0.11,0.1,48,6.45,6.78,64,9,6,6,4914,1
11872,37,Female,69671,SEO,Conversion,6064.38,0.23,0.01,4,6.24,14.04,62,12,8,3,732,1
8075,43,Male,101738,Social Media,Conversion,684.36,0.13,0.18,14,2.2,8.56,54,18,1,9,11,1
12066,39,Male,85262,Referral,Consideration,2296.01,0.06,0.15,15,8.74,11.41,30,8,5,7,36,1
15948,34,Female,103162,Social Media,Consideration,6687.27,0.03,0.08,9,6.22,2.41,45,2,8,3,1512,1
13315,25,Female,68166,Social Media,Consideration,3977.76,0.2,0.13,44,8.33,3.6,10,7,0,5,1056,1
8677,61,Female,83805,Social Media,Awareness,6366.57,0.16,0.06,29,4.05,13.89,48,7,8,3,4200,1
15123,43,Male,23784,SEO,Conversion,8803.02,0.22,0.18,45,2.37,0.54,85,4,8,3,1593,1
10407,19,Male,47299,PPC,Conversion,5664.01,0.29,0.19,2,3.99,8.28,8,11,2,0,1395,1
9184,57,Female,144534,Social Media,Consideration,3244.21,0.05,0.12,29,4.43,5.01,15,13,7,4,695,1
9345,58,Male,142898,PPC,Conversion,2135.72,0.17,0.05,28,3.79,6.8,86,7,8,0,2013,1
11622,38,Female,79592,Social Media,Awareness,9689.71,0.25,0.13,17,9.69,13.19,91,8,0,4,399,1
8919,68,Female,109831,PPC,Retention,1227.67,0.08,0.02,12,2.63,5.21,65,4,7,9,552,0
10588,23,Male,147854,Email,Awareness,919.81,0.26,0.03,18,2.79,11.92,94,15,0,8,4906,1
9984,61,Female,57242,PPC,Retention,592.56,0.2,0.12,7,3.53,4.65,95,7,0,1,4199,0
8059,61,Male,23487,Email,Awareness,3768.24,0.19,0.19,1,2.29,1.23,59,7,9,3,3434,1
12011,68,Female,108672,SEO,Retention,5202.63,0.28,0.09,23,4.79,5.55,22,1,6,5,2260,1
9411,68,Male,123504,PPC,Conversion,9152.16,0.25,0.03,27,6.38,3.73,28,4,9,3,325,1
15882,34,Female,108161,PPC,Awareness,1848.13,0.23,0.03,36,5.13,6.82,64,15,1,7,495,0
14277,57,Female,115969,Referral,Retention,5121.77,0.06,0.15,47,2.51,14.58,36,13,0,7,1825,1
13142,21,Male,110060,SEO,Consideration,1198.15,0.13,0.08,38,4.71,12.82,15,5,5,5,4716,1
9576,59,Female,50569,Social Media,Consideration,5631.39,0.15,0.13,49,1.9,2.7,1,5,6,3,3484,1
14759,45,Male,86876,Email,Conversion,2139.4,0.3,0.04,34,3.44,14.59,10,12,2,6,3634,1
9398,49,Female,21195,Social Media,Retention,4991.45,0.23,0.16,35,3.47,10.05,92,17,8,4,832,1
8315,25,Male,148145,Email,Retention,9172.87,0.06,0.1,27,5.29,7.6,30,10,7,8,4987,1
15684,68,Female,31721,PPC,Consideration,8796.04,0.04,0.06,29,4.99,7.07,18,8,2,9,4245,1
15244,62,Female,119210,Email,Conversion,6857.95,0.1,0.01,37,7.98,10.61,39,19,3,3,3897,1
15838,47,Male,114319,Social Media,Retention,6027.95,0.14,0.06,2,6.12,3.48,88,11,5,6,2160,0
13859,54,Male,102565,Email,Consideration,3688.17,0.04,0.12,14,7.86,9.88,72,14,1,9,4536,1
12460,64,Male,83518,Email,Conversion,1955.22,0.04,0.19,31,9.08,3.42,69,9,9,9,4771,1
15468,43,Female,97850,Referral,Consideration,6386.62,0.08,0.01,12,5.43,3.36,76,0,2,2,3807,0
10015,26,Female,118694,SEO,Consideration,3926.99,0.08,0.09,20,9.44,2.9,56,18,6,2,3519,1
9084,62,Female,54710,Referral,Conversion,6451.21,0.06,0.05,15,1.73,14.85,60,0,8,3,4708,1
11979,57,Female,29963,Social Media,Consideration,9234.2,0.11,0.11,21,1.45,10.47,51,16,7,6,167,1
10799,21,Female,53924,SEO,Conversion,2346.27,0.12,0.04,3,5.41,10.28,11,1,5,3,762,1
9101,54,Male,87759,Social Media,Consideration,4237.58,0.14,0.09,41,8.67,8.93,0,16,8,9,2908,1
8544,22,Male,140877,Email,Conversion,8960.17,0.01,0.02,47,7.18,12.57,95,16,7,8,4209,1
13620,57,Female,80563,Email,Awareness,5312.4,0.26,0.07,20,5.03,7.17,79,19,2,7,4409,1
15618,50,Female,105873,Referral,Consideration,4616.49,0.05,0.14,29,6.26,3.31,67,17,9,5,1990,0
11952,51,Female,115195,PPC,Consideration,9011.38,0.13,0.1,34,5.18,12.76,55,8,1,2,771,1
11559,66,Female,41414,Email,Consideration,3270.82,0.11,0.11,32,2.36,14.38,99,3,3,5,1301,1
15027,56,Female,52934,Social Media,Awareness,2612.67,0.16,0.03,25,7.85,3.39,52,19,6,8,2273,1
11083,69,Female,94684,Referral,Retention,202.95,0.09,0.04,32,1.86,5.43,2,17,5,6,2910,1
10340,36,Male,71410,PPC,Consideration,6241.78,0.29,0.19,9,5.18,10.73,26,11,4,0,808,1
12844,42,Male,142342,Referral,Awareness,2069.41,0.18,0.01,30,7.78,2.64,23,5,1,1,2560,0
10882,38,Male,33654,Referral,Consideration,3526.17,0.04,0.06,47,2.95,1.74,80,4,7,9,2137,0
9968,37,Male,57479,Email,Consideration,5771.68,0.18,0.13,35,3.9,4.39,97,12,6,8,820,1
8930,42,Female,136826,PPC,Conversion,3293.29,0.25,0.01,42,8.82,13.61,5,18,4,0,4141,1
8721,37,Female,32588,Referral,Retention,2367.36,0.24,0.17,48,4.76,0.71,9,7,6,3,2596,1
11475,39,Female,78639,SEO,Retention,8481.73,0.19,0.08,25,2.1,7.25,60,7,1,2,3543,1
10852,43,Female,149086,SEO,Conversion,2950.7,0.17,0.02,46,2.54,10.63,11,19,9,1,2755,1
10935,27,Male,30304,SEO,Consideration,8978.16,0.11,0.13,45,7.3,4.01,72,11,2,0,1317,1
12253,38,Male,121345,Referral,Consideration,301.4,0.14,0.19,19,3.81,8.85,95,16,3,3,1105,1
14416,46,Male,66716,Email,Retention,660.63,0.23,0.11,11,6.67,14.11,66,4,1,4,1147,1
8741,33,Male,78535,Social Media,Conversion,1491.54,0.1,0.16,0,6.83,12.54,77,18,7,3,4490,1
11971,64,Female,26023,Referral,Awareness,7457.88,0.22,0.18,29,3.77,3.68,44,10,1,3,1422,1
14382,44,Female,87275,Email,Conversion,9997.91,0.19,0.04,23,4.12,13.67,22,17,7,1,4879,1
12405,39,Female,135074,Social Media,Awareness,7395.96,0.25,0.11,31,3.26,12.84,30,8,1,0,691,1
9748,27,Male,21354,Social Media,Retention,7611.33,0.1,0.02,44,5.57,9.05,88,18,3,7,1322,1
15633,59,Male,104021,PPC,Awareness,3215.65,0.14,0.05,35,3.71,7.88,84,7,5,7,3231,0
8226,34,Male,103197,Social Media,Consideration,6952.64,0.24,0.08,30,9.1,7.71,14,2,4,7,3657,1
13068,63,Female,51028,Referral,Retention,6557.5,0.02,0.19,14,7.76,13.41,75,6,0,1,4872,1
8733,55,Female,100732,Referral,Awareness,8607.68,0.05,0.19,43,3.22,10.03,5,4,8,4,2673,1
12984,39,Female,93703,Referral,Awareness,3475.86,0.22,0.06,23,9.01,7.43,80,7,4,2,4929,1
12975,36,Male,87891,Social Media,Retention,8499.24,0.14,0.18,3,9.83,2.71,1,5,4,2,777,1
11799,27,Female,79611,PPC,Retention,6229.41,0.25,0.03,44,1.71,1.49,9,12,2,3,3155,1
15318,27,Male,64297,Referral,Consideration,3688.71,0.14,0.05,37,1.9,4.13,90,15,1,3,1348,1
13991,41,Male,104565,SEO,Consideration,2134.76,0.29,0.04,38,3.34,0.97,33,12,4,2,1423,1
13329,30,Male,95886,SEO,Retention,4045.47,0.03,0.15,43,1.42,1.26,84,14,4,7,1547,1
11524,42,Female,107826,Social Media,Awareness,3352.5,0.02,0.16,44,8.52,14.15,9,6,3,0,2442,1
13037,62,Female,103504,PPC,Retention,8241.42,0.09,0.18,19,1.77,9.85,46,8,8,0,1159,1
12608,31,Male,107829,PPC,Conversion,8813.09,0.11,0.02,17,4.4,10.09,98,4,4,5,1069,1
8709,61,Female,95561,Social Media,Retention,5930.52,0.18,0.19,46,2.13,7.33,57,18,6,6,666,1
14940,29,Female,82694,SEO,Awareness,4581.93,0.15,0.11,41,1.43,2.92,95,17,7,2,1386,1
14579,33,Female,53782,Email,Retention,3743.57,0.12,0.13,18,3.8,2.46,32,6,6,5,2453,1
12107,53,Female,44886,SEO,Awareness,9441.66,0.24,0.06,10,5.99,2.0,25,6,9,0,960,1
11774,47,Female,100890,Referral,Consideration,9974.5,0.19,0.01,7,6.5,2.79,2,9,9,4,2335,1
12734,31,Female,100223,Social Media,Awareness,7069.89,0.23,0.08,43,1.63,10.65,70,4,0,9,2196,1
13296,24,Female,52171,PPC,Consideration,9897.86,0.26,0.07,32,7.64,12.1,4,8,9,7,2979,1
10215,42,Female,84067,Social Media,Retention,4763.09,0.26,0.02,35,2.33,11.84,25,12,4,1,365,0
9070,28,Female,130845,SEO,Consideration,7192.36,0.22,0.07,4,4.91,13.93,25,14,0,2,4069,1
15873,65,Female,122017,SEO,Retention,3260.23,0.03,0.18,8,8.18,9.34,48,5,3,0,3619,0
14691,57,Female,97303,Email,Consideration,5693.05,0.26,0.08,41,4.67,8.03,1,12,9,4,2780,1
9829,62,Male,26490,Referral,Awareness,6448.67,0.08,0.03,7,9.58,7.89,83,18,9,9,1666,1
11889,51,Male,26073,Referral,Awareness,1205.95,0.12,0.09,3,9.11,9.84,10,16,8,7,2093,1
12898,31,Male,118994,PPC,Conversion,1494.78,0.21,0.04,38,1.21,7.51,42,10,6,4,3400,1
13862,42,Male,24652,PPC,Awareness,8118.73,0.01,0.02,9,8.81,9.12,1,10,1,4,3022,1
14609,29,Male,144783,Social Media,Consideration,4051.04,0.18,0.08,37,7.92,0.84,22,19,6,8,3276,1
8001,69,Male,41760,Email,Retention,3898.67,0.16,0.18,42,2.92,5.35,5,2,7,2,3459,1
9160,21,Female,143616,Social Media,Consideration,5209.01,0.04,0.04,42,1.07,13.67,97,19,9,7,355,1
10112,20,Female,38632,Email,Conversion,7948.82,0.29,0.18,45,3.89,3.38,65,10,7,8,3124,1
8886,35,Male,44837,Email,Retention,9856.94,0.2,0.02,2,6.33,5.3,93,19,5,9,3357,1
11238,52,Female,121946,PPC,Conversion,8286.53,0.13,0.13,28,9.56,5.28,74,18,9,9,1647,1
9408,64,Female,116921,PPC,Awareness,3393.1,0.08,0.19,11,7.96,10.87,57,6,8,1,3021,1
15504,53,Female,67346,PPC,Conversion,3583.76,0.19,0.05,47,4.78,8.56,59,11,9,9,737,1
14911,69,Female,110341,Email,Retention,299.21,0.27,0.04,36,2.1,3.6,12,12,5,7,3683,1
14517,24,Male,29402,Email,Awareness,8901.51,0.07,0.15,42,6.54,4.3,89,3,0,8,3023,1
11373,56,Male,72035,PPC,Retention,7325.3,0.29,0.04,31,8.9,11.74,23,15,1,0,3588,1
8759,40,Male,61025,Email,Awareness,6852.56,0.09,0.15,38,2.53,3.49,99,8,2,5,35,0
11969,52,Male,134320,Social Media,Retention,5951.18,0.29,0.03,42,5.26,2.74,49,14,8,6,291,1
11590,47,Female,39330,Referral,Consideration,455.88,0.09,0.05,30,2.11,3.47,31,7,4,3,2687,0
8716,20,Female,76625,Social Media,Consideration,5296.0,0.12,0.17,24,8.8,12.6,18,7,6,7,4274,1
10196,59,Female,46515,Social Media,Retention,8239.5,0.13,0.2,9,4.16,1.91,35,11,4,4,4217,1
12697,69,Female,141992,Referral,Consideration,478.03,0.24,0.05,46,7.35,1.84,34,8,2,8,3973,1
8923,48,Female,38055,Email,Conversion,3598.5,0.01,0.01,7,4.35,11.21,2,19,9,5,42,1
8092,64,Male,26125,PPC,Conversion,3258.04,0.22,0.15,46,5.0,12.41,66,0,7,8,2324,1
8096,62,Female,77429,Referral,Awareness,7909.34,0.06,0.16,0,4.02,5.8,52,11,0,3,3482,1
13442,32,Female,36263,Social Media,Awareness,4716.11,0.05,0.08,5,7.02,4.13,35,17,5,2,3568,1
13596,50,Female,53103,PPC,Retention,8062.87,0.03,0.09,27,1.9,8.51,29,6,0,1,3285,1
9670,39,Female,115826,SEO,Conversion,4332.15,0.03,0.19,13,1.44,4.78,72,5,3,7,4596,1
10615,52,Female,136322,Social Media,Retention,3617.09,0.22,0.08,5,3.46,2.61,54,4,2,8,972,0
12197,51,Female,38243,Email,Consideration,6560.45,0.12,0.18,31,3.7,0.89,65,12,2,4,1170,1
13196,40,Female,55169,Email,Awareness,9878.52,0.08,0.01,20,9.62,9.72,57,9,3,3,2315,1
9131,48,Female,109364,Social Media,Consideration,9197.57,0.08,0.11,35,8.28,5.78,76,3,8,3,354,1
14079,39,Male,21431,Social Media,Retention,6836.96,0.04,0.17,21,4.24,14.72,35,5,2,7,1733,1
14072,40,Male,25493,SEO,Consideration,8661.82,0.16,0.14,36,6.18,12.35,40,9,3,5,787,1
12315,53,Female,44967,Social Media,Consideration,9725.01,0.06,0.03,27,8.03,9.37,90,6,3,1,266,1
11095,33,Male,72527,PPC,Awareness,4450.71,0.25,0.05,41,1.92,1.99,51,0,3,7,224,0
8208,61,Female,26577,SEO,Awareness,6260.92,0.28,0.01,13,7.98,4.36,56,3,5,8,446,1
11422,60,Female,55171,Email,Retention,7629.0,0.28,0.19,15,3.91,2.96,29,13,8,8,662,1
13042,64,Female,136853,Referral,Conversion,7446.9,0.02,0.04,47,2.46,3.73,64,3,0,2,1433,0
13980,63,Male,22853,SEO,Retention,730.0,0.09,0.19,39,6.12,3.78,81,5,4,6,4035,1
15068,55,Female,96089,SEO,Retention,7548.06,0.23,0.09,0,3.79,6.94,32,18,1,9,2151,1
12153,46,Female,101499,Social Media,Conversion,4072.82,0.2,0.12,8,4.97,0.64,95,7,0,6,251,1
9714,21,Female,97248,Referral,Conversion,121.52,0.23,0.06,47,9.3,13.23,39,12,0,8,3612,1
12896,32,Female,70426,Email,Retention,8196.63,0.04,0.19,48,2.34,9.12,20,17,5,2,2788,1
11887,22,Female,108732,SEO,Retention,7186.26,0.17,0.19,10,9.25,3.21,20,13,3,1,2179,1
12293,54,Male,32018,SEO,Consideration,5269.4,0.18,0.14,0,2.54,5.64,48,2,0,0,2775,0
13766,61,Female,119610,PPC,Conversion,5762.96,0.24,0.04,20,4.19,1.12,4,4,7,8,2907,1
12214,67,Female,95324,Email,Consideration,1448.96,0.25,0.07,32,3.67,9.24,6,6,0,8,3977,1
13813,49,Male,108670,Social Media,Awareness,5237.05,0.07,0.16,27,8.58,14.69,6,11,9,2,1517,1
11177,56,Male,148933,Referral,Conversion,2075.27,0.08,0.17,17,9.12,11.97,96,18,5,1,2592,1
12207,35,Female,104886,Social Media,Consideration,2567.69,0.12,0.06,18,8.93,10.41,28,3,3,2,532,1
10117,35,Female,96905,SEO,Conversion,8401.73,0.25,0.11,18,8.66,5.12,8,10,1,5,4846,1
14577,44,Male,142850,SEO,Awareness,3926.47,0.25,0.05,29,9.58,9.54,49,4,8,2,4327,1
15270,41,Male,128061,SEO,Retention,1946.9,0.29,0.17,1,4.1,14.23,26,12,0,4,2759,1
15706,68,Female,37752,Referral,Retention,9192.85,0.02,0.05,24,3.22,13.57,19,4,3,7,2625,1
11528,38,Male,65799,SEO,Awareness,8680.52,0.26,0.02,13,2.79,14.84,97,10,3,2,1542,1
8354,55,Female,126745,Social Media,Conversion,3554.98,0.22,0.11,49,7.74,2.28,36,14,9,6,3517,1
12769,68,Male,96519,Email,Consideration,6216.3,0.29,0.19,12,3.8,5.89,93,8,2,2,4954,1
15810,52,Male,128988,Social Media,Conversion,9159.95,0.13,0.11,25,8.84,7.78,90,3,3,6,3331,0
8400,20,Male,98993,Social Media,Conversion,4965.97,0.12,0.16,28,2.66,5.64,26,4,7,6,4059,1
10933,49,Female,110288,Email,Retention,1754.67,0.09,0.11,43,8.15,3.41,60,1,6,6,1506,1
14369,23,Female,106766,Referral,Consideration,6828.38,0.24,0.13,19,5.41,14.38,9,15,4,4,2233,1
12058,22,Male,81978,Email,Conversion,8198.45,0.01,0.16,48,7.19,13.63,20,3,6,4,3542,1
8666,22,Female,40156,Social Media,Awareness,8042.21,0.13,0.19,4,5.54,14.32,90,10,4,4,1226,1
10915,37,Female,69635,SEO,Conversion,4141.16,0.03,0.06,13,2.58,8.56,51,0,6,1,3154,1
13254,64,Female,145355,Email,Awareness,1305.22,0.08,0.12,25,8.96,6.76,60,18,0,6,1817,1
11964,21,Male,22196,Social Media,Conversion,1658.3,0.19,0.15,31,1.86,12.15,99,11,3,8,1969,1
10656,39,Male,51368,Referral,Retention,8218.57,0.24,0.08,9,4.96,13.62,21,1,5,9,1401,1
13454,25,Male,67731,Email,Retention,8668.61,0.08,0.12,7,5.79,14.53,9,3,2,8,142,0
8918,28,Female,132021,Referral,Consideration,5182.73,0.04,0.1,11,4.94,3.75,4,13,0,6,2966,1
13891,48,Female,135793,SEO,Conversion,1530.68,0.07,0.03,24,1.89,8.9,95,7,6,1,919,0
8726,18,Female,44256,Referral,Conversion,7874.17,0.18,0.06,31,1.56,9.92,31,5,3,0,687,1
11884,66,Female,134639,SEO,Awareness,9822.28,0.23,0.11,9,4.56,8.01,22,0,6,6,1818,1
14140,62,Female,50448,Social Media,Retention,321.51,0.05,0.19,2,6.3,4.32,96,9,7,0,2475,0
15178,51,Female,21249,Referral,Conversion,6203.92,0.28,0.09,43,6.19,5.71,44,13,7,7,4116,1
11881,48,Female,143485,PPC,Retention,3532.97,0.03,0.01,34,8.81,7.72,88,17,6,9,599,1
14942,53,Female,48615,SEO,Consideration,3017.57,0.17,0.19,2,4.1,3.07,1,3,5,5,444,0
15180,57,Female,35565,SEO,Conversion,8062.3,0.04,0.1,26,3.45,9.41,46,11,1,8,3616,1
14239,48,Female,118738,Email,Consideration,6057.21,0.22,0.15,12,7.08,9.62,42,17,5,1,983,1
15901,41,Male,98563,Social Media,Retention,9537.09,0.28,0.13,47,5.54,0.83,46,10,0,7,4239,0
15202,23,Male,148236,Referral,Awareness,6500.1,0.02,0.09,44,5.48,2.44,61,14,4,6,620,1
11458,46,Male,101751,Social Media,Conversion,7278.25,0.26,0.11,19,3.56,9.76,61,16,3,1,3220,1
13439,27,Male,62354,Social Media,Retention,7944.19,0.17,0.07,48,8.73,4.46,70,3,6,7,179,1
12424,22,Female,70293,Social Media,Awareness,1851.91,0.1,0.1,33,4.49,1.81,79,5,4,0,4654,0
8713,43,Female,99098,Social Media,Conversion,9536.11,0.18,0.11,18,4.96,14.93,81,9,4,9,501,1
8636,66,Male,62738,Social Media,Consideration,2238.28,0.08,0.1,44,4.73,3.71,29,2,1,4,4884,0
9192,24,Male,146117,Email,Retention,5551.08,0.08,0.17,42,5.35,9.1,15,10,9,3,4805,1
11648,32,Female,24723,Email,Retention,2552.29,0.26,0.05,9,2.49,2.03,73,13,9,6,4280,0
11175,31,Female,30691,SEO,Awareness,9631.51,0.29,0.05,43,8.42,11.25,43,12,9,3,1148,1
8985,19,Male,116404,PPC,Conversion,6453.68,0.05,0.04,42,9.01,0.63,38,13,4,2,3620,1
10121,30,Female,70840,Referral,Conversion,2540.74,0.2,0.13,19,4.76,9.27,17,19,9,4,1630,1
13099,54,Female,140773,Social Media,Consideration,7706.0,0.12,0.05,40,1.85,4.82,29,17,5,5,1227,1
9532,60,Female,33580,PPC,Conversion,7519.05,0.01,0.13,27,6.36,6.09,93,3,2,1,2713,1
8322,42,Female,116319,PPC,Conversion,1580.08,0.17,0.2,2,8.72,2.51,50,0,8,6,3625,1
12655,38,Female,71331,PPC,Retention,7133.88,0.06,0.14,2,5.74,12.01,12,2,7,1,2744,1
9352,24,Male,30847,Email,Conversion,2275.05,0.23,0.06,10,10.0,14.1,15,13,4,3,4424,1
9426,69,Female,127079,SEO,Retention,2315.26,0.07,0.16,19,8.02,3.47,50,18,5,4,3706,1
9441,36,Male,53149,Referral,Consideration,4308.3,0.03,0.19,49,9.62,7.35,44,2,4,6,3705,1
8203,26,Male,82968,SEO,Conversion,6202.76,0.24,0.08,32,5.66,3.7,29,9,2,3,1014,1
10720,44,Female,66546,Email,Retention,3392.79,0.15,0.01,19,4.41,2.97,28,17,3,2,1446,1
13438,39,Male,42357,PPC,Conversion,4671.16,0.23,0.09,33,2.6,6.09,25,0,9,5,4971,1
15701,46,Female,27408,Social Media,Consideration,2983.84,0.21,0.2,5,9.95,10.65,87,12,1,0,3736,1
11520,25,Male,111502,Referral,Conversion,7687.22,0.28,0.09,14,9.34,14.92,97,0,7,8,3699,1
14816,43,Female,87827,Social Media,Conversion,4877.09,0.15,0.06,30,4.71,8.23,50,1,5,9,280,1
12820,51,Male,148872,Email,Consideration,7236.8,0.08,0.02,39,5.64,4.28,32,6,5,5,3821,1
10614,34,Female,21982,SEO,Retention,9971.66,0.24,0.11,25,1.89,8.84,28,4,2,3,3470,1
11504,44,Female,52117,Referral,Consideration,756.21,0.04,0.14,30,7.87,4.25,99,9,1,8,1239,1
12413,51,Female,51854,Social Media,Consideration,6319.67,0.05,0.08,10,8.96,11.37,43,15,9,4,4937,1
9553,50,Female,90912,Referral,Conversion,3655.06,0.19,0.14,40,3.94,8.89,19,16,2,4,2773,1
12859,33,Male,123429,Referral,Consideration,9275.23,0.15,0.16,48,5.62,8.35,81,17,8,2,3356,1
14916,35,Female,122335,Social Media,Consideration,266.99,0.05,0.06,39,2.46,12.37,15,2,4,1,1645,0
8144,18,Female,114472,Social Media,Consideration,3354.23,0.09,0.07,40,7.92,1.75,9,14,4,1,318,0
11243,33,Female,142134,PPC,Awareness,7925.64,0.25,0.16,44,2.77,6.82,93,15,8,0,3985,1
13034,59,Female,46855,Email,Conversion,7917.2,0.22,0.1,38,6.67,10.75,20,9,1,4,3639,1
9724,66,Male,129570,Referral,Awareness,3406.59,0.23,0.16,32,5.92,12.21,34,2,8,2,274,1
11806,20,Male,119359,Social Media,Awareness,6658.84,0.18,0.15,16,6.06,14.47,16,11,0,6,250,1
13979,52,Female,147632,PPC,Consideration,4927.92,0.25,0.12,4,1.17,5.25,91,15,1,2,2960,1
11918,59,Female,128112,Referral,Conversion,8439.04,0.09,0.15,23,9.76,0.54,66,4,2,3,3157,1
11154,47,Male,72062,Email,Retention,600.73,0.27,0.03,27,2.03,4.47,29,12,3,4,3891,1
9760,66,Female,115777,PPC,Conversion,7021.38,0.1,0.14,13,8.64,13.92,70,5,9,1,4530,1
8150,26,Male,98411,SEO,Conversion,8212.69,0.04,0.09,47,5.19,3.32,71,4,2,4,4,1
12044,65,Female,39396,Social Media,Awareness,5028.02,0.28,0.05,29,7.15,9.65,97,9,8,2,203,1
15356,65,Male,36406,Social Media,Consideration,2671.39,0.23,0.16,28,5.91,14.13,48,3,3,7,675,0
8764,33,Male,85843,Social Media,Consideration,2903.51,0.23,0.01,0,4.83,5.37,80,14,7,3,329,1
9178,42,Female,135149,Email,Awareness,6983.5,0.24,0.13,37,9.76,7.56,93,18,7,3,3268,1
10076,56,Female,139454,Social Media,Retention,9319.82,0.17,0.05,16,1.08,13.46,70,15,1,0,755,1
15031,64,Female,43039,Referral,Conversion,6915.4,0.13,0.19,14,9.55,3.37,36,6,9,9,2344,1
13523,33,Female,94083,Referral,Consideration,6815.36,0.1,0.19,21,6.44,14.95,56,4,7,6,3689,1
11213,56,Male,31628,Referral,Retention,7291.87,0.1,0.05,19,5.73,8.98,35,2,5,7,2820,1
8526,65,Female,43560,SEO,Consideration,3038.9,0.22,0.19,35,4.41,8.48,17,16,1,7,2515,1
13906,49,Male,93513,PPC,Retention,3734.11,0.17,0.15,46,7.97,10.15,3,19,6,6,727,1
14452,69,Male,25597,Email,Consideration,7323.02,0.15,0.12,36,6.71,6.66,75,19,3,6,1020,1
12620,18,Female,71885,SEO,Retention,8565.43,0.02,0.08,41,9.72,9.35,36,15,2,9,3603,1
8478,59,Male,105772,Social Media,Consideration,3479.75,0.04,0.15,22,6.63,4.75,17,10,9,9,2662,1
14482,59,Male,116102,Email,Consideration,436.0,0.11,0.14,39,7.54,1.24,42,6,0,5,88,1
15345,19,Female,48363,SEO,Awareness,716.63,0.2,0.18,48,3.83,4.06,65,8,1,6,3344,1
9338,45,Male,111937,Referral,Retention,9930.94,0.25,0.2,19,2.6,12.97,36,7,1,9,1484,1
12993,62,Female,65161,PPC,Conversion,7536.64,0.07,0.04,45,3.31,7.32,12,18,2,9,885,1
11701,52,Male,77694,Referral,Awareness,3924.19,0.05,0.12,47,7.34,12.42,70,12,7,8,2972,1
13716,28,Male,43600,PPC,Retention,4553.81,0.12,0.05,27,5.95,3.4,76,14,9,1,2186,1
10183,62,Male,54603,Email,Consideration,8963.98,0.16,0.13,25,3.02,13.6,21,17,3,8,3283,1
13258,46,Female,96230,Social Media,Awareness,1666.14,0.22,0.15,30,4.03,9.0,34,5,2,5,934,1
10295,67,Female,30148,PPC,Awareness,5084.97,0.11,0.16,36,9.9,4.44,95,16,1,8,2208,1
11933,69,Male,87071,Email,Retention,9674.17,0.21,0.06,40,7.14,13.62,88,6,1,2,2656,1
14903,67,Female,132315,Email,Conversion,4947.84,0.12,0.06,32,5.98,8.39,2,10,0,0,3188,1
14625,39,Female,51126,Social Media,Consideration,5074.39,0.2,0.12,48,2.12,4.49,42,10,6,0,3127,1
8452,66,Female,59695,Social Media,Awareness,7709.05,0.04,0.09,37,2.51,11.23,63,11,6,1,162,1
15889,21,Female,120086,PPC,Awareness,5139.17,0.06,0.05,20,6.37,12.37,45,10,7,4,291,1
10631,47,Male,71632,Email,Consideration,4724.59,0.13,0.11,20,3.53,9.53,52,19,7,7,3021,1
13774,56,Male,117561,Social Media,Conversion,4020.81,0.14,0.13,6,9.83,7.95,6,9,8,2,1241,1
15400,20,Female,32863,Social Media,Awareness,8133.16,0.07,0.07,40,5.3,9.68,98,6,6,0,2652,0
12119,55,Male,37985,SEO,Retention,4454.46,0.2,0.14,33,7.7,10.65,70,17,3,1,3108,1
8641,29,Female,107090,Email,Consideration,7484.21,0.28,0.12,2,7.41,2.63,70,8,9,7,4808,1
13411,43,Female,88106,Social Media,Retention,6950.61,0.13,0.04,7,6.54,7.52,68,0,0,8,3897,1
15793,44,Female,140406,Referral,Conversion,7186.92,0.25,0.13,4,1.36,12.76,36,5,3,0,946,0
14991,61,Male,79046,SEO,Retention,4891.78,0.07,0.19,47,7.36,5.49,4,13,2,9,1277,1
15561,46,Female,59530,Email,Retention,2906.73,0.1,0.18,16,3.25,14.71,24,9,5,0,2466,0
11173,23,Male,41179,Email,Consideration,2764.65,0.03,0.02,21,8.71,13.51,70,6,6,2,4571,1
13317,23,Male,54001,Referral,Retention,1569.25,0.17,0.04,14,1.91,3.35,28,9,4,2,2474,1
12909,43,Female,76915,Email,Conversion,6086.68,0.1,0.01,38,8.18,8.0,90,9,3,3,3232,1
8468,49,Female,64870,PPC,Consideration,3048.86,0.11,0.16,34,2.54,14.69,64,9,0,6,68,1
11605,25,Female,91229,Referral,Awareness,1186.81,0.17,0.19,38,1.56,9.08,73,13,7,2,3363,1
9963,46,Male,52202,SEO,Awareness,1222.4,0.1,0.03,23,6.97,12.91,74,3,9,4,2854,1
14330,51,Male,45650,Email,Consideration,7238.77,0.18,0.15,45,5.25,3.81,42,18,3,3,2582,1
10524,56,Male,74471,Referral,Retention,9856.63,0.08,0.08,31,7.85,4.83,52,8,0,7,1255,1
12375,58,Male,55449,PPC,Awareness,8454.36,0.18,0.18,25,4.91,6.65,92,11,1,6,3451,1
14322,64,Female,121201,PPC,Awareness,1326.2,0.28,0.08,45,7.08,3.44,98,2,9,3,4475,1
14809,64,Male,62681,Referral,Awareness,7340.42,0.23,0.09,26,5.45,10.98,52,4,9,6,3096,1
9626,40,Female,24318,Referral,Awareness,8174.43,0.08,0.14,36,4.15,2.01,57,10,9,0,3149,1
11364,42,Female,143747,SEO,Conversion,7763.21,0.1,0.12,35,5.18,10.71,37,13,3,8,1950,1
11598,58,Male,103457,SEO,Conversion,6528.73,0.26,0.1,23,5.29,14.26,88,13,2,1,3367,1
10044,68,Female,26338,Social Media,Awareness,9791.25,0.19,0.06,37,7.4,8.67,37,1,2,8,533,1
12543,59,Male,116537,Referral,Consideration,5745.08,0.07,0.08,42,9.32,9.36,4,12,2,3,2689,1
8833,20,Female,38857,Referral,Consideration,9921.43,0.17,0.04,25,6.28,3.22,32,15,7,5,3635,1
14860,47,Male,45187,SEO,Consideration,5635.7,0.29,0.18,48,5.54,7.26,72,18,6,9,4915,1
15909,54,Male,21825,Referral,Awareness,6252.39,0.03,0.1,15,2.38,9.52,61,2,9,7,1238,1
14260,51,Male,55515,SEO,Awareness,2627.96,0.13,0.03,34,9.22,6.59,4,17,3,0,2020,1
12891,21,Male,50568,Email,Retention,399.04,0.19,0.14,3,7.16,9.64,11,11,7,2,1771,1
11624,65,Female,106287,PPC,Retention,1027.73,0.09,0.19,20,5.18,5.68,52,9,1,1,3164,1
11063,18,Female,54528,Referral,Conversion,1162.18,0.11,0.11,2,9.52,7.74,7,5,8,3,933,1
15069,51,Male,29630,Email,Consideration,7398.31,0.15,0.08,40,7.65,2.55,14,1,6,5,2236,1
11727,34,Male,139855,PPC,Conversion,9675.02,0.22,0.04,8,1.11,0.67,36,11,4,4,5,1
14574,37,Female,136839,Referral,Retention,645.85,0.13,0.17,14,7.24,8.32,58,17,0,9,2692,1
11455,22,Female,72188,Social Media,Conversion,9958.23,0.08,0.11,36,5.57,8.73,42,14,2,6,4701,1
12825,23,Female,133846,Referral,Retention,6736.07,0.06,0.07,48,3.69,6.15,50,12,1,1,2932,1
8056,45,Male,36035,Email,Consideration,385.99,0.23,0.07,25,5.87,4.89,28,5,7,9,3851,1
12989,62,Female,122968,Social Media,Consideration,7481.92,0.08,0.16,19,1.07,0.66,86,8,8,9,2591,1
9852,68,Female,48380,SEO,Awareness,9586.02,0.27,0.11,4,1.94,2.54,31,9,9,2,4773,1
8697,18,Female,71857,SEO,Awareness,6069.91,0.22,0.14,43,4.39,13.37,30,4,1,1,4383,1
12611,62,Female,132192,SEO,Awareness,8607.49,0.26,0.08,11,8.58,1.96,15,2,6,1,3832,1
10748,38,Male,46379,Social Media,Retention,4032.98,0.09,0.12,41,1.8,5.01,40,11,2,3,2430,1
10873,58,Male,64488,PPC,Awareness,8267.5,0.1,0.18,6,1.53,3.69,52,13,3,2,1601,1
13121,55,Male,149255,PPC,Consideration,172.06,0.01,0.15,48,4.17,9.06,93,16,8,7,868,1
13233,60,Female,21847,SEO,Consideration,9613.66,0.09,0.02,17,6.17,6.19,50,15,5,9,1099,1
11325,51,Female,47215,Social Media,Awareness,3205.64,0.15,0.04,25,3.39,11.68,57,2,9,1,2176,1
10002,41,Female,21865,Referral,Awareness,5751.4,0.11,0.09,12,4.01,14.28,74,13,3,7,3055,1
14670,64,Male,134797,SEO,Awareness,8766.26,0.13,0.07,10,8.48,2.02,15,8,5,1,4063,1
8717,62,Male,92551,SEO,Conversion,787.72,0.08,0.08,32,3.91,7.2,55,8,8,6,732,1
11417,18,Female,127374,Email,Consideration,1505.11,0.24,0.06,15,6.26,9.64,88,9,0,6,3099,1
8772,53,Male,44198,Referral,Conversion,3486.68,0.25,0.14,6,8.55,13.51,61,15,6,2,2446,1
15273,66,Female,142082,PPC,Consideration,9928.1,0.18,0.05,12,2.98,4.69,60,12,2,6,1160,1
8849,21,Male,126888,Referral,Conversion,1632.83,0.15,0.12,46,4.2,3.64,87,19,8,0,1373,1
12953,52,Female,44719,PPC,Consideration,8594.48,0.17,0.02,11,9.22,7.08,93,8,4,8,1906,1
11077,44,Male,101365,Social Media,Awareness,2262.99,0.24,0.06,34,7.6,9.05,49,9,1,3,229,1
8807,35,Female,133849,PPC,Consideration,6205.6,0.25,0.07,33,3.39,9.7,99,2,8,9,4484,1
11376,42,Male,72462,Social Media,Retention,6673.05,0.25,0.07,4,8.71,8.35,62,10,1,4,4865,1
8107,61,Male,22669,PPC,Retention,1206.66,0.16,0.19,38,5.6,8.41,88,13,4,6,3502,1
8387,48,Male,135513,SEO,Retention,1538.09,0.09,0.06,48,2.54,8.42,39,13,4,4,2001,1
11729,38,Female,33432,Email,Retention,4405.69,0.19,0.08,22,5.61,9.72,75,15,6,0,2163,1
8811,28,Female,114486,Referral,Consideration,3267.12,0.07,0.08,49,6.22,11.39,44,18,6,4,2039,1
8067,57,Female,127721,Referral,Consideration,6645.24,0.12,0.17,1,7.96,10.31,7,7,9,6,4051,1
12537,60,Male,102273,PPC,Awareness,6479.06,0.2,0.14,34,1.39,3.98,74,4,2,2,2731,1
12085,67,Male,79204,SEO,Consideration,3998.24,0.12,0.14,29,2.54,0.73,36,7,1,0,1306,0
10283,37,Female,80964,PPC,Awareness,4169.14,0.15,0.11,49,6.08,5.81,2,4,6,8,11,1
11318,38,Female,30101,Referral,Awareness,5224.78,0.02,0.15,34,4.91,9.68,19,18,0,3,2502,1
9697,33,Female,69531,Email,Conversion,5697.52,0.27,0.05,11,3.6,1.91,66,4,3,0,1138,1
8017,39,Female,71330,Social Media,Conversion,841.2,0.16,0.15,31,4.01,10.15,83,18,5,2,3463,1
10528,36,Female,43116,Email,Consideration,4804.24,0.01,0.09,40,2.54,10.22,79,12,3,7,3117,1
8099,32,Male,63199,Referral,Awareness,3684.91,0.11,0.19,14,2.86,9.27,77,8,1,4,3514,1
11973,28,Male,80029,PPC,Conversion,5485.36,0.08,0.08,8,3.31,5.26,81,9,7,3,2376,1
14356,34,Female,81383,SEO,Consideration,5930.08,0.14,0.08,28,5.12,0.6,18,0,2,4,3168,1
8084,25,Male,129122,Social Media,Consideration,6979.08,0.07,0.1,16,6.24,10.67,59,10,6,5,928,1
9906,34,Female,28463,PPC,Conversion,393.22,0.08,0.19,23,8.86,5.68,51,11,9,3,3331,1
15667,39,Female,87557,PPC,Conversion,591.28,0.16,0.19,47,5.15,7.35,17,5,8,0,1364,0
9785,20,Female,26229,Email,Retention,7201.31,0.16,0.01,36,9.61,6.6,46,0,3,4,2252,1
15772,29,Female,71069,Social Media,Conversion,7722.08,0.03,0.11,25,3.88,14.73,58,9,8,7,1356,0
15059,30,Female,43500,SEO,Retention,5618.81,0.08,0.07,47,2.59,9.43,12,13,2,0,988,0
13709,35,Female,108296,Referral,Retention,2887.59,0.11,0.15,7,3.65,8.99,61,1,0,7,2517,1
10047,34,Female,29622,Referral,Consideration,2926.53,0.29,0.08,30,6.98,11.88,44,5,4,1,4488,1
8342,24,Female,135852,Email,Awareness,9728.32,0.07,0.13,7,3.69,9.9,32,1,3,6,3747,1
9278,66,Male,116177,SEO,Conversion,3885.18,0.13,0.11,21,9.03,5.98,0,8,3,0,1990,1
14956,39,Female,47729,Referral,Awareness,4922.73,0.2,0.19,8,4.25,5.21,6,19,8,4,2091,1
8412,19,Male,87381,Referral,Consideration,5194.61,0.29,0.05,9,3.41,14.82,65,16,4,1,3635,1
12973,21,Female,149249,Referral,Consideration,5504.6,0.3,0.01,25,3.9,7.93,88,19,7,7,1136,1
12592,18,Female,73642,PPC,Conversion,1320.68,0.23,0.2,12,8.71,12.99,49,5,8,9,2207,1
9307,69,Female,26895,SEO,Consideration,4113.84,0.04,0.1,49,2.43,13.24,45,11,3,2,2408,1
12454,18,Female,133204,SEO,Awareness,1968.12,0.12,0.2,27,7.8,4.0,61,6,3,4,4486,1
12572,59,Male,115157,PPC,Retention,7342.82,0.29,0.03,21,3.95,3.1,55,0,3,8,3517,1
11480,43,Male,123603,Email,Awareness,4147.42,0.21,0.11,23,5.43,12.01,28,2,2,3,300,1
10221,18,Male,136315,Social Media,Consideration,9928.24,0.25,0.09,19,6.4,11.64,82,14,1,9,431,1
10687,23,Male,86735,SEO,Consideration,1714.67,0.27,0.18,14,5.7,1.88,40,1,7,0,139,0
15713,65,Female,20992,Referral,Retention,4906.17,0.23,0.11,10,9.93,14.66,38,10,2,9,3714,0
14290,49,Male,123722,PPC,Awareness,2470.13,0.06,0.11,44,1.59,14.32,34,10,9,1,1276,1
13601,37,Male,144679,PPC,Retention,7755.1,0.1,0.12,24,1.72,5.41,45,1,7,3,2103,1
12326,53,Female,68709,SEO,Awareness,4200.96,0.15,0.14,31,5.36,6.35,30,4,1,2,577,1
9699,64,Female,116621,PPC,Retention,3174.31,0.3,0.04,14,5.54,1.7,65,3,7,3,1495,1
9146,46,Female,43731,Email,Awareness,1287.76,0.06,0.15,36,4.45,5.02,78,1,8,7,4936,1
8169,60,Male,29241,PPC,Conversion,4394.36,0.14,0.18,11,9.11,7.66,97,0,4,0,3631,1
8188,28,Male,26376,Email,Retention,5631.4,0.14,0.15,21,2.98,7.36,95,2,7,5,1886,1
11772,19,Male,22808,SEO,Retention,9610.37,0.24,0.13,43,2.45,1.2,4,0,1,7,2723,1
10265,31,Male,59191,Email,Consideration,5798.68,0.14,0.09,22,8.12,4.78,96,11,9,8,3312,1
15250,45,Male,31766,Email,Consideration,5973.08,0.12,0.11,20,1.62,1.47,58,9,8,9,893,1
15650,56,Female,91060,PPC,Awareness,4659.5,0.18,0.05,9,6.81,0.74,13,14,3,6,4126,1
14448,60,Female,76963,PPC,Awareness,4292.04,0.11,0.17,47,9.54,5.01,50,2,7,5,640,1
14849,50,Female,72136,SEO,Retention,2812.23,0.21,0.14,11,8.65,10.45,97,18,4,8,1560,1
9693,46,Male,112735,SEO,Retention,6865.12,0.27,0.05,6,6.15,14.23,91,9,7,6,2883,1
10074,19,Female,107562,SEO,Awareness,9356.8,0.04,0.1,9,7.22,12.4,41,11,6,8,1102,1
10312,49,Male,123005,Social Media,Awareness,9221.05,0.04,0.05,42,2.44,10.35,78,0,9,4,2101,1
10988,37,Female,96942,Social Media,Retention,5269.08,0.13,0.15,37,4.72,7.8,85,2,7,6,3582,1
9334,46,Male,92495,SEO,Awareness,3838.05,0.2,0.16,40,4.29,1.87,69,13,1,0,2180,1
12722,64,Female,129490,Referral,Awareness,9882.36,0.14,0.1,13,5.83,7.32,65,13,5,8,1268,1
8693,36,Female,94888,PPC,Awareness,2545.19,0.22,0.03,0,5.02,1.07,16,15,0,5,3553,0
13966,39,Male,62988,Referral,Retention,9853.27,0.29,0.12,32,9.28,10.85,26,16,1,4,4347,1
9467,61,Male,93885,Social Media,Conversion,5689.18,0.28,0.16,12,5.93,0.65,43,10,8,0,3990,1
9825,51,Male,129209,PPC,Retention,628.92,0.08,0.16,22,7.54,0.81,84,0,1,8,4357,0
14263,40,Female,96510,SEO,Retention,127.32,0.1,0.14,20,4.08,14.33,5,16,2,2,1894,1
12481,63,Female,141359,Referral,Conversion,4013.01,0.15,0.2,6,8.26,3.78,39,19,1,2,3303,1
10864,55,Female,29327,Social Media,Awareness,791.97,0.21,0.02,4,6.58,4.39,7,11,1,3,4644,0
13332,37,Male,140045,Referral,Awareness,9266.7,0.02,0.14,34,9.4,14.71,95,18,4,1,1743,1
8103,24,Male,113513,Social Media,Awareness,3097.02,0.29,0.19,2,3.8,13.83,60,2,4,2,1821,1
13426,47,Male,96407,Referral,Consideration,6284.09,0.05,0.01,41,3.32,7.49,16,11,2,5,2161,1
10791,45,Male,61508,Social Media,Awareness,3003.9,0.22,0.11,31,9.41,3.4,75,6,1,0,4650,1
11208,22,Male,23205,PPC,Conversion,413.91,0.02,0.05,41,8.77,13.34,80,7,3,7,3086,1
15019,39,Male,134515,Email,Retention,1138.03,0.23,0.03,30,6.0,12.21,15,5,1,8,3803,1
9225,41,Female,133984,Email,Consideration,5791.05,0.26,0.06,7,6.78,7.08,56,4,0,9,2233,1
13010,65,Male,88157,Email,Conversion,8904.62,0.01,0.12,32,1.71,12.6,51,7,5,5,2693,1
11592,50,Female,23236,Email,Awareness,4008.34,0.29,0.08,15,3.99,6.63,4,12,8,0,2709,1
9275,54,Female,72268,SEO,Consideration,1428.91,0.16,0.06,33,8.93,8.19,46,8,3,8,3504,1
10621,39,Female,74681,Referral,Retention,2309.26,0.13,0.07,15,7.48,7.45,44,16,7,9,191,1
12888,47,Male,98156,Email,Retention,7007.99,0.2,0.02,40,8.8,9.14,72,9,6,4,498,1
9960,34,Female,65097,Referral,Awareness,5125.72,0.23,0.15,21,5.22,8.16,55,10,0,3,2139,1
11179,43,Male,120827,PPC,Retention,6420.55,0.05,0.08,19,3.57,1.36,84,15,3,1,63,1
9796,57,Female,141907,Referral,Retention,5017.0,0.19,0.15,31,9.85,4.65,36,7,5,5,4820,1
13967,43,Female,113803,Referral,Conversion,8778.42,0.18,0.19,14,5.12,8.69,84,4,4,7,3401,1
10991,49,Female,25972,Email,Retention,2322.5,0.03,0.05,10,5.9,1.92,87,17,9,9,375,0
14990,50,Male,107367,PPC,Consideration,2413.03,0.03,0.03,33,6.96,14.19,39,14,3,1,21,0
10771,36,Female,107988,PPC,Consideration,1331.65,0.17,0.01,49,6.69,7.43,87,0,1,6,2389,1
9800,51,Male,106762,Referral,Retention,4647.27,0.04,0.09,3,6.16,8.8,33,18,0,8,2121,1
10504,45,Female,59560,Social Media,Conversion,2403.78,0.17,0.1,49,9.19,8.28,36,17,2,8,4139,1
8795,68,Male,39631,PPC,Consideration,4908.23,0.16,0.08,26,7.46,6.44,34,3,4,6,1260,1
13612,66,Female,98727,Email,Consideration,5318.3,0.07,0.13,33,4.55,9.05,37,19,2,6,2586,1
15377,56,Male,119987,Social Media,Conversion,167.27,0.18,0.19,46,6.46,0.63,52,15,8,5,3369,1
12613,46,Male,86761,Email,Consideration,1108.01,0.11,0.06,12,7.99,5.79,91,2,8,8,2402,1
13231,41,Female,35615,PPC,Awareness,5081.27,0.02,0.13,14,6.67,10.34,80,13,4,9,409,1
15172,45,Female,22598,Referral,Conversion,1915.81,0.3,0.13,46,3.59,7.7,3,16,5,1,3143,1
15114,49,Male,87561,SEO,Awareness,5289.2,0.08,0.12,11,6.55,12.8,99,16,8,2,2993,1
12679,54,Male,102021,PPC,Consideration,3965.82,0.14,0.08,34,7.19,11.87,85,6,3,2,3549,1
10708,31,Male,129093,PPC,Awareness,2823.57,0.26,0.07,29,9.69,11.54,63,5,3,3,51,1
15452,23,Female,24100,Email,Awareness,3838.02,0.18,0.17,19,7.57,3.56,3,3,8,0,3724,0
14211,52,Male,136664,Referral,Awareness,8503.84,0.19,0.15,38,3.54,2.75,24,0,7,6,4654,1
12156,18,Female,86553,Referral,Conversion,310.18,0.07,0.18,31,1.04,6.96,48,5,9,2,2069,1
14474,28,Female,121377,Referral,Retention,2737.33,0.24,0.16,38,8.33,3.97,93,8,2,0,4672,1
10858,57,Female,29756,PPC,Conversion,1094.62,0.09,0.06,39,3.66,1.35,63,2,4,2,4615,1
14518,43,Female,111861,Email,Awareness,530.8,0.15,0.06,13,9.41,11.18,22,6,2,9,919,1
12327,38,Male,108232,SEO,Consideration,2357.89,0.09,0.2,47,6.88,13.19,5,11,0,1,3421,1
8243,21,Male,65389,Social Media,Consideration,2449.26,0.21,0.02,40,5.59,12.62,26,17,1,3,4468,1
13975,58,Female,118453,Email,Awareness,9442.43,0.3,0.13,44,7.72,10.08,84,14,2,3,970,1
9949,28,Male,73374,PPC,Conversion,8552.25,0.22,0.11,47,2.59,2.75,82,18,2,0,1224,1
15546,49,Female,63432,Referral,Consideration,2058.42,0.04,0.19,15,9.71,4.66,96,19,8,0,3034,0
9795,32,Female,29524,Social Media,Awareness,289.11,0.13,0.08,33,8.73,14.44,90,7,9,3,1607,1
8463,22,Male,103568,Social Media,Retention,1653.23,0.09,0.11,29,4.64,9.05,57,1,9,1,297,0
9072,32,Male,109147,PPC,Conversion,2643.56,0.2,0.01,13,7.51,7.09,71,10,2,5,427,1
9268,60,Female,117661,Referral,Consideration,7055.61,0.06,0.1,1,2.59,5.08,19,6,0,7,4958,1
9314,28,Male,68821,PPC,Awareness,3095.73,0.28,0.17,30,4.38,8.2,81,3,4,1,4322,1
9625,34,Male,65833,Email,Awareness,7789.47,0.16,0.05,23,2.55,8.85,36,10,0,1,61,0
15188,65,Female,119252,Social Media,Retention,7423.72,0.16,0.11,19,8.23,13.9,34,19,7,7,4661,1
14510,48,Male,109360,Social Media,Conversion,2003.15,0.13,0.13,37,4.85,0.63,97,4,7,8,498,1
11080,65,Female,31340,Email,Consideration,2922.07,0.02,0.13,44,7.97,11.81,37,17,7,1,3123,1
12404,62,Female,124894,Email,Retention,9133.87,0.15,0.09,33,2.73,2.33,48,13,4,6,2865,1
9235,62,Female,139618,SEO,Retention,4924.69,0.29,0.18,27,6.31,4.89,73,7,1,4,4010,1
15398,59,Female,128126,Social Media,Retention,8753.58,0.15,0.03,27,5.34,2.95,80,19,6,1,2183,0
8729,45,Male,148121,PPC,Awareness,8420.17,0.11,0.11,33,6.02,12.96,56,13,1,9,2627,1
14301,39,Female,141232,Email,Retention,3499.33,0.22,0.18,40,3.1,13.04,35,19,0,1,1810,1
10391,46,Male,148477,PPC,Retention,9296.61,0.13,0.09,11,7.88,10.53,1,0,4,5,1351,1
13771,65,Female,112489,SEO,Conversion,2837.83,0.3,0.06,36,2.66,14.17,59,14,3,0,1191,1
15140,27,Female,64273,Referral,Awareness,1257.48,0.16,0.17,7,1.3,0.79,11,15,9,5,4884,1
9791,51,Female,64069,Referral,Retention,8790.9,0.11,0.09,20,2.71,7.41,68,14,2,4,3698,1
12226,26,Female,109754,PPC,Awareness,197.13,0.26,0.05,25,4.63,11.49,4,1,8,8,1931,1
14648,21,Male,33746,SEO,Retention,2417.84,0.2,0.13,30,3.04,2.54,94,13,2,5,3106,1
8644,45,Female,104351,SEO,Retention,7022.07,0.1,0.17,27,4.23,3.23,17,16,5,8,4369,1
8646,48,Female,111865,Social Media,Awareness,4801.7,0.17,0.07,11,7.97,8.49,74,5,3,9,3708,1
13767,55,Female,120405,SEO,Retention,8168.31,0.09,0.04,43,9.36,1.0,45,9,8,2,2377,1
13931,57,Female,32697,SEO,Conversion,9166.16,0.22,0.1,24,8.12,11.38,63,6,2,5,4230,1
9616,43,Male,145424,PPC,Awareness,873.5,0.3,0.03,19,5.46,0.71,26,12,2,9,1460,1
9057,26,Female,37601,Email,Retention,3041.67,0.05,0.16,44,1.31,12.48,29,3,3,0,661,0
12811,66,Female,118505,Social Media,Awareness,662.74,0.03,0.11,34,5.78,13.64,33,18,0,3,2624,1
12016,61,Female,39674,Social Media,Retention,5118.98,0.2,0.05,29,7.72,0.83,58,17,5,0,4683,1
12741,38,Male,59062,Email,Conversion,5812.3,0.18,0.11,16,1.98,14.87,33,5,2,4,2838,1
8249,69,Female,37580,Referral,Awareness,2836.17,0.16,0.12,23,1.9,0.59,54,5,6,1,156,0
13652,25,Male,123870,PPC,Awareness,9168.71,0.17,0.12,21,9.51,1.46,36,18,0,1,1314,1
11869,18,Female,93719,Email,Retention,9376.59,0.04,0.18,30,2.82,4.36,67,9,7,3,2021,1
14543,60,Male,42118,Social Media,Conversion,9453.47,0.15,0.16,49,6.48,3.2,21,4,3,5,4411,1
10017,65,Male,24487,PPC,Consideration,2363.33,0.1,0.13,38,1.95,6.97,42,8,6,9,222,1
15448,23,Female,77852,Social Media,Conversion,5088.86,0.16,0.19,32,9.09,8.86,4,2,7,8,1352,0
13050,65,Female,124715,Email,Retention,7845.25,0.11,0.13,29,5.63,14.65,9,18,1,7,4818,1
12618,18,Female,88380,SEO,Conversion,1034.19,0.25,0.2,37,7.32,10.46,5,16,8,7,102,1
10209,42,Male,115849,Social Media,Consideration,1310.73,0.21,0.17,16,7.03,4.85,64,2,9,9,2759,1
11067,49,Male,111908,PPC,Retention,9633.68,0.28,0.15,39,8.88,9.93,0,19,3,8,481,1
11377,67,Female,57353,SEO,Retention,7325.07,0.07,0.03,3,6.11,14.31,38,8,2,2,4881,1
15122,20,Female,30935,SEO,Retention,2299.77,0.21,0.09,40,7.66,7.73,61,0,6,8,4922,1
10604,20,Male,68737,SEO,Retention,5702.68,0.28,0.18,46,8.21,5.67,68,7,7,7,72,1
14084,67,Male,144198,Social Media,Conversion,7979.07,0.12,0.07,30,8.22,3.8,50,12,7,4,547,1
11058,25,Female,144595,SEO,Consideration,8063.97,0.06,0.1,36,4.21,2.6,94,2,9,9,771,1
12465,43,Male,135475,Referral,Awareness,7795.77,0.02,0.14,19,1.14,9.79,22,8,8,8,3816,1
14894,21,Female,148969,Referral,Consideration,1486.68,0.19,0.12,31,8.56,4.27,91,6,9,2,3128,1
13850,62,Female,107938,Email,Awareness,9916.45,0.11,0.03,7,6.22,5.05,19,7,4,4,1324,1
12163,36,Female,76224,Social Media,Retention,7381.93,0.28,0.19,5,7.04,14.13,36,11,0,3,121,1
14640,35,Female,57232,Social Media,Awareness,7866.76,0.17,0.17,29,3.4,3.53,35,2,0,8,1204,1
13689,40,Female,146530,Referral,Retention,7481.28,0.3,0.01,28,1.68,3.97,76,7,1,4,2079,1
12857,20,Female,29102,Referral,Conversion,995.26,0.17,0.06,2,2.19,10.56,7,10,1,4,2159,1
10179,68,Male,77013,Referral,Retention,7057.01,0.1,0.07,40,7.34,1.25,25,0,7,3,3713,1
10347,43,Female,132393,SEO,Consideration,5147.1,0.2,0.13,48,2.7,5.2,99,18,3,8,4551,1
8654,42,Female,56214,Email,Conversion,9248.17,0.23,0.04,35,1.15,12.63,59,7,3,8,4376,1
13466,65,Female,44946,Referral,Retention,5774.85,0.03,0.07,44,5.2,11.08,44,12,8,8,765,1
9658,20,Male,65020,Referral,Retention,5383.12,0.27,0.07,49,3.12,6.21,95,17,7,1,2562,1
14667,61,Female,52682,Referral,Consideration,1904.06,0.12,0.07,16,5.91,8.24,45,7,8,3,3544,1
14598,18,Male,28100,Social Media,Retention,3982.93,0.21,0.15,8,9.47,4.6,6,4,7,6,53,0
8635,36,Male,130670,Social Media,Retention,8589.64,0.11,0.18,1,8.95,10.1,86,12,2,0,1759,1
15877,62,Male,128196,SEO,Awareness,7582.45,0.27,0.04,17,3.09,12.47,26,19,9,5,2108,1
12223,18,Female,134886,PPC,Awareness,4228.1,0.08,0.15,29,7.47,1.41,75,13,0,2,4919,1
13576,36,Female,130406,PPC,Awareness,8731.14,0.29,0.16,45,6.39,2.39,54,16,3,2,1728,1
8588,27,Female,56894,Email,Retention,2789.5,0.03,0.09,32,2.56,13.05,42,5,7,9,3590,1
13033,58,Female,35964,SEO,Consideration,8239.16,0.08,0.11,41,3.83,2.87,42,3,8,0,4743,1
8880,56,Female,133389,SEO,Conversion,3745.48,0.11,0.02,18,5.05,8.44,39,8,7,9,3450,1
13002,53,Female,76450,Referral,Conversion,4595.29,0.04,0.1,42,1.87,0.89,55,18,7,2,4873,1
11479,47,Male,28988,PPC,Consideration,2787.73,0.15,0.08,13,1.96,0.88,66,7,7,5,4468,1
12577,44,Female,104752,PPC,Retention,8481.27,0.23,0.03,23,1.23,9.96,95,1,5,6,1185,1
14433,23,Female,66573,Social Media,Retention,808.04,0.04,0.12,48,6.06,8.53,28,13,4,9,4069,1
12475,55,Male,32427,SEO,Consideration,4983.7,0.16,0.18,6,9.23,8.82,35,7,2,3,3357,1
10905,40,Female,102607,Social Media,Conversion,2903.83,0.2,0.08,27,2.71,5.76,83,19,1,1,2382,1
10724,31,Female,97911,SEO,Consideration,4446.93,0.19,0.13,2,4.52,13.69,40,2,4,8,1440,1
8660,56,Female,88408,Email,Consideration,3437.93,0.04,0.01,4,4.67,13.14,32,13,1,4,3834,0
14184,31,Male,49677,PPC,Consideration,3756.4,0.08,0.05,46,4.93,10.31,11,15,8,3,4412,1
10058,57,Female,111851,SEO,Awareness,8167.47,0.24,0.12,44,9.5,1.69,27,12,5,8,849,1
9048,23,Female,31440,Referral,Awareness,515.35,0.12,0.15,25,4.97,11.76,33,7,6,2,1016,1
11283,40,Male,140696,Social Media,Consideration,6761.63,0.16,0.1,10,5.02,10.71,89,4,7,4,1224,1
15470,38,Male,108118,Referral,Awareness,9361.08,0.24,0.01,18,5.61,1.5,20,19,9,0,2468,1
11298,24,Female,111467,SEO,Consideration,2110.27,0.14,0.08,22,3.05,6.12,54,4,5,5,4883,1
11409,20,Male,123090,PPC,Consideration,2340.16,0.22,0.04,23,7.62,5.36,97,12,5,1,4777,1
8798,42,Female,53500,Referral,Retention,7281.22,0.16,0.17,28,8.18,7.42,57,18,4,4,408,1
15237,26,Female,73625,Referral,Awareness,8817.27,0.3,0.12,20,1.87,2.36,63,17,0,6,3165,1
13911,31,Female,90085,Referral,Awareness,4080.2,0.07,0.13,6,4.13,12.31,53,7,0,6,3206,1
8673,64,Female,57597,SEO,Conversion,4894.83,0.01,0.03,43,7.63,5.09,84,5,8,2,3820,1
8827,45,Female,105008,Email,Retention,7828.18,0.29,0.14,4,9.49,4.78,61,9,7,7,3186,1
12477,51,Female,119667,Referral,Awareness,4872.34,0.29,0.15,17,1.7,11.05,71,8,3,9,2483,1
14358,29,Female,58652,SEO,Awareness,2346.9,0.25,0.03,8,8.67,7.85,75,4,4,1,2014,0
8965,47,Female,39276,PPC,Retention,9880.92,0.25,0.12,20,3.22,12.03,68,10,7,4,3115,1
9612,35,Female,79821,SEO,Consideration,7663.61,0.27,0.19,37,6.47,5.2,74,8,8,2,2636,1
13918,57,Male,90509,Referral,Conversion,7508.18,0.18,0.02,45,6.5,3.59,10,2,2,6,3700,1
8173,49,Female,45966,Referral,Awareness,9550.16,0.24,0.05,25,4.74,5.72,2,11,0,2,3060,1
10942,48,Female,112756,Social Media,Awareness,1855.93,0.12,0.09,45,1.59,2.64,84,2,8,6,894,0
14316,66,Male,131114,SEO,Consideration,8665.77,0.03,0.03,2,1.04,0.94,35,17,5,9,1352,0
14363,66,Female,121733,PPC,Consideration,5798.75,0.23,0.17,26,8.75,11.58,97,12,9,0,1078,1
13784,23,Male,35227,Referral,Retention,5535.19,0.17,0.16,34,2.51,5.85,79,14,1,8,114,1
12279,45,Female,81289,Referral,Retention,7091.05,0.14,0.13,19,4.8,4.86,85,0,6,4,133,1
15317,59,Female,91366,Social Media,Consideration,4931.85,0.07,0.13,15,9.46,4.34,21,9,3,9,2630,0
9014,34,Female,84005,SEO,Awareness,3392.03,0.26,0.04,38,5.21,0.64,55,12,0,2,4982,1
13398,57,Male,64791,Referral,Awareness,6280.58,0.07,0.11,16,6.14,10.93,73,0,9,5,2834,1
15943,20,Female,64929,Email,Consideration,5090.84,0.26,0.16,3,4.84,11.14,39,5,4,8,1024,1
15789,30,Female,49063,Email,Consideration,3470.36,0.12,0.14,28,6.58,0.85,46,11,9,3,4149,0
10869,66,Female,36533,Email,Awareness,8705.66,0.26,0.08,36,1.67,6.7,82,8,4,2,1626,1
12204,66,Female,140295,PPC,Consideration,8037.3,0.11,0.16,17,6.93,7.8,33,1,5,1,2309,1
12419,43,Male,37111,PPC,Consideration,6668.25,0.14,0.09,0,5.71,7.26,20,3,9,1,3047,1
8230,45,Male,71324,SEO,Awareness,8656.32,0.12,0.07,12,9.23,8.8,75,18,9,9,397,1
9033,61,Male,60693,PPC,Conversion,8819.02,0.29,0.05,4,9.45,9.37,38,2,9,4,2674,1
14137,39,Female,82513,Referral,Retention,9328.44,0.08,0.14,33,3.79,4.79,11,13,2,4,589,1
14233,48,Female,33677,PPC,Conversion,3814.86,0.14,0.19,32,4.47,11.1,6,4,4,5,1177,1
9799,28,Male,128345,Referral,Conversion,968.58,0.04,0.07,29,6.25,9.45,43,14,7,3,4036,1
11150,36,Female,22199,SEO,Awareness,6203.81,0.09,0.02,22,1.46,3.09,24,6,1,8,3732,0
14162,30,Female,149170,Referral,Awareness,1143.41,0.23,0.03,46,6.74,14.19,4,16,4,3,139,1
11760,44,Female,61713,Referral,Awareness,2818.68,0.06,0.02,41,9.88,10.71,75,2,4,8,4245,1
8501,56,Male,48756,Social Media,Retention,1739.01,0.06,0.08,1,1.39,12.34,6,12,0,9,1633,0
15230,24,Female,76919,Referral,Retention,2067.07,0.13,0.14,12,4.14,5.56,59,0,6,4,3237,1
9823,20,Male,47725,PPC,Consideration,5389.71,0.29,0.09,30,4.73,9.73,55,9,6,6,2225,1
14252,47,Male,73235,Referral,Conversion,4511.38,0.04,0.19,41,2.29,6.44,53,6,7,9,4458,1
10510,41,Male,110298,PPC,Consideration,1133.33,0.14,0.04,7,5.28,10.36,30,4,6,4,4041,1
12215,25,Female,52343,Social Media,Consideration,9739.36,0.21,0.12,20,8.98,14.58,99,12,7,0,933,1
12051,66,Female,49381,Referral,Consideration,8433.76,0.02,0.07,40,5.84,7.32,69,10,1,8,1845,1
14193,61,Male,37297,PPC,Awareness,7419.84,0.2,0.06,5,4.54,13.81,91,3,4,4,3949,1
11557,31,Female,101380,SEO,Retention,7087.88,0.15,0.05,21,8.47,2.36,64,18,3,8,120,1
11236,45,Female,62974,Social Media,Consideration,5003.82,0.23,0.07,47,3.07,1.0,50,10,6,2,4079,1
13977,63,Male,134677,Referral,Conversion,4813.99,0.26,0.11,16,8.37,12.38,49,5,9,7,2573,1
15839,53,Female,27882,Email,Conversion,5903.1,0.28,0.02,17,4.37,7.45,66,13,3,3,4971,1
13327,35,Female,108327,SEO,Consideration,695.81,0.18,0.1,12,8.47,6.68,42,14,2,6,3834,1
9285,57,Male,86535,SEO,Retention,7477.82,0.07,0.07,35,9.48,7.33,61,5,2,3,2004,1
8861,20,Male,77371,Email,Awareness,6019.38,0.25,0.14,5,6.27,13.34,72,9,9,5,1531,1
9607,54,Male,44809,Social Media,Consideration,6233.01,0.22,0.1,48,7.72,10.74,31,13,8,6,4557,1
15604,26,Female,85088,Referral,Retention,9651.38,0.03,0.01,26,5.85,10.14,26,14,4,2,3407,0
13909,50,Female,145041,PPC,Awareness,1488.49,0.05,0.15,34,6.72,4.25,73,11,8,8,3361,1
12263,21,Male,147240,Email,Awareness,5517.6,0.09,0.08,4,9.51,4.18,33,11,7,2,1900,1
10373,30,Male,116548,Social Media,Consideration,3509.31,0.14,0.05,19,1.87,0.73,49,11,8,2,4867,1
14192,64,Female,115516,Email,Retention,2063.7,0.2,0.02,42,7.95,5.17,94,1,9,3,2173,1
10438,62,Male,106544,SEO,Awareness,2221.05,0.08,0.17,41,4.38,12.56,71,3,9,1,4700,1
10275,54,Female,65706,Social Media,Awareness,5300.07,0.06,0.03,35,4.43,13.11,89,12,7,6,1962,1
12877,45,Male,96203,PPC,Conversion,1173.4,0.08,0.11,17,7.96,13.34,69,11,8,5,1911,1
8893,55,Female,36708,Referral,Consideration,4582.03,0.18,0.04,13,3.03,10.9,2,17,4,7,1536,1
15791,32,Female,102273,Email,Awareness,7386.52,0.28,0.12,22,3.31,8.99,1,10,8,5,1485,0
14762,62,Female,46013,Email,Conversion,6896.54,0.17,0.02,4,2.05,5.98,51,0,6,1,4828,1
14401,53,Female,50692,PPC,Conversion,3188.11,0.06,0.2,28,8.17,11.08,30,16,7,5,3210,1
9654,52,Female,45992,PPC,Awareness,4546.85,0.1,0.02,27,6.94,4.34,90,19,6,3,1906,1
9401,46,Female,45433,Social Media,Retention,7981.25,0.14,0.1,43,2.26,4.37,57,9,6,1,992,1
14846,42,Male,45123,PPC,Awareness,2517.9,0.05,0.03,42,7.99,8.0,37,12,8,9,1744,1
9533,18,Female,134144,Referral,Awareness,6438.76,0.18,0.16,18,2.58,12.82,70,11,3,1,352,1
15309,38,Female,103790,PPC,Retention,6021.15,0.08,0.1,24,2.13,14.51,39,11,2,7,3478,1
12886,22,Female,98053,Social Media,Consideration,6717.37,0.14,0.16,42,4.61,7.96,13,11,2,1,1026,1
12115,31,Female,38722,Referral,Retention,1914.95,0.05,0.19,29,9.09,13.55,15,14,3,1,566,1
8326,35,Male,77505,Referral,Conversion,529.2,0.11,0.17,14,7.4,9.38,79,10,9,5,4163,1
11498,34,Female,65702,Referral,Awareness,2161.83,0.02,0.06,43,8.96,3.97,73,6,7,2,1219,1
11697,66,Male,119219,PPC,Retention,3092.82,0.27,0.08,46,4.92,8.34,70,2,8,3,2503,1
12426,37,Female,138719,Social Media,Retention,9582.22,0.08,0.1,3,2.22,11.19,83,17,5,9,4576,1
8427,41,Male,68281,Social Media,Retention,660.25,0.27,0.07,10,1.99,0.87,93,9,3,6,3591,1
12808,49,Male,75452,PPC,Conversion,7611.59,0.08,0.03,28,8.65,1.69,25,3,5,0,255,0
8461,61,Male,56790,PPC,Consideration,8036.13,0.15,0.12,17,1.5,11.76,37,13,7,0,3498,1
13993,67,Female,34342,SEO,Awareness,6772.38,0.07,0.02,24,4.44,14.67,36,12,4,2,4358,1
10634,34,Female,142164,Referral,Awareness,1320.71,0.24,0.15,41,2.1,1.5,77,17,9,2,4166,1
14243,19,Male,94658,SEO,Retention,8090.08,0.01,0.1,26,1.88,14.42,75,7,1,8,4374,1
11362,66,Female,74176,PPC,Conversion,2297.77,0.2,0.08,45,8.52,13.07,55,9,0,0,2507,1
12848,61,Female,96820,PPC,Awareness,2305.78,0.26,0.1,19,7.95,13.76,8,9,9,9,3728,1
15023,22,Female,83089,Social Media,Conversion,8887.15,0.03,0.05,49,9.9,1.83,11,17,9,6,331,1
15754,24,Male,52143,Referral,Consideration,7211.05,0.19,0.03,22,6.65,1.74,84,15,7,2,3159,1
10320,43,Male,24803,Email,Retention,5327.72,0.28,0.06,18,6.04,9.44,87,0,4,6,3045,1
10738,63,Female,136565,SEO,Retention,575.92,0.29,0.19,28,3.22,11.23,12,16,8,4,3483,1
11078,19,Female,94216,Email,Consideration,7824.04,0.16,0.17,49,4.35,9.35,63,13,2,1,274,1
12911,27,Female,131151,Email,Consideration,5733.05,0.03,0.07,40,5.1,10.42,21,2,9,2,1989,1
9509,55,Female,94300,Referral,Conversion,8290.76,0.04,0.1,25,7.43,7.18,31,15,9,9,4634,1
8610,65,Female,134454,Email,Retention,9528.71,0.27,0.11,30,1.74,4.36,95,12,9,7,1436,1
13914,44,Male,106181,Email,Awareness,7627.22,0.12,0.08,15,6.79,5.1,64,5,8,0,4731,1
12718,29,Male,110214,SEO,Consideration,8984.23,0.27,0.04,48,8.08,6.79,50,9,8,9,3269,1
12376,51,Female,121110,Email,Consideration,8315.21,0.05,0.04,8,1.31,14.11,96,14,5,9,3343,1
13116,20,Male,39477,Email,Consideration,4748.22,0.25,0.15,48,6.21,14.41,37,2,9,5,2420,1
10384,32,Female,117480,Social Media,Retention,6199.53,0.22,0.18,16,4.23,9.69,51,7,6,5,853,1
12967,65,Female,142405,Referral,Consideration,6092.82,0.25,0.15,5,8.29,10.54,24,16,7,5,3033,1
10351,23,Male,99118,PPC,Retention,7393.62,0.26,0.13,29,3.58,14.36,79,8,9,0,3895,1
9374,64,Female,97932,Referral,Conversion,2209.67,0.16,0.16,10,3.78,7.78,54,4,9,0,4201,1
8687,44,Female,96864,PPC,Consideration,2924.85,0.1,0.09,11,9.9,2.47,71,9,5,1,3772,1
10197,61,Male,109298,Social Media,Retention,7709.61,0.1,0.17,5,4.09,10.22,65,8,0,4,727,1
14781,65,Male,32467,Referral,Awareness,1749.88,0.3,0.16,7,2.16,6.65,59,14,0,4,4705,1
9047,38,Female,146552,Social Media,Conversion,9161.78,0.06,0.11,48,7.1,1.36,40,12,9,6,4863,1
12770,53,Female,49999,Social Media,Retention,1820.96,0.29,0.01,30,6.41,13.63,46,6,1,4,4883,1
14618,31,Female,112947,PPC,Retention,2209.91,0.29,0.2,1,3.41,5.85,91,1,6,2,136,1
13280,60,Female,103301,Social Media,Awareness,8985.12,0.21,0.16,32,7.55,5.51,45,19,7,1,4164,1
15204,68,Female,37916,PPC,Conversion,7411.13,0.1,0.09,15,5.28,14.67,88,11,4,0,4688,1
8576,48,Male,61911,Referral,Consideration,8126.84,0.25,0.1,41,7.17,1.02,36,16,8,7,1817,1
11410,44,Male,127373,SEO,Consideration,4968.0,0.27,0.14,33,9.89,10.4,52,13,1,3,1654,1
15246,66,Male,134072,Email,Consideration,3008.38,0.07,0.02,17,3.45,1.74,90,13,5,0,3158,0
15711,48,Male,81816,Email,Awareness,6389.96,0.07,0.1,43,7.2,1.11,50,11,4,3,4409,0
9326,41,Male,25849,PPC,Consideration,1627.46,0.05,0.1,35,4.82,11.03,68,3,3,2,3756,1
14067,66,Female,113829,PPC,Awareness,6291.96,0.27,0.07,30,5.74,5.65,44,18,5,7,1809,1
9069,45,Male,121281,SEO,Conversion,3954.67,0.02,0.04,16,4.86,10.94,30,0,7,4,1144,1
10638,37,Female,102488,PPC,Conversion,292.61,0.19,0.03,10,7.64,9.18,19,7,9,9,3064,1
12920,43,Male,109939,PPC,Conversion,3708.94,0.02,0.15,25,3.26,1.42,79,16,1,7,2416,1
15347,30,Male,25136,Referral,Conversion,2960.49,0.26,0.11,30,5.21,2.29,72,10,0,3,1741,0
10564,58,Female,54930,Email,Awareness,8923.59,0.05,0.09,26,9.2,11.99,83,13,6,6,3819,1
12247,50,Female,143765,SEO,Consideration,3850.78,0.13,0.07,2,1.98,12.5,70,16,4,6,2265,1
9975,32,Male,112558,PPC,Conversion,7085.81,0.17,0.12,8,2.34,13.33,16,5,4,7,611,1
12501,61,Female,76389,Referral,Conversion,5319.2,0.14,0.08,41,4.53,1.74,81,18,1,8,4346,1
11501,28,Male,124583,PPC,Conversion,1725.94,0.04,0.05,33,9.7,7.83,80,3,7,2,2010,1
12778,56,Female,141481,Social Media,Retention,367.48,0.23,0.02,19,1.48,5.1,15,15,8,9,3357,1
11215,67,Female,90089,Referral,Conversion,5387.95,0.28,0.13,40,7.2,3.55,8,0,2,2,709,1
11901,47,Female,111956,Referral,Retention,1454.25,0.3,0.18,19,3.45,11.71,78,13,6,1,3411,1
12394,64,Male,54536,Referral,Consideration,8159.89,0.18,0.11,5,1.65,14.52,31,9,6,8,2911,1
10703,52,Female,140270,Email,Awareness,6965.13,0.15,0.05,39,8.79,6.19,82,12,5,7,689,1
10227,64,Male,147343,Email,Consideration,3073.41,0.15,0.18,30,2.41,5.74,2,19,7,0,4127,1
8534,27,Male,23484,SEO,Retention,3465.56,0.02,0.2,44,5.93,7.05,92,3,5,1,329,0
10243,25,Male,104225,Referral,Consideration,3621.22,0.18,0.08,40,1.96,6.92,98,4,0,3,3208,1
13835,66,Female,74086,SEO,Conversion,3779.79,0.11,0.19,2,5.6,2.27,38,7,4,4,2125,1
15649,60,Female,42507,SEO,Awareness,4229.39,0.22,0.14,49,6.46,12.72,5,2,2,6,3295,0
13093,60,Female,128501,SEO,Awareness,5872.01,0.04,0.04,41,1.63,8.32,46,15,0,0,2856,0
8620,29,Male,39450,Referral,Conversion,9525.16,0.25,0.12,40,5.89,4.08,87,19,2,6,3614,1
15984,60,Female,89396,Email,Conversion,596.55,0.18,0.11,29,2.25,2.49,0,19,1,7,4732,1
15326,32,Female,118474,Social Media,Awareness,2817.4,0.06,0.19,10,6.86,10.2,64,4,5,7,3650,0
10856,65,Female,70728,SEO,Awareness,487.97,0.03,0.05,44,2.86,3.37,10,14,7,9,2919,1
10481,48,Female,135874,SEO,Conversion,6841.9,0.02,0.05,23,1.56,9.81,48,7,5,9,538,1
8083,32,Female,46804,Referral,Retention,9799.2,0.2,0.13,34,5.52,3.24,49,14,4,4,4394,1
12639,22,Male,110351,PPC,Conversion,1274.69,0.14,0.03,23,3.65,0.9,43,7,2,4,80,1
9901,49,Female,30910,PPC,Retention,8700.45,0.14,0.11,10,4.16,9.86,89,9,4,4,2715,1
10008,47,Male,148863,PPC,Consideration,4329.99,0.14,0.13,42,6.13,10.3,22,3,0,6,2456,1
11514,64,Male,84649,Social Media,Awareness,7440.45,0.02,0.08,49,8.71,7.64,37,1,8,6,338,1
12071,27,Male,131201,Social Media,Awareness,1760.43,0.18,0.13,4,2.81,1.67,74,8,6,0,2646,0
8577,63,Female,103422,SEO,Conversion,9121.98,0.22,0.05,46,5.19,13.92,42,18,4,1,2214,1
12187,21,Male,55608,Email,Conversion,3345.76,0.26,0.07,9,9.21,11.84,9,10,6,7,3759,1
10502,38,Male,146133,Social Media,Consideration,1352.57,0.03,0.08,25,6.7,14.3,50,19,5,0,479,1
14245,24,Male,30991,SEO,Awareness,1648.71,0.15,0.01,43,9.63,5.07,60,5,5,0,1686,1
11632,21,Female,63968,Referral,Conversion,9720.41,0.22,0.07,47,8.13,2.21,23,9,5,0,1491,1
14056,55,Female,107340,SEO,Consideration,3307.53,0.18,0.18,32,3.9,5.62,63,13,0,5,1732,1
14366,52,Female,46440,Email,Conversion,9650.51,0.17,0.14,47,7.35,3.54,24,17,3,8,3810,1
11029,32,Female,32943,Referral,Awareness,2171.15,0.14,0.18,12,5.0,10.04,82,15,4,7,694,1
8800,27,Male,78915,Referral,Consideration,1464.15,0.07,0.07,43,6.25,12.37,62,1,6,5,2584,1
10021,25,Female,33570,SEO,Conversion,6681.88,0.01,0.04,2,5.51,13.84,20,5,9,5,1226,1
10680,28,Female,87228,Social Media,Consideration,426.54,0.25,0.04,36,2.91,11.86,95,16,2,8,201,0
11657,68,Male,115884,Referral,Awareness,1404.07,0.19,0.09,5,6.33,1.34,67,5,3,2,2330,1
8431,62,Male,86780,Email,Conversion,5976.15,0.15,0.07,28,3.07,2.39,94,8,9,7,3952,1
12271,36,Male,128601,PPC,Conversion,145.42,0.08,0.2,18,5.4,14.2,23,12,9,0,3438,1
8367,22,Male,29950,PPC,Conversion,2874.89,0.06,0.17,20,6.88,2.94,40,9,9,0,3724,1
10472,19,Female,25962,Referral,Retention,9396.67,0.03,0.05,8,4.64,12.72,72,5,3,7,1132,1
15616,55,Female,120274,PPC,Retention,7776.91,0.08,0.16,31,9.42,4.02,86,12,3,4,1211,1
13635,24,Female,33502,Social Media,Consideration,970.65,0.3,0.14,9,9.8,13.94,52,16,6,1,3462,1
11275,43,Female,32363,Referral,Conversion,5551.96,0.25,0.18,9,6.59,5.09,12,15,9,5,4344,1
8876,31,Female,146560,Email,Awareness,1030.34,0.23,0.12,38,6.31,5.06,20,9,8,9,3840,1
8491,18,Female,68122,Social Media,Awareness,6447.51,0.11,0.1,38,6.05,2.69,11,2,2,7,326,1
13853,25,Male,45110,Email,Consideration,6881.45,0.29,0.11,40,1.3,12.8,39,12,2,6,3376,1
10815,24,Male,87539,Referral,Retention,4200.87,0.18,0.16,9,1.03,3.16,85,7,3,3,61,0
12966,49,Female,68505,PPC,Retention,6260.15,0.25,0.07,40,2.03,12.65,98,6,4,6,3828,1
12322,38,Female,65201,PPC,Retention,2541.81,0.03,0.17,27,3.73,13.51,3,15,1,2,3188,1
10537,61,Male,47262,Social Media,Consideration,2505.22,0.19,0.03,9,2.13,3.98,77,17,3,7,2929,0
13328,19,Male,30022,Social Media,Consideration,3292.73,0.3,0.03,25,8.17,3.18,91,1,0,2,4366,0
10541,34,Male,27543,Email,Conversion,5826.23,0.28,0.07,18,2.84,11.07,95,0,9,1,2170,1
9998,24,Female,105354,Referral,Consideration,681.36,0.1,0.05,45,4.78,8.16,91,11,7,5,2363,1
15040,29,Male,24558,PPC,Awareness,3234.93,0.08,0.06,17,3.2,4.71,28,0,0,9,1506,0
9528,38,Male,126262,Email,Retention,2821.27,0.08,0.18,33,6.17,3.92,56,7,4,3,1553,1
15477,49,Female,68526,Email,Retention,4514.62,0.16,0.13,31,1.48,2.17,68,11,5,1,3730,1
15305,51,Male,60912,Referral,Awareness,1585.04,0.09,0.11,9,5.49,1.07,3,5,5,8,4706,1
11602,21,Male,134124,SEO,Conversion,7074.17,0.16,0.18,11,1.23,0.65,62,13,9,8,4563,1
9834,33,Female,25839,PPC,Conversion,8034.16,0.11,0.16,9,7.76,13.22,82,18,1,5,1923,1
14489,59,Female,108061,Referral,Conversion,6516.87,0.25,0.18,35,3.48,6.86,63,2,3,4,4647,1
14696,26,Male,63726,PPC,Consideration,9540.62,0.08,0.16,20,9.87,4.64,64,18,0,6,3798,1
13100,32,Female,51351,PPC,Retention,836.58,0.08,0.02,39,7.16,1.36,94,3,3,9,4736,0
9572,18,Female,24321,Email,Conversion,4254.03,0.27,0.11,11,5.58,13.61,51,1,3,1,3160,1
14181,35,Male,66475,Referral,Awareness,6328.78,0.03,0.07,20,8.94,13.85,21,1,0,5,462,1
12767,18,Female,73986,Email,Conversion,2259.85,0.05,0.02,38,4.53,8.93,1,9,9,5,4921,1
12550,18,Male,28787,Referral,Retention,2748.92,0.02,0.07,14,7.1,13.44,61,6,1,4,951,1
9134,61,Male,79185,Referral,Consideration,1211.72,0.13,0.04,18,2.41,7.71,7,1,2,0,2410,0
13013,27,Female,21287,Social Media,Awareness,9874.06,0.09,0.04,30,9.01,10.45,87,1,0,3,2792,1
11640,62,Male,81321,PPC,Consideration,9331.61,0.24,0.09,44,9.03,3.27,48,2,0,7,256,1
14135,32,Male,47482,Email,Retention,1380.1,0.26,0.08,40,2.4,11.17,11,0,4,0,2481,1
11026,19,Female,104451,SEO,Retention,2992.22,0.07,0.11,42,8.53,1.86,93,12,9,2,1756,1
14393,34,Male,33193,Email,Conversion,2903.27,0.14,0.17,27,9.37,5.44,29,8,9,4,4389,1
13588,34,Male,35642,SEO,Conversion,7034.25,0.03,0.11,21,5.5,10.37,75,10,6,6,4077,1
13374,24,Female,141638,PPC,Retention,7600.53,0.02,0.06,35,4.71,12.01,99,5,4,5,1177,1
9561,34,Male,28576,Email,Consideration,4535.89,0.16,0.02,40,9.15,10.94,44,14,8,1,3616,1
12287,61,Male,74112,PPC,Conversion,4277.13,0.14,0.02,1,3.58,1.04,57,7,7,1,4845,1
10034,49,Female,113937,Email,Retention,8079.38,0.09,0.1,28,4.13,8.89,3,2,2,1,3211,1
9009,56,Female,131732,Email,Consideration,712.61,0.04,0.15,1,5.16,5.57,65,3,0,5,1642,0
11834,55,Female,149191,PPC,Conversion,8233.53,0.11,0.15,10,1.71,3.29,79,2,1,4,4444,1
13141,18,Female,65099,Referral,Retention,218.43,0.28,0.03,24,9.81,0.84,79,15,3,3,3529,1
11851,61,Female,136849,Referral,Retention,5010.41,0.21,0.13,32,4.04,8.23,66,19,7,5,3651,1
13380,34,Female,93993,PPC,Awareness,2452.26,0.03,0.16,25,9.03,1.25,41,1,1,2,858,0
11903,20,Male,135087,Email,Consideration,6956.61,0.25,0.19,5,8.82,2.55,55,7,1,3,4586,1
12385,69,Female,80639,PPC,Consideration,1796.43,0.24,0.12,23,4.49,9.86,16,6,0,0,1638,1
14814,42,Female,132149,SEO,Consideration,7536.36,0.04,0.05,20,1.74,8.67,35,8,0,1,3639,0
8681,63,Female,77467,PPC,Awareness,329.15,0.27,0.07,30,5.4,13.15,96,9,5,9,1704,1
15822,49,Male,55674,Social Media,Consideration,2267.73,0.27,0.19,42,9.76,7.64,63,17,8,7,381,1
8432,37,Female,21333,Referral,Conversion,8999.59,0.13,0.19,37,3.5,13.48,64,18,4,5,3920,1
10557,52,Male,83830,Referral,Awareness,7720.36,0.13,0.08,35,7.4,0.66,29,1,3,0,3611,1
15106,35,Female,110417,SEO,Awareness,8954.6,0.15,0.17,9,3.56,5.92,85,16,9,2,1923,1
10522,36,Female,138088,PPC,Conversion,9997.35,0.09,0.03,43,6.47,5.13,25,4,5,1,4303,1
10150,24,Male,89909,Email,Awareness,6348.32,0.11,0.13,28,6.61,7.49,32,16,7,6,1528,1
9459,55,Female,149665,Referral,Conversion,3230.86,0.01,0.08,40,5.64,5.01,89,14,4,1,4511,1
13091,38,Female,117409,Email,Retention,6503.89,0.12,0.18,0,5.0,11.71,45,16,9,0,4012,1
8394,50,Male,36057,SEO,Conversion,9298.98,0.25,0.03,24,9.22,2.89,41,1,4,6,3827,1
9817,67,Female,109067,Email,Awareness,1387.81,0.21,0.05,0,7.75,4.05,27,13,4,1,3626,0
8186,37,Female,34999,Referral,Conversion,3112.54,0.13,0.02,42,8.56,9.45,14,1,3,3,4419,1
15505,54,Female,145434,Referral,Retention,5593.49,0.23,0.05,9,1.93,5.12,4,16,6,1,1122,1
12865,25,Male,114437,SEO,Conversion,6097.86,0.13,0.07,38,9.19,5.34,69,12,3,9,652,1
15303,57,Female,113052,Email,Awareness,3734.64,0.26,0.1,43,2.02,0.73,24,12,0,4,985,1
10476,43,Female,36444,PPC,Conversion,2487.86,0.06,0.13,47,7.71,8.63,0,4,0,7,4915,1
11743,57,Female,73478,Email,Retention,4824.36,0.17,0.03,49,8.67,6.37,49,13,7,7,197,1
10075,55,Male,94310,Social Media,Awareness,2132.02,0.16,0.13,45,6.52,1.46,61,17,4,8,4040,1
10089,26,Female,36283,SEO,Retention,502.84,0.17,0.13,48,5.54,9.81,96,10,9,9,1100,1
11363,19,Male,143727,SEO,Awareness,4310.52,0.04,0.18,16,7.26,6.83,10,5,1,3,2583,1
13479,28,Male,137998,SEO,Retention,286.22,0.17,0.05,4,4.93,14.17,20,10,5,7,3801,1
9287,39,Female,56884,PPC,Retention,8417.37,0.07,0.14,15,7.56,13.72,41,4,8,8,3038,1
8100,62,Male,97092,PPC,Conversion,8659.7,0.1,0.06,10,3.63,14.66,80,1,3,0,2398,1
11279,38,Male,68544,SEO,Conversion,908.68,0.11,0.17,4,8.91,8.3,1,9,7,0,2662,1
11487,52,Male,124029,SEO,Retention,5798.43,0.11,0.13,7,3.01,8.93,99,1,2,2,2309,1
15501,59,Male,77061,Referral,Conversion,9444.46,0.1,0.13,48,9.87,2.02,50,8,2,1,3246,0
12527,35,Male,135042,Social Media,Retention,730.72,0.1,0.01,35,9.28,5.86,22,16,2,4,1951,1
15953,20,Female,127789,Email,Awareness,3416.11,0.04,0.01,24,9.59,6.47,90,10,2,4,2574,0
11523,21,Female,64470,SEO,Awareness,5512.88,0.24,0.08,6,5.92,7.1,88,7,9,9,4575,1
13974,34,Female,76435,PPC,Retention,347.21,0.28,0.02,41,4.01,9.52,23,12,8,3,4469,1
8361,38,Male,137710,Email,Consideration,5328.26,0.07,0.1,44,5.11,3.18,64,3,1,9,1103,1
15542,58,Male,33882,Email,Awareness,6735.01,0.12,0.08,31,3.54,8.8,71,16,5,7,309,1
11555,36,Female,20947,SEO,Awareness,5560.62,0.01,0.19,7,8.12,5.98,1,0,5,9,589,1
9613,42,Female,94159,Social Media,Retention,6365.57,0.16,0.09,35,4.01,3.54,79,0,2,9,2967,1
11961,61,Female,99008,Referral,Conversion,1615.89,0.15,0.09,43,4.01,7.4,38,6,0,3,4325,1
13925,34,Female,34842,Email,Consideration,400.9,0.28,0.07,42,7.7,8.23,75,11,9,5,3413,1
10303,33,Male,64621,Email,Conversion,8245.05,0.19,0.07,38,4.52,1.57,3,5,9,4,4620,1
11169,65,Female,74021,PPC,Conversion,6155.19,0.11,0.16,20,4.92,0.99,81,19,0,9,940,1
10682,69,Female,52326,SEO,Consideration,921.74,0.03,0.01,43,7.7,6.5,99,3,1,7,3339,0
14654,48,Female,50755,Social Media,Retention,451.04,0.1,0.13,13,9.8,8.01,20,5,5,0,2752,1
9812,30,Female,107047,Email,Awareness,4696.87,0.22,0.16,47,1.75,14.41,19,1,6,5,2390,1
12542,30,Male,96680,Referral,Conversion,1975.36,0.2,0.14,30,7.75,2.6,18,5,4,1,565,1
10045,41,Male,134650,Referral,Conversion,5363.63,0.02,0.05,30,3.1,0.54,29,7,2,5,2036,1
12331,66,Female,127260,Referral,Consideration,2744.22,0.11,0.18,49,1.49,5.65,85,15,4,3,738,1
14662,31,Male,73953,Referral,Retention,1842.65,0.05,0.15,15,2.99,5.71,75,12,5,3,1489,1
15719,42,Male,72838,Referral,Consideration,4359.44,0.09,0.02,23,6.5,9.98,30,4,5,7,781,0
8994,63,Male,124152,Referral,Awareness,2114.99,0.22,0.15,27,4.11,0.86,36,6,2,3,1007,1
9368,57,Female,55098,Referral,Conversion,3683.49,0.19,0.06,29,8.38,12.88,53,8,0,2,463,1
11576,45,Female,82235,Email,Consideration,4913.51,0.23,0.13,42,1.18,7.81,19,17,3,0,709,1
8766,55,Male,89278,SEO,Conversion,4358.92,0.28,0.2,10,5.37,8.92,11,6,8,1,806,1
14949,43,Male,93086,SEO,Conversion,879.73,0.06,0.07,23,2.24,0.51,44,16,4,4,3109,1
11732,58,Female,53329,PPC,Retention,7962.38,0.03,0.1,9,8.51,7.18,14,18,4,1,1620,1
15043,30,Male,62631,PPC,Conversion,887.2,0.18,0.09,24,1.9,7.92,56,0,4,1,3844,1
10702,62,Male,42144,Social Media,Conversion,731.75,0.29,0.12,9,5.34,12.37,1,19,8,3,3323,1
13098,60,Female,80678,PPC,Consideration,8486.5,0.03,0.19,49,6.11,4.02,77,11,2,3,222,1
15406,36,Female,127619,Email,Consideration,3261.89,0.21,0.15,39,7.98,5.77,4,7,6,9,2078,0
8436,33,Female,133883,Email,Consideration,8246.2,0.2,0.08,18,7.78,5.09,15,11,7,8,3977,1
12484,55,Male,93170,Social Media,Retention,1869.22,0.03,0.13,5,5.27,3.64,92,7,4,2,3002,1
10082,59,Male,103557,SEO,Retention,4457.69,0.07,0.14,43,7.84,8.53,47,14,8,5,4048,1
13783,54,Female,102790,SEO,Awareness,6892.07,0.03,0.1,16,9.7,10.23,31,17,5,7,3004,1
15690,25,Female,90540,Referral,Consideration,4034.69,0.11,0.14,4,1.41,9.7,22,17,1,8,4015,0
14331,62,Male,131876,Social Media,Awareness,8078.97,0.07,0.19,30,8.57,13.53,76,11,3,3,1372,1
12438,59,Male,22632,PPC,Awareness,4704.94,0.22,0.17,1,4.85,5.24,7,5,3,8,2649,1
14520,67,Female,146121,Referral,Conversion,5975.85,0.17,0.06,31,1.61,10.12,87,8,6,9,1809,1
10671,67,Female,71033,Email,Awareness,6353.24,0.21,0.13,1,1.2,1.51,79,8,9,1,4403,1
12654,22,Male,97264,SEO,Conversion,6203.77,0.28,0.07,35,3.77,3.65,0,19,6,6,1701,1
13899,18,Female,36411,Referral,Consideration,7080.1,0.2,0.08,38,2.71,0.99,24,4,5,1,2467,1
8656,38,Female,77935,Email,Retention,2954.37,0.09,0.05,48,3.07,13.85,27,9,4,4,2738,1
13776,42,Male,76808,PPC,Awareness,9377.45,0.01,0.19,16,8.89,1.81,24,13,4,2,2925,1
11102,64,Female,69600,SEO,Conversion,1711.82,0.09,0.08,35,1.25,7.53,29,3,4,9,4195,1
11801,35,Female,134847,PPC,Retention,2408.26,0.03,0.19,9,8.47,4.62,13,19,9,5,699,0
9783,28,Female,79066,SEO,Conversion,8406.32,0.15,0.1,11,2.26,13.92,86,7,9,2,185,1
14928,63,Female,121917,SEO,Conversion,1274.94,0.25,0.1,6,5.63,5.64,46,13,1,3,4586,1
8232,54,Female,133037,Social Media,Consideration,1907.85,0.12,0.17,3,9.22,11.67,46,2,4,6,3182,1
14685,34,Female,52687,SEO,Consideration,9689.72,0.04,0.1,49,5.56,2.16,77,1,8,3,888,1
8608,66,Female,147897,SEO,Awareness,4141.1,0.28,0.08,14,6.6,4.21,5,15,6,9,2333,1
9427,54,Female,64185,Social Media,Awareness,5618.38,0.13,0.12,47,7.21,7.23,97,0,2,9,1100,1
12635,62,Male,134067,Referral,Conversion,4344.41,0.28,0.06,33,8.93,6.85,84,13,8,0,199,1
11118,21,Female,121630,Social Media,Retention,5065.79,0.1,0.18,40,3.32,14.98,56,19,6,9,717,1
15826,24,Female,105343,Email,Awareness,5808.17,0.04,0.1,44,9.07,1.28,41,16,4,6,4337,0
14437,49,Female,147099,Referral,Retention,4930.9,0.2,0.11,1,1.44,13.06,59,18,3,3,3850,1
10622,61,Male,83232,Social Media,Retention,3939.94,0.19,0.04,4,5.43,4.26,25,18,2,1,2982,0
15520,48,Male,112270,SEO,Retention,2277.7,0.01,0.06,29,1.96,5.56,49,17,7,5,397,0
13234,26,Female,124903,Social Media,Awareness,2230.76,0.18,0.04,30,3.84,4.63,67,13,1,5,3223,1
13668,51,Female,145526,Email,Awareness,4674.96,0.15,0.18,42,2.63,14.77,77,19,0,2,3650,1
15913,26,Female,68101,SEO,Awareness,2341.26,0.19,0.2,6,8.63,6.01,51,9,1,3,3858,0
14716,41,Male,49663,Social Media,Consideration,1850.02,0.08,0.12,33,5.22,1.81,67,11,4,4,2480,1
8796,22,Female,72652,Social Media,Retention,1410.49,0.16,0.19,16,5.73,8.53,96,8,2,0,3759,1
10053,39,Female,20757,Referral,Awareness,807.26,0.29,0.18,38,5.07,2.76,16,12,4,0,599,1
9346,66,Male,140801,Email,Awareness,5490.09,0.04,0.18,32,7.93,2.74,41,7,0,6,4609,1
12466,66,Female,137116,Email,Conversion,5061.71,0.27,0.17,32,7.07,6.89,46,7,6,7,428,1
11859,53,Female,149424,Social Media,Consideration,2653.67,0.17,0.11,18,1.12,7.83,99,5,6,3,2497,1
12549,47,Male,67059,Referral,Consideration,4230.7,0.21,0.07,31,4.53,0.91,4,7,6,6,340,1
13789,48,Male,103213,Referral,Awareness,2971.75,0.19,0.1,24,1.35,7.08,82,13,0,4,3671,1
15426,66,Female,57867,PPC,Awareness,5295.4,0.25,0.17,32,9.47,7.36,81,16,3,1,1888,1
9141,52,Female,85792,Social Media,Conversion,5280.0,0.25,0.2,33,2.34,8.42,60,19,1,8,1334,1
11474,51,Male,103169,PPC,Retention,1153.03,0.15,0.09,42,2.35,6.2,2,12,4,4,2933,1
8405,49,Male,38546,PPC,Conversion,7728.27,0.05,0.17,25,8.59,10.16,25,13,9,0,1637,1
8728,30,Male,45052,Email,Conversion,8961.99,0.01,0.2,35,4.75,7.74,25,2,3,9,3693,1
15712,47,Female,46866,Social Media,Retention,4791.32,0.23,0.06,26,5.06,5.32,77,7,6,1,2167,0
15621,18,Female,92307,PPC,Retention,2395.69,0.18,0.19,20,3.41,5.83,61,19,2,5,1630,1
14998,51,Female,108489,Referral,Awareness,8903.38,0.27,0.11,28,1.18,1.94,72,3,6,5,3561,1
12789,30,Female,129023,Social Media,Consideration,2248.3,0.29,0.05,1,7.7,11.26,67,19,6,0,3897,1
8813,43,Male,51941,Social Media,Consideration,9497.48,0.3,0.15,16,9.54,6.41,6,16,5,8,1997,1
10644,45,Female,72492,PPC,Retention,2267.89,0.07,0.01,40,7.45,11.29,2,5,5,4,3016,1
9504,55,Female,31565,Email,Awareness,3279.89,0.02,0.09,13,6.1,6.79,25,7,8,2,2428,1
9095,29,Female,138335,PPC,Retention,4630.23,0.23,0.16,21,4.26,0.61,23,4,7,2,2258,1
10874,18,Female,87160,PPC,Conversion,5120.89,0.3,0.12,39,7.9,2.78,96,13,4,6,1363,1
12031,34,Male,112515,PPC,Awareness,4554.29,0.08,0.09,42,7.47,8.9,33,1,2,1,4935,0
13973,49,Female,94916,PPC,Awareness,7918.95,0.15,0.09,15,4.98,5.7,35,7,5,7,104,1
8455,23,Female,59137,Email,Consideration,4222.93,0.21,0.16,16,4.64,14.86,4,19,0,8,4924,1
13995,55,Male,85620,SEO,Awareness,8261.01,0.1,0.13,7,6.32,14.5,85,8,6,3,4924,1
11316,18,Male,42741,SEO,Consideration,6105.64,0.08,0.06,18,8.69,9.36,97,16,2,6,2501,1
11456,52,Male,46825,Referral,Consideration,1647.21,0.26,0.06,48,9.94,8.4,73,3,9,0,3676,1
14000,33,Male,116002,Referral,Retention,223.34,0.2,0.01,7,8.28,5.61,8,14,7,8,3153,1
8959,44,Female,70918,Referral,Retention,2559.8,0.05,0.06,15,8.94,14.23,93,18,4,2,4322,1
14397,25,Female,101449,Referral,Conversion,9901.55,0.17,0.14,6,5.99,3.57,91,0,9,6,315,1
10330,57,Female,65775,SEO,Conversion,7216.41,0.07,0.08,21,6.73,12.32,92,12,4,6,2919,1
15457,41,Female,75803,Social Media,Consideration,8307.32,0.27,0.1,12,7.44,5.45,91,6,0,5,3720,1
10947,19,Female,41395,Referral,Retention,3645.87,0.24,0.03,32,4.6,5.19,58,4,9,5,1621,1
11755,56,Female,82473,SEO,Conversion,890.55,0.18,0.17,12,1.59,14.69,60,18,3,8,1527,1
8265,43,Male,37333,Email,Retention,5738.62,0.07,0.15,10,4.98,14.49,92,16,9,2,3069,1
10832,56,Female,142044,Email,Retention,1998.87,0.05,0.08,48,5.86,9.98,30,5,5,8,2265,1
8021,47,Female,119233,SEO,Consideration,8333.23,0.26,0.01,36,9.69,1.47,63,14,0,5,2586,1
10810,56,Female,97608,PPC,Consideration,3159.33,0.04,0.17,2,6.48,12.09,88,12,4,2,4596,1
8094,43,Female,24838,Referral,Retention,6550.14,0.19,0.2,43,6.64,8.42,57,15,9,5,3006,1
12273,54,Female,103453,PPC,Retention,853.33,0.28,0.14,17,6.28,13.33,33,10,4,7,3543,1
11000,66,Male,41540,Email,Consideration,2200.79,0.06,0.19,12,1.12,1.33,39,2,4,9,3827,0
12393,53,Female,109017,Social Media,Conversion,3966.41,0.2,0.18,39,3.32,9.31,21,19,2,8,1937,1
14797,23,Female,58176,SEO,Awareness,5985.86,0.14,0.03,4,1.03,11.25,27,6,3,8,516,1
14383,44,Female,21525,Referral,Consideration,1727.78,0.24,0.05,29,9.94,12.65,43,7,8,7,3948,1
8993,40,Female,114467,PPC,Retention,5373.92,0.19,0.17,27,5.93,13.45,2,17,1,4,870,1
9028,51,Male,27645,Social Media,Conversion,2136.89,0.08,0.13,4,4.53,5.53,47,0,3,6,4576,1
14622,31,Male,104267,SEO,Consideration,2691.79,0.25,0.03,4,3.83,1.39,36,10,3,9,768,0
8722,45,Female,135910,Referral,Consideration,6395.41,0.22,0.09,31,6.89,3.11,75,2,6,7,4617,1
9578,56,Male,58596,Social Media,Retention,4292.6,0.12,0.06,16,9.44,7.13,27,3,1,8,336,1
13806,39,Female,116996,Referral,Conversion,2467.64,0.04,0.1,2,6.53,0.61,4,1,9,2,2093,1
12826,50,Female,109410,PPC,Consideration,3976.34,0.29,0.03,34,6.79,4.02,11,15,2,9,3705,1
10623,53,Female,82349,PPC,Consideration,8581.05,0.13,0.13,47,5.17,8.46,27,17,4,9,586,1
15311,49,Male,145223,SEO,Retention,1539.54,0.13,0.13,21,2.15,3.19,44,8,5,1,2537,1
10361,58,Female,47924,PPC,Conversion,1768.79,0.13,0.03,12,4.34,7.41,8,17,5,9,3162,1
14319,40,Female,27784,Email,Awareness,347.02,0.06,0.08,45,3.74,4.3,98,7,7,6,555,1
11990,54,Female,121694,Social Media,Conversion,7389.74,0.25,0.19,46,5.39,9.57,54,17,0,3,1659,1
11391,38,Female,33049,Referral,Awareness,489.82,0.18,0.18,21,5.33,4.35,20,9,0,5,4086,1
14613,56,Male,22534,Email,Conversion,1335.69,0.06,0.1,12,3.22,12.88,74,19,2,2,2221,1
10052,33,Male,27806,PPC,Awareness,3557.4,0.12,0.09,20,5.88,2.97,80,9,6,9,1352,1
9605,34,Female,47106,SEO,Awareness,3554.54,0.23,0.06,19,4.62,2.6,8,1,7,7,4735,1
8621,66,Male,33300,Referral,Conversion,6313.56,0.16,0.15,12,6.75,3.77,15,1,9,4,2354,1
14264,22,Female,135781,PPC,Consideration,5744.5,0.09,0.04,44,4.67,7.82,0,1,1,4,1037,1
11472,38,Male,87567,PPC,Conversion,6573.39,0.14,0.15,0,3.62,1.54,86,7,6,7,4382,1
14188,61,Male,41071,PPC,Conversion,5531.75,0.02,0.06,13,3.44,11.65,87,15,2,9,3856,1
10677,44,Male,54477,PPC,Awareness,9714.93,0.27,0.1,41,5.45,4.6,86,7,4,6,2429,1
12960,23,Male,95535,Email,Consideration,2633.45,0.13,0.19,29,7.74,2.97,56,4,6,6,1751,1
11788,32,Female,128056,Social Media,Awareness,9830.88,0.19,0.08,35,3.75,6.1,24,17,1,4,3154,1
13529,21,Female,117773,Referral,Retention,5778.42,0.2,0.04,31,2.22,1.99,49,12,3,7,3976,1
9059,68,Male,65302,Email,Awareness,2982.66,0.02,0.15,3,8.51,1.89,14,4,4,7,1152,0
11674,41,Female,32213,SEO,Retention,6377.59,0.28,0.08,25,3.23,12.14,39,2,6,6,1205,1
14783,68,Female,142691,Referral,Retention,4257.61,0.11,0.09,26,4.95,13.37,87,19,1,9,1164,1
10379,18,Female,135107,Social Media,Consideration,6704.04,0.1,0.05,32,5.55,11.99,74,8,3,4,4987,1
10921,28,Female,92629,Referral,Retention,414.16,0.05,0.13,11,2.04,14.25,8,12,2,9,744,0
12840,29,Male,76202,Email,Awareness,8136.4,0.05,0.15,31,3.12,3.34,71,11,4,6,4798,1
8808,49,Male,131118,PPC,Retention,9554.63,0.02,0.03,15,6.91,3.32,68,10,6,4,4705,1
12399,25,Female,128798,Referral,Conversion,3369.93,0.14,0.05,28,2.0,11.91,28,10,4,6,258,1
11822,60,Female,60028,SEO,Conversion,5990.07,0.01,0.15,2,1.42,3.42,38,13,3,6,4115,1
12565,54,Male,64389,Social Media,Retention,880.23,0.09,0.03,29,7.8,8.57,50,6,5,1,3562,1
8281,42,Female,108896,Social Media,Awareness,3792.21,0.21,0.07,46,6.24,8.55,50,9,8,1,3654,1
8271,69,Male,31945,PPC,Awareness,1509.49,0.15,0.16,22,5.95,14.64,44,9,9,3,2693,1
15021,22,Female,42163,SEO,Consideration,6724.72,0.14,0.13,20,8.85,13.78,75,11,7,5,3325,1
12078,41,Female,42766,PPC,Retention,3030.96,0.16,0.06,24,7.26,9.65,5,1,8,8,4869,1
10419,43,Male,34425,Referral,Consideration,5360.44,0.23,0.07,4,7.8,1.65,31,18,0,6,2280,1
15892,67,Female,58751,Social Media,Conversion,256.72,0.29,0.2,4,6.65,13.52,65,2,2,3,3270,1
13406,61,Female,50497,Referral,Retention,1602.16,0.15,0.09,37,7.39,4.39,69,19,5,4,868,1
11568,65,Female,107091,Social Media,Consideration,4651.96,0.07,0.17,26,5.56,9.3,24,7,1,3,4672,1
15417,52,Female,30633,Email,Conversion,2915.95,0.11,0.06,6,6.3,2.62,63,1,1,4,247,0
14370,61,Female,115190,SEO,Consideration,546.91,0.05,0.19,21,8.96,3.26,35,13,1,8,988,0
10518,54,Female,42219,SEO,Conversion,7764.51,0.13,0.07,30,5.34,9.26,78,8,7,9,716,1
13198,34,Female,129667,Social Media,Conversion,4285.03,0.18,0.08,31,3.68,2.53,74,12,3,2,2442,1
11469,61,Female,142046,Email,Retention,5130.13,0.06,0.05,32,6.13,9.95,97,14,2,5,798,1
10061,50,Female,147636,Social Media,Consideration,6629.03,0.14,0.02,40,3.4,8.83,16,7,1,6,3314,1
8567,18,Female,95857,Email,Awareness,4225.32,0.02,0.14,32,8.48,6.23,24,11,1,9,1490,1
12700,22,Female,49144,PPC,Awareness,353.22,0.1,0.04,18,9.59,13.92,22,10,2,2,2527,1
14353,39,Female,51989,Social Media,Awareness,1930.4,0.06,0.02,37,4.31,8.55,28,16,7,1,4207,1
15949,61,Female,102632,SEO,Awareness,780.86,0.17,0.02,30,7.73,1.78,77,0,0,1,876,0
15666,23,Male,26654,Referral,Retention,9736.35,0.07,0.08,10,6.77,0.67,21,12,8,6,4925,0
14867,68,Female,127178,Social Media,Retention,8286.55,0.09,0.02,7,4.78,7.15,7,2,6,0,969,0
8267,36,Male,147182,SEO,Awareness,4238.08,0.01,0.18,35,6.3,6.32,50,12,4,1,1447,1
8137,52,Male,63007,SEO,Consideration,4176.6,0.13,0.01,8,1.79,14.33,31,7,9,6,3120,1
14009,41,Female,120777,Email,Retention,5590.22,0.09,0.05,6,8.88,5.34,28,18,2,2,4947,1
8946,38,Male,82495,PPC,Consideration,8917.97,0.04,0.12,13,2.54,6.3,42,10,3,5,899,1
15008,33,Female,94383,Email,Conversion,1268.4,0.08,0.17,27,9.83,12.48,96,2,5,2,1193,1
9539,38,Male,91347,Referral,Awareness,2122.05,0.18,0.2,15,1.07,14.67,75,18,2,7,1417,1
14644,49,Male,44020,SEO,Consideration,8188.61,0.09,0.15,0,7.72,9.61,90,14,1,9,3641,1
8061,64,Female,77702,Email,Retention,1685.18,0.25,0.13,37,9.56,1.43,90,19,2,5,2604,1
14772,68,Female,105201,Social Media,Awareness,4131.87,0.28,0.02,36,6.48,5.62,94,2,5,5,1663,1
8801,47,Male,57377,Referral,Retention,5044.33,0.3,0.15,43,1.4,0.53,32,12,7,3,3608,1
8364,45,Female,42699,Social Media,Retention,2957.8,0.09,0.13,45,9.46,8.72,13,2,0,0,7,0
15241,43,Male,29179,PPC,Consideration,7652.46,0.28,0.19,15,4.31,7.28,59,9,7,8,4796,1
8819,50,Female,61249,PPC,Retention,1958.04,0.27,0.04,15,2.95,12.74,79,10,8,3,3774,1
12414,45,Female,80796,PPC,Awareness,1870.68,0.12,0.12,14,5.13,13.08,25,17,9,9,3398,1
9508,42,Female,29432,Email,Retention,9453.09,0.1,0.09,25,4.72,3.13,51,12,0,7,3850,1
10067,47,Female,39109,SEO,Consideration,600.12,0.16,0.03,27,2.86,1.63,67,18,4,6,4574,1
11984,56,Female,98062,Referral,Consideration,7015.75,0.11,0.05,7,5.75,11.44,86,15,7,4,1487,1
9348,39,Male,35437,Referral,Retention,8354.5,0.06,0.04,35,1.1,1.31,47,11,7,8,4052,1
15533,44,Female,146875,SEO,Retention,9111.45,0.22,0.15,42,4.29,1.89,61,8,3,7,2218,0
13791,56,Female,93996,SEO,Awareness,1948.07,0.18,0.15,48,3.9,7.53,11,11,3,0,2899,1
9257,63,Female,96024,Email,Conversion,1683.4,0.3,0.18,32,3.22,7.52,46,9,0,6,435,1
15977,23,Female,30796,Referral,Conversion,5210.05,0.18,0.06,32,5.7,2.09,57,16,0,6,2749,0
12006,58,Female,60832,SEO,Conversion,9636.46,0.18,0.03,7,8.72,3.88,63,16,0,9,2991,1
11810,19,Male,109527,SEO,Consideration,7343.82,0.07,0.09,4,2.27,11.27,64,15,9,0,4077,1
10137,36,Female,84022,PPC,Consideration,2939.54,0.09,0.14,19,8.5,9.57,56,16,6,3,3417,1
8118,59,Female,44406,SEO,Conversion,2013.37,0.28,0.04,31,1.73,13.98,39,10,0,9,2597,1
9107,50,Female,149010,PPC,Retention,4318.18,0.08,0.18,3,7.41,1.44,90,16,5,7,1871,1
10691,32,Female,52437,SEO,Retention,3711.92,0.13,0.07,35,4.39,9.08,81,8,7,4,4280,1
9322,34,Female,131038,Referral,Consideration,4017.18,0.05,0.07,33,7.1,2.91,47,6,2,9,973,0
14043,42,Male,100984,PPC,Conversion,3535.3,0.07,0.16,1,3.28,14.31,83,18,5,2,4151,1
9205,53,Female,94362,Email,Consideration,5511.1,0.04,0.02,42,9.48,13.1,17,4,1,7,546,0
11212,21,Male,100522,SEO,Awareness,7187.79,0.03,0.04,8,3.97,11.22,14,5,3,0,1236,0
10916,38,Female,146398,Referral,Awareness,9805.87,0.11,0.08,44,2.0,5.96,61,16,7,7,2300,1
15532,23,Male,110577,Social Media,Consideration,3401.34,0.24,0.13,27,4.63,12.03,81,13,1,6,4807,0
13532,60,Male,128963,SEO,Awareness,3253.46,0.29,0.14,13,1.95,7.71,96,1,2,1,2826,0
13357,65,Female,21601,Email,Consideration,890.72,0.08,0.19,16,6.98,10.98,3,5,9,7,1935,1
13883,57,Male,54307,Referral,Conversion,2978.82,0.28,0.1,28,3.23,7.77,22,3,4,2,1694,1
13655,47,Male,58767,Social Media,Retention,6128.09,0.11,0.05,19,1.97,8.56,39,2,4,2,2772,1
12922,58,Female,123578,Email,Awareness,3381.67,0.13,0.13,37,6.65,0.7,84,18,5,6,1887,1
11324,27,Female,136236,PPC,Retention,4237.39,0.13,0.03,38,8.31,1.62,40,15,2,6,3530,1
9690,56,Female,52399,Email,Retention,491.55,0.05,0.2,11,5.99,2.4,83,6,1,0,1413,0
10697,64,Female,108148,Email,Retention,8184.55,0.02,0.2,30,8.98,10.48,76,14,6,2,4118,1
9809,23,Female,76987,Social Media,Conversion,3306.31,0.29,0.18,14,8.99,12.9,97,14,0,9,2429,1
11985,38,Female,23261,Email,Retention,1986.87,0.03,0.04,8,5.53,1.68,32,17,0,6,2992,0
15570,54,Female,93709,PPC,Conversion,6744.51,0.15,0.13,48,2.96,10.95,9,12,9,2,1741,0
12951,36,Female,20814,Email,Retention,3659.34,0.2,0.19,24,1.92,13.67,60,19,7,0,2953,1
15028,32,Female,75595,Referral,Awareness,833.94,0.24,0.19,8,3.35,5.87,86,5,7,0,597,0
8063,31,Male,114961,Email,Retention,3277.72,0.2,0.05,27,5.48,7.41,92,8,2,5,3979,1
11753,62,Female,95828,SEO,Consideration,5960.01,0.24,0.07,12,2.33,1.48,77,0,1,4,3027,1
10365,55,Female,50353,Social Media,Awareness,8749.98,0.01,0.12,46,9.08,7.22,93,0,2,8,2315,1
13569,22,Female,90679,Referral,Conversion,5729.73,0.28,0.11,25,1.21,2.87,93,15,5,2,2109,1
11494,28,Female,79912,Email,Conversion,175.98,0.26,0.11,17,2.59,13.42,59,10,2,7,2602,1
11943,66,Female,141291,Referral,Retention,6192.73,0.1,0.14,42,7.36,13.04,5,6,9,8,1158,1
12392,24,Female,30219,PPC,Awareness,3105.01,0.16,0.11,48,3.6,12.55,99,9,5,3,89,1
10632,33,Female,35409,Social Media,Awareness,7793.0,0.04,0.19,6,7.15,12.7,13,1,5,8,1654,1
14581,49,Female,102789,Referral,Consideration,4291.05,0.19,0.2,27,1.66,11.67,18,2,8,1,665,0
13922,56,Female,111054,Social Media,Conversion,9939.91,0.03,0.03,20,9.07,11.27,94,13,5,8,4791,1
13009,23,Female,131595,SEO,Consideration,1312.84,0.17,0.06,10,3.91,7.84,96,12,5,6,1117,1
13448,37,Male,105275,Email,Consideration,7979.32,0.02,0.01,33,6.58,5.23,65,0,1,8,4534,1
8301,26,Male,87390,Social Media,Consideration,2944.52,0.26,0.12,36,9.97,4.44,25,1,0,5,2105,1
12580,44,Male,24574,PPC,Consideration,7464.95,0.27,0.05,45,7.94,6.6,17,14,7,9,4928,1
15319,47,Male,60888,SEO,Retention,3812.24,0.16,0.11,40,9.67,1.8,60,11,2,0,2151,0
14612,37,Male,59137,Referral,Conversion,1427.66,0.05,0.2,9,9.53,8.79,82,12,2,8,989,1
13031,34,Female,115881,Referral,Consideration,6869.23,0.05,0.02,28,4.55,9.89,90,1,4,4,4243,1
11673,19,Female,149844,PPC,Retention,4086.15,0.1,0.03,3,5.05,3.36,85,0,5,3,4604,0
13383,48,Female,108047,SEO,Awareness,9147.02,0.02,0.08,5,9.54,7.94,13,14,6,9,1810,1
9978,66,Female,129658,PPC,Consideration,3757.07,0.07,0.03,6,2.11,11.2,87,6,1,0,3294,0
10198,31,Female,78001,PPC,Retention,7165.56,0.03,0.17,3,9.22,9.3,31,10,2,7,4050,1
15878,41,Female,36838,Email,Awareness,1725.92,0.27,0.12,30,9.91,10.87,68,16,8,4,0,1
15534,32,Female,111212,Email,Conversion,6155.26,0.15,0.07,36,9.18,8.7,83,13,3,5,3450,0
14575,67,Male,88718,PPC,Conversion,3650.34,0.03,0.12,38,3.84,1.35,75,5,2,8,2201,1
8885,51,Male,42836,Social Media,Retention,9932.25,0.21,0.2,48,1.94,4.23,10,16,6,9,3439,1
9363,66,Male,21979,PPC,Consideration,2978.72,0.19,0.13,32,6.44,11.62,71,16,4,5,783,1
14747,26,Male,76399,SEO,Awareness,9381.22,0.2,0.07,38,3.81,1.04,59,12,0,9,1240,1
11188,66,Male,27066,Social Media,Awareness,9125.39,0.21,0.17,10,9.62,7.15,83,2,0,5,767,1
11518,37,Male,60058,Email,Retention,2594.11,0.03,0.14,5,8.55,14.58,13,9,7,3,899,1
10482,61,Female,117229,SEO,Awareness,4625.32,0.3,0.17,31,7.25,0.61,32,3,4,3,2595,1
15640,67,Male,113621,Social Media,Awareness,9056.45,0.03,0.07,1,1.61,2.53,94,10,6,9,964,0
13279,46,Female,101243,SEO,Retention,6533.24,0.08,0.19,45,1.74,8.35,83,18,9,5,1051,1
11730,68,Female,87058,Social Media,Consideration,4272.82,0.28,0.05,18,2.03,11.76,8,18,8,9,1220,1
14939,61,Male,121837,PPC,Conversion,5006.75,0.2,0.09,36,6.5,9.8,66,8,3,0,1796,1
14639,37,Male,109938,SEO,Awareness,7593.61,0.19,0.11,6,8.27,10.74,62,8,2,4,1252,1
15815,51,Male,59927,Email,Conversion,2889.69,0.27,0.02,48,2.04,3.77,13,3,9,5,605,0
9936,51,Male,77926,PPC,Retention,6634.58,0.19,0.18,44,8.31,4.6,43,1,6,0,2835,1
9319,44,Male,37603,Referral,Conversion,9569.61,0.13,0.14,14,1.21,7.44,97,12,9,8,4002,1
15814,46,Male,22068,Referral,Awareness,3333.47,0.3,0.19,18,9.84,9.41,8,5,3,0,3574,1
11763,47,Female,22205,Email,Consideration,9858.29,0.02,0.09,8,3.54,10.12,77,10,3,6,2771,1
9956,39,Female,35828,Email,Consideration,379.64,0.07,0.17,34,8.01,3.53,44,3,4,2,3610,1
13997,44,Female,147932,Referral,Retention,729.19,0.12,0.03,18,9.05,1.04,5,16,4,3,3923,1
9898,39,Male,61252,Social Media,Consideration,7188.73,0.18,0.12,20,7.81,3.98,56,10,8,5,681,1
13818,66,Female,44136,Social Media,Consideration,257.1,0.26,0.06,32,5.63,9.78,63,18,7,2,2565,1
12192,29,Female,90511,Social Media,Conversion,1599.94,0.2,0.2,37,2.09,8.97,79,9,9,8,3542,1
14502,19,Male,73252,Social Media,Conversion,5768.33,0.07,0.07,23,2.71,3.19,44,10,9,6,3995,1
12579,54,Female,94801,SEO,Retention,6233.5,0.05,0.08,4,2.79,4.86,45,4,6,8,2224,0
13602,47,Female,69409,Social Media,Conversion,7256.21,0.21,0.08,24,1.61,7.27,71,14,0,1,4023,1
13894,47,Female,31603,Referral,Consideration,5872.84,0.21,0.11,10,1.95,0.59,88,1,1,6,4764,0
10764,46,Male,24600,SEO,Consideration,840.34,0.23,0.17,49,3.61,10.37,97,15,4,8,3657,1
14143,64,Female,26855,PPC,Conversion,7027.02,0.08,0.09,33,9.67,12.51,22,19,5,4,3753,1
8032,59,Female,43958,Referral,Awareness,8740.45,0.28,0.02,24,3.17,3.14,24,10,5,6,4683,1
9583,61,Male,95723,Social Media,Retention,7124.1,0.04,0.12,5,2.44,10.99,31,12,5,1,2528,1
11659,37,Female,32587,SEO,Awareness,2122.21,0.22,0.03,17,2.32,6.0,97,11,7,3,4994,1
14907,41,Female,114859,SEO,Retention,5148.22,0.27,0.02,41,2.62,2.18,16,2,7,5,2574,1
9529,45,Female,143196,SEO,Awareness,8890.94,0.24,0.1,43,3.06,4.64,40,3,5,1,3703,1
12525,40,Female,106195,Email,Consideration,8948.93,0.22,0.12,29,9.37,4.8,27,7,8,7,105,1
10250,54,Female,81829,SEO,Consideration,7517.66,0.27,0.16,42,9.25,2.13,8,14,4,7,3238,1
14023,66,Male,52643,Referral,Consideration,968.44,0.14,0.07,28,9.33,1.11,73,17,7,9,3474,1
13105,28,Male,35804,Social Media,Retention,4813.86,0.28,0.03,15,2.78,14.8,65,13,6,2,3333,1
15402,35,Female,49564,PPC,Awareness,6637.32,0.03,0.16,32,5.86,12.53,20,13,5,9,3244,1
10945,42,Female,32420,Referral,Consideration,7902.97,0.15,0.06,46,9.54,9.38,10,6,4,3,3576,1
12621,43,Female,106340,Social Media,Consideration,7402.63,0.18,0.07,2,1.0,2.11,21,19,4,5,4034,1
14914,49,Male,52822,SEO,Consideration,6375.34,0.27,0.05,20,7.08,8.71,16,8,3,3,1873,1
11809,44,Female,138284,Email,Retention,5126.8,0.25,0.08,8,4.73,9.8,72,15,4,3,1485,1
12470,69,Female,98670,Social Media,Conversion,6896.93,0.1,0.11,43,6.98,4.49,5,17,0,3,4503,1
14463,64,Male,20535,Social Media,Conversion,6767.89,0.02,0.15,28,7.32,2.47,57,15,6,8,2611,1
12032,68,Male,106371,Referral,Consideration,1454.98,0.17,0.07,1,8.05,9.42,78,4,8,0,1908,1
13215,31,Male,62987,SEO,Retention,286.19,0.24,0.08,15,2.54,3.44,66,13,5,7,2639,1
14493,38,Male,72123,Referral,Consideration,4400.51,0.05,0.02,22,9.79,8.19,46,15,8,5,1989,1
13284,42,Female,129507,Email,Conversion,6783.81,0.26,0.04,19,7.73,10.95,30,13,1,9,2267,1
10143,45,Female,60868,SEO,Retention,4861.84,0.1,0.16,22,5.2,1.16,39,1,8,3,2317,1
8153,43,Male,54062,PPC,Consideration,3454.22,0.18,0.2,5,3.59,14.69,49,9,6,6,3824,1
14223,33,Male,27453,SEO,Conversion,7406.23,0.28,0.01,12,2.64,9.1,57,1,4,6,4828,1
10124,68,Male,111641,Email,Retention,6820.66,0.23,0.16,14,8.5,11.18,88,0,0,4,4930,1
12765,55,Female,42119,Referral,Conversion,4740.38,0.29,0.11,44,2.54,1.5,94,0,6,8,66,1
13346,49,Female,84277,Referral,Awareness,4667.34,0.18,0.06,22,2.41,3.47,94,18,5,0,2284,1
12498,61,Male,26185,Email,Awareness,9202.16,0.13,0.14,22,1.93,5.76,67,12,2,9,3863,1
11703,62,Female,34530,Social Media,Consideration,4384.78,0.04,0.06,30,7.6,8.37,77,5,6,0,3662,1
13413,67,Female,92986,Referral,Retention,1150.33,0.28,0.04,17,9.14,9.05,81,3,3,0,3373,1
13648,59,Female,94379,Email,Conversion,6481.47,0.21,0.04,7,4.61,10.3,60,14,0,3,3146,1
9579,52,Female,72967,PPC,Consideration,5242.92,0.19,0.14,1,2.58,13.26,36,7,6,3,4048,1
9985,33,Female,29941,Referral,Conversion,1361.96,0.28,0.11,23,8.93,6.46,48,19,7,8,4646,1
13852,63,Female,44236,Email,Retention,5502.2,0.09,0.15,4,4.62,1.52,23,10,7,6,2503,1
14693,37,Female,114165,Referral,Consideration,5982.9,0.23,0.06,29,4.1,6.47,20,0,0,4,2730,1
13955,34,Female,23841,Email,Awareness,1997.55,0.21,0.19,8,3.55,10.64,78,6,1,9,4027,1
10683,40,Female,132626,Referral,Conversion,5170.46,0.13,0.05,35,3.39,4.03,4,7,2,7,1606,1
12143,30,Male,69665,SEO,Retention,3684.04,0.19,0.14,10,5.66,8.77,71,11,0,1,4234,1
9082,43,Male,101619,Referral,Conversion,8430.34,0.01,0.04,15,3.33,13.17,64,19,6,6,2986,1
15429,64,Male,75709,Referral,Awareness,7856.61,0.13,0.02,38,6.63,3.48,98,11,0,4,3665,1
9820,49,Female,71464,SEO,Retention,1972.0,0.13,0.13,31,2.62,0.89,82,10,5,0,980,0
15351,27,Female,146158,PPC,Awareness,7396.37,0.2,0.03,45,3.52,10.4,59,5,5,1,741,0
12569,60,Male,77557,Email,Awareness,7015.42,0.14,0.02,42,1.33,4.77,24,19,2,9,1096,1
15722,39,Female,138692,Social Media,Consideration,2031.57,0.2,0.11,28,8.35,0.69,65,7,1,6,4256,1
13399,57,Female,109640,Email,Conversion,8705.25,0.27,0.2,26,9.89,12.35,8,1,8,0,1274,1
13238,36,Female,147148,Referral,Retention,7006.56,0.12,0.03,41,3.52,3.05,52,17,3,9,2835,1
8938,68,Male,142402,Referral,Retention,3890.34,0.2,0.09,49,8.67,13.49,80,9,7,2,1573,1
11282,20,Female,31752,Referral,Consideration,313.58,0.04,0.06,5,1.93,5.79,20,18,3,3,1984,1
13223,45,Female,22781,Email,Retention,1687.6,0.19,0.03,19,5.45,2.96,67,9,4,0,2386,1
13769,24,Female,85035,Social Media,Consideration,8733.33,0.04,0.03,6,3.79,3.61,55,6,9,1,2354,0
15866,39,Male,140417,Social Media,Consideration,3874.59,0.26,0.01,38,1.52,5.32,50,15,5,7,2901,0
13245,46,Female,64023,Email,Retention,8655.0,0.11,0.13,10,8.18,14.2,62,14,8,4,3898,1
9150,54,Female,147872,Email,Conversion,7998.61,0.28,0.08,17,6.85,5.14,71,14,4,0,2877,1
14601,41,Female,94635,Email,Awareness,1902.34,0.04,0.01,12,1.38,4.73,82,12,4,9,3662,0
15705,46,Female,39760,Email,Awareness,1055.67,0.23,0.06,38,9.31,6.92,26,1,3,2,1503,1
14592,49,Male,110312,Email,Awareness,3926.93,0.18,0.14,22,2.78,1.47,74,13,6,6,2866,1
12709,55,Female,111810,PPC,Awareness,3558.76,0.13,0.08,6,5.27,13.83,30,0,0,1,2141,0
14714,56,Male,86224,Email,Consideration,6501.84,0.21,0.02,33,4.71,13.3,28,2,6,8,2857,1
11117,63,Female,50255,Email,Consideration,9688.73,0.07,0.02,38,2.64,2.69,78,8,3,6,2939,1
15034,27,Male,109262,Referral,Consideration,4610.6,0.17,0.12,43,3.09,6.43,74,4,9,2,4513,1
9833,36,Male,146305,Social Media,Retention,4700.96,0.13,0.05,23,9.15,11.69,44,15,8,8,2746,1
10136,35,Female,99472,SEO,Awareness,4244.86,0.17,0.18,1,9.61,8.44,84,6,2,1,262,0
9037,54,Female,89702,Referral,Conversion,5604.58,0.15,0.19,42,9.05,8.33,9,4,8,5,890,1
13176,59,Female,50802,SEO,Conversion,5514.02,0.05,0.03,40,3.49,10.14,25,12,6,2,2387,1
14422,69,Male,132373,PPC,Consideration,836.58,0.29,0.14,25,8.14,2.63,98,16,0,1,2703,1
14278,49,Male,142614,Social Media,Consideration,9056.88,0.24,0.08,46,3.79,7.32,85,10,9,5,3526,1
8343,20,Male,133216,Email,Consideration,8208.78,0.17,0.05,26,4.85,12.27,42,10,5,9,4101,1
14801,66,Female,118997,PPC,Awareness,9236.8,0.22,0.14,14,6.81,7.22,47,9,7,9,575,1
14828,69,Female,128176,PPC,Awareness,9965.89,0.02,0.09,44,8.34,3.25,98,7,7,1,822,1
10189,52,Male,33105,PPC,Retention,1559.62,0.29,0.05,25,7.08,3.47,30,11,0,6,4077,1
10298,55,Female,39861,PPC,Retention,7555.07,0.24,0.14,10,8.23,9.19,78,17,6,6,3139,1
9552,22,Female,64261,PPC,Conversion,422.04,0.28,0.07,0,4.69,7.02,40,2,1,0,871,0
9236,19,Female,55133,Referral,Consideration,1828.92,0.1,0.07,17,8.7,5.89,85,16,3,7,843,1
11797,28,Male,38254,Email,Consideration,610.96,0.02,0.16,8,9.52,9.42,72,6,7,1,4225,1
11337,52,Female,126279,Referral,Retention,9393.46,0.02,0.18,31,5.11,5.05,29,15,7,1,3990,1
11261,44,Male,22458,SEO,Consideration,5885.86,0.22,0.02,22,2.1,8.45,35,9,4,9,4478,1
13700,53,Female,77235,Social Media,Awareness,4889.17,0.28,0.09,35,1.92,6.21,45,10,3,3,1789,1
13887,26,Female,104624,Email,Consideration,9643.88,0.07,0.17,14,8.64,3.06,3,7,9,7,3427,1
8155,30,Female,45041,Social Media,Retention,582.71,0.16,0.01,29,7.37,9.2,81,4,3,6,858,1
13730,34,Male,107762,PPC,Consideration,6898.32,0.14,0.1,12,7.19,7.51,3,7,4,8,1245,1
12659,59,Female,114808,Referral,Consideration,9983.98,0.01,0.05,22,9.07,14.67,37,1,9,9,1472,1
10199,31,Male,121971,PPC,Conversion,8290.91,0.13,0.05,0,4.58,13.53,66,13,2,2,4124,1
11491,68,Female,74431,Referral,Retention,4921.78,0.12,0.16,2,5.02,5.67,54,0,0,3,2011,1
11393,26,Male,55584,PPC,Conversion,4720.39,0.25,0.06,28,7.1,5.35,25,8,2,4,1927,1
13392,29,Male,119878,PPC,Consideration,8091.73,0.16,0.15,14,5.95,14.25,20,19,3,9,622,1
12193,48,Male,111997,Social Media,Conversion,1044.86,0.09,0.2,24,6.94,13.29,10,2,3,0,2771,1
8898,59,Female,24782,PPC,Conversion,3421.93,0.22,0.16,1,8.04,11.35,50,7,9,4,1126,1
9476,67,Female,31584,SEO,Consideration,543.78,0.23,0.02,33,2.48,11.99,5,0,0,3,2956,0
14247,68,Male,33859,PPC,Awareness,6234.35,0.25,0.08,4,5.78,4.3,18,18,9,3,3352,1
12333,61,Male,102418,PPC,Retention,3050.56,0.22,0.05,24,1.9,13.24,57,10,8,8,1937,1
14594,65,Male,101399,PPC,Retention,9871.08,0.16,0.07,43,4.02,3.74,93,14,7,4,2726,1
9884,65,Female,21694,Social Media,Conversion,5979.67,0.23,0.2,19,8.54,9.1,68,16,0,0,2701,1
13000,18,Male,134759,PPC,Retention,8715.75,0.07,0.02,46,8.09,14.7,1,19,9,5,4633,1
15471,56,Male,113316,Referral,Conversion,6793.47,0.18,0.1,1,2.03,7.5,78,5,9,6,1388,1
11641,40,Male,31526,Referral,Retention,3844.73,0.05,0.13,13,1.69,14.29,17,8,8,0,2968,1
11347,69,Male,137495,Social Media,Consideration,1715.36,0.18,0.17,20,6.75,8.36,22,18,4,2,2688,1
10552,26,Female,96151,PPC,Conversion,1891.22,0.02,0.01,26,6.6,11.29,96,5,3,4,1782,1
11277,31,Female,83804,PPC,Retention,8820.68,0.15,0.08,43,8.88,7.53,29,7,8,0,4297,1
9317,24,Male,90063,Social Media,Retention,5213.74,0.01,0.03,42,2.59,8.67,70,1,7,0,3360,0
10840,38,Male,100875,Email,Consideration,7754.47,0.2,0.17,13,2.04,5.89,50,9,8,3,690,1
15007,38,Male,116550,Referral,Awareness,2670.45,0.21,0.05,15,9.53,5.15,20,19,9,9,820,1
11707,55,Female,71714,SEO,Conversion,1106.42,0.24,0.13,25,4.57,4.57,48,15,8,6,4015,1
15835,24,Male,68266,Email,Consideration,2495.27,0.21,0.14,36,6.08,10.5,52,18,6,2,1254,1
14973,29,Male,37957,PPC,Awareness,4173.51,0.1,0.07,11,4.2,7.48,74,16,4,7,899,1
15954,60,Male,72018,SEO,Conversion,2734.43,0.14,0.16,40,5.01,14.48,97,14,5,5,3555,0
14615,38,Female,72445,Email,Consideration,8523.51,0.06,0.04,36,3.23,0.61,59,5,8,5,2092,1
9381,55,Male,132555,SEO,Retention,3741.38,0.12,0.12,42,4.66,13.59,47,5,2,8,74,1
11550,55,Male,23728,Referral,Conversion,8949.99,0.11,0.06,46,2.57,10.31,36,1,8,4,4841,1
11533,53,Female,56432,SEO,Consideration,4175.09,0.11,0.08,11,8.02,10.32,85,0,5,4,2539,1
10424,65,Female,142850,SEO,Conversion,5122.07,0.05,0.11,15,3.96,9.94,97,10,6,0,1178,1
11818,34,Male,71595,Email,Awareness,4997.48,0.1,0.07,14,7.41,7.47,6,12,5,2,3849,1
10809,55,Female,33213,Social Media,Conversion,8236.31,0.1,0.02,48,6.06,13.19,94,15,6,9,1854,1
14055,69,Male,80941,PPC,Conversion,1083.28,0.1,0.1,30,2.92,4.08,98,1,6,4,1583,1
10387,24,Male,84014,Email,Conversion,3949.98,0.14,0.13,13,2.71,1.74,11,16,4,2,491,1
11471,26,Female,78415,Email,Awareness,9497.64,0.11,0.03,23,2.85,12.03,81,16,0,5,1763,1
11002,58,Male,117576,Email,Awareness,1871.87,0.06,0.11,7,6.25,6.34,89,10,1,0,1232,0
12554,37,Male,79454,Email,Conversion,403.07,0.04,0.03,25,4.35,7.6,25,2,7,9,626,1
10887,39,Female,57682,Email,Awareness,8958.95,0.24,0.07,17,3.65,5.6,46,1,1,6,1527,1
14276,32,Male,140921,Email,Retention,6713.51,0.05,0.11,5,7.38,9.94,90,18,4,4,3334,1
8921,40,Female,129518,PPC,Conversion,4520.92,0.14,0.08,15,6.66,2.4,49,19,2,3,2701,1
15898,38,Female,33550,SEO,Awareness,2186.94,0.25,0.07,47,4.91,13.6,41,4,1,2,4206,1
12917,58,Male,81788,Email,Consideration,6616.17,0.26,0.12,46,3.3,0.96,80,4,3,0,544,1
15958,25,Male,58921,PPC,Conversion,260.77,0.04,0.1,32,8.13,5.91,54,4,6,7,3271,1
9672,30,Female,112776,Social Media,Consideration,2194.68,0.15,0.19,43,5.18,9.55,49,1,5,4,1074,1
13356,32,Male,136815,SEO,Awareness,4166.26,0.05,0.18,37,6.7,14.51,37,3,8,3,1955,1
9832,41,Female,97219,Referral,Retention,4108.17,0.06,0.11,4,4.87,4.75,31,3,0,7,2288,0
11394,64,Female,86634,Referral,Consideration,5737.5,0.06,0.19,28,7.0,8.13,73,12,9,9,2520,1
13179,29,Female,63341,Email,Conversion,9577.41,0.09,0.03,44,7.89,11.08,86,1,4,8,2102,1
11099,36,Male,79488,Email,Consideration,9373.35,0.21,0.18,22,6.44,0.8,9,17,9,1,1587,1
12607,43,Male,129844,PPC,Consideration,7392.57,0.26,0.06,18,2.2,6.45,39,3,6,1,3777,1
15544,41,Male,24714,SEO,Consideration,9201.48,0.19,0.02,33,9.64,3.08,26,9,4,4,1931,1
13024,21,Female,52238,Email,Awareness,4626.06,0.26,0.03,49,1.52,5.45,66,3,7,9,4157,1
14621,41,Female,56392,Email,Awareness,9591.22,0.13,0.05,11,9.55,12.51,71,2,8,6,4170,1
13134,62,Male,61514,SEO,Conversion,3598.1,0.02,0.06,35,1.58,5.39,5,8,5,7,1806,1
15960,53,Female,144239,Email,Consideration,390.2,0.17,0.01,49,7.12,7.82,20,16,6,4,1539,0
13316,39,Female,31992,SEO,Consideration,8289.21,0.28,0.05,15,6.26,9.66,66,2,8,8,2566,1
8734,23,Female,80200,Email,Retention,1307.55,0.03,0.06,9,1.31,7.27,6,4,3,9,627,0
10489,59,Male,89625,SEO,Awareness,973.51,0.19,0.19,13,5.66,6.62,24,12,8,8,4808,1
12562,54,Male,117435,Email,Awareness,4073.56,0.19,0.05,43,4.85,8.52,4,9,0,2,1942,1
10578,63,Female,112556,Referral,Conversion,8862.59,0.1,0.15,21,1.38,2.02,38,18,1,5,4293,1
11145,29,Male,27087,Social Media,Retention,7776.85,0.29,0.09,0,7.82,4.04,98,3,1,6,2159,1
13405,27,Female,57826,Referral,Consideration,4149.11,0.11,0.16,10,3.95,10.61,92,17,1,8,2797,1
11383,29,Female,142561,Email,Awareness,5276.91,0.03,0.07,8,6.28,2.56,12,5,6,5,4881,1
11986,25,Male,37046,PPC,Awareness,3234.54,0.25,0.14,45,4.23,12.31,33,19,6,3,3092,1
9419,41,Female,26678,Email,Conversion,8730.41,0.09,0.12,15,2.57,3.76,28,5,7,3,2233,1
11556,47,Female,98101,SEO,Consideration,689.71,0.21,0.17,33,7.94,2.1,55,6,9,5,395,1
8647,69,Male,91885,Email,Awareness,4097.29,0.24,0.07,43,8.41,13.25,65,17,6,5,3870,1
13727,61,Male,145214,PPC,Retention,6265.19,0.18,0.17,3,8.07,1.2,26,14,5,3,2778,1
12950,61,Male,61912,Referral,Awareness,7154.0,0.29,0.12,5,8.4,14.46,21,13,1,1,1457,1
9340,38,Female,23323,PPC,Awareness,8308.82,0.04,0.14,11,9.96,2.62,32,19,4,3,481,1
11375,40,Female,85984,Referral,Conversion,7983.14,0.14,0.05,9,4.66,4.94,78,8,1,6,2380,1
13339,31,Female,149884,SEO,Consideration,3680.88,0.09,0.17,1,2.59,14.47,0,15,0,9,1789,0
10659,56,Male,69711,SEO,Awareness,6647.6,0.02,0.19,47,7.32,4.81,83,11,3,5,3218,1
14443,62,Female,100263,Email,Retention,2070.35,0.15,0.01,36,4.29,14.78,5,11,8,4,1881,1
8518,47,Female,115894,Referral,Conversion,5189.23,0.3,0.03,25,8.89,11.14,16,10,8,0,1241,1
8969,43,Female,27749,SEO,Retention,3486.14,0.2,0.02,40,7.59,14.42,90,5,3,6,3554,1
14167,22,Male,43178,SEO,Retention,5714.64,0.06,0.19,24,4.72,11.13,80,8,0,2,4651,1
15137,64,Female,131269,Referral,Conversion,4319.03,0.14,0.04,43,6.64,12.45,53,14,4,5,3987,1
14951,23,Female,38459,SEO,Conversion,950.04,0.15,0.05,33,9.37,13.1,48,18,2,7,531,1
12180,45,Female,25207,SEO,Retention,5286.57,0.01,0.11,35,4.05,3.04,60,17,6,9,4785,1
15193,61,Male,122996,Email,Consideration,9797.25,0.27,0.16,28,2.32,11.17,37,3,2,5,4389,1
13058,33,Female,98254,Referral,Retention,7945.35,0.08,0.15,20,5.44,8.68,40,6,4,2,1941,1
15716,55,Female,122814,SEO,Consideration,891.53,0.18,0.15,36,2.72,14.04,46,19,7,0,2556,0
14189,32,Female,139998,Email,Retention,2532.94,0.27,0.11,20,8.44,7.05,37,13,5,8,4433,1
10944,57,Female,118369,SEO,Consideration,3215.81,0.14,0.18,24,3.66,10.7,26,12,6,0,3616,1
12616,35,Male,98579,Referral,Awareness,1614.64,0.03,0.05,29,3.64,2.07,51,19,8,8,2006,1
11459,26,Female,104269,Referral,Awareness,6861.64,0.09,0.08,17,2.77,4.18,10,0,2,3,2959,0
14905,52,Male,118053,Referral,Conversion,694.64,0.13,0.17,23,4.01,12.22,19,8,4,0,2542,1
10249,60,Male,130531,Referral,Consideration,6455.32,0.11,0.06,13,7.18,4.2,93,15,9,3,231,1
8042,68,Female,142893,SEO,Retention,5313.32,0.24,0.02,46,8.87,10.12,10,9,9,9,3513,1
8193,18,Female,134510,Social Media,Conversion,7724.85,0.17,0.02,36,3.77,13.53,63,10,9,3,1552,1
15591,47,Male,28348,Social Media,Awareness,950.02,0.12,0.19,10,5.13,2.44,25,10,3,8,2644,1
8388,52,Male,23824,SEO,Retention,8324.72,0.16,0.16,36,3.52,13.88,49,8,3,1,167,1
10636,29,Female,52882,PPC,Consideration,9527.53,0.04,0.15,40,4.02,13.17,73,3,1,6,4506,1
9379,67,Male,51177,Email,Consideration,2001.66,0.3,0.04,3,9.66,2.44,50,2,1,1,3104,0
8546,21,Male,59952,PPC,Awareness,2001.8,0.01,0.13,26,8.42,9.49,83,2,3,6,662,1
13608,30,Female,126360,SEO,Awareness,9348.49,0.17,0.11,38,8.07,11.07,18,11,0,4,3092,1
11106,41,Female,131487,Referral,Awareness,7535.02,0.24,0.14,12,5.21,5.83,59,10,3,7,1617,1
15036,46,Male,148383,Referral,Awareness,7240.03,0.24,0.07,44,4.45,12.8,5,14,4,4,2370,1
10308,38,Female,76172,Email,Retention,9680.94,0.03,0.16,13,7.38,12.27,4,15,6,4,3204,1
12436,61,Male,20972,Referral,Conversion,8598.16,0.07,0.13,16,1.73,5.16,7,14,5,1,1922,1
12461,48,Female,24318,Email,Consideration,3274.84,0.28,0.15,10,5.53,13.58,10,5,1,1,828,0
8548,41,Female,107399,Social Media,Conversion,3165.83,0.19,0.1,0,2.43,13.64,40,7,3,3,613,1
12935,41,Male,110568,Social Media,Conversion,2513.38,0.07,0.02,30,7.79,11.98,45,8,9,1,4978,1
11816,57,Male,20925,SEO,Retention,1895.54,0.18,0.09,11,6.85,1.35,52,12,7,6,823,1
9757,22,Male,47424,Email,Conversion,7459.89,0.26,0.14,31,3.36,7.79,9,0,6,6,4686,1
12546,49,Male,47182,SEO,Awareness,1939.62,0.23,0.08,7,6.44,12.39,13,5,3,7,1764,1
12396,26,Female,123489,Email,Conversion,2317.17,0.08,0.08,9,7.17,13.85,7,9,7,6,1661,1
13534,27,Male,74971,SEO,Awareness,7450.82,0.09,0.02,8,9.16,5.43,35,6,1,3,4973,1
10144,27,Male,118039,Social Media,Retention,7485.12,0.17,0.14,38,5.05,7.1,13,0,4,0,3279,1
13707,21,Female,122012,Email,Conversion,6310.98,0.11,0.17,47,2.28,1.73,54,11,2,5,4942,1
9816,34,Female,116367,Referral,Conversion,4047.78,0.08,0.18,0,9.78,14.0,1,14,6,9,330,1
9388,20,Female,116775,PPC,Awareness,4001.9,0.26,0.03,14,9.65,1.83,16,18,7,8,2959,1
13365,56,Male,28058,Email,Consideration,4370.07,0.29,0.14,29,3.66,1.47,49,8,9,2,191,1
10260,32,Female,60315,Social Media,Retention,5449.1,0.22,0.06,33,1.19,11.11,54,17,0,7,4245,1
10934,25,Female,31156,Email,Consideration,9171.82,0.25,0.12,14,2.83,12.14,11,5,4,7,2038,1
9574,60,Female,128888,SEO,Awareness,181.18,0.17,0.2,23,9.39,13.77,54,3,2,0,3464,1
12486,35,Female,44866,SEO,Awareness,1275.97,0.28,0.07,31,5.28,12.23,36,3,1,5,3744,1
14994,21,Female,40439,PPC,Conversion,126.34,0.12,0.19,35,3.29,7.96,76,18,8,0,588,1
9496,54,Female,100596,Social Media,Consideration,7131.39,0.16,0.2,8,3.05,4.62,96,1,3,5,2019,1
13171,52,Male,72385,Referral,Conversion,6442.64,0.13,0.04,38,2.02,10.15,31,5,0,8,1453,1
15721,63,Male,102277,Email,Retention,6549.45,0.19,0.18,41,9.57,8.04,47,1,6,0,2189,1
14031,51,Female,81630,PPC,Retention,7246.15,0.03,0.18,10,5.48,13.37,39,18,8,8,2804,1
10707,47,Female,73942,SEO,Awareness,1460.23,0.04,0.06,18,9.58,13.27,56,9,9,0,4754,1
15831,49,Female,139423,Social Media,Consideration,6510.91,0.07,0.18,31,8.7,5.79,46,19,8,0,4220,0
8574,30,Female,126213,Referral,Retention,8588.3,0.17,0.04,28,9.05,6.4,14,9,6,7,3538,1
13520,60,Male,120784,SEO,Conversion,3109.38,0.02,0.12,5,1.01,10.97,87,6,4,6,2704,1
13303,62,Female,146399,SEO,Consideration,2371.84,0.07,0.13,22,7.73,14.47,46,13,4,8,2074,1
12431,45,Male,68106,PPC,Conversion,7208.88,0.18,0.11,12,9.64,3.95,68,3,0,3,2018,1
11526,55,Male,48223,PPC,Awareness,5483.08,0.17,0.13,37,4.12,13.23,59,9,3,0,734,1
8838,27,Female,79169,Referral,Awareness,5780.81,0.27,0.11,16,5.7,10.49,24,16,5,0,431,1
14453,69,Female,112648,Email,Conversion,5452.33,0.11,0.02,39,1.15,3.94,8,0,0,7,872,0
9806,65,Male,35090,Referral,Conversion,3732.88,0.15,0.15,10,4.9,12.72,28,11,2,1,358,1
13537,37,Female,48210,PPC,Awareness,3250.41,0.3,0.15,40,3.24,12.7,92,11,8,5,1925,1
10712,24,Female,86777,SEO,Awareness,1512.81,0.07,0.03,44,7.55,12.31,58,6,1,9,1111,1
10911,52,Female,102627,SEO,Awareness,2478.36,0.28,0.19,18,5.84,10.52,87,1,3,9,4066,1
11776,53,Female,149831,SEO,Awareness,7786.29,0.07,0.18,17,3.01,1.76,76,15,7,1,722,1
15339,22,Female,62625,PPC,Consideration,8065.77,0.06,0.02,17,6.62,14.94,79,11,1,0,1421,0
10761,31,Male,89353,Referral,Retention,3554.63,0.18,0.16,29,6.77,4.96,2,16,7,5,1893,1
13470,57,Female,75149,SEO,Awareness,5935.1,0.06,0.19,19,9.7,8.26,84,14,7,5,443,1
11370,69,Female,113417,Referral,Retention,5531.87,0.17,0.19,21,7.85,0.97,74,19,2,5,1673,1
10068,50,Male,138056,PPC,Consideration,4302.31,0.08,0.04,20,8.0,0.55,61,5,0,6,3171,0
14280,54,Female,134326,Social Media,Consideration,8150.47,0.16,0.13,1,8.57,13.64,76,12,4,0,2203,1
12771,34,Female,116093,SEO,Conversion,841.83,0.08,0.06,12,4.14,4.89,10,11,6,5,3410,1
13469,63,Male,125912,Social Media,Conversion,2635.02,0.14,0.07,20,1.5,1.24,10,2,2,1,3550,0
10328,25,Male,106821,Referral,Consideration,9103.34,0.18,0.04,33,4.19,7.25,55,9,9,4,1464,1
9471,47,Female,70478,Email,Conversion,7686.84,0.2,0.09,16,2.62,7.37,42,9,9,1,888,1
15258,23,Male,35144,SEO,Consideration,4382.62,0.09,0.18,21,6.21,10.28,20,19,3,3,3181,1
13313,19,Female,101454,Social Media,Consideration,5881.19,0.28,0.14,49,7.59,14.27,46,1,2,2,4647,1
14454,64,Female,122230,PPC,Retention,8782.9,0.13,0.1,33,3.05,4.34,4,6,6,4,3632,1
8572,61,Female,72955,Referral,Consideration,1953.62,0.02,0.13,3,8.44,7.61,25,16,4,2,1315,1
14913,44,Female,66209,Social Media,Retention,9863.01,0.15,0.1,18,5.85,2.37,64,13,5,7,1340,1
14186,30,Male,30272,Referral,Consideration,5663.82,0.26,0.03,41,2.44,14.76,53,12,3,3,1217,1
14779,37,Female,30935,SEO,Awareness,1092.19,0.3,0.14,44,1.29,7.79,22,0,3,8,513,1
8256,50,Female,30607,SEO,Retention,2209.16,0.26,0.03,11,2.28,12.6,26,15,8,7,474,1
15651,59,Female,104271,Referral,Consideration,5942.46,0.16,0.19,15,2.86,8.67,93,16,7,1,1132,1
13393,59,Female,46799,SEO,Awareness,8979.54,0.13,0.06,29,2.95,3.68,38,14,2,8,4741,1
12598,20,Female,60576,Referral,Retention,8641.04,0.08,0.12,49,2.14,0.77,42,9,3,2,3041,1
12345,31,Female,65420,Referral,Consideration,5257.74,0.26,0.19,7,4.26,11.75,0,6,4,9,3785,1
14387,64,Female,39507,PPC,Conversion,7370.89,0.29,0.08,18,9.73,13.06,61,5,6,9,175,1
12015,61,Male,68372,Social Media,Retention,837.33,0.12,0.13,9,4.31,6.1,58,7,4,8,4847,1
15715,34,Male,80282,PPC,Retention,6175.88,0.09,0.07,14,4.03,13.3,46,4,2,1,2945,0
9377,45,Female,47881,Email,Retention,6718.35,0.03,0.1,27,3.39,5.1,98,0,7,0,3210,1
14808,69,Male,27734,Email,Consideration,4933.14,0.1,0.14,13,5.6,8.63,37,3,6,0,475,1
14950,62,Female,48205,Referral,Awareness,4295.17,0.3,0.15,38,6.23,11.32,77,7,5,8,3044,1
14900,18,Female,91835,Social Media,Consideration,7129.33,0.2,0.02,34,3.13,7.47,5,1,7,7,3656,1
8896,32,Female,77266,Social Media,Awareness,2756.65,0.28,0.15,14,7.82,9.34,19,12,0,3,1493,1
9260,43,Female,44146,Social Media,Conversion,7989.76,0.09,0.14,2,9.77,8.46,44,13,8,2,1284,1
10109,23,Female,144143,Social Media,Conversion,6773.27,0.24,0.18,0,8.58,11.69,42,16,1,8,4087,1
11367,61,Male,143422,Referral,Awareness,6654.4,0.02,0.11,30,2.86,1.78,85,13,4,4,4248,1
13547,22,Female,40271,Social Media,Awareness,6571.79,0.15,0.16,3,5.95,5.31,64,9,3,2,489,1
13842,18,Male,51571,PPC,Retention,948.66,0.15,0.05,6,2.38,8.02,46,15,4,0,536,0
12030,67,Male,80940,PPC,Retention,9517.71,0.14,0.13,11,2.19,6.33,39,17,8,6,2663,1
10839,62,Female,107685,Email,Awareness,8972.65,0.23,0.15,40,2.95,8.59,33,2,8,2,3342,1
11053,54,Female,129578,Social Media,Conversion,7668.87,0.15,0.14,35,5.6,11.79,69,11,4,0,4379,1
13377,45,Male,35512,Referral,Consideration,3830.47,0.11,0.16,0,6.27,0.89,40,8,5,3,4368,1
9688,49,Male,143299,Referral,Retention,2362.86,0.04,0.19,43,6.3,2.36,45,8,5,3,1837,1
10099,25,Female,111296,PPC,Conversion,6831.76,0.28,0.07,36,7.11,12.42,11,3,8,7,3421,1
8634,30,Male,45367,PPC,Awareness,3915.91,0.17,0.08,47,8.15,7.46,31,18,5,9,1803,1
15995,21,Male,24849,Email,Awareness,8518.31,0.24,0.12,23,9.69,14.23,70,13,6,7,286,0
11566,40,Male,66785,PPC,Retention,6605.75,0.24,0.08,16,7.15,1.32,82,10,4,4,1388,1
11908,44,Female,33582,Email,Consideration,4549.18,0.12,0.08,44,2.82,6.42,95,2,0,8,4194,1
15753,61,Male,71342,Referral,Conversion,4689.86,0.17,0.06,44,2.06,7.05,77,10,6,9,1856,0
14637,62,Female,67679,Email,Consideration,7532.71,0.23,0.05,16,2.77,12.8,66,17,9,0,3780,1
9159,43,Female,61041,Social Media,Awareness,2985.9,0.07,0.14,42,1.05,6.06,89,4,6,0,1720,0
14832,66,Male,103598,Email,Consideration,8735.82,0.26,0.18,41,4.17,13.49,21,10,4,9,2340,1
9121,54,Female,131102,Referral,Consideration,743.03,0.28,0.03,5,3.81,8.78,52,9,9,2,4936,1
8451,39,Male,20792,PPC,Consideration,4781.82,0.07,0.04,32,1.63,13.41,29,9,5,5,2896,1
14360,35,Female,104244,Email,Awareness,4877.84,0.13,0.17,5,1.57,3.0,68,13,3,4,3598,1
13266,43,Male,21929,Referral,Retention,528.31,0.27,0.03,27,2.7,2.52,0,1,7,5,1367,0
11390,54,Female,101610,PPC,Awareness,1184.98,0.14,0.07,33,9.9,14.85,39,8,6,0,30,1
8540,27,Female,40936,PPC,Retention,8844.7,0.23,0.14,37,5.06,3.91,67,0,3,1,1192,1
14651,68,Female,24094,PPC,Conversion,1021.19,0.15,0.2,9,4.77,12.36,74,8,2,0,2993,1
10313,55,Female,43119,Email,Conversion,2683.17,0.28,0.08,12,4.91,0.75,58,1,1,3,3861,1
15281,62,Female,109041,Referral,Consideration,9701.74,0.11,0.06,32,3.0,14.87,12,15,7,5,4822,0
10386,29,Female,107513,Social Media,Retention,9015.83,0.27,0.1,14,3.21,0.59,1,6,3,5,839,1
13917,60,Female,79596,PPC,Retention,9171.88,0.26,0.06,20,8.59,7.88,97,1,7,8,2606,1
14320,27,Male,132529,Social Media,Consideration,1145.83,0.1,0.06,3,8.01,12.86,94,10,9,7,1661,1
12357,60,Female,92082,PPC,Awareness,4259.48,0.3,0.19,16,4.04,12.06,73,10,8,7,4774,1
14551,66,Female,110727,SEO,Consideration,9472.42,0.28,0.11,2,4.75,9.49,73,10,4,0,4134,1
10900,40,Female,103149,Referral,Awareness,9548.37,0.29,0.18,32,7.27,10.15,36,12,0,9,3944,1
12793,69,Female,128552,Email,Consideration,8569.75,0.07,0.13,23,5.21,3.64,44,8,2,7,4860,1
14945,24,Male,42347,Referral,Awareness,8267.74,0.12,0.03,39,9.72,12.83,57,12,9,1,4661,1
15748,27,Female,128371,PPC,Consideration,7396.84,0.02,0.06,46,2.43,9.69,25,6,2,1,1687,0
14046,20,Female,117980,SEO,Awareness,5707.67,0.3,0.02,31,6.42,2.89,87,12,3,5,1559,1
9874,44,Female,31240,Email,Consideration,9574.29,0.29,0.08,34,8.95,11.48,43,12,3,1,637,1
10231,20,Female,128210,Referral,Awareness,935.47,0.16,0.15,43,9.83,7.62,32,1,1,1,3858,1
13101,45,Female,80693,Referral,Retention,7645.99,0.22,0.19,29,7.2,1.79,60,15,8,4,2082,1
8825,65,Female,24858,Email,Consideration,2123.09,0.25,0.02,36,1.56,11.71,0,15,6,4,765,1
15116,45,Male,65958,SEO,Consideration,2263.64,0.09,0.12,13,4.33,2.72,47,16,3,9,63,1
12900,36,Female,141935,SEO,Retention,6421.4,0.17,0.13,36,2.95,6.62,32,13,9,6,2177,1
8398,59,Female,133769,Email,Awareness,401.94,0.22,0.08,27,1.68,7.69,66,16,8,2,2107,1
9276,25,Male,42258,PPC,Awareness,8386.19,0.1,0.16,27,8.41,11.08,25,10,6,0,743,1
13881,65,Female,68762,PPC,Retention,8019.94,0.26,0.1,31,4.28,0.75,18,17,1,4,3734,1
13014,67,Female,74510,PPC,Conversion,6318.63,0.07,0.05,12,2.42,13.11,1,5,0,2,2700,1
13744,29,Female,51437,Social Media,Awareness,9719.05,0.06,0.1,20,6.66,10.83,10,16,8,0,3907,1
15382,43,Male,109424,Social Media,Consideration,9239.84,0.1,0.18,27,6.96,3.95,56,4,4,5,146,0
14194,52,Female,71932,Social Media,Awareness,2869.29,0.11,0.16,11,4.22,13.66,72,17,9,1,1791,1
8655,69,Female,141463,PPC,Awareness,8829.37,0.27,0.05,34,7.59,14.99,81,8,6,7,4445,1
11651,43,Female,121770,Social Media,Awareness,8446.39,0.13,0.07,8,8.25,6.42,78,1,9,8,915,1
9090,36,Female,54247,SEO,Conversion,7318.12,0.15,0.08,2,5.92,7.69,62,8,3,8,3457,1
10878,50,Male,93065,Social Media,Awareness,2804.08,0.07,0.13,49,8.21,12.41,61,5,1,0,3072,0
10889,66,Female,124971,Referral,Conversion,1599.55,0.27,0.11,2,9.38,4.96,13,4,0,8,855,0
10818,39,Female,62747,SEO,Awareness,6222.64,0.19,0.12,18,2.52,4.24,76,12,4,8,384,1
13342,69,Female,42327,Referral,Conversion,4690.03,0.17,0.11,37,4.79,14.17,81,12,0,0,1949,1
12123,20,Female,140234,Email,Conversion,7252.17,0.03,0.06,9,8.75,2.67,51,18,3,4,159,1
11709,63,Male,144750,Social Media,Consideration,3882.95,0.08,0.02,42,3.11,0.64,72,9,5,7,1924,1
11360,45,Male,116111,Email,Consideration,7638.66,0.19,0.12,1,9.22,1.57,88,4,5,1,2086,1
14711,40,Female,71070,SEO,Awareness,9473.69,0.03,0.18,12,3.62,10.93,67,1,7,9,2763,1
10964,57,Male,109590,SEO,Conversion,170.37,0.21,0.17,40,5.0,5.3,42,2,0,4,4684,1
9434,27,Female,108301,Referral,Conversion,6737.3,0.1,0.13,42,7.48,6.43,78,4,5,1,4900,1
13639,65,Male,34426,Email,Consideration,6777.22,0.06,0.01,38,6.05,4.2,71,15,8,2,680,1
14297,49,Male,56365,Referral,Consideration,3156.8,0.27,0.16,40,6.28,13.48,30,12,5,6,1548,1
12356,46,Female,146892,Email,Awareness,3894.63,0.12,0.06,28,3.74,4.84,73,18,9,2,3571,1
10451,38,Female,94418,SEO,Retention,4202.16,0.24,0.16,34,4.99,0.6,11,7,1,5,3490,1
15937,43,Female,103890,Referral,Conversion,9053.94,0.25,0.06,30,7.14,3.02,84,8,3,9,292,1
9701,47,Female,76437,Email,Retention,4620.99,0.24,0.05,8,8.29,3.26,95,16,3,7,2187,1
9606,40,Female,99845,Social Media,Awareness,5655.22,0.27,0.05,33,1.73,3.59,20,18,9,8,4867,1
10786,36,Female,75361,Email,Conversion,3073.56,0.3,0.09,49,7.64,11.39,9,8,2,3,3739,1
11248,23,Female,127767,Email,Consideration,6682.99,0.1,0.12,49,1.14,7.14,43,3,3,4,1998,1
11586,55,Female,109523,Social Media,Consideration,7841.31,0.05,0.1,3,2.54,3.29,0,1,4,1,2767,0
8077,51,Female,96521,Email,Awareness,8482.44,0.04,0.18,12,1.3,6.86,79,7,1,3,1964,1
8731,42,Female,107351,Social Media,Conversion,767.4,0.21,0.12,43,4.78,1.45,59,19,3,3,2287,1
14342,31,Male,108927,SEO,Retention,416.79,0.29,0.07,34,8.33,12.02,0,16,0,0,4481,1
13320,57,Male,61524,PPC,Awareness,5090.68,0.04,0.04,20,9.68,6.03,10,17,0,7,2859,1
8450,39,Female,111200,Email,Retention,294.66,0.19,0.1,22,8.12,6.62,20,11,7,0,1947,1
8527,38,Female,23034,Email,Consideration,785.95,0.15,0.15,49,9.43,13.85,8,17,8,6,586,1
13203,23,Female,128282,PPC,Conversion,9510.42,0.1,0.08,3,6.26,14.58,18,3,4,6,397,1
8307,20,Male,60264,SEO,Conversion,613.57,0.1,0.03,17,3.44,7.87,58,12,2,6,2828,1
14267,63,Female,122067,PPC,Consideration,503.0,0.09,0.13,19,7.55,2.93,89,7,8,0,282,0
9986,44,Female,27073,Social Media,Conversion,1252.9,0.18,0.03,7,4.98,8.48,89,16,8,8,3420,1
11014,61,Male,76165,PPC,Consideration,5306.78,0.27,0.15,21,3.83,11.36,20,19,0,7,2531,1
14978,19,Male,119849,SEO,Conversion,8677.88,0.03,0.1,29,7.96,12.93,55,5,0,8,3617,1
10449,32,Male,66586,PPC,Awareness,9503.38,0.04,0.1,37,7.09,13.82,53,2,6,8,761,1
13318,29,Female,128293,Email,Awareness,4401.61,0.25,0.13,7,9.9,6.16,3,6,5,2,2795,1
8711,44,Female,138181,Social Media,Consideration,2666.68,0.17,0.17,31,7.7,14.85,64,11,5,0,4218,1
14045,47,Female,94102,Email,Conversion,3844.84,0.22,0.1,32,9.41,6.22,65,18,5,9,864,1
15992,37,Male,138422,Referral,Retention,2024.15,0.1,0.07,17,6.99,5.31,14,17,0,5,2733,0
10346,58,Female,65955,Email,Consideration,9022.01,0.16,0.1,39,3.78,2.46,5,14,4,8,3214,1
9948,46,Female,115668,PPC,Conversion,6390.08,0.12,0.17,19,1.15,0.98,66,19,1,8,1168,1
12971,19,Male,30677,PPC,Retention,8711.61,0.04,0.11,26,6.2,4.04,89,18,1,3,2507,1
14532,24,Male,129384,Referral,Conversion,5528.31,0.2,0.13,40,2.74,14.82,72,13,9,0,2019,1
11214,56,Male,123655,PPC,Awareness,684.23,0.05,0.08,7,2.69,13.43,99,11,2,7,3996,0
15285,42,Female,124302,SEO,Awareness,9444.6,0.19,0.18,24,5.93,1.12,55,15,4,0,2889,1
10314,22,Female,66117,Email,Consideration,8319.93,0.17,0.09,37,6.88,5.9,97,18,1,3,200,1
13726,52,Male,103319,SEO,Retention,5369.06,0.19,0.18,43,5.38,3.72,51,17,6,4,1027,1
10492,37,Female,80309,SEO,Awareness,3993.84,0.09,0.14,35,7.34,4.1,37,10,2,6,2471,1
12571,41,Male,126634,Referral,Conversion,976.35,0.05,0.02,14,2.59,13.65,23,5,6,0,3615,0
13499,66,Male,132385,Social Media,Awareness,2348.03,0.23,0.15,6,7.22,14.21,44,11,3,7,3408,1
15657,47,Female,55470,SEO,Conversion,2269.6,0.28,0.09,33,7.29,12.28,53,6,6,4,822,0
8143,20,Male,46547,Social Media,Consideration,8923.39,0.3,0.11,17,9.88,3.89,21,1,7,8,1910,1
13555,37,Female,46221,Referral,Conversion,1902.85,0.05,0.13,5,8.63,3.85,65,11,5,7,2807,1
12906,27,Female,86285,Social Media,Awareness,1803.72,0.05,0.14,26,1.84,14.17,16,9,6,6,4837,1
15307,62,Female,95452,Email,Awareness,3613.55,0.08,0.15,44,6.89,7.13,79,15,9,4,449,1
9879,48,Female,77981,SEO,Conversion,4845.62,0.3,0.05,2,8.98,4.03,46,11,3,5,2644,1
13229,32,Male,54956,PPC,Awareness,9158.12,0.26,0.18,44,6.01,2.52,0,16,1,9,1380,1
12710,38,Male,122870,Social Media,Retention,6668.8,0.29,0.08,13,8.81,6.47,70,9,9,4,3814,1
15162,60,Male,100868,Email,Awareness,8472.01,0.25,0.09,7,9.73,9.43,59,6,4,7,2075,1
14357,19,Male,36767,Referral,Retention,7843.62,0.07,0.12,2,2.53,6.71,71,17,7,8,4958,1
9531,19,Female,118724,Email,Retention,4452.49,0.29,0.12,22,8.88,13.72,14,4,3,6,3922,1
15723,20,Female,148575,Referral,Awareness,7071.0,0.07,0.1,7,2.45,3.86,52,13,4,6,1143,1
13998,26,Male,148397,Social Media,Retention,6071.56,0.09,0.07,8,8.64,4.62,30,18,8,1,2635,1
8770,25,Female,146355,PPC,Retention,5148.55,0.06,0.06,17,9.0,14.57,73,0,6,3,2190,1
9603,48,Male,134977,SEO,Consideration,7031.61,0.07,0.05,48,8.12,1.53,96,0,0,2,62,0
10650,61,Male,29013,Social Media,Consideration,3101.69,0.27,0.03,45,9.25,8.86,57,6,7,3,2848,1
15757,51,Male,110302,Email,Awareness,6184.63,0.29,0.17,40,3.48,11.2,6,17,1,2,982,0
11293,58,Female,77558,PPC,Retention,4037.64,0.14,0.16,26,4.89,1.52,81,9,6,0,3676,1
11613,66,Male,107102,PPC,Conversion,4545.45,0.24,0.02,8,8.91,1.12,11,5,8,8,3315,1
15334,34,Female,97482,SEO,Awareness,8023.83,0.1,0.18,40,8.71,4.5,21,9,9,8,428,0
13589,46,Female,147310,PPC,Conversion,7165.59,0.14,0.07,29,2.29,2.38,20,2,1,5,870,1
9729,54,Male,52400,Email,Conversion,3359.29,0.02,0.16,32,7.98,12.72,32,2,7,3,3743,1
11158,69,Female,96095,Email,Consideration,9470.42,0.03,0.2,13,1.15,13.96,38,12,9,9,2234,1
14404,64,Male,30719,SEO,Conversion,7036.34,0.11,0.11,3,1.77,2.3,83,5,5,8,2866,1
13712,40,Male,20637,SEO,Consideration,1807.74,0.1,0.09,28,4.87,11.16,18,4,0,2,92,1
12926,29,Female,136903,Email,Awareness,2599.83,0.1,0.05,17,3.63,2.93,78,5,3,8,133,0
9216,22,Male,103804,SEO,Consideration,8051.14,0.15,0.04,43,1.88,12.03,65,1,1,7,305,0
11917,47,Male,107328,Referral,Awareness,3291.79,0.22,0.06,4,1.93,12.37,24,2,8,3,4319,1
14902,47,Female,130990,Social Media,Retention,283.9,0.28,0.1,15,7.47,11.35,50,4,3,6,4497,1
13358,42,Male,51952,Referral,Conversion,6328.9,0.08,0.03,8,6.08,13.85,29,1,4,6,270,1
9810,54,Male,119742,SEO,Retention,6711.04,0.04,0.11,36,3.38,6.95,93,8,8,0,3940,1
15564,55,Female,29872,SEO,Conversion,1339.74,0.07,0.1,4,2.63,8.03,24,1,9,7,1291,1
9585,68,Male,132620,Email,Conversion,4853.22,0.02,0.11,7,1.25,7.64,74,3,3,8,2513,1
13451,29,Male,39575,SEO,Retention,742.71,0.07,0.09,34,3.28,1.91,38,19,2,0,696,0
11477,29,Female,105476,Email,Conversion,8123.83,0.15,0.02,5,8.78,6.33,2,14,0,4,4856,1
12841,33,Female,45215,Email,Conversion,9213.25,0.24,0.13,16,9.88,14.35,57,8,3,5,3878,1
9577,42,Female,147493,Referral,Conversion,4898.56,0.17,0.1,18,9.4,3.78,58,2,5,2,2179,1
15404,37,Male,109624,SEO,Awareness,298.3,0.2,0.17,6,2.39,14.52,89,13,3,6,4000,0
13027,44,Female,101298,Email,Conversion,9775.6,0.16,0.06,47,3.21,7.15,86,0,9,7,4802,1
12244,40,Female,44453,Referral,Conversion,7733.19,0.05,0.03,25,8.97,5.03,94,9,1,5,4506,1
8628,34,Female,119405,SEO,Consideration,8274.89,0.29,0.05,33,3.22,5.56,96,7,9,7,2722,1
15371,69,Male,84368,Referral,Awareness,7945.72,0.03,0.02,14,5.58,10.55,17,15,5,2,2877,0
13047,63,Female,135864,PPC,Retention,6048.62,0.23,0.19,41,1.11,3.55,32,11,4,6,1514,1
14610,54,Female,126602,Referral,Awareness,5268.59,0.1,0.12,6,9.43,3.08,9,10,4,5,4371,1
15827,58,Male,105977,Social Media,Consideration,1533.2,0.19,0.19,18,4.75,2.03,86,9,6,3,309,1
12284,35,Male,41703,PPC,Consideration,9184.77,0.11,0.19,10,4.89,3.35,28,15,0,8,4042,1
8115,52,Male,84575,Email,Conversion,152.93,0.25,0.07,19,9.0,7.06,47,3,5,9,1669,1
12190,25,Female,125943,PPC,Consideration,1869.86,0.21,0.1,3,1.52,4.3,32,3,9,6,568,0
10403,25,Female,88745,Email,Consideration,6781.04,0.26,0.1,18,4.45,14.3,37,12,1,8,4229,1
9303,64,Female,116985,Social Media,Retention,8511.96,0.23,0.15,28,5.31,2.34,8,8,7,8,1692,1
12895,24,Female,116399,Social Media,Retention,208.86,0.24,0.03,0,3.39,6.47,51,14,8,6,1031,1
9076,55,Female,46597,Social Media,Consideration,9657.42,0.23,0.16,19,6.05,0.79,55,4,9,0,3272,1
11153,53,Female,107273,Social Media,Consideration,2197.71,0.11,0.04,36,5.18,3.14,25,18,3,1,2214,1
14074,44,Female,122181,Email,Retention,5713.3,0.29,0.13,47,2.41,14.23,58,12,2,4,3898,1
12276,54,Female,80784,Social Media,Retention,9902.02,0.22,0.07,49,6.43,13.5,6,2,6,9,1546,1
9220,30,Male,147955,SEO,Retention,3790.04,0.29,0.1,30,4.01,3.48,91,9,2,9,464,1
12732,44,Female,60363,SEO,Awareness,9170.6,0.14,0.19,38,2.79,2.41,96,2,4,1,480,0
9775,30,Female,83372,SEO,Retention,8484.19,0.03,0.18,25,6.89,5.52,24,12,6,3,1686,1
14843,60,Female,43552,PPC,Conversion,8467.8,0.13,0.03,30,1.06,5.24,73,7,1,6,3966,1
13208,50,Female,43022,Email,Consideration,2607.11,0.03,0.14,4,5.17,5.64,61,8,5,2,797,1
9989,42,Male,66225,Referral,Conversion,6048.34,0.26,0.06,42,1.74,12.39,22,11,5,3,859,1
10244,60,Female,44259,SEO,Conversion,836.23,0.3,0.06,35,8.79,9.67,16,9,0,2,4313,1
15219,40,Male,77146,Referral,Conversion,2235.6,0.27,0.18,29,8.02,1.68,22,5,2,7,3863,1
13487,48,Male,133927,PPC,Retention,5347.24,0.23,0.02,2,6.16,8.61,0,1,8,8,2323,1
10147,46,Male,52800,Social Media,Retention,4801.42,0.23,0.15,12,3.15,7.45,31,13,0,3,4379,1
15840,38,Female,90825,Email,Awareness,6454.71,0.26,0.09,39,3.1,4.13,19,15,7,2,2438,0
15475,37,Male,33068,Referral,Conversion,1355.33,0.22,0.08,22,8.56,5.23,98,11,9,3,4394,1
11334,57,Male,101855,SEO,Awareness,5282.24,0.05,0.12,31,4.41,6.94,13,16,4,1,3123,1
15396,56,Male,23223,PPC,Conversion,6606.05,0.29,0.14,36,8.44,7.69,92,12,8,2,158,0
11970,30,Female,144124,PPC,Retention,1253.67,0.28,0.11,16,9.11,10.04,85,18,2,0,3910,1
15249,54,Female,64588,Email,Consideration,9269.65,0.16,0.17,35,3.5,12.52,98,0,9,2,2823,1
8097,58,Male,23134,SEO,Retention,5091.78,0.19,0.03,24,9.94,1.3,13,8,7,4,205,1
15152,56,Female,26880,SEO,Conversion,5760.5,0.05,0.12,30,8.28,6.92,13,15,0,4,2831,1
10979,26,Female,85211,PPC,Retention,4644.26,0.08,0.04,16,5.06,11.79,27,13,2,8,4737,1
13458,23,Female,118835,Referral,Awareness,1645.22,0.24,0.06,13,3.97,5.65,39,9,3,5,490,1
13347,44,Female,131559,Referral,Consideration,9515.02,0.08,0.09,43,9.07,11.72,13,4,4,5,3216,1
11126,20,Female,74714,PPC,Retention,5648.18,0.28,0.18,41,9.49,11.73,48,15,2,9,1443,1
12234,68,Female,56492,Social Media,Awareness,9650.98,0.19,0.12,32,5.51,1.37,74,11,4,7,3105,1
13646,37,Male,77423,Referral,Conversion,9598.99,0.27,0.04,29,3.55,5.73,82,14,2,5,4555,1
15196,43,Male,143675,Referral,Consideration,1544.99,0.21,0.13,31,8.9,8.02,20,19,9,2,4458,1
9686,35,Female,107971,SEO,Consideration,2147.37,0.1,0.12,16,4.1,1.76,18,8,2,3,747,1
9020,20,Male,106994,PPC,Conversion,9812.44,0.2,0.06,42,2.54,11.92,28,16,8,3,1973,1
8302,58,Female,51558,SEO,Conversion,7077.29,0.11,0.03,37,5.94,5.37,43,17,2,5,4118,1
8081,48,Female,95918,Referral,Consideration,7121.77,0.26,0.12,19,9.36,5.03,59,2,8,5,590,1
14967,29,Female,148750,SEO,Conversion,8438.85,0.08,0.04,3,2.13,7.26,26,0,8,2,3540,1
8952,43,Male,136045,PPC,Awareness,5990.81,0.23,0.11,33,1.85,7.83,46,12,0,7,3280,1
15135,37,Female,97818,Social Media,Conversion,9644.7,0.04,0.13,11,3.89,2.17,4,18,0,1,1131,1
15218,56,Female,29705,Social Media,Retention,2481.32,0.3,0.12,7,6.28,11.49,86,12,4,2,3420,1
15466,31,Male,36092,Email,Conversion,9946.82,0.04,0.18,1,1.56,14.06,0,11,1,9,1357,1
9120,18,Male,148603,PPC,Conversion,798.17,0.1,0.14,8,6.58,10.45,26,10,2,3,4062,1
10217,19,Male,75696,PPC,Retention,9570.95,0.25,0.17,32,3.88,14.42,41,10,8,8,926,1
8848,30,Female,56370,SEO,Conversion,206.81,0.08,0.06,3,9.75,1.49,62,0,8,3,2684,1
13232,25,Male,20881,SEO,Awareness,1019.42,0.07,0.04,35,9.92,5.6,94,9,4,8,386,1
9764,66,Male,125234,PPC,Awareness,9457.8,0.17,0.17,21,1.12,5.95,85,17,1,2,3115,1
12506,30,Female,61644,Social Media,Consideration,5460.61,0.05,0.18,49,4.87,4.03,78,10,0,0,1424,1
9927,50,Male,93098,Referral,Retention,8188.76,0.27,0.16,34,8.64,12.25,68,2,9,1,670,1
11625,37,Male,139318,Social Media,Conversion,2704.05,0.12,0.18,43,1.62,8.24,99,2,1,0,1291,1
8869,34,Male,40577,PPC,Awareness,1672.94,0.21,0.14,14,3.3,11.19,96,19,4,5,1209,1
15507,34,Female,133993,Referral,Awareness,3099.77,0.25,0.16,37,4.76,10.09,99,6,7,7,2915,0
11963,56,Male,81561,Social Media,Conversion,4264.64,0.18,0.11,35,6.77,12.99,16,2,1,0,1089,1
13609,30,Male,92799,Social Media,Conversion,9091.16,0.28,0.04,44,6.73,9.9,21,1,2,5,358,1
9452,19,Male,117504,Referral,Retention,1517.95,0.07,0.07,4,6.22,5.68,74,5,8,9,4732,1
12980,39,Female,53292,Referral,Retention,2199.11,0.03,0.1,16,7.48,5.24,30,6,4,7,2370,1
12005,37,Male,88056,SEO,Awareness,3191.97,0.11,0.15,11,6.77,1.71,78,17,0,9,778,1
10084,66,Male,30372,Email,Retention,6674.68,0.21,0.19,19,9.55,14.57,68,7,0,8,1102,1
11088,29,Female,129322,Referral,Retention,4116.15,0.28,0.14,37,6.03,12.25,80,15,0,0,3452,1
14955,41,Female,130173,Email,Consideration,6764.74,0.16,0.03,42,9.07,14.23,7,18,9,4,1501,1
14893,51,Female,133235,PPC,Retention,2574.1,0.18,0.06,20,8.25,9.89,61,4,6,4,1208,1
14636,50,Female,56507,SEO,Retention,7781.02,0.26,0.13,48,4.92,13.55,14,2,5,4,2243,1
14631,31,Male,29017,Social Media,Consideration,3411.38,0.05,0.11,47,4.54,6.88,5,12,4,6,808,1
8935,46,Female,106717,PPC,Conversion,5565.23,0.15,0.1,12,8.74,3.22,12,11,2,0,1193,1
15431,68,Female,37864,Social Media,Awareness,4946.31,0.11,0.04,48,8.58,3.23,2,11,6,5,86,0
8748,37,Female,63202,Social Media,Consideration,4120.01,0.09,0.06,46,4.84,2.22,9,18,5,1,2299,1
14361,28,Male,33383,Social Media,Awareness,1662.63,0.13,0.14,8,5.11,11.29,77,6,4,0,2688,1
9279,45,Male,77300,Social Media,Awareness,8302.02,0.26,0.18,27,8.98,12.95,94,11,3,2,681,1
11909,63,Male,129119,Social Media,Conversion,2550.7,0.06,0.14,25,1.34,3.67,50,3,5,1,4742,0
15776,58,Female,100635,Email,Awareness,6897.91,0.2,0.06,15,6.51,1.49,95,3,6,4,2356,0
8595,67,Female,138025,Social Media,Awareness,7789.8,0.26,0.02,17,8.01,13.92,85,13,5,4,3443,1
15671,66,Female,109698,Email,Conversion,8266.53,0.12,0.08,31,3.32,7.28,47,19,4,9,2422,0
13169,68,Male,64514,Referral,Awareness,273.21,0.08,0.04,33,3.4,11.36,81,2,0,5,1720,0
15857,67,Male,55749,Social Media,Consideration,4226.91,0.04,0.12,48,9.04,9.99,60,15,5,1,2486,0
14728,34,Male,127625,Email,Consideration,3372.23,0.26,0.14,16,9.22,13.55,6,7,9,3,2583,1
9355,30,Female,143824,Referral,Awareness,6701.76,0.09,0.12,35,8.19,0.53,48,7,4,0,1154,1
15830,69,Male,23665,PPC,Awareness,7738.82,0.21,0.03,33,2.67,13.84,68,18,4,5,217,0
9845,53,Female,147403,Social Media,Retention,1346.24,0.11,0.16,1,9.2,10.1,99,5,4,2,1016,1
12813,60,Female,78542,PPC,Retention,1034.16,0.04,0.02,47,2.12,4.58,97,10,7,2,2986,0
11754,43,Female,128380,SEO,Consideration,7282.45,0.04,0.16,44,8.45,12.77,9,4,4,5,1394,1
9010,39,Male,101560,Social Media,Consideration,4598.91,0.06,0.05,27,5.0,6.57,36,4,2,2,1466,1
14761,64,Female,142660,PPC,Consideration,1572.28,0.23,0.14,14,1.83,5.12,3,0,4,1,2381,1
9910,27,Male,45381,PPC,Retention,7899.66,0.16,0.14,32,7.66,4.03,30,0,7,6,911,1
15615,46,Male,60194,Referral,Awareness,6632.19,0.11,0.07,3,9.75,4.33,93,9,4,3,8,1
14569,64,Female,138026,Social Media,Consideration,9616.83,0.05,0.14,37,7.64,5.71,33,11,0,0,1171,1
11953,49,Female,27591,SEO,Conversion,4749.87,0.06,0.15,35,5.64,11.62,91,6,5,3,1951,1
9787,46,Male,112302,PPC,Retention,1619.54,0.11,0.14,36,5.02,2.89,32,0,4,1,3839,1
10230,27,Female,48205,Email,Awareness,9668.14,0.11,0.14,20,7.17,8.89,11,0,3,9,700,1
11157,35,Male,36744,Social Media,Consideration,5474.54,0.1,0.17,13,7.01,7.74,72,10,0,6,317,1
8383,41,Female,137431,Email,Consideration,8814.38,0.28,0.03,23,6.61,13.15,26,0,1,3,4290,1
9813,45,Female,136740,Referral,Consideration,5594.52,0.16,0.06,29,4.8,8.39,56,15,5,6,2194,1
15312,58,Female,64250,Referral,Retention,691.51,0.05,0.02,39,2.32,8.09,4,12,2,8,3666,1
9214,19,Male,47315,Referral,Awareness,4896.27,0.28,0.16,25,5.42,7.37,18,11,2,5,2122,1
11928,26,Female,78616,Social Media,Retention,8502.38,0.1,0.05,27,5.92,11.27,49,12,4,1,4928,1
13072,18,Male,89776,Referral,Awareness,5946.97,0.19,0.03,46,9.86,11.16,96,14,5,2,2743,1
12890,56,Female,108340,Referral,Consideration,3226.38,0.22,0.08,31,8.34,5.66,88,1,7,4,169,1
9621,49,Male,24992,PPC,Retention,4729.27,0.09,0.16,40,1.07,4.79,47,3,3,3,1799,0
14259,56,Female,140639,PPC,Consideration,5189.95,0.18,0.05,42,8.71,10.37,25,0,4,4,1808,1
15348,21,Female,77937,Email,Retention,838.51,0.26,0.16,26,3.22,1.65,89,14,7,6,2720,0
11336,27,Female,65483,Social Media,Awareness,2802.81,0.28,0.13,41,7.03,14.94,56,13,9,4,3248,1
14983,20,Male,148611,PPC,Consideration,4183.33,0.28,0.04,3,2.34,7.29,61,5,0,5,782,0
9188,68,Female,144678,PPC,Consideration,5907.67,0.23,0.03,30,6.06,6.68,90,18,6,6,1088,1
15670,63,Female,108264,Referral,Retention,9836.61,0.24,0.13,22,1.6,13.09,47,0,1,1,2458,0
10317,64,Female,88835,Referral,Conversion,2068.32,0.29,0.12,35,2.06,6.02,8,1,2,0,2225,1
10428,53,Male,45888,Social Media,Retention,8426.46,0.08,0.08,21,2.36,6.85,7,18,8,4,3496,1
10087,20,Female,113938,SEO,Retention,9251.2,0.24,0.03,41,5.47,8.99,14,4,1,8,669,1
11228,53,Female,70333,SEO,Retention,6724.99,0.1,0.08,38,7.59,13.52,91,2,6,4,1976,1
12904,41,Male,116429,Referral,Awareness,7836.42,0.09,0.05,30,4.17,2.76,7,7,8,7,1529,1
14578,58,Male,40948,Referral,Consideration,9185.41,0.02,0.12,41,5.56,4.28,60,10,9,0,2055,1
14464,32,Female,68469,Email,Conversion,6824.76,0.27,0.07,33,3.19,12.27,47,8,0,8,951,1
11301,34,Female,63558,Social Media,Retention,9487.6,0.27,0.04,31,4.01,11.84,46,3,4,9,3712,1
9481,57,Male,80666,PPC,Conversion,2891.31,0.27,0.14,2,8.54,12.16,18,5,3,9,3987,1
8254,65,Male,27084,PPC,Conversion,7503.79,0.04,0.01,9,8.28,12.32,96,17,4,7,3689,1
8131,54,Female,126384,Social Media,Conversion,5210.55,0.27,0.08,35,9.39,12.59,53,4,6,0,3755,1
12056,55,Female,140672,PPC,Retention,5094.41,0.15,0.07,6,9.86,10.31,2,11,8,2,3476,1
10050,49,Male,124544,Social Media,Awareness,4583.72,0.05,0.04,49,2.41,0.8,21,13,6,8,3334,0
13117,31,Female,36127,PPC,Awareness,3297.06,0.26,0.09,38,9.72,2.94,59,10,8,7,2056,1
11425,47,Male,40785,PPC,Consideration,6230.51,0.05,0.07,30,4.64,3.02,18,6,9,1,956,1
13551,67,Female,105510,SEO,Awareness,5137.25,0.21,0.09,20,2.48,3.83,64,3,0,2,2979,1
14918,46,Female,137828,Social Media,Conversion,2144.01,0.19,0.16,7,4.22,6.43,91,18,9,7,1689,1
9364,62,Female,145596,SEO,Consideration,8088.51,0.08,0.05,34,1.37,11.91,40,6,5,8,4303,1
15446,53,Male,24158,Referral,Consideration,9870.03,0.15,0.13,13,3.22,10.8,38,14,4,4,3181,0
15012,45,Male,83589,PPC,Conversion,6255.43,0.13,0.18,19,4.91,1.09,10,7,0,5,2611,1
11399,35,Female,70374,Social Media,Retention,4816.91,0.14,0.06,36,1.2,12.36,7,8,8,7,56,1
15044,46,Female,87687,SEO,Awareness,2835.64,0.06,0.15,11,8.58,5.24,10,10,4,6,612,1
14850,53,Male,83886,Email,Retention,367.0,0.1,0.12,15,6.36,1.52,54,0,0,2,4703,1
11081,30,Male,116629,SEO,Retention,6274.3,0.21,0.06,44,9.13,5.51,77,2,8,0,2987,1
8589,43,Female,118917,PPC,Conversion,5018.95,0.06,0.19,19,2.9,1.81,31,4,4,2,4641,1
11016,28,Male,123777,Email,Conversion,7213.51,0.18,0.19,48,5.73,1.01,74,2,6,9,178,1
14806,57,Male,124191,Social Media,Awareness,2082.57,0.28,0.19,42,4.58,10.74,66,12,6,2,4766,1
13949,68,Female,90123,Email,Retention,8398.97,0.2,0.05,33,6.2,7.45,93,6,6,5,133,1
10568,41,Female,122406,Referral,Consideration,9201.64,0.01,0.01,9,8.91,5.98,84,7,7,3,4139,1
10698,66,Female,91531,PPC,Conversion,626.42,0.02,0.14,40,6.75,10.05,56,17,4,8,4273,1
9193,68,Female,104042,Email,Awareness,1853.49,0.16,0.1,47,5.03,6.19,91,13,8,8,2337,1
14627,53,Male,130905,SEO,Conversion,5093.47,0.03,0.12,6,7.18,13.24,71,18,9,2,1340,1
12236,36,Male,121762,Social Media,Conversion,8172.24,0.21,0.16,4,6.13,0.78,32,1,3,0,1017,1
11125,31,Male,21069,PPC,Retention,4778.16,0.25,0.03,17,2.78,3.17,2,17,1,8,1300,0
12088,66,Female,76764,Referral,Consideration,8915.27,0.05,0.19,14,6.2,3.16,39,12,5,7,4201,1
11019,60,Female,45992,SEO,Awareness,4351.71,0.22,0.19,9,5.29,11.24,90,2,7,1,227,0
14365,35,Female,148524,Social Media,Consideration,728.02,0.03,0.1,23,5.11,10.06,71,11,5,0,2543,1
8218,69,Male,42343,SEO,Retention,3253.73,0.1,0.16,41,3.11,2.72,13,7,0,2,2072,1
10970,49,Male,137781,SEO,Awareness,3037.8,0.28,0.06,25,6.91,7.23,46,6,5,4,1749,1
12623,37,Female,112782,Referral,Awareness,9938.56,0.21,0.04,14,9.18,13.58,0,4,8,5,3493,1
9309,58,Female,72142,Social Media,Retention,2096.81,0.26,0.18,2,2.91,12.36,60,1,8,5,2804,1
13718,63,Female,46809,PPC,Conversion,1400.52,0.03,0.15,16,9.9,12.37,20,16,6,9,596,1
12478,32,Male,122263,PPC,Retention,8825.09,0.03,0.02,15,3.45,12.37,88,2,7,3,96,1
14484,59,Female,99941,SEO,Retention,8567.99,0.09,0.05,18,8.85,8.97,72,1,3,0,63,0
8138,18,Female,85470,PPC,Awareness,3544.15,0.14,0.1,23,5.56,13.99,21,12,6,9,189,1
14168,39,Female,99019,SEO,Conversion,8000.81,0.03,0.02,27,6.34,7.19,72,12,6,0,860,1
13183,47,Female,21833,PPC,Conversion,2157.56,0.1,0.18,24,4.76,10.13,57,0,2,2,4389,1
8607,52,Male,139870,SEO,Awareness,5891.92,0.26,0.14,29,9.44,4.24,43,11,3,0,887,1
8352,47,Female,93185,Social Media,Retention,6386.37,0.05,0.15,33,8.09,9.24,24,4,8,7,840,1
13062,27,Female,110218,Social Media,Conversion,2774.27,0.12,0.05,25,4.25,14.65,47,6,4,0,2956,1
13023,32,Female,146800,Email,Retention,6937.24,0.12,0.05,32,1.33,1.12,6,9,8,8,652,1
11259,67,Female,44044,SEO,Conversion,302.09,0.27,0.01,12,9.0,2.86,33,6,0,8,3706,1
8471,64,Male,129414,Social Media,Retention,1019.34,0.21,0.14,33,1.35,13.03,26,6,5,4,3325,1
8030,66,Male,72494,PPC,Awareness,2479.18,0.24,0.09,21,4.96,0.95,76,19,9,4,1011,1
11906,21,Male,111634,Referral,Retention,9529.96,0.09,0.03,1,8.4,5.29,44,16,3,1,2120,1
8365,64,Female,67972,Referral,Consideration,8112.24,0.11,0.06,22,7.52,11.82,55,17,3,5,4951,1
11693,59,Female,119846,Email,Awareness,9463.12,0.16,0.06,23,3.03,8.24,61,0,3,9,1063,1
8171,53,Male,122379,Referral,Conversion,2205.5,0.27,0.16,26,7.76,1.27,81,4,6,0,3396,1
14237,32,Male,92242,PPC,Retention,6026.14,0.24,0.07,25,3.46,12.09,81,2,0,5,4498,1
12810,35,Male,83271,PPC,Awareness,8180.45,0.03,0.09,35,9.25,1.29,32,5,2,9,4687,1
14335,27,Male,56201,Referral,Awareness,3176.61,0.29,0.14,34,2.24,10.47,76,5,0,4,1630,1
13659,29,Female,22002,Referral,Consideration,3842.58,0.16,0.12,48,2.33,1.02,78,15,1,9,4793,1
11202,46,Male,60626,SEO,Conversion,1126.04,0.11,0.03,42,6.0,12.37,13,11,2,6,4590,1
10582,50,Female,124448,Social Media,Consideration,5820.99,0.18,0.16,28,9.86,8.44,46,6,1,2,2636,1
13436,53,Female,73509,Social Media,Retention,9522.7,0.12,0.08,3,2.8,7.39,23,7,2,1,850,0
11728,41,Female,144650,PPC,Retention,3672.1,0.13,0.15,30,2.09,11.74,14,4,9,1,2015,1
13477,19,Female,71408,Referral,Awareness,3549.29,0.13,0.07,32,2.74,4.4,84,10,8,6,1392,1
9132,66,Female,135925,Referral,Awareness,2918.52,0.21,0.02,6,1.9,1.47,98,12,3,9,1765,0
12055,36,Female,133271,PPC,Conversion,8998.09,0.1,0.08,16,6.37,8.46,55,5,1,8,577,1
11310,34,Male,81684,Email,Awareness,2523.63,0.05,0.19,19,2.4,8.76,20,3,5,3,3391,1
11538,52,Male,110051,SEO,Consideration,321.67,0.24,0.13,44,6.75,7.72,61,8,4,5,2126,1
8479,47,Female,58227,Email,Consideration,6855.25,0.23,0.03,47,6.55,6.01,80,7,0,1,4190,1
9288,28,Female,122715,Referral,Awareness,5354.54,0.03,0.05,5,7.24,13.02,26,12,1,8,3803,1
15598,37,Female,134577,Email,Consideration,2999.74,0.14,0.08,33,7.74,1.92,61,5,4,5,2065,0
11453,51,Female,90410,Social Media,Consideration,1550.34,0.2,0.01,16,4.61,13.78,31,6,3,6,326,1
10315,64,Female,119317,PPC,Conversion,2752.17,0.2,0.19,16,8.39,1.65,63,1,7,4,4367,1
15516,52,Female,72158,Email,Retention,3968.37,0.13,0.09,17,4.72,9.44,70,15,4,8,3380,0
8834,40,Male,123898,Email,Conversion,975.62,0.14,0.19,26,4.3,7.21,2,6,8,4,1132,1
9629,39,Female,86003,PPC,Consideration,291.05,0.08,0.04,46,1.72,2.91,46,8,7,5,2448,0
15962,63,Female,45785,Social Media,Consideration,3802.48,0.04,0.12,4,6.34,7.91,50,6,2,5,4103,1
13634,60,Male,99883,SEO,Consideration,2118.83,0.13,0.16,46,5.15,10.42,41,3,8,0,1579,1
15098,22,Female,36915,SEO,Conversion,6046.51,0.13,0.04,29,1.7,7.22,99,17,4,1,2630,1
15121,65,Female,53159,Referral,Consideration,1578.56,0.29,0.03,24,5.33,8.01,99,9,6,4,1636,1
15203,40,Female,128434,SEO,Awareness,7682.41,0.05,0.01,9,5.24,9.94,17,14,6,7,3498,1
14744,37,Male,70528,SEO,Conversion,8505.66,0.17,0.02,22,3.47,4.48,2,3,6,7,319,1
12658,40,Male,30162,PPC,Consideration,4582.85,0.11,0.06,31,2.55,12.43,99,12,8,3,4846,1
15081,25,Female,72523,Referral,Retention,398.02,0.02,0.14,44,3.44,8.91,0,11,7,3,238,1
8423,43,Female,24629,SEO,Retention,8132.72,0.29,0.15,3,6.51,12.71,18,0,9,3,3476,1
14496,48,Female,77929,Email,Retention,1267.25,0.1,0.19,6,5.86,12.32,33,19,6,4,406,1
10443,64,Female,129054,SEO,Conversion,211.38,0.29,0.03,35,8.82,3.95,12,14,8,5,4532,1
8767,29,Male,127278,Referral,Conversion,165.24,0.04,0.19,4,8.38,1.4,84,12,3,8,3326,1
12238,23,Female,141281,Referral,Awareness,2466.4,0.26,0.13,34,1.33,9.53,92,12,8,3,3011,1
9052,47,Male,93703,SEO,Conversion,1204.4,0.06,0.03,11,6.11,14.73,79,8,9,7,2200,1
9055,48,Female,21151,PPC,Retention,2798.67,0.12,0.16,16,5.61,11.4,46,4,7,8,2030,1
13334,59,Male,78824,Email,Consideration,7829.19,0.26,0.1,34,2.67,8.91,23,19,1,5,2767,1
9395,50,Male,46445,Email,Conversion,2201.64,0.08,0.07,35,6.62,3.44,94,11,7,6,1527,1
8817,66,Male,23376,Email,Consideration,8432.15,0.08,0.18,27,9.55,9.68,81,18,8,3,644,1
12161,38,Female,73832,Email,Consideration,7084.51,0.25,0.19,27,5.27,2.26,95,9,6,1,2769,1
10271,46,Female,94796,Email,Retention,8973.8,0.08,0.11,46,1.1,6.23,28,17,1,3,4985,1
11413,57,Male,107366,Email,Awareness,3746.69,0.22,0.05,4,7.14,5.87,23,9,0,5,3311,1
9062,54,Female,136730,Social Media,Consideration,3698.94,0.2,0.11,1,1.09,13.29,22,16,6,0,4558,1
14018,41,Female,56994,PPC,Awareness,3251.54,0.19,0.2,27,8.07,13.21,58,10,0,4,188,1
8623,40,Male,104600,PPC,Conversion,7939.09,0.23,0.09,35,5.96,13.76,22,5,0,6,333,1
12511,61,Female,103744,Social Media,Conversion,4866.25,0.07,0.03,32,6.8,13.71,77,4,9,1,703,0
12701,48,Female,145143,Social Media,Awareness,2040.69,0.1,0.18,8,4.44,8.99,45,1,3,3,4074,1
9113,27,Male,71730,Referral,Consideration,7014.09,0.25,0.12,6,5.9,2.82,11,13,6,3,4241,1
15557,46,Female,122579,PPC,Awareness,8385.9,0.21,0.19,8,7.27,2.66,9,7,0,2,1544,0
10174,51,Male,34026,Referral,Consideration,6469.87,0.25,0.14,31,5.67,10.81,44,10,6,3,728,1
10801,57,Female,148809,PPC,Awareness,187.21,0.28,0.08,10,7.91,14.36,88,5,7,0,2033,1
11691,25,Female,96084,Referral,Awareness,1970.76,0.15,0.16,7,6.39,10.6,78,1,0,2,4769,1
11048,47,Male,43440,SEO,Awareness,2382.41,0.17,0.11,32,7.49,7.41,75,11,4,6,3892,1
10359,30,Male,137107,Email,Retention,6051.59,0.02,0.14,7,1.75,14.19,66,12,4,6,720,1
13916,18,Female,44507,SEO,Consideration,7464.04,0.26,0.16,10,2.3,8.63,53,8,1,3,3605,1
14411,27,Male,134667,Email,Conversion,6106.64,0.2,0.19,10,8.72,7.19,17,14,7,3,4025,1
8119,56,Female,142688,PPC,Awareness,7547.0,0.2,0.08,11,9.75,11.39,6,15,6,2,4820,1
9277,59,Male,108890,Email,Consideration,7522.56,0.27,0.16,15,8.27,7.93,80,12,1,9,4649,1
9356,47,Female,138636,PPC,Retention,1308.02,0.16,0.17,17,5.01,3.65,88,8,6,2,3656,1
15427,42,Female,105537,Social Media,Awareness,1286.36,0.2,0.07,37,5.93,4.17,82,18,9,9,3292,0
15045,36,Male,123381,Social Media,Awareness,3111.61,0.24,0.03,44,9.24,12.33,65,4,2,6,247,0
15829,31,Male,31117,Referral,Consideration,3144.67,0.26,0.14,32,7.96,9.64,33,15,1,6,330,0
12712,20,Male,114138,Referral,Consideration,2435.87,0.14,0.02,29,4.77,8.41,37,7,8,3,2497,1
13851,40,Male,135973,Social Media,Conversion,993.14,0.29,0.07,19,5.95,2.33,46,8,4,3,2963,1
10654,37,Male,27838,PPC,Conversion,7216.29,0.03,0.03,26,9.4,5.0,87,17,5,4,319,1
14643,40,Female,130685,PPC,Conversion,7621.24,0.08,0.05,6,9.28,1.56,71,15,2,5,4974,1
15104,31,Female,118902,Referral,Retention,2803.22,0.14,0.16,43,4.59,8.47,82,0,4,6,923,1
14514,28,Female,112862,SEO,Consideration,5528.33,0.24,0.12,24,4.29,4.19,93,8,9,5,3760,1
12632,34,Female,113120,Social Media,Retention,5943.2,0.17,0.14,44,2.51,2.58,67,18,7,8,1577,1
11541,35,Female,115869,Email,Retention,8354.85,0.21,0.05,41,4.79,7.46,21,11,5,7,2913,1
10107,33,Female,145625,Email,Awareness,1592.28,0.02,0.05,15,1.6,9.09,68,16,5,1,4837,0
9482,19,Male,55706,PPC,Consideration,6427.49,0.06,0.07,16,9.29,1.86,55,10,1,7,4893,1
9573,42,Male,25776,SEO,Awareness,6178.18,0.23,0.12,9,3.81,8.04,21,16,4,7,3580,1
15221,62,Male,100912,Social Media,Awareness,9074.19,0.22,0.04,2,4.62,4.16,5,14,3,8,4368,1
14497,49,Male,105265,SEO,Retention,7054.95,0.01,0.05,37,2.6,13.88,21,6,7,5,2782,1
15660,20,Male,51230,PPC,Awareness,6747.8,0.01,0.11,12,1.41,7.72,28,15,1,3,1612,0
10452,30,Male,73884,Email,Conversion,2230.05,0.22,0.04,46,1.83,3.75,92,8,5,9,3973,1
14870,64,Male,100952,SEO,Consideration,1792.95,0.12,0.19,49,6.08,4.27,78,13,4,9,1637,1
10415,19,Female,92287,Social Media,Awareness,6194.93,0.12,0.15,35,6.4,7.29,79,8,6,0,4366,1
12082,64,Male,82239,PPC,Conversion,5838.78,0.19,0.13,26,9.97,8.52,51,17,6,0,3444,1
15896,28,Male,104564,Email,Retention,6615.75,0.26,0.02,37,8.87,11.79,82,9,4,5,3192,0
13571,58,Female,86760,PPC,Consideration,6407.45,0.08,0.11,15,1.47,4.61,92,12,6,6,189,1
15774,39,Male,147257,Email,Consideration,9194.09,0.06,0.06,21,6.04,5.41,11,15,3,7,2721,1
10563,56,Male,69455,PPC,Awareness,7926.07,0.24,0.16,42,2.77,6.46,7,6,5,8,1597,1
8580,67,Female,42791,PPC,Awareness,2627.9,0.08,0.02,41,7.55,4.82,15,2,8,0,2219,0
14076,38,Male,108706,SEO,Conversion,8612.35,0.23,0.07,3,5.48,5.29,84,5,1,5,1384,1
14924,54,Female,93331,SEO,Awareness,5896.09,0.02,0.19,36,5.53,1.72,77,3,4,2,2135,1
13473,57,Male,61576,SEO,Retention,5098.94,0.3,0.11,43,2.17,13.88,0,1,9,9,2460,1
8568,50,Female,80197,PPC,Retention,3847.38,0.19,0.11,16,4.59,12.61,81,3,3,7,1356,1
15498,40,Male,144218,Social Media,Conversion,5629.45,0.12,0.18,15,1.86,10.37,48,11,4,2,687,1
11846,51,Male,148339,Referral,Consideration,8447.76,0.12,0.08,37,9.31,3.81,98,19,5,8,1207,1
10299,37,Female,120048,Email,Conversion,3848.65,0.1,0.11,11,8.16,3.49,18,17,2,7,4827,1
14010,59,Male,119039,Email,Awareness,1358.8,0.02,0.14,42,4.9,5.63,91,4,0,6,4078,1
15459,43,Female,95019,Referral,Retention,8740.96,0.05,0.16,15,3.12,6.05,76,14,9,6,1028,0
13959,45,Male,140021,Social Media,Retention,5889.4,0.15,0.09,29,8.03,2.6,91,8,2,4,3928,1
12410,58,Male,73149,SEO,Consideration,7362.32,0.2,0.17,15,4.47,5.54,9,16,9,6,3727,1
9018,21,Male,21607,Email,Retention,9334.04,0.12,0.03,17,4.77,3.89,26,6,0,9,3814,1
14659,34,Female,39779,Referral,Awareness,8765.34,0.03,0.13,43,6.59,14.75,90,9,0,9,2884,1
11274,59,Female,110444,SEO,Awareness,6264.13,0.25,0.09,34,1.61,5.72,60,14,7,1,1649,1
10500,30,Male,54980,Referral,Consideration,3921.87,0.11,0.15,29,9.76,9.36,41,11,5,5,3772,1
10807,69,Female,136936,Social Media,Awareness,8619.17,0.07,0.05,44,9.05,7.87,28,6,0,8,1509,1
14964,50,Female,102293,Social Media,Retention,7155.85,0.16,0.03,32,7.17,0.96,51,0,7,4,2038,1
8899,68,Male,81196,Email,Consideration,4604.62,0.19,0.08,20,9.78,9.14,80,0,3,3,3062,1
12241,68,Female,45046,SEO,Retention,3101.83,0.12,0.05,16,7.18,10.98,85,14,5,3,4017,1
9389,49,Male,64084,Referral,Retention,1712.74,0.19,0.09,40,6.45,2.63,26,13,4,8,796,1
8712,27,Male,80482,Social Media,Conversion,8433.43,0.06,0.11,47,9.4,11.64,14,18,1,5,1023,1
9590,36,Female,143625,SEO,Retention,8978.15,0.18,0.12,7,8.46,11.34,18,2,7,6,3806,1
8276,35,Female,121170,PPC,Awareness,7364.84,0.24,0.14,32,7.22,2.01,42,3,8,5,1604,1
10501,39,Male,149985,Email,Awareness,3334.85,0.12,0.11,7,8.42,7.88,91,15,4,6,1687,1
15177,52,Female,56288,Email,Retention,1091.48,0.07,0.03,42,4.24,3.07,60,10,1,5,3896,0
13582,57,Female,42991,Email,Awareness,6133.73,0.1,0.11,27,1.67,14.94,57,9,3,0,1859,1
12912,34,Female,58526,Social Media,Awareness,6057.52,0.18,0.14,33,8.5,6.99,53,1,8,0,4789,1
15737,18,Female,28678,Social Media,Conversion,5285.58,0.07,0.14,38,9.15,12.18,15,19,2,8,4065,0
9399,67,Male,124533,SEO,Conversion,4877.5,0.08,0.04,39,10.0,2.9,28,16,3,0,3844,1
15295,26,Female,26714,Email,Conversion,5599.12,0.02,0.18,8,7.0,11.68,50,0,6,1,1994,0
11090,31,Female,38260,SEO,Consideration,6026.84,0.07,0.17,47,7.42,8.91,22,5,1,9,2382,1
14359,59,Male,103732,Social Media,Awareness,1369.95,0.08,0.09,34,6.33,13.89,65,6,0,6,446,1
11502,47,Male,52863,Email,Consideration,2457.38,0.09,0.02,1,8.06,14.53,44,9,0,6,4808,0
12514,33,Female,50477,Email,Conversion,3239.64,0.26,0.05,16,8.71,5.23,79,17,9,1,681,1
8117,22,Male,36289,Referral,Awareness,4201.39,0.09,0.19,14,3.94,12.39,57,6,9,9,4669,1
8369,36,Female,59305,PPC,Retention,237.51,0.02,0.15,0,5.62,11.95,83,6,2,8,1256,1
14946,18,Male,54062,PPC,Retention,3728.95,0.12,0.1,44,7.25,0.9,22,17,1,2,1728,1
8658,40,Female,65588,SEO,Awareness,7497.96,0.19,0.15,15,8.5,5.33,40,11,0,3,381,1
15194,39,Female,77498,PPC,Consideration,3411.64,0.06,0.12,41,1.36,5.32,67,9,9,9,3378,1
14456,26,Female,23796,SEO,Consideration,5365.21,0.26,0.13,12,4.62,4.96,91,18,0,4,1401,1
10589,58,Female,35935,SEO,Consideration,9359.16,0.12,0.16,33,1.47,9.43,25,11,6,3,1914,1
13802,20,Female,107469,Referral,Conversion,4955.38,0.09,0.08,39,8.26,1.79,69,9,7,7,797,1
10256,66,Female,139466,SEO,Consideration,3370.67,0.2,0.16,40,3.37,8.87,60,3,5,8,2877,1
10717,38,Male,97366,SEO,Consideration,5655.92,0.08,0.1,13,5.87,12.64,13,7,5,9,2483,1
13456,54,Male,30768,Social Media,Consideration,2925.24,0.15,0.17,28,4.28,6.71,91,13,3,4,483,1
13432,38,Female,23217,Social Media,Conversion,1425.9,0.05,0.19,32,2.49,12.22,96,17,1,3,4931,1
12309,62,Female,67342,Referral,Consideration,5401.53,0.29,0.12,49,7.57,14.93,21,1,9,8,923,1
14595,37,Male,31809,PPC,Retention,3833.3,0.27,0.06,5,2.64,13.36,83,3,4,7,4030,1
15095,60,Male,28117,PPC,Consideration,367.26,0.14,0.18,22,1.52,9.93,67,1,9,7,1371,1
11663,24,Female,143441,Social Media,Retention,6350.6,0.28,0.02,4,3.84,5.17,50,1,7,5,3872,1
14419,53,Female,143713,PPC,Awareness,1743.4,0.24,0.17,44,7.56,4.69,15,6,2,3,1034,1
8541,36,Male,59612,PPC,Retention,4602.93,0.16,0.05,45,1.4,13.75,46,18,1,6,3336,1
14818,63,Female,32391,Email,Conversion,2359.16,0.27,0.08,1,6.19,12.24,76,2,7,4,189,1
13670,24,Male,107787,Referral,Consideration,9111.69,0.03,0.08,25,6.92,11.59,97,5,5,7,1945,1
9858,60,Male,27832,PPC,Retention,6790.13,0.17,0.13,41,7.32,3.58,79,16,6,8,726,1
8130,41,Female,93158,Referral,Conversion,6150.43,0.05,0.2,13,5.08,3.67,27,19,6,5,2530,1
12705,27,Female,80598,PPC,Conversion,661.28,0.25,0.1,5,2.14,6.55,96,9,4,0,2279,1
13236,50,Female,141265,SEO,Retention,8899.97,0.03,0.15,37,9.98,13.71,60,9,1,0,1842,1
10453,39,Female,72620,PPC,Awareness,8617.29,0.29,0.11,32,8.03,2.01,58,6,7,6,408,1
8244,28,Female,49715,PPC,Retention,7029.2,0.29,0.03,12,7.89,14.86,76,8,8,4,3953,1
10966,30,Male,64590,Email,Awareness,9067.15,0.07,0.12,20,3.31,1.56,91,17,8,7,805,1
13390,39,Female,127845,Email,Awareness,6679.94,0.15,0.2,30,4.94,13.16,7,6,7,6,4010,1
15206,60,Female,113140,PPC,Retention,3424.93,0.22,0.18,9,8.98,2.67,83,7,3,0,3653,1
12724,22,Female,42593,Referral,Retention,3861.36,0.2,0.15,6,9.75,8.85,20,13,3,7,920,1
15490,24,Female,148088,Referral,Consideration,7522.51,0.09,0.13,25,5.51,13.97,84,10,0,3,1066,1
10326,34,Female,34760,Social Media,Awareness,862.33,0.08,0.18,2,8.72,11.92,32,10,0,6,2625,1
15279,53,Male,103552,Referral,Retention,699.98,0.22,0.2,14,1.35,11.53,99,0,3,1,4705,1
8672,35,Female,82979,Email,Conversion,7762.64,0.17,0.12,16,3.02,9.45,52,9,0,6,3152,1
9318,35,Female,32247,PPC,Awareness,459.52,0.24,0.1,0,6.78,1.93,54,8,5,5,2426,1
10366,63,Female,133744,Email,Retention,8090.12,0.27,0.03,23,2.38,9.3,66,10,6,8,4032,1
11269,41,Male,120252,PPC,Consideration,8747.99,0.24,0.15,32,7.08,2.22,43,1,7,0,4663,1
13213,59,Male,29551,SEO,Consideration,7704.8,0.01,0.12,42,3.34,10.26,1,14,4,3,445,1
11554,52,Male,110330,Referral,Awareness,7791.31,0.23,0.1,23,4.16,8.31,83,18,6,7,1197,1
14757,30,Female,100096,Social Media,Retention,9466.58,0.2,0.12,14,6.53,3.87,76,15,9,6,504,1
14959,35,Female,103698,Referral,Retention,3201.59,0.06,0.08,20,1.08,12.63,48,7,9,2,4978,1
14603,19,Male,25663,PPC,Retention,8204.63,0.09,0.11,17,4.22,5.75,65,13,1,2,4655,1
13797,55,Male,35904,SEO,Retention,3301.74,0.16,0.13,2,2.74,2.07,36,6,1,4,3006,0
9946,32,Female,135259,SEO,Consideration,5572.05,0.05,0.08,41,7.77,10.73,70,13,9,1,612,1
15875,55,Female,27585,SEO,Retention,279.86,0.15,0.04,28,3.85,12.49,20,14,9,5,1019,1
12702,58,Female,77326,Referral,Consideration,4655.83,0.24,0.04,21,3.19,9.96,18,16,5,2,4651,1
15142,67,Female,75210,Email,Retention,3205.15,0.05,0.19,6,3.54,10.05,5,18,2,3,3849,1
11686,34,Female,77924,Social Media,Awareness,7529.85,0.2,0.16,27,5.35,5.89,57,13,4,5,2554,1
15265,19,Male,118770,Email,Conversion,4987.64,0.2,0.07,8,2.35,13.62,62,1,8,4,3094,1
9521,29,Male,106062,Email,Awareness,4043.69,0.01,0.16,12,6.11,11.75,92,6,3,8,2885,1
15800,22,Female,86247,Social Media,Conversion,5734.81,0.1,0.11,42,5.47,2.13,4,2,0,5,2337,1
13788,31,Female,118972,SEO,Consideration,9313.77,0.27,0.13,30,4.81,14.27,11,6,9,6,1216,1
14036,29,Male,83253,Social Media,Conversion,8457.37,0.16,0.13,11,8.26,1.52,22,16,9,6,15,1
8732,50,Male,78479,Email,Retention,2164.83,0.26,0.1,32,7.84,11.8,54,12,6,4,649,1
14957,36,Male,139895,Email,Consideration,1832.57,0.06,0.04,18,5.95,8.92,36,2,4,2,2559,1
12439,43,Female,55958,PPC,Consideration,1125.85,0.26,0.15,0,7.17,6.87,16,19,6,1,2994,1
15964,53,Male,117400,Email,Awareness,9860.55,0.03,0.06,28,8.86,11.42,15,17,1,3,2845,1
15242,57,Female,114440,Social Media,Conversion,3465.73,0.11,0.16,8,7.64,13.95,92,8,0,7,2719,1
11647,64,Female,35063,Email,Retention,6250.2,0.04,0.13,31,4.82,8.41,95,11,9,2,387,1
11560,42,Female,116226,SEO,Conversion,9917.57,0.06,0.06,29,4.07,2.04,43,15,1,8,1088,1
8323,52,Male,70393,Social Media,Consideration,5141.01,0.11,0.07,38,9.05,14.96,52,19,0,5,2268,1
12366,64,Female,138648,PPC,Consideration,8846.3,0.29,0.2,10,7.52,9.23,68,11,8,2,1318,1
12961,32,Female,106390,Social Media,Retention,7262.12,0.09,0.03,36,2.9,12.22,72,16,9,7,1273,1
11191,23,Female,65900,SEO,Awareness,4639.3,0.05,0.14,43,7.09,3.06,12,10,2,3,2026,1
12599,37,Female,48564,PPC,Conversion,6590.44,0.15,0.14,1,4.73,8.55,34,19,0,5,640,1
9526,34,Female,55242,Referral,Consideration,236.5,0.27,0.12,33,7.83,6.63,11,18,1,0,456,1
15329,26,Female,59761,SEO,Retention,3635.27,0.05,0.13,2,4.31,6.18,25,10,5,4,932,1
11542,68,Female,145756,Referral,Retention,3949.19,0.16,0.19,43,1.87,13.36,0,15,5,8,1784,1
9093,37,Female,96313,Referral,Consideration,5906.39,0.03,0.11,13,7.45,4.65,71,9,4,8,2863,1
11921,59,Male,23652,Email,Consideration,3492.93,0.04,0.11,28,1.19,10.23,91,13,0,9,3231,1
9174,50,Male,107753,Referral,Retention,7609.38,0.12,0.07,25,1.92,4.26,3,1,2,8,523,0
10229,28,Male,138251,SEO,Retention,3933.41,0.27,0.18,48,1.64,1.71,70,6,0,2,2429,1
9324,61,Female,76521,Referral,Consideration,6468.67,0.14,0.02,17,3.65,6.11,31,15,3,2,1929,1
10641,47,Male,109871,PPC,Conversion,6417.63,0.09,0.09,36,1.53,6.75,42,14,4,7,1809,1
13153,63,Female,56397,Social Media,Retention,6660.72,0.12,0.07,42,1.05,6.75,25,5,2,3,4515,1
14690,49,Male,74911,Social Media,Consideration,7138.85,0.3,0.16,2,5.96,11.83,83,9,3,8,1110,1
10070,69,Male,77326,Referral,Conversion,313.17,0.17,0.06,22,3.27,12.67,12,5,3,1,3008,1
13531,36,Male,105442,Social Media,Conversion,3499.37,0.04,0.2,26,4.63,1.68,12,14,2,5,1421,1
8962,64,Male,22470,Referral,Conversion,9741.67,0.29,0.14,21,2.62,6.46,91,15,7,9,3601,1
12359,53,Female,40978,Social Media,Conversion,1026.23,0.16,0.07,17,9.1,5.29,68,12,1,7,4987,1
9430,48,Female,66235,Referral,Conversion,9204.11,0.23,0.03,42,8.4,1.69,64,5,4,8,2158,1
15644,30,Female,145179,SEO,Awareness,987.72,0.27,0.11,16,2.41,14.37,9,9,9,3,2242,1
11299,39,Female,130719,Referral,Consideration,7010.66,0.16,0.12,25,5.67,1.37,18,14,5,5,2086,1
8270,24,Female,56668,Social Media,Retention,2836.3,0.25,0.17,9,6.02,12.06,14,1,9,3,4152,1
9671,42,Male,31101,PPC,Awareness,7294.43,0.06,0.18,31,4.01,2.8,77,7,8,0,135,1
9793,59,Male,107402,Email,Consideration,4245.06,0.23,0.18,23,6.29,11.48,93,8,9,9,3179,1
12159,47,Female,27712,PPC,Retention,4694.49,0.28,0.06,27,2.65,7.28,27,8,8,2,3038,1
13371,36,Female,77352,SEO,Conversion,2441.53,0.1,0.12,34,3.56,5.72,31,1,5,4,3112,1
12173,25,Male,46093,PPC,Consideration,2043.67,0.3,0.16,49,9.85,8.97,77,10,7,4,1052,1
12628,58,Male,71599,Referral,Conversion,8231.46,0.1,0.15,30,5.89,3.47,78,3,8,1,2111,1
11278,54,Male,134433,SEO,Retention,1594.45,0.02,0.1,33,9.9,3.45,81,1,8,6,466,0
11111,38,Male,115716,PPC,Conversion,5499.14,0.25,0.17,11,3.66,7.33,50,14,1,7,1825,1
15288,46,Female,63327,Social Media,Consideration,2771.48,0.28,0.13,44,4.18,4.4,86,10,0,1,503,1
14152,31,Male,81282,SEO,Conversion,1013.72,0.01,0.04,40,7.04,1.55,59,3,8,7,1024,1
14126,39,Female,104480,PPC,Awareness,4896.79,0.27,0.06,11,4.69,11.67,71,3,6,2,4569,1
12845,37,Female,36006,PPC,Awareness,2292.13,0.16,0.16,21,5.2,4.62,42,9,3,0,890,1
8529,53,Female,112449,Email,Retention,1016.99,0.15,0.06,38,1.45,2.27,70,8,1,8,4385,1
11994,51,Female,144384,SEO,Retention,6978.7,0.26,0.04,26,2.0,3.77,19,13,5,3,3813,1
12681,20,Female,138411,PPC,Awareness,762.95,0.16,0.05,31,3.2,10.04,71,19,7,2,3673,1
13424,55,Female,72082,PPC,Conversion,6399.63,0.17,0.12,33,7.69,1.99,74,19,5,3,4002,1
13326,62,Female,102368,PPC,Retention,7557.74,0.09,0.17,37,6.25,7.57,28,4,5,8,4246,1
10862,69,Female,85524,Referral,Retention,5770.17,0.18,0.07,33,1.61,5.97,5,18,2,3,4137,1
11702,65,Female,74777,Referral,Retention,9619.63,0.16,0.09,33,2.68,4.1,24,9,1,0,1037,1
11388,58,Female,21238,PPC,Conversion,1182.52,0.29,0.13,9,8.26,11.34,93,16,4,4,2172,1
11745,36,Female,111483,PPC,Retention,5793.87,0.16,0.06,36,4.22,13.21,10,14,5,8,1470,1
10180,68,Male,71039,Email,Consideration,4996.05,0.18,0.1,8,3.37,11.46,91,5,1,6,2525,1
11658,55,Male,97990,Referral,Retention,4429.57,0.28,0.15,46,4.93,8.4,22,4,8,9,4744,1
15626,21,Male,51460,Social Media,Awareness,2994.63,0.02,0.09,32,1.56,2.07,37,12,8,8,3365,0
12578,39,Female,67259,Social Media,Consideration,8621.62,0.05,0.17,18,8.75,5.53,76,7,4,7,4191,1
14197,36,Male,48625,Referral,Awareness,5119.11,0.19,0.08,28,8.57,9.37,67,9,5,4,1804,1
13159,59,Female,70522,Email,Conversion,6348.46,0.25,0.14,40,1.43,9.5,29,17,5,4,4747,1
15488,62,Female,123669,PPC,Awareness,8271.58,0.17,0.14,12,3.69,14.71,86,0,5,3,1687,1
14310,26,Male,38073,Referral,Retention,9333.9,0.19,0.1,8,4.74,5.83,9,2,3,8,1645,1
8671,28,Male,21987,Email,Conversion,9989.44,0.3,0.17,29,4.51,5.21,42,13,9,4,3605,1
10591,21,Male,100631,SEO,Consideration,736.82,0.08,0.17,26,4.19,13.48,29,2,4,7,4254,1
15228,68,Female,137015,Social Media,Consideration,2811.42,0.08,0.18,23,4.23,13.91,24,9,9,4,1427,1
10770,40,Male,57499,Referral,Conversion,1909.74,0.25,0.07,42,1.66,5.42,73,14,8,3,789,1
13385,38,Male,83058,Social Media,Awareness,2203.62,0.1,0.01,43,9.45,14.51,36,2,6,1,213,0
9967,54,Female,43641,SEO,Consideration,2566.02,0.22,0.05,32,3.55,6.87,61,2,3,6,2713,1
10857,35,Male,28691,Email,Conversion,1076.85,0.24,0.08,1,9.45,11.33,31,9,2,5,674,1
10287,51,Female,80438,Social Media,Conversion,686.31,0.09,0.12,0,5.47,1.62,10,9,7,7,3351,1
10234,27,Female,78764,Referral,Consideration,8509.73,0.3,0.06,49,2.59,14.24,13,14,1,7,3085,1
10923,32,Male,75618,Referral,Conversion,3184.58,0.03,0.15,39,3.56,9.28,16,15,0,9,1163,1
9888,24,Female,133057,Referral,Retention,3229.46,0.18,0.03,44,8.27,12.64,0,19,2,8,2007,1
15529,67,Female,59718,SEO,Consideration,1630.67,0.03,0.12,30,4.12,1.01,40,9,5,0,3546,1
12894,37,Female,52527,SEO,Consideration,7282.46,0.22,0.01,26,9.4,10.28,93,16,8,6,10,1
12510,45,Female,142234,Social Media,Retention,8042.95,0.13,0.12,41,4.74,7.06,39,2,9,3,1011,1
10813,69,Female,47431,PPC,Conversion,5008.34,0.19,0.08,1,7.7,11.42,22,17,0,2,3843,1
8275,56,Male,79426,PPC,Retention,5318.18,0.08,0.1,29,6.0,1.69,72,15,0,2,3197,1
12369,45,Female,104291,Email,Conversion,9859.86,0.04,0.17,15,9.03,0.9,90,2,6,6,1675,1
15225,68,Female,72682,PPC,Retention,1242.48,0.23,0.04,39,4.9,10.06,4,16,5,0,4681,1
11192,34,Female,110069,Email,Consideration,9926.99,0.03,0.18,36,5.99,14.09,73,11,8,7,2149,1
10170,51,Female,43212,Referral,Awareness,8152.36,0.06,0.03,43,8.36,9.76,25,0,9,5,3194,1
15033,36,Female,128305,PPC,Consideration,1138.1,0.26,0.02,38,1.66,3.64,44,17,9,7,2265,1
13444,49,Male,70099,Social Media,Awareness,3775.73,0.02,0.18,4,8.35,13.71,79,9,7,2,210,1
14386,24,Male,128744,Social Media,Retention,3686.66,0.1,0.05,18,9.21,13.59,35,15,2,2,1389,1
12517,65,Male,126756,SEO,Retention,7630.88,0.01,0.07,45,3.83,1.42,24,6,3,3,615,1
12469,37,Male,133352,PPC,Conversion,5209.98,0.3,0.13,2,3.21,6.78,38,11,6,6,4638,1
13585,39,Male,142761,Social Media,Consideration,369.57,0.07,0.19,8,6.22,7.13,73,17,1,7,313,0
10573,55,Female,20415,Referral,Awareness,9264.82,0.28,0.09,48,2.92,5.37,52,19,9,1,3837,1
15502,50,Male,137957,Email,Consideration,9352.24,0.13,0.12,15,4.75,1.73,15,6,4,5,778,1
12885,39,Female,91746,PPC,Awareness,1763.96,0.26,0.08,20,1.06,8.22,31,3,7,6,2215,1
13604,20,Male,20184,Email,Consideration,4366.06,0.04,0.14,20,6.94,4.28,55,11,4,0,192,0
8110,28,Female,32938,PPC,Consideration,3724.88,0.13,0.04,14,6.9,7.18,31,19,3,5,3426,1
9137,28,Male,35493,Referral,Awareness,2325.69,0.13,0.03,44,9.74,1.16,68,18,0,8,2797,1
15199,42,Male,99267,Email,Conversion,7508.0,0.22,0.15,26,1.75,8.25,88,13,6,9,2751,1
10377,62,Female,30295,SEO,Conversion,1103.09,0.03,0.01,36,5.21,4.07,54,15,6,6,1965,1
11281,22,Female,20189,Referral,Conversion,9867.47,0.08,0.13,17,9.5,10.0,82,17,3,5,2552,1
11343,37,Female,39923,PPC,Consideration,7694.99,0.06,0.08,41,5.28,11.39,93,9,0,4,3792,1
12048,62,Female,84274,Referral,Retention,6194.14,0.05,0.01,18,4.41,2.75,22,8,0,9,185,0
10897,49,Female,121067,SEO,Retention,5782.07,0.26,0.03,18,3.8,6.5,34,16,4,0,2918,1
12487,31,Female,30282,Referral,Conversion,2866.61,0.09,0.02,4,8.6,7.76,60,16,7,9,2050,1
14989,54,Male,83828,SEO,Consideration,5261.52,0.14,0.06,39,4.04,7.51,83,12,2,4,1207,1
14658,33,Female,79491,Email,Consideration,8450.42,0.16,0.16,25,4.54,2.05,22,19,4,8,2855,1
15862,30,Male,130883,Referral,Consideration,4915.69,0.09,0.13,22,4.22,13.75,66,10,7,8,823,1
10108,21,Female,103000,SEO,Consideration,6371.83,0.12,0.07,1,2.58,2.32,16,9,3,8,3156,1
15946,59,Female,45146,Social Media,Retention,6914.84,0.03,0.1,32,8.4,13.11,27,8,8,2,137,1
8418,60,Male,79204,Referral,Conversion,8224.81,0.03,0.07,15,6.46,12.15,70,8,1,5,4878,1
8346,65,Female,85391,PPC,Awareness,4907.1,0.13,0.05,35,9.9,11.91,44,9,0,1,3004,1
8652,52,Female,137616,Email,Awareness,6728.21,0.2,0.05,28,6.73,5.92,31,1,1,9,829,1
12785,51,Female,33898,PPC,Retention,8340.97,0.06,0.06,38,6.33,6.68,51,10,2,3,211,1
15727,52,Male,141559,SEO,Awareness,9618.22,0.28,0.13,0,8.04,14.1,0,12,6,1,3954,0
8287,52,Male,90935,SEO,Retention,3934.71,0.12,0.1,14,5.05,0.57,69,14,7,8,1863,1
11247,30,Female,87078,Social Media,Consideration,8361.46,0.23,0.06,47,3.58,5.18,33,7,2,1,1062,1
10506,43,Female,111049,Referral,Consideration,8369.96,0.23,0.18,35,3.87,9.49,84,16,7,3,4223,1
13544,51,Female,114377,SEO,Retention,2209.7,0.07,0.07,29,7.67,5.95,59,10,6,0,2637,1
15160,18,Female,23722,SEO,Conversion,340.27,0.09,0.17,21,4.64,11.01,29,7,7,2,3394,1
12902,37,Female,121741,SEO,Conversion,1239.43,0.24,0.09,13,3.78,10.66,8,19,3,7,2512,1
14136,34,Female,122793,PPC,Awareness,4956.38,0.15,0.16,15,4.12,9.24,73,8,2,2,1096,1
8221,19,Male,33003,SEO,Consideration,8860.42,0.19,0.19,1,9.91,12.03,89,7,2,4,3873,1
8483,45,Female,27048,SEO,Awareness,3605.63,0.19,0.12,5,9.73,7.91,78,4,3,4,3284,1
14724,20,Female,30909,SEO,Awareness,8864.1,0.24,0.03,3,9.24,3.36,25,9,4,6,2357,1
9331,41,Female,113676,PPC,Conversion,3200.85,0.06,0.07,21,7.02,1.12,20,13,6,0,1855,1
8668,40,Male,58062,Email,Awareness,3315.47,0.18,0.07,37,9.97,11.53,24,14,9,5,196,1
11739,30,Male,75812,PPC,Awareness,6202.85,0.23,0.15,9,7.72,14.23,73,6,8,7,3909,1
15509,65,Female,107630,PPC,Retention,2311.56,0.3,0.06,40,1.48,5.15,47,19,0,0,1039,0
10705,41,Female,22565,Social Media,Consideration,8192.94,0.17,0.05,47,5.72,4.1,65,4,2,6,2464,1
8409,19,Female,53149,Social Media,Conversion,112.3,0.02,0.02,8,1.85,14.57,15,6,4,9,4211,1
14379,56,Female,119826,Email,Retention,313.99,0.02,0.16,45,7.06,5.52,20,16,4,6,4932,1
13150,41,Male,25560,PPC,Awareness,3135.74,0.02,0.19,0,6.36,6.5,18,19,3,4,1843,1
9711,31,Female,80496,Referral,Conversion,7631.21,0.09,0.13,32,1.6,4.19,51,7,8,1,763,1
11684,42,Male,140695,Referral,Awareness,6635.74,0.21,0.15,5,8.67,1.74,61,16,7,3,4717,1
10865,59,Female,48520,PPC,Consideration,4903.62,0.25,0.15,3,6.6,14.76,7,10,2,9,2110,1
14713,28,Female,124065,Referral,Conversion,3443.33,0.22,0.19,41,3.59,1.27,39,6,0,1,1932,1
9610,25,Female,119473,Email,Awareness,9567.68,0.15,0.08,8,1.67,14.34,88,10,2,0,3106,1
14812,56,Female,25293,Referral,Conversion,4449.55,0.2,0.06,8,1.46,0.61,13,10,4,1,262,0
15361,52,Male,147079,Email,Conversion,5290.21,0.26,0.14,18,6.96,6.96,3,18,5,6,1575,1
12195,51,Female,36893,SEO,Consideration,3920.45,0.29,0.06,6,7.65,0.77,66,1,3,4,1250,1
13181,33,Male,129786,Email,Retention,6855.81,0.17,0.04,24,8.91,4.48,78,5,4,9,1985,1
10629,33,Female,132196,Email,Conversion,4711.48,0.14,0.17,17,3.24,12.17,76,15,0,1,412,1
9140,29,Female,127890,Email,Conversion,1116.75,0.3,0.05,32,9.82,9.24,38,15,4,3,2799,1
13472,24,Female,142474,Email,Conversion,3772.39,0.1,0.1,33,5.53,10.29,23,2,1,7,1127,1
10216,45,Female,138636,SEO,Awareness,6657.07,0.24,0.13,44,9.83,9.24,32,16,3,7,3032,1
13224,28,Male,37330,SEO,Consideration,8020.48,0.13,0.1,47,8.75,3.66,96,19,5,7,4219,1
9549,64,Female,87439,Referral,Conversion,7199.78,0.11,0.06,49,3.12,7.21,55,18,6,7,3634,1
11021,39,Female,90916,Social Media,Retention,1281.19,0.22,0.14,26,2.74,4.04,94,1,5,0,1350,0
14327,47,Female,104462,PPC,Consideration,1146.78,0.27,0.17,37,4.3,0.99,88,13,3,3,2942,1
12915,22,Female,64405,PPC,Awareness,2224.17,0.21,0.08,38,5.33,7.86,80,15,8,4,1867,1
14984,24,Female,66266,PPC,Awareness,5100.48,0.18,0.12,11,2.8,6.74,65,10,2,8,3517,1
13754,49,Male,39622,Social Media,Consideration,9950.35,0.18,0.15,17,7.67,8.04,38,14,1,5,4947,1
12610,35,Female,32803,PPC,Consideration,4600.33,0.14,0.02,27,5.43,0.54,69,10,0,2,2585,1
9012,61,Female,89283,Email,Retention,2818.19,0.13,0.06,20,5.54,9.31,45,13,7,5,2707,1
8453,69,Female,103187,Referral,Consideration,8636.25,0.17,0.08,33,3.66,9.48,40,3,1,0,3480,1
9393,63,Female,42152,SEO,Awareness,9974.52,0.1,0.08,2,5.36,3.04,32,16,3,9,3286,1
15089,63,Male,59253,Referral,Consideration,1460.6,0.08,0.03,33,4.21,8.37,4,19,7,8,4889,1
12074,33,Female,116005,Email,Retention,460.48,0.09,0.18,42,9.48,12.87,79,17,9,3,2616,1
15652,34,Female,77223,Referral,Conversion,2051.61,0.18,0.15,0,8.45,5.46,3,2,7,5,3875,1
15321,35,Female,104010,Social Media,Conversion,258.72,0.07,0.08,22,5.71,5.81,78,15,5,9,1395,1
10556,19,Female,125959,PPC,Consideration,3502.87,0.17,0.07,6,9.47,6.64,79,12,5,4,1181,1
11612,46,Male,26331,Email,Consideration,2692.41,0.1,0.1,15,5.78,8.17,21,0,6,8,1174,1
15745,45,Female,67553,Referral,Retention,8668.01,0.16,0.02,43,8.28,12.55,48,5,2,0,2379,1
11198,63,Male,82580,PPC,Awareness,7849.99,0.06,0.08,16,5.51,9.76,71,9,8,2,4802,1
15851,49,Female,129337,Referral,Awareness,1363.22,0.29,0.04,49,2.32,1.83,82,6,4,8,1919,1
15819,40,Female,31683,Email,Conversion,2491.11,0.15,0.08,5,2.37,13.19,21,0,3,7,287,0
11582,36,Male,50209,Referral,Consideration,2852.03,0.16,0.08,2,3.0,12.09,24,1,1,7,3994,1
8511,39,Female,125696,SEO,Retention,1176.22,0.29,0.11,22,4.86,2.91,81,14,7,0,3961,1
8228,19,Male,50029,PPC,Conversion,7435.05,0.14,0.01,46,1.57,13.39,88,10,3,2,3651,1
15512,49,Male,21767,Referral,Retention,1794.53,0.21,0.04,25,3.3,1.52,67,2,9,6,4604,0
14995,35,Female,102526,Referral,Awareness,5908.93,0.11,0.11,27,6.52,11.75,0,12,9,4,3555,1
10912,41,Male,101393,Social Media,Awareness,3906.81,0.29,0.2,49,4.03,1.41,89,19,8,4,1577,1
14021,44,Male,65378,SEO,Conversion,2048.73,0.06,0.09,12,6.33,13.01,68,8,3,3,3471,1
13777,49,Female,53580,PPC,Conversion,4113.35,0.2,0.03,36,1.13,14.25,11,3,6,5,725,1
14392,60,Male,119591,SEO,Retention,2648.13,0.08,0.08,21,4.02,2.61,0,11,3,4,2253,1
11840,52,Female,119011,Referral,Consideration,8725.56,0.29,0.11,15,3.23,6.07,22,0,7,3,2668,1
11059,18,Female,43233,PPC,Awareness,7932.77,0.14,0.04,46,7.83,6.17,83,15,5,5,1148,1
10362,28,Male,102593,SEO,Awareness,1380.66,0.13,0.19,35,5.87,6.57,66,10,1,8,1270,1
9510,29,Female,143693,PPC,Consideration,9849.54,0.16,0.06,48,1.7,8.2,74,14,5,0,2378,1
14185,31,Female,101540,Referral,Conversion,5291.12,0.07,0.07,46,6.87,5.82,58,9,0,2,2777,1
8448,68,Male,50844,Social Media,Awareness,1775.67,0.17,0.03,8,4.13,4.22,45,12,2,8,2321,0
13565,40,Female,106624,Referral,Conversion,1602.28,0.13,0.11,13,5.26,2.69,90,17,9,2,568,1
14703,62,Female,70000,Social Media,Conversion,5861.54,0.13,0.15,15,3.37,6.17,88,10,2,2,4826,1
10930,22,Female,89549,Referral,Consideration,8293.89,0.3,0.02,15,4.22,1.78,85,7,5,4,2791,1
15029,24,Male,46592,Email,Consideration,3018.23,0.05,0.03,12,4.17,13.35,84,6,5,6,885,1
11912,59,Female,102158,Email,Conversion,3217.41,0.04,0.14,20,4.76,4.85,4,19,6,3,2417,1
15352,48,Female,98027,PPC,Retention,7438.49,0.29,0.07,26,4.77,9.13,5,14,0,6,1973,0
8995,60,Male,59585,Referral,Conversion,8350.41,0.22,0.12,10,3.8,0.93,97,19,1,0,2229,1
11680,40,Female,122711,PPC,Conversion,6373.02,0.23,0.08,38,4.28,1.12,48,18,4,3,3008,1
12172,53,Female,108911,Social Media,Awareness,5445.75,0.16,0.18,13,6.87,14.9,43,7,4,3,4881,1
9330,23,Male,65724,Social Media,Retention,1741.46,0.22,0.08,30,5.41,13.95,61,8,4,1,3660,1
8222,20,Female,128793,Social Media,Conversion,7909.46,0.07,0.06,21,6.05,13.17,35,4,6,0,2220,1
11700,31,Male,69738,SEO,Awareness,5546.2,0.2,0.1,4,1.88,3.74,79,8,8,9,1576,1
14800,55,Female,122267,Email,Retention,4274.59,0.19,0.01,41,7.86,10.73,96,6,1,5,4607,1
10245,29,Female,46571,SEO,Conversion,8581.75,0.02,0.11,26,6.59,14.5,59,3,5,9,1919,1
15324,26,Male,124674,PPC,Consideration,1586.21,0.29,0.02,30,8.41,13.87,89,14,9,6,4713,1
12910,46,Female,72716,SEO,Consideration,4845.52,0.06,0.18,18,7.18,4.69,77,15,2,3,3894,1
15198,38,Female,62530,Email,Consideration,3764.48,0.14,0.05,42,8.68,9.44,58,16,0,1,3633,1
13961,55,Male,108591,Email,Consideration,5639.92,0.21,0.04,32,6.33,13.5,80,13,0,4,24,1
11329,56,Male,122815,SEO,Awareness,283.22,0.24,0.09,10,1.04,8.39,33,14,6,6,3068,1
15756,32,Female,78414,SEO,Conversion,1388.67,0.02,0.1,35,4.5,6.85,66,2,4,6,2327,1
9232,64,Female,63030,SEO,Conversion,7048.99,0.1,0.09,0,6.63,13.47,93,6,2,4,2742,1
12994,21,Male,55006,SEO,Retention,1753.45,0.22,0.07,32,2.39,6.52,0,17,4,7,3022,1
10119,40,Male,95876,Referral,Retention,2547.26,0.13,0.15,23,4.09,14.93,27,5,7,8,2029,1
8831,22,Female,24539,Email,Consideration,1052.38,0.09,0.05,21,8.53,10.51,79,18,9,1,413,0
11802,68,Female,125547,Email,Awareness,6501.77,0.15,0.16,37,2.83,7.89,45,0,3,5,3508,1
9163,59,Male,73096,Social Media,Retention,7130.56,0.29,0.1,44,6.04,4.08,71,10,2,8,2590,1
9667,66,Female,131682,Referral,Retention,8738.43,0.12,0.02,28,7.96,4.17,88,3,2,1,2820,0
15969,42,Female,86833,SEO,Consideration,7023.85,0.27,0.18,17,9.62,13.98,38,4,6,6,3171,1
8114,52,Male,127601,Referral,Retention,5812.98,0.06,0.11,28,4.15,5.8,73,3,7,8,162,1
13675,55,Male,76739,PPC,Awareness,9360.66,0.18,0.11,14,5.06,4.29,76,10,6,2,688,1
15214,40,Female,32437,Referral,Awareness,8550.67,0.21,0.14,27,2.2,13.48,62,2,3,3,4565,1
14536,21,Male,133174,PPC,Consideration,3065.32,0.1,0.13,38,6.16,14.35,51,12,6,0,2777,1
14450,53,Male,97875,Referral,Conversion,4215.65,0.11,0.19,48,3.13,7.23,97,11,0,7,961,1
10380,41,Female,32190,Social Media,Retention,4985.81,0.3,0.12,0,2.2,1.35,55,13,8,1,1968,0
14344,69,Male,139950,Referral,Consideration,8628.22,0.05,0.05,23,1.42,14.93,90,1,9,8,3021,1
8524,43,Male,117217,Social Media,Awareness,7883.37,0.1,0.13,35,6.74,12.32,31,1,2,2,3755,1
14077,45,Female,129679,SEO,Awareness,3810.63,0.08,0.07,25,4.09,3.27,54,9,3,9,4711,1
11203,54,Male,40703,Social Media,Awareness,4486.15,0.3,0.02,19,1.86,5.71,61,18,6,3,3607,1
13953,56,Male,105984,PPC,Consideration,7275.81,0.12,0.1,12,9.99,1.45,65,4,4,9,4106,1
10093,48,Female,79670,PPC,Conversion,2851.26,0.24,0.04,17,5.97,14.11,35,6,9,6,3825,1
14011,26,Female,22838,Referral,Awareness,6179.22,0.1,0.04,47,8.3,12.42,48,1,2,5,2515,1
14738,20,Male,32976,Email,Retention,7964.87,0.07,0.18,38,9.69,7.4,87,1,1,1,2759,1
11694,18,Female,139550,SEO,Conversion,2921.53,0.22,0.17,26,7.24,3.79,37,9,1,7,1489,1
10184,35,Female,97758,Email,Retention,3659.23,0.05,0.19,44,1.43,5.44,18,7,0,1,1942,0
15302,61,Female,85124,PPC,Awareness,500.37,0.27,0.04,33,3.47,9.36,72,1,1,6,1844,1
8341,25,Female,76422,Email,Conversion,4526.82,0.05,0.12,35,5.84,1.44,90,19,4,7,3672,1
11944,30,Male,133741,SEO,Conversion,7984.99,0.23,0.2,40,2.77,9.1,69,17,6,6,4388,1
10969,33,Female,30621,Referral,Awareness,1644.04,0.11,0.13,45,7.6,2.04,40,14,9,4,3055,1
10388,32,Female,115887,Social Media,Conversion,1815.17,0.24,0.07,30,2.99,10.5,44,12,2,6,3273,1
12473,50,Male,96377,Referral,Awareness,6555.16,0.2,0.02,30,2.01,1.53,59,12,5,8,2638,1
11181,22,Female,115381,Referral,Conversion,9320.9,0.06,0.03,12,2.09,6.01,73,11,1,6,2468,1
11240,31,Female,101983,Social Media,Retention,596.77,0.21,0.15,4,9.34,13.41,98,9,4,5,1195,1
12589,44,Female,111612,Social Media,Awareness,5873.87,0.3,0.1,16,4.73,9.55,33,17,3,3,1147,1
9609,23,Female,20693,PPC,Awareness,3192.23,0.21,0.12,26,8.24,13.85,43,4,1,6,4664,1
9226,69,Male,134451,Social Media,Conversion,4716.59,0.03,0.03,24,7.06,2.34,47,7,9,5,3830,1
10455,51,Female,91677,SEO,Consideration,3599.94,0.22,0.18,23,2.81,0.52,95,13,0,2,925,0
14047,38,Male,101141,Social Media,Retention,881.51,0.12,0.09,40,2.56,9.37,74,4,0,7,4790,1
10094,49,Female,93133,Referral,Conversion,2668.2,0.27,0.18,37,5.19,9.34,48,15,1,4,4172,1
11015,49,Female,78855,Email,Consideration,4758.91,0.02,0.09,49,5.81,4.29,92,17,3,4,4794,1
15291,36,Female,143380,Email,Conversion,1864.36,0.18,0.14,41,8.6,11.22,23,0,7,2,2091,0
10984,67,Female,110417,Referral,Consideration,9240.44,0.08,0.07,43,1.51,5.58,64,4,6,2,3441,1
14410,31,Male,29216,Email,Consideration,2970.9,0.01,0.17,40,2.96,5.54,58,2,0,8,3932,0
13983,18,Male,68022,PPC,Awareness,969.83,0.13,0.12,1,8.28,13.96,37,9,5,2,2903,1
11065,57,Female,123746,Referral,Awareness,8240.53,0.02,0.08,33,2.37,4.86,47,8,3,1,3130,1
12827,66,Female,132928,Social Media,Retention,4685.12,0.18,0.14,21,4.86,11.86,79,3,6,1,854,1
15129,56,Male,55682,PPC,Conversion,1637.59,0.27,0.01,27,8.8,11.33,10,9,0,3,3165,1
15702,39,Female,24153,Referral,Awareness,7811.59,0.06,0.06,29,9.1,7.91,77,5,5,2,4844,1
13043,49,Female,114135,Email,Consideration,2264.46,0.3,0.15,16,1.32,11.72,67,4,8,4,4621,1
9765,59,Female,100298,PPC,Consideration,3914.02,0.12,0.14,15,9.63,11.28,72,19,1,5,2061,1
15567,44,Female,143498,PPC,Consideration,2443.91,0.25,0.09,8,7.2,4.64,52,1,2,9,2611,0
10146,52,Male,25728,Email,Conversion,3674.12,0.09,0.04,2,4.56,11.72,47,18,1,4,3045,1
15374,40,Female,30556,Referral,Awareness,9411.56,0.03,0.16,47,8.32,3.97,86,14,5,4,4474,1
11585,31,Female,126810,Email,Retention,7945.52,0.26,0.04,8,8.3,10.03,31,0,3,2,2336,1
13219,53,Female,90639,Social Media,Consideration,4633.31,0.06,0.08,31,5.03,5.31,96,10,5,6,871,1
10233,33,Male,101163,Email,Consideration,3481.42,0.11,0.1,32,8.19,2.37,34,3,4,4,2452,1
13616,43,Male,91613,Social Media,Conversion,5820.04,0.13,0.14,12,9.43,11.65,89,8,4,6,478,1
12449,64,Female,50579,Social Media,Retention,3244.85,0.09,0.04,9,1.29,3.8,80,12,3,4,4826,0
15738,44,Male,26294,SEO,Conversion,2710.08,0.19,0.04,19,4.3,13.55,38,6,4,7,3504,1
9717,42,Male,124303,Referral,Consideration,1265.85,0.04,0.16,1,8.47,10.16,0,14,1,8,2369,1
10009,31,Male,60478,SEO,Awareness,1061.88,0.04,0.13,30,4.29,13.48,18,0,0,2,1245,1
10922,69,Male,33156,Email,Retention,6101.07,0.28,0.02,2,9.37,4.01,69,13,5,0,1820,1
10899,18,Male,50066,Referral,Awareness,4681.59,0.29,0.09,32,9.06,14.04,11,11,5,3,1229,1
9954,31,Female,110152,Social Media,Awareness,3719.93,0.24,0.12,39,7.38,4.3,12,2,1,9,2980,1
10420,42,Female,71481,SEO,Consideration,2278.89,0.24,0.1,43,5.12,12.89,99,19,8,7,3919,1
11411,67,Male,135474,Email,Awareness,1791.78,0.03,0.13,13,4.4,14.43,15,17,5,5,985,1
14228,43,Female,26172,Referral,Retention,9534.73,0.2,0.14,11,8.68,1.84,81,1,3,5,1209,1
11899,67,Female,48003,PPC,Awareness,3665.51,0.14,0.07,45,8.84,7.78,64,19,6,5,1603,1
10762,37,Female,115029,Social Media,Awareness,3363.72,0.01,0.01,40,4.5,12.56,59,13,2,8,2674,1
15968,66,Male,33979,Email,Awareness,8988.73,0.2,0.02,3,2.77,6.07,18,11,5,0,4870,1
12054,25,Male,43267,PPC,Awareness,3789.82,0.1,0.03,1,2.18,3.08,93,8,4,7,3391,0
12198,28,Male,35535,PPC,Conversion,623.09,0.12,0.14,31,9.79,12.3,52,14,1,0,1428,1
13597,60,Female,131257,Referral,Conversion,7548.84,0.03,0.01,2,9.28,2.14,13,15,9,6,4319,1
14096,46,Male,139365,PPC,Conversion,2061.27,0.27,0.2,0,4.14,9.35,50,2,1,8,3152,1
11650,36,Male,42797,SEO,Conversion,1188.11,0.15,0.11,11,9.13,4.92,98,18,4,2,2529,1
15166,35,Male,33229,Email,Retention,3579.44,0.09,0.1,0,3.33,4.86,68,9,8,2,2278,1
14307,30,Male,32679,Referral,Retention,4357.28,0.05,0.01,10,8.81,7.35,89,2,5,6,4248,0
11766,40,Female,89563,SEO,Consideration,6154.73,0.02,0.16,28,4.24,13.64,36,2,3,9,0,1
14409,33,Female,139764,PPC,Consideration,6577.44,0.28,0.02,10,5.52,6.04,42,1,3,3,843,1
13947,66,Male,121628,SEO,Consideration,9231.67,0.26,0.11,12,8.19,2.15,92,4,7,1,4275,1
12229,61,Female,108364,Referral,Awareness,6565.81,0.17,0.01,36,3.73,13.32,71,2,4,3,2406,1
11253,60,Male,41601,Email,Awareness,2320.44,0.17,0.06,0,8.24,0.51,67,4,5,6,4637,1
9538,46,Male,116421,Social Media,Conversion,6498.66,0.24,0.18,41,4.75,3.93,95,8,1,6,4744,1
9913,43,Female,107905,Referral,Consideration,214.57,0.26,0.16,12,4.31,5.19,86,19,3,2,548,1
8847,62,Female,23659,Social Media,Consideration,2729.82,0.09,0.05,18,7.93,11.75,0,17,4,3,2258,1
8216,66,Female,103138,Referral,Awareness,2275.55,0.14,0.08,46,2.13,9.07,96,13,2,4,4126,1
14026,29,Female,137453,PPC,Consideration,2663.67,0.28,0.19,9,8.7,13.16,55,1,4,0,2342,1
12720,68,Male,58599,SEO,Conversion,5704.86,0.29,0.03,33,2.06,2.53,12,16,5,2,4858,1
13366,49,Female,33704,SEO,Consideration,4169.95,0.04,0.17,16,5.52,1.3,22,0,5,7,1925,1
10434,63,Female,85836,Referral,Awareness,4792.69,0.26,0.13,11,2.45,5.53,25,4,7,1,3720,1
9555,64,Female,42769,PPC,Retention,3901.84,0.22,0.16,6,8.09,4.28,74,19,4,2,4114,1
15201,18,Male,38018,PPC,Awareness,7492.68,0.03,0.2,27,8.24,1.58,55,6,2,3,82,1
14303,37,Female,35455,Referral,Consideration,7526.44,0.2,0.17,16,9.42,1.06,81,11,0,1,3177,1
15622,50,Male,63452,Referral,Retention,2297.85,0.17,0.06,14,8.63,11.31,40,1,5,5,1179,0
13118,55,Male,106718,Social Media,Conversion,4182.94,0.28,0.19,46,3.31,7.57,48,14,7,9,1908,1
8229,19,Male,99023,SEO,Awareness,9184.07,0.22,0.12,42,8.5,1.28,15,12,3,0,625,1
14129,64,Male,23072,Social Media,Retention,3827.72,0.03,0.05,43,2.5,5.02,68,19,4,3,3404,1
9406,40,Female,68648,Referral,Conversion,1887.96,0.03,0.05,12,7.97,10.04,78,4,8,5,1083,1
13056,50,Female,116969,Email,Conversion,1378.9,0.24,0.07,32,1.43,14.07,33,8,0,7,1231,1
15897,38,Female,59606,SEO,Conversion,6375.41,0.07,0.02,7,9.54,12.59,12,14,6,9,4896,1
12288,58,Female,31399,SEO,Retention,7037.14,0.18,0.03,19,4.82,9.26,1,12,6,2,1847,1
14202,65,Male,76478,Social Media,Consideration,8894.6,0.27,0.19,49,4.92,11.67,3,9,7,7,4970,1
9454,40,Female,84042,PPC,Awareness,8269.66,0.27,0.13,21,3.48,10.04,76,15,1,3,1285,1
15919,35,Male,50083,PPC,Consideration,9151.29,0.15,0.13,47,4.2,4.09,33,15,5,0,3672,0
9212,21,Female,130949,PPC,Awareness,7365.49,0.08,0.04,35,6.54,10.83,94,13,5,7,3152,1
9051,21,Male,42097,Social Media,Awareness,8356.19,0.15,0.05,5,9.36,2.26,43,3,4,5,2555,1
13581,32,Female,81489,PPC,Retention,6089.52,0.08,0.16,26,3.92,7.41,31,1,9,7,3309,1
15131,62,Male,111530,SEO,Conversion,4148.85,0.13,0.04,12,6.23,11.84,5,11,3,8,441,1
10788,52,Female,41258,Referral,Consideration,831.53,0.24,0.16,5,7.37,3.29,17,0,1,4,4465,0
13790,21,Male,80432,Referral,Consideration,4436.35,0.24,0.18,9,9.32,12.84,77,9,7,6,3422,1
11141,36,Male,97233,Referral,Awareness,9652.95,0.21,0.08,17,3.64,3.35,77,12,2,8,1933,1
11193,62,Female,110045,SEO,Retention,5441.99,0.1,0.01,45,1.58,7.01,50,12,5,1,1808,1
14504,34,Female,143239,Email,Conversion,7859.2,0.05,0.17,22,6.9,12.1,1,9,2,6,2208,1
8380,52,Female,69592,PPC,Awareness,1371.11,0.26,0.01,5,4.77,12.27,97,6,8,9,2840,1
12129,62,Female,126747,PPC,Consideration,9986.86,0.21,0.03,12,7.83,6.92,7,11,0,9,2937,1
12644,29,Female,88993,PPC,Retention,8013.28,0.06,0.13,41,3.21,1.0,46,4,6,8,2639,1
11435,18,Female,138885,PPC,Awareness,7362.69,0.23,0.18,41,2.52,2.63,46,2,8,5,1036,1
10569,63,Female,108794,SEO,Retention,4428.48,0.24,0.16,29,6.29,7.61,71,3,1,6,2166,1
9025,53,Female,101071,Referral,Retention,6125.4,0.05,0.07,49,4.0,10.36,99,10,5,0,3116,1
15876,58,Female,24122,SEO,Conversion,4429.77,0.2,0.15,31,2.81,8.57,20,16,8,7,4886,1
12619,67,Female,92883,Email,Consideration,6060.78,0.29,0.19,44,4.77,8.16,26,13,2,2,2756,1
12344,53,Female,114325,Social Media,Consideration,1116.26,0.05,0.06,45,1.51,13.54,9,15,1,1,1310,0
8069,19,Male,104217,Social Media,Consideration,7717.73,0.03,0.14,14,2.96,12.7,55,2,1,3,3849,1
9679,19,Female,133289,SEO,Conversion,4161.03,0.01,0.13,48,8.98,12.23,92,4,1,2,1472,1
9308,43,Female,113515,Referral,Conversion,9689.72,0.29,0.04,24,4.75,13.74,12,17,3,6,2141,1
8474,69,Male,38077,Email,Conversion,9077.42,0.02,0.01,31,1.34,1.27,67,16,9,7,3563,1
10269,37,Female,70325,PPC,Retention,2878.67,0.06,0.06,36,4.67,12.27,98,1,6,7,4146,1
9562,62,Male,65874,Social Media,Awareness,6099.01,0.23,0.19,7,2.9,12.39,94,7,4,3,3768,1
15514,69,Female,126657,Social Media,Retention,8754.07,0.3,0.08,39,5.33,4.09,19,14,6,6,731,1
14059,69,Female,25349,Referral,Awareness,4410.89,0.02,0.17,47,7.09,13.33,19,1,4,4,3889,1
15778,18,Male,126948,Social Media,Awareness,3169.09,0.1,0.2,27,7.83,8.11,9,4,9,8,1639,0
13267,66,Male,115153,Referral,Retention,7727.1,0.04,0.08,31,9.75,0.98,44,6,3,0,909,1
12448,21,Male,90655,PPC,Consideration,8976.82,0.04,0.12,13,7.12,5.5,48,9,2,8,4532,1
10574,59,Female,96441,Email,Consideration,6639.22,0.15,0.02,17,7.34,9.93,74,5,1,3,1386,1
8613,66,Male,59729,Social Media,Conversion,7555.11,0.12,0.05,8,3.26,1.07,65,16,7,3,3470,1
9922,69,Female,108652,PPC,Retention,2744.19,0.29,0.11,34,4.44,9.5,85,7,7,0,1718,1
14769,59,Female,138849,Email,Retention,3974.85,0.2,0.19,30,9.59,5.67,80,5,2,9,219,1
14039,40,Female,40317,Email,Conversion,327.89,0.04,0.01,43,1.58,6.15,33,8,4,8,2440,1
12791,23,Male,146718,PPC,Conversion,2021.9,0.08,0.1,37,8.87,15.0,47,14,8,3,2982,1
14001,29,Male,62376,Email,Conversion,3489.23,0.04,0.1,37,9.64,10.37,75,0,1,0,3266,1
8997,62,Female,124447,Social Media,Conversion,2557.71,0.14,0.2,29,3.88,3.47,10,1,3,0,30,1
10436,61,Female,130478,PPC,Consideration,7994.58,0.26,0.13,26,3.36,3.6,8,17,1,2,2566,1
15026,27,Female,130481,PPC,Awareness,2257.97,0.15,0.01,22,5.53,6.97,26,9,2,2,2705,1
13155,49,Female,143651,Social Media,Awareness,7168.97,0.13,0.12,1,3.36,6.27,48,9,5,1,626,1
11140,63,Female,131753,PPC,Retention,3397.07,0.23,0.16,46,5.53,3.8,84,15,6,2,1909,1
12428,28,Male,51811,Social Media,Retention,594.94,0.16,0.17,15,8.77,6.06,85,5,3,9,54,1
11751,65,Female,115980,Email,Retention,2293.18,0.2,0.02,37,3.81,7.48,19,9,6,5,731,1
13864,19,Female,122755,Social Media,Conversion,199.63,0.2,0.03,45,1.87,13.78,81,5,0,0,3214,0
14064,41,Male,20057,Referral,Conversion,5337.44,0.28,0.06,28,9.91,6.13,92,2,8,7,971,1
12336,63,Female,75214,PPC,Awareness,4833.18,0.18,0.04,5,7.61,5.09,55,14,0,6,231,0
10327,43,Female,30826,SEO,Awareness,7561.59,0.13,0.07,33,6.36,14.0,69,8,6,1,2131,1
12600,37,Male,119133,Referral,Conversion,1092.01,0.23,0.13,5,8.9,1.93,58,1,0,4,2292,1
14558,55,Female,89343,Referral,Awareness,3170.4,0.08,0.17,39,1.83,0.55,24,3,2,0,2525,0
15072,41,Female,106184,Social Media,Awareness,9231.53,0.03,0.15,23,8.83,8.58,80,14,1,1,3713,1
9280,48,Female,81915,SEO,Consideration,899.59,0.24,0.19,13,9.25,7.15,72,6,7,7,212,1
11935,62,Female,35749,Referral,Conversion,155.67,0.02,0.03,47,3.76,5.94,97,13,0,7,3230,1
13353,45,Female,142963,PPC,Conversion,2614.11,0.04,0.12,13,7.68,2.13,12,0,0,1,4201,0
13306,28,Female,98723,Email,Awareness,6749.88,0.28,0.05,35,6.67,13.58,27,11,6,9,1564,1
15283,60,Male,84950,Email,Retention,5390.96,0.25,0.13,29,7.84,11.64,7,5,5,4,547,0
12604,66,Female,109928,PPC,Awareness,4713.97,0.17,0.17,12,3.31,11.46,27,9,4,0,4539,1
13830,21,Female,57535,Email,Awareness,4146.03,0.23,0.05,9,6.68,2.51,16,12,3,5,1718,1
13484,37,Male,69545,Social Media,Conversion,6439.39,0.07,0.09,8,5.32,10.1,71,4,3,9,1834,1
14614,41,Female,87762,Email,Retention,563.92,0.28,0.02,0,1.33,1.24,23,12,1,5,2709,0
15891,34,Female,132846,Email,Awareness,8846.57,0.29,0.17,8,2.87,11.0,93,14,3,6,4906,0
12464,67,Female,78649,SEO,Awareness,7262.76,0.15,0.15,19,4.59,6.21,82,9,0,7,4546,1
9466,39,Female,67719,PPC,Retention,6664.4,0.2,0.18,4,9.83,3.49,40,17,2,5,681,1
10470,47,Female,22451,Referral,Retention,4176.32,0.17,0.02,4,8.83,8.37,12,10,6,4,2570,1
9725,41,Female,115547,SEO,Retention,1508.35,0.19,0.12,39,7.27,1.85,55,16,5,4,4652,1
8983,31,Female,79630,PPC,Consideration,4289.12,0.02,0.17,42,8.43,5.2,38,10,8,8,4535,1
10906,60,Male,69874,SEO,Conversion,2944.84,0.1,0.12,46,5.45,6.65,64,7,7,2,2420,1
12691,59,Female,101238,Referral,Conversion,6838.3,0.19,0.16,1,9.89,6.05,1,6,4,5,1861,1
8768,41,Male,114328,SEO,Conversion,8095.47,0.04,0.17,17,9.43,11.41,71,11,3,3,2470,1
9687,49,Male,75304,Social Media,Retention,3478.99,0.1,0.13,3,9.12,13.09,3,17,8,5,4942,1
8037,68,Male,122478,PPC,Consideration,285.39,0.06,0.07,44,4.32,1.82,32,14,6,4,257,1
9035,59,Male,46578,Social Media,Conversion,955.11,0.23,0.06,31,9.56,5.72,90,17,5,7,1480,1
12001,56,Female,140983,Email,Conversion,9129.0,0.11,0.15,1,3.15,8.42,97,18,0,0,1320,1
11991,53,Male,45757,Social Media,Conversion,7050.03,0.26,0.04,19,6.13,4.27,26,12,7,1,3712,1
15179,52,Female,42970,SEO,Retention,3463.84,0.16,0.05,31,8.62,8.62,2,14,0,5,1873,1
8850,18,Male,78185,SEO,Retention,9858.26,0.03,0.2,38,1.13,14.29,64,16,6,3,3168,1
15607,19,Male,48259,SEO,Awareness,7210.6,0.17,0.1,8,6.74,8.8,45,13,6,1,4458,1
9080,28,Female,134778,SEO,Conversion,6042.04,0.03,0.18,11,7.46,14.46,57,9,7,7,3556,1
13877,60,Female,25272,PPC,Conversion,3555.01,0.07,0.07,19,4.63,14.02,62,13,2,7,2415,1
12188,30,Male,66205,SEO,Conversion,8781.79,0.01,0.2,20,7.75,7.34,74,4,7,5,3391,1
15628,44,Female,69800,Social Media,Retention,5839.1,0.11,0.17,7,7.08,10.68,53,3,9,8,3802,1
15848,29,Male,70411,SEO,Awareness,4917.15,0.16,0.08,41,2.91,12.05,72,5,0,0,812,0
12416,32,Female,78968,Social Media,Consideration,6782.61,0.02,0.16,29,7.12,5.56,78,1,1,6,1024,1
14624,29,Female,140866,Email,Consideration,3690.43,0.25,0.17,41,6.09,5.73,43,13,8,9,1478,1
13341,21,Male,139645,SEO,Awareness,6908.32,0.27,0.15,16,6.72,9.44,33,9,1,6,2012,1
12028,28,Male,72204,SEO,Retention,6064.03,0.21,0.12,20,2.62,8.65,39,7,3,0,1033,1
15064,30,Male,70189,Email,Consideration,7015.04,0.11,0.18,21,7.46,3.15,33,11,1,9,1600,1
9360,49,Male,33155,SEO,Awareness,1028.91,0.11,0.08,35,2.37,4.23,26,15,0,0,4547,0
15238,62,Female,55963,Social Media,Awareness,9580.55,0.13,0.14,28,7.16,12.48,42,17,4,8,769,1
9542,28,Female,110508,Referral,Consideration,5532.85,0.25,0.1,19,4.3,8.54,2,17,8,9,4947,1
14877,39,Male,143611,Email,Consideration,3843.84,0.28,0.04,26,1.92,12.61,91,11,5,9,1529,1
15453,46,Female,64469,Email,Awareness,3019.34,0.07,0.1,43,8.87,6.48,13,1,7,0,3308,1
9520,51,Male,73450,Social Media,Consideration,5286.21,0.28,0.02,29,2.83,12.26,86,7,2,8,3903,1
10348,45,Male,21982,Referral,Consideration,6637.65,0.21,0.06,26,2.18,12.22,96,0,3,2,4077,1
10253,29,Female,76049,SEO,Conversion,6349.91,0.27,0.19,27,2.07,13.24,21,15,6,3,4186,1
11136,36,Female,93480,Social Media,Conversion,3475.72,0.22,0.18,47,3.02,2.22,23,16,8,6,3572,1
10590,56,Female,93002,Social Media,Consideration,4804.11,0.18,0.1,47,4.34,9.59,47,9,9,4,3377,1
10961,53,Female,77103,PPC,Consideration,7135.61,0.12,0.03,20,3.55,5.32,44,4,6,8,133,1
13044,69,Male,91255,Social Media,Conversion,1218.77,0.25,0.05,13,1.61,13.44,16,15,6,8,4241,1
12675,44,Male,108304,Email,Conversion,8047.73,0.18,0.18,18,4.74,1.08,24,15,0,4,2008,1
15018,62,Female,123427,SEO,Consideration,222.47,0.06,0.17,13,2.76,9.42,87,1,9,4,4103,1
9250,57,Female,105513,Referral,Consideration,414.89,0.28,0.15,32,9.76,13.88,28,18,5,7,4603,1
12155,56,Female,119159,Referral,Awareness,4785.58,0.23,0.09,37,5.03,14.84,0,0,2,5,2887,1
13626,57,Male,26405,Social Media,Retention,6113.59,0.25,0.18,26,7.69,12.32,76,7,9,7,325,1
11880,64,Male,32501,Email,Consideration,6237.78,0.19,0.19,28,5.01,12.37,45,6,5,8,2759,1
11041,60,Female,130599,Social Media,Retention,9305.68,0.02,0.11,27,3.54,10.67,67,5,8,8,476,1
12673,45,Male,87282,Referral,Conversion,6306.12,0.04,0.1,29,7.72,1.69,4,18,2,4,4888,1
10167,49,Male,139411,SEO,Awareness,9804.95,0.02,0.01,37,1.73,12.95,41,8,6,1,4818,1
14130,18,Female,32018,PPC,Awareness,3360.45,0.12,0.15,38,8.34,4.61,25,10,3,7,3851,1
13297,31,Female,48517,SEO,Conversion,7191.47,0.05,0.12,42,2.71,14.18,7,12,1,4,1192,1
10931,22,Male,77230,Email,Awareness,3807.31,0.02,0.03,30,8.67,10.21,15,11,5,6,3626,1
