CustomerID,Age_Group,Gender,Income_Group
8000,Adult,Female,"High Income"
8001,Senior,Male,"Lower Middle Income"
8002,Adult,Female,"Upper Middle Income"
8003,Adult,Female,"Lower Middle Income"
8004,Adult,Female,"Upper Middle Income"
8005,Adult,Female,"Lower Middle Income"
8006,Adult,Female,"Low Income"
8007,Adult,Female,"Middle Income"
8008,Adult,Female,"High Income"
8009,Adult,Male,"High Income"
8010,Adult,Male,"Upper Middle Income"
8011,Adult,Male,"Low Income"
8012,Adult,Male,"High Income"
8013,Adult,Male,"Middle Income"
8014,Adult,Male,"High Income"
8015,Adult,Female,"Lower Middle Income"
8016,Youth,Female,"Low Income"
8017,Adult,Female,"Middle Income"
8018,Youth,Female,"Upper Middle Income"
8019,Adult,Female,"Middle Income"
8020,Adult,Female,"Upper Middle Income"
8021,Adult,Female,"Upper Middle Income"
8022,Adult,Male,"Middle Income"
8023,Youth,Female,"Middle Income"
8024,Adult,Female,"High Income"
8025,Adult,Female,"High Income"
8026,Adult,Male,"Upper Middle Income"
8027,Adult,Male,"Upper Middle Income"
8028,Adult,Female,"Low Income"
8029,Adult,Female,"High Income"
8030,Senior,Male,"Middle Income"
8031,Adult,Male,"Upper Middle Income"
8032,Adult,Female,"Lower Middle Income"
8033,Adult,Female,"Upper Middle Income"
8034,Adult,Male,"High Income"
8035,Adult,Female,"High Income"
8036,Adult,Male,"Upper Middle Income"
8037,Senior,Male,"High Income"
8038,Adult,Female,"High Income"
8039,Senior,Male,"High Income"
8040,Youth,Female,"Middle Income"
8041,Adult,Female,"Low Income"
8042,Senior,Female,"High Income"
8043,Youth,Male,"Lower Middle Income"
8044,Adult,Male,"High Income"
8045,Adult,Male,"High Income"
8046,Adult,Female,"Upper Middle Income"
8047,Adult,Female,"Upper Middle Income"
8048,Youth,Female,"Upper Middle Income"
8049,Adult,Female,"High Income"
8050,Adult,Female,"Lower Middle Income"
8051,Senior,Female,"Upper Middle Income"
8052,Adult,Male,"Middle Income"
8053,Adult,Male,"Middle Income"
8054,Youth,Female,"Low Income"
8055,Adult,Male,"Lower Middle Income"
8056,Adult,Male,"Lower Middle Income"
8057,Adult,Female,"Low Income"
8058,Youth,Female,"Upper Middle Income"
8059,Adult,Male,"Low Income"
8060,Adult,Female,"High Income"
8061,Adult,Female,"Upper Middle Income"
8062,Adult,Female,"High Income"
8063,Adult,Male,"Upper Middle Income"
8064,Adult,Male,"High Income"
8065,Adult,Female,"Upper Middle Income"
8066,Senior,Female,"Lower Middle Income"
8067,Adult,Female,"High Income"
8068,Youth,Female,"Upper Middle Income"
8069,Youth,Male,"Upper Middle Income"
8070,Youth,Male,"Lower Middle Income"
8071,Adult,Female,"Middle Income"
8072,Youth,Male,"Low Income"
8073,Adult,Male,"Middle Income"
8074,Adult,Female,"High Income"
8075,Adult,Male,"Upper Middle Income"
8076,Adult,Male,"Lower Middle Income"
8077,Adult,Female,"Upper Middle Income"
8078,Adult,Male,"Middle Income"
8079,Adult,Male,"Lower Middle Income"
8080,Adult,Female,"Upper Middle Income"
8081,Adult,Female,"Upper Middle Income"
8082,Senior,Male,"Upper Middle Income"
8083,Adult,Female,"Lower Middle Income"
8084,Adult,Male,"High Income"
8085,Adult,Female,"Middle Income"
8086,Adult,Female,"High Income"
8087,Adult,Female,"Upper Middle Income"
8088,Adult,Female,"Upper Middle Income"
8089,Adult,Male,"Upper Middle Income"
8090,Adult,Male,"Middle Income"
8091,Adult,Female,"Lower Middle Income"
8092,Adult,Male,"Low Income"
8093,Adult,Male,"Low Income"
8094,Adult,Female,"Low Income"
8095,Adult,Female,"High Income"
8096,Adult,Female,"Upper Middle Income"
8097,Adult,Male,"Low Income"
8098,Adult,Female,"High Income"
8099,Adult,Male,"Middle Income"
8100,Adult,Male,"Upper Middle Income"
8101,Youth,Female,"High Income"
8102,Adult,Male,"Middle Income"
8103,Youth,Male,"Upper Middle Income"
8104,Adult,Female,"Lower Middle Income"
8105,Adult,Male,"Upper Middle Income"
8106,Youth,Male,"Upper Middle Income"
8107,Adult,Male,"Low Income"
8108,Adult,Female,"Middle Income"
8109,Adult,Female,"Upper Middle Income"
8110,Adult,Female,"Lower Middle Income"
8111,Senior,Female,"Low Income"
8112,Adult,Female,"Upper Middle Income"
8113,Adult,Female,"Middle Income"
8114,Adult,Male,"High Income"
8115,Adult,Male,"Upper Middle Income"
8116,Adult,Female,"Upper Middle Income"
8117,Youth,Male,"Lower Middle Income"
8118,Adult,Female,"Lower Middle Income"
8119,Adult,Female,"High Income"
8120,Adult,Female,"Upper Middle Income"
8121,Adult,Female,"Lower Middle Income"
8122,Youth,Female,"High Income"
8123,Adult,Male,"Upper Middle Income"
8124,Adult,Female,"Upper Middle Income"
8125,Adult,Female,"Lower Middle Income"
8126,Adult,Female,"Lower Middle Income"
8127,Adult,Male,"Upper Middle Income"
8128,Senior,Male,"Lower Middle Income"
8129,Adult,Male,"Lower Middle Income"
8130,Adult,Female,"Upper Middle Income"
8131,Adult,Female,"High Income"
8132,Adult,Male,"Upper Middle Income"
8133,Adult,Female,"Middle Income"
8134,Adult,Male,"High Income"
8135,Adult,Female,"Upper Middle Income"
8136,Adult,Female,"Middle Income"
8137,Adult,Male,"Middle Income"
8138,Youth,Female,"Upper Middle Income"
8139,Adult,Female,"Middle Income"
8140,Adult,Female,"Lower Middle Income"
8141,Adult,Female,"Upper Middle Income"
8142,Adult,Female,"Upper Middle Income"
8143,Youth,Male,"Lower Middle Income"
8144,Youth,Female,"Upper Middle Income"
8145,Youth,Female,"Upper Middle Income"
8146,Adult,Female,"High Income"
8147,Adult,Male,"High Income"
8148,Adult,Male,"Middle Income"
8149,Adult,Male,"Lower Middle Income"
8150,Adult,Male,"Upper Middle Income"
8151,Adult,Male,"Lower Middle Income"
8152,Adult,Female,"Lower Middle Income"
8153,Adult,Male,"Middle Income"
8154,Adult,Male,"Middle Income"
8155,Adult,Female,"Lower Middle Income"
8156,Senior,Male,"Middle Income"
8157,Adult,Male,"Lower Middle Income"
8158,Adult,Male,"Lower Middle Income"
8159,Senior,Male,"Lower Middle Income"
8160,Senior,Female,"High Income"
8161,Adult,Male,"High Income"
8162,Youth,Female,"Upper Middle Income"
8163,Adult,Female,"Upper Middle Income"
8164,Adult,Female,"Lower Middle Income"
8165,Adult,Female,"Lower Middle Income"
8166,Adult,Female,"Upper Middle Income"
8167,Adult,Female,"High Income"
8168,Adult,Male,"Lower Middle Income"
8169,Adult,Male,"Low Income"
8170,Adult,Female,"Lower Middle Income"
8171,Adult,Male,"High Income"
8172,Adult,Male,"Lower Middle Income"
8173,Adult,Female,"Lower Middle Income"
8174,Youth,Female,"Low Income"
8175,Senior,Male,"Middle Income"
8176,Adult,Female,"Low Income"
8177,Adult,Male,"Upper Middle Income"
8178,Youth,Female,"Upper Middle Income"
8179,Adult,Male,"Lower Middle Income"
8180,Adult,Male,"Lower Middle Income"
8181,Youth,Female,"Middle Income"
8182,Adult,Female,"Lower Middle Income"
8183,Adult,Female,"Middle Income"
8184,Adult,Female,"High Income"
8185,Adult,Male,"Upper Middle Income"
8186,Adult,Female,"Lower Middle Income"
8187,Adult,Male,"High Income"
8188,Adult,Male,"Low Income"
8189,Adult,Male,"Middle Income"
8190,Adult,Female,"Low Income"
8191,Adult,Female,"High Income"
8192,Adult,Female,"Upper Middle Income"
8193,Youth,Female,"High Income"
8194,Adult,Male,"Upper Middle Income"
8195,Senior,Female,"Upper Middle Income"
8196,Adult,Female,"Upper Middle Income"
8197,Adult,Male,"Upper Middle Income"
8198,Youth,Female,"Lower Middle Income"
8199,Adult,Male,"Lower Middle Income"
8200,Youth,Female,"Middle Income"
8201,Adult,Female,"Upper Middle Income"
8202,Adult,Female,"Lower Middle Income"
8203,Adult,Male,"Upper Middle Income"
8204,Adult,Male,"Upper Middle Income"
8205,Adult,Male,"Low Income"
8206,Senior,Male,"Middle Income"
8207,Adult,Male,"Upper Middle Income"
8208,Adult,Female,"Low Income"
8209,Adult,Female,"Upper Middle Income"
8210,Adult,Female,"High Income"
8211,Adult,Female,"Low Income"
8212,Adult,Male,"Middle Income"
8213,Adult,Female,"Upper Middle Income"
8214,Adult,Male,"Low Income"
8215,Senior,Female,"High Income"
8216,Senior,Female,"Upper Middle Income"
8217,Senior,Female,"Upper Middle Income"
8218,Senior,Male,"Lower Middle Income"
8219,Adult,Female,"High Income"
8220,Adult,Female,"Middle Income"
8221,Youth,Male,"Lower Middle Income"
8222,Youth,Female,"High Income"
8223,Senior,Female,"Upper Middle Income"
8224,Adult,Female,"Middle Income"
8225,Senior,Male,"Middle Income"
8226,Adult,Male,"Upper Middle Income"
8227,Senior,Male,"Upper Middle Income"
8228,Youth,Male,"Middle Income"
8229,Youth,Male,"Upper Middle Income"
8230,Adult,Male,"Middle Income"
8231,Adult,Female,"Middle Income"
8232,Adult,Female,"High Income"
8233,Adult,Male,"Middle Income"
8234,Adult,Male,"Upper Middle Income"
8235,Youth,Female,"Upper Middle Income"
8236,Adult,Male,"Upper Middle Income"
8237,Youth,Female,"Upper Middle Income"
8238,Adult,Female,"Middle Income"
8239,Adult,Female,"Upper Middle Income"
8240,Adult,Female,"High Income"
8241,Youth,Female,"Middle Income"
8242,Adult,Female,"Middle Income"
8243,Youth,Male,"Middle Income"
8244,Adult,Female,"Lower Middle Income"
8245,Adult,Female,"Middle Income"
8246,Adult,Male,"Upper Middle Income"
8247,Adult,Male,"Upper Middle Income"
8248,Youth,Male,"Upper Middle Income"
8249,Senior,Female,"Lower Middle Income"
8250,Adult,Male,"High Income"
8251,Youth,Male,"Low Income"
8252,Adult,Male,"High Income"
8253,Adult,Female,"Upper Middle Income"
8254,Senior,Male,"Low Income"
8255,Adult,Female,"Upper Middle Income"
8256,Adult,Female,"Lower Middle Income"
8257,Adult,Female,"Upper Middle Income"
8258,Youth,Female,"High Income"
8259,Adult,Male,"Upper Middle Income"
8260,Adult,Male,"High Income"
8261,Youth,Female,"Upper Middle Income"
8262,Adult,Male,"High Income"
8263,Adult,Male,"Lower Middle Income"
8264,Adult,Female,"Upper Middle Income"
8265,Adult,Male,"Lower Middle Income"
8266,Youth,Female,"Upper Middle Income"
8267,Adult,Male,"High Income"
8268,Adult,Female,"Upper Middle Income"
8269,Adult,Female,"Upper Middle Income"
8270,Youth,Female,"Middle Income"
8271,Senior,Male,"Lower Middle Income"
8272,Adult,Female,"High Income"
8273,Adult,Female,"Middle Income"
8274,Adult,Female,"Middle Income"
8275,Adult,Male,"Upper Middle Income"
8276,Adult,Female,"High Income"
8277,Adult,Female,"Upper Middle Income"
8278,Youth,Female,"High Income"
8279,Adult,Female,"High Income"
8280,Adult,Male,"Upper Middle Income"
8281,Adult,Female,"Upper Middle Income"
8282,Senior,Female,"Upper Middle Income"
8283,Adult,Female,"High Income"
8284,Adult,Female,"Low Income"
8285,Adult,Female,"Lower Middle Income"
8286,Adult,Female,"Low Income"
8287,Adult,Male,"Upper Middle Income"
8288,Youth,Male,"High Income"
8289,Adult,Female,"Lower Middle Income"
8290,Adult,Female,"Middle Income"
8291,Senior,Male,"Middle Income"
8292,Senior,Male,"Lower Middle Income"
8293,Senior,Male,"Lower Middle Income"
8294,Youth,Female,"Upper Middle Income"
8295,Youth,Male,"High Income"
8296,Senior,Female,"High Income"
8297,Adult,Female,"High Income"
8298,Youth,Female,"Middle Income"
8299,Adult,Female,"High Income"
8300,Adult,Female,"Middle Income"
8301,Adult,Male,"Upper Middle Income"
8302,Adult,Female,"Middle Income"
8303,Adult,Female,"Low Income"
8304,Adult,Female,"Upper Middle Income"
8305,Senior,Male,"Middle Income"
8306,Adult,Male,"Upper Middle Income"
8307,Youth,Male,"Middle Income"
8308,Adult,Male,"Middle Income"
8309,Adult,Female,"Upper Middle Income"
8310,Adult,Male,"Upper Middle Income"
8311,Adult,Female,"Middle Income"
8312,Senior,Male,"Lower Middle Income"
8313,Adult,Male,"Lower Middle Income"
8314,Senior,Female,"High Income"
8315,Adult,Male,"High Income"
8316,Adult,Male,"Upper Middle Income"
8317,Adult,Female,"Lower Middle Income"
8318,Adult,Female,"Upper Middle Income"
8319,Adult,Male,"High Income"
8320,Adult,Female,"Middle Income"
8321,Senior,Female,"Upper Middle Income"
8322,Adult,Female,"Upper Middle Income"
8323,Adult,Male,"Middle Income"
8324,Adult,Male,"Low Income"
8325,Adult,Male,"High Income"
8326,Adult,Male,"Upper Middle Income"
8327,Adult,Female,"Lower Middle Income"
8328,Adult,Female,"Middle Income"
8329,Youth,Female,"Upper Middle Income"
8330,Adult,Male,"Lower Middle Income"
8331,Adult,Female,"High Income"
8332,Adult,Male,"High Income"
8333,Adult,Female,"Middle Income"
8334,Adult,Female,"Lower Middle Income"
8335,Youth,Female,"Middle Income"
8336,Adult,Female,"Upper Middle Income"
8337,Adult,Male,"Low Income"
8338,Adult,Female,"High Income"
8339,Senior,Female,"High Income"
8340,Adult,Female,"High Income"
8341,Adult,Female,"Upper Middle Income"
8342,Youth,Female,"High Income"
8343,Youth,Male,"High Income"
8344,Adult,Female,"High Income"
8345,Adult,Male,"Upper Middle Income"
8346,Senior,Female,"Upper Middle Income"
8347,Adult,Female,"High Income"
8348,Senior,Male,"High Income"
8349,Adult,Female,"High Income"
8350,Adult,Male,"Upper Middle Income"
8351,Adult,Female,"High Income"
8352,Adult,Female,"Upper Middle Income"
8353,Adult,Female,"High Income"
8354,Adult,Female,"High Income"
8355,Adult,Female,"Low Income"
8356,Senior,Male,"High Income"
8357,Adult,Female,"High Income"
8358,Adult,Female,"Upper Middle Income"
8359,Adult,Male,"Lower Middle Income"
8360,Adult,Male,"Middle Income"
8361,Adult,Male,"High Income"
8362,Adult,Male,"High Income"
8363,Adult,Female,"Lower Middle Income"
8364,Adult,Female,"Lower Middle Income"
8365,Adult,Female,"Middle Income"
8366,Adult,Male,"High Income"
8367,Youth,Male,"Low Income"
8368,Senior,Male,"Low Income"
8369,Adult,Female,"Middle Income"
8370,Youth,Female,"High Income"
8371,Adult,Female,"Low Income"
8372,Senior,Female,"Upper Middle Income"
8373,Adult,Female,"High Income"
8374,Adult,Female,"Middle Income"
8375,Adult,Female,"Upper Middle Income"
8376,Adult,Female,"Upper Middle Income"
8377,Adult,Male,"Upper Middle Income"
8378,Adult,Female,"Upper Middle Income"
8379,Youth,Female,"Middle Income"
8380,Adult,Female,"Middle Income"
8381,Adult,Male,"Upper Middle Income"
8382,Adult,Female,"Upper Middle Income"
8383,Adult,Female,"High Income"
8384,Adult,Male,"Low Income"
8385,Senior,Female,"Low Income"
8386,Adult,Male,"Middle Income"
8387,Adult,Male,"High Income"
8388,Adult,Male,"Low Income"
8389,Adult,Male,"Middle Income"
8390,Senior,Female,"Upper Middle Income"
8391,Adult,Male,"Low Income"
8392,Adult,Male,"Upper Middle Income"
8393,Adult,Male,"Middle Income"
8394,Adult,Male,"Lower Middle Income"
8395,Youth,Male,"Low Income"
8396,Adult,Female,"High Income"
8397,Adult,Male,"Upper Middle Income"
8398,Adult,Female,"High Income"
8399,Adult,Female,"High Income"
8400,Youth,Male,"Upper Middle Income"
8401,Adult,Female,"Upper Middle Income"
8402,Adult,Male,"Upper Middle Income"
8403,Adult,Male,"Low Income"
8404,Senior,Male,"Low Income"
8405,Adult,Male,"Lower Middle Income"
8406,Adult,Female,"Upper Middle Income"
8407,Adult,Female,"Upper Middle Income"
8408,Adult,Male,"High Income"
8409,Youth,Female,"Middle Income"
8410,Adult,Male,"High Income"
8411,Adult,Female,"High Income"
8412,Youth,Male,"Upper Middle Income"
8413,Adult,Male,"Lower Middle Income"
8414,Adult,Male,"Lower Middle Income"
8415,Adult,Male,"Middle Income"
8416,Adult,Female,"High Income"
8417,Adult,Female,"High Income"
8418,Adult,Male,"Upper Middle Income"
8419,Senior,Female,"Upper Middle Income"
8420,Adult,Female,"Lower Middle Income"
8421,Adult,Female,"Upper Middle Income"
8422,Adult,Male,"Upper Middle Income"
8423,Adult,Female,"Low Income"
8424,Adult,Female,"Low Income"
8425,Senior,Female,"Low Income"
8426,Adult,Male,"Upper Middle Income"
8427,Adult,Male,"Middle Income"
8428,Adult,Male,"High Income"
8429,Youth,Female,"High Income"
8430,Adult,Female,"Middle Income"
8431,Adult,Male,"Upper Middle Income"
8432,Adult,Female,"Low Income"
8433,Youth,Female,"Upper Middle Income"
8434,Adult,Female,"Upper Middle Income"
8435,Adult,Female,"Middle Income"
8436,Adult,Female,"High Income"
8437,Adult,Male,"Upper Middle Income"
8438,Adult,Female,"Lower Middle Income"
8439,Senior,Male,"Middle Income"
8440,Adult,Male,"Low Income"
8441,Adult,Male,"Middle Income"
8442,Adult,Male,"High Income"
8443,Adult,Male,"High Income"
8444,Youth,Male,"Upper Middle Income"
8445,Adult,Female,"Upper Middle Income"
8446,Adult,Male,"Upper Middle Income"
8447,Adult,Female,"Low Income"
8448,Senior,Male,"Middle Income"
8449,Adult,Female,"High Income"
8450,Adult,Female,"Upper Middle Income"
8451,Adult,Male,"Low Income"
8452,Senior,Female,"Middle Income"
8453,Senior,Female,"Upper Middle Income"
8454,Adult,Female,"Middle Income"
8455,Youth,Female,"Middle Income"
8456,Adult,Female,"High Income"
8457,Adult,Female,"Upper Middle Income"
8458,Adult,Female,"Upper Middle Income"
8459,Adult,Male,"Upper Middle Income"
8460,Adult,Female,"Middle Income"
8461,Adult,Male,"Middle Income"
8462,Adult,Female,"High Income"
8463,Youth,Male,"Upper Middle Income"
8464,Adult,Female,"High Income"
8465,Youth,Female,"Middle Income"
8466,Youth,Male,"Upper Middle Income"
8467,Adult,Male,"Upper Middle Income"
8468,Adult,Female,"Middle Income"
8469,Senior,Female,"High Income"
8470,Adult,Female,"Middle Income"
8471,Adult,Male,"High Income"
8472,Adult,Female,"Low Income"
8473,Adult,Female,"Low Income"
8474,Senior,Male,"Lower Middle Income"
8475,Adult,Male,"Upper Middle Income"
8476,Adult,Female,"Upper Middle Income"
8477,Senior,Male,"High Income"
8478,Adult,Male,"Upper Middle Income"
8479,Adult,Female,"Middle Income"
8480,Adult,Male,"Lower Middle Income"
8481,Adult,Female,"Low Income"
8482,Adult,Male,"Lower Middle Income"
8483,Adult,Female,"Low Income"
8484,Adult,Female,"Lower Middle Income"
8485,Adult,Male,"Upper Middle Income"
8486,Adult,Female,"Upper Middle Income"
8487,Adult,Male,"Lower Middle Income"
8488,Adult,Female,"Upper Middle Income"
8489,Adult,Female,"Upper Middle Income"
8490,Youth,Female,"Middle Income"
8491,Youth,Female,"Middle Income"
8492,Adult,Male,"High Income"
8493,Adult,Female,"High Income"
8494,Adult,Male,"Middle Income"
8495,Senior,Male,"Low Income"
8496,Adult,Female,"High Income"
8497,Adult,Male,"Lower Middle Income"
8498,Adult,Female,"High Income"
8499,Youth,Male,"Lower Middle Income"
8500,Adult,Female,"Upper Middle Income"
8501,Adult,Male,"Lower Middle Income"
8502,Youth,Male,"Upper Middle Income"
8503,Adult,Female,"Middle Income"
8504,Adult,Female,"Middle Income"
8505,Youth,Female,"Upper Middle Income"
8506,Adult,Male,"Upper Middle Income"
8507,Adult,Male,"Upper Middle Income"
8508,Adult,Female,"Middle Income"
8509,Senior,Female,"Lower Middle Income"
8510,Adult,Male,"Lower Middle Income"
8511,Adult,Female,"High Income"
8512,Adult,Female,"High Income"
8513,Adult,Female,"Lower Middle Income"
8514,Adult,Female,"High Income"
8515,Youth,Female,"Upper Middle Income"
8516,Adult,Male,"High Income"
8517,Senior,Male,"Upper Middle Income"
8518,Adult,Female,"Upper Middle Income"
8519,Adult,Female,"Lower Middle Income"
8520,Senior,Female,"Lower Middle Income"
8521,Youth,Male,"Middle Income"
8522,Adult,Female,"Lower Middle Income"
8523,Adult,Female,"Upper Middle Income"
8524,Adult,Male,"Upper Middle Income"
8525,Adult,Male,"Low Income"
8526,Senior,Female,"Lower Middle Income"
8527,Adult,Female,"Low Income"
8528,Adult,Male,"Low Income"
8529,Adult,Female,"Upper Middle Income"
8530,Adult,Female,"Low Income"
8531,Adult,Female,"Low Income"
8532,Adult,Male,"Upper Middle Income"
8533,Adult,Female,"Upper Middle Income"
8534,Adult,Male,"Low Income"
8535,Youth,Female,"Middle Income"
8536,Adult,Male,"Lower Middle Income"
8537,Adult,Female,"Upper Middle Income"
8538,Senior,Male,"High Income"
8539,Adult,Female,"Upper Middle Income"
8540,Adult,Female,"Lower Middle Income"
8541,Adult,Male,"Middle Income"
8542,Adult,Female,"Upper Middle Income"
8543,Youth,Male,"Upper Middle Income"
8544,Youth,Male,"High Income"
8545,Adult,Female,"High Income"
8546,Youth,Male,"Middle Income"
8547,Adult,Female,"Upper Middle Income"
8548,Adult,Female,"Upper Middle Income"
8549,Adult,Female,"Low Income"
8550,Youth,Male,"Middle Income"
8551,Senior,Female,"Upper Middle Income"
8552,Adult,Female,"Upper Middle Income"
8553,Adult,Male,"Lower Middle Income"
8554,Adult,Female,"Middle Income"
8555,Adult,Male,"Lower Middle Income"
8556,Adult,Female,"Middle Income"
8557,Adult,Male,"Upper Middle Income"
8558,Senior,Female,"Middle Income"
8559,Adult,Female,"Upper Middle Income"
8560,Adult,Male,"Upper Middle Income"
8561,Adult,Male,"Upper Middle Income"
8562,Senior,Female,"Upper Middle Income"
8563,Adult,Female,"High Income"
8564,Adult,Male,"Upper Middle Income"
8565,Adult,Male,"Lower Middle Income"
8566,Youth,Female,"Upper Middle Income"
8567,Youth,Female,"Upper Middle Income"
8568,Adult,Female,"Upper Middle Income"
8569,Adult,Female,"High Income"
8570,Adult,Male,"High Income"
8571,Adult,Female,"Middle Income"
8572,Adult,Female,"Middle Income"
8573,Adult,Male,"Upper Middle Income"
8574,Adult,Female,"High Income"
8575,Adult,Female,"High Income"
8576,Adult,Male,"Middle Income"
8577,Adult,Female,"Upper Middle Income"
8578,Youth,Male,"Middle Income"
8579,Senior,Female,"Middle Income"
8580,Senior,Female,"Lower Middle Income"
8581,Adult,Male,"Low Income"
8582,Adult,Male,"High Income"
8583,Adult,Female,"High Income"
8584,Adult,Female,"High Income"
8585,Adult,Female,"Upper Middle Income"
8586,Adult,Female,"High Income"
8587,Adult,Female,"Middle Income"
8588,Adult,Female,"Middle Income"
8589,Adult,Female,"Upper Middle Income"
8590,Adult,Male,"Upper Middle Income"
8591,Senior,Female,"Middle Income"
8592,Adult,Female,"Upper Middle Income"
8593,Youth,Female,"Middle Income"
8594,Youth,Female,"Lower Middle Income"
8595,Senior,Female,"High Income"
8596,Adult,Female,"Upper Middle Income"
8597,Adult,Male,"Lower Middle Income"
8598,Adult,Male,"High Income"
8599,Adult,Female,"Middle Income"
8600,Adult,Male,"Upper Middle Income"
8601,Adult,Male,"High Income"
8602,Adult,Male,"Middle Income"
8603,Adult,Female,"Middle Income"
8604,Adult,Female,"High Income"
8605,Adult,Female,"Lower Middle Income"
8606,Adult,Female,"Upper Middle Income"
8607,Adult,Male,"High Income"
8608,Senior,Female,"High Income"
8609,Adult,Female,"Lower Middle Income"
8610,Senior,Female,"High Income"
8611,Adult,Male,"High Income"
8612,Adult,Male,"Upper Middle Income"
8613,Senior,Male,"Middle Income"
8614,Adult,Female,"Lower Middle Income"
8615,Adult,Female,"Upper Middle Income"
8616,Adult,Female,"Upper Middle Income"
8617,Adult,Female,"Upper Middle Income"
8618,Adult,Female,"Middle Income"
8619,Adult,Female,"Middle Income"
8620,Adult,Male,"Lower Middle Income"
8621,Senior,Male,"Lower Middle Income"
8622,Adult,Female,"High Income"
8623,Adult,Male,"Upper Middle Income"
8624,Adult,Female,"Low Income"
8625,Adult,Female,"High Income"
8626,Adult,Female,"Lower Middle Income"
8627,Adult,Female,"Lower Middle Income"
8628,Adult,Female,"Upper Middle Income"
8629,Senior,Female,"Upper Middle Income"
8630,Adult,Male,"Middle Income"
8631,Senior,Male,"Upper Middle Income"
8632,Adult,Male,"Lower Middle Income"
8633,Adult,Female,"Lower Middle Income"
8634,Adult,Male,"Lower Middle Income"
8635,Adult,Male,"High Income"
8636,Senior,Male,"Middle Income"
8637,Adult,Female,"High Income"
8638,Adult,Female,"Low Income"
8639,Adult,Female,"Upper Middle Income"
8640,Adult,Female,"Upper Middle Income"
8641,Adult,Female,"Upper Middle Income"
8642,Adult,Female,"Upper Middle Income"
8643,Youth,Female,"Upper Middle Income"
8644,Adult,Female,"Upper Middle Income"
8645,Adult,Male,"Low Income"
8646,Adult,Female,"Upper Middle Income"
8647,Senior,Male,"Upper Middle Income"
8648,Adult,Female,"High Income"
8649,Adult,Female,"Lower Middle Income"
8650,Adult,Male,"High Income"
8651,Youth,Male,"Upper Middle Income"
8652,Adult,Female,"High Income"
8653,Adult,Male,"Upper Middle Income"
8654,Adult,Female,"Middle Income"
8655,Senior,Female,"High Income"
8656,Adult,Female,"Upper Middle Income"
8657,Adult,Female,"Upper Middle Income"
8658,Adult,Female,"Middle Income"
8659,Adult,Female,"Lower Middle Income"
8660,Adult,Female,"Upper Middle Income"
8661,Adult,Female,"Upper Middle Income"
8662,Adult,Female,"Middle Income"
8663,Adult,Female,"Upper Middle Income"
8664,Adult,Male,"Upper Middle Income"
8665,Adult,Female,"Middle Income"
8666,Youth,Female,"Lower Middle Income"
8667,Adult,Male,"Lower Middle Income"
8668,Adult,Male,"Middle Income"
8669,Adult,Female,"Middle Income"
8670,Adult,Male,"High Income"
8671,Adult,Male,"Low Income"
8672,Adult,Female,"Upper Middle Income"
8673,Adult,Female,"Middle Income"
8674,Adult,Male,"Upper Middle Income"
8675,Adult,Female,"Lower Middle Income"
8676,Adult,Female,"Upper Middle Income"
8677,Adult,Female,"Upper Middle Income"
8678,Adult,Male,"High Income"
8679,Adult,Female,"Upper Middle Income"
8680,Youth,Female,"Lower Middle Income"
8681,Adult,Female,"Upper Middle Income"
8682,Adult,Female,"Upper Middle Income"
8683,Adult,Female,"High Income"
8684,Adult,Male,"Lower Middle Income"
8685,Adult,Female,"High Income"
8686,Senior,Male,"Upper Middle Income"
8687,Adult,Female,"Upper Middle Income"
8688,Youth,Female,"Low Income"
8689,Youth,Male,"High Income"
8690,Adult,Female,"High Income"
8691,Adult,Male,"Low Income"
8692,Adult,Male,"Upper Middle Income"
8693,Adult,Female,"Upper Middle Income"
8694,Adult,Male,"Upper Middle Income"
8695,Senior,Female,"Middle Income"
8696,Adult,Male,"Upper Middle Income"
8697,Youth,Female,"Middle Income"
8698,Adult,Female,"Upper Middle Income"
8699,Senior,Female,"Middle Income"
8700,Adult,Female,"Upper Middle Income"
8701,Youth,Female,"Lower Middle Income"
8702,Adult,Male,"Middle Income"
8703,Adult,Male,"High Income"
8704,Youth,Female,"Low Income"
8705,Adult,Male,"Middle Income"
8706,Youth,Female,"Upper Middle Income"
8707,Adult,Male,"Upper Middle Income"
8708,Adult,Female,"Middle Income"
8709,Adult,Female,"Upper Middle Income"
8710,Adult,Male,"Middle Income"
8711,Adult,Female,"High Income"
8712,Adult,Male,"Upper Middle Income"
8713,Adult,Female,"Upper Middle Income"
8714,Adult,Male,"Lower Middle Income"
8715,Adult,Female,"High Income"
8716,Youth,Female,"Upper Middle Income"
8717,Adult,Male,"Upper Middle Income"
8718,Adult,Male,"Middle Income"
8719,Senior,Female,"High Income"
8720,Adult,Male,"Upper Middle Income"
8721,Adult,Female,"Lower Middle Income"
8722,Adult,Female,"High Income"
8723,Adult,Male,"High Income"
8724,Adult,Female,"Lower Middle Income"
8725,Adult,Female,"Upper Middle Income"
8726,Youth,Female,"Lower Middle Income"
8727,Youth,Female,"Upper Middle Income"
8728,Adult,Male,"Lower Middle Income"
8729,Adult,Male,"High Income"
8730,Senior,Female,"Upper Middle Income"
8731,Adult,Female,"Upper Middle Income"
8732,Adult,Male,"Upper Middle Income"
8733,Adult,Female,"Upper Middle Income"
8734,Youth,Female,"Upper Middle Income"
8735,Adult,Male,"Upper Middle Income"
8736,Adult,Female,"High Income"
8737,Adult,Male,"Upper Middle Income"
8738,Adult,Female,"Low Income"
8739,Adult,Male,"Upper Middle Income"
8740,Adult,Female,"Lower Middle Income"
8741,Adult,Male,"Upper Middle Income"
8742,Adult,Female,"Middle Income"
8743,Adult,Female,"High Income"
8744,Adult,Male,"High Income"
8745,Adult,Female,"Upper Middle Income"
8746,Adult,Female,"Upper Middle Income"
8747,Adult,Male,"High Income"
8748,Adult,Female,"Middle Income"
8749,Adult,Male,"Upper Middle Income"
8750,Adult,Female,"Low Income"
8751,Adult,Female,"High Income"
8752,Senior,Female,"Upper Middle Income"
8753,Adult,Male,"Lower Middle Income"
8754,Adult,Female,"Upper Middle Income"
8755,Adult,Female,"Upper Middle Income"
8756,Youth,Female,"High Income"
8757,Youth,Female,"Middle Income"
8758,Adult,Female,"Lower Middle Income"
8759,Adult,Male,"Middle Income"
8760,Adult,Male,"Low Income"
8761,Adult,Male,"Middle Income"
8762,Adult,Male,"Low Income"
8763,Adult,Male,"Lower Middle Income"
8764,Adult,Male,"Upper Middle Income"
8765,Adult,Male,"Upper Middle Income"
8766,Adult,Male,"Upper Middle Income"
8767,Adult,Male,"High Income"
8768,Adult,Male,"Upper Middle Income"
8769,Adult,Male,"Low Income"
8770,Adult,Female,"High Income"
8771,Adult,Female,"High Income"
8772,Adult,Male,"Lower Middle Income"
8773,Adult,Female,"Upper Middle Income"
8774,Adult,Male,"Upper Middle Income"
8775,Senior,Male,"Upper Middle Income"
8776,Adult,Male,"Middle Income"
8777,Adult,Female,"Lower Middle Income"
8778,Adult,Female,"High Income"
8779,Adult,Male,"Upper Middle Income"
8780,Adult,Male,"Low Income"
8781,Adult,Female,"Middle Income"
8782,Adult,Male,"High Income"
8783,Adult,Male,"Upper Middle Income"
8784,Adult,Female,"High Income"
8785,Adult,Female,"High Income"
8786,Adult,Female,"Middle Income"
8787,Adult,Female,"Low Income"
8788,Senior,Male,"Middle Income"
8789,Adult,Male,"Upper Middle Income"
8790,Adult,Female,"Upper Middle Income"
8791,Adult,Male,"Upper Middle Income"
8792,Adult,Female,"Lower Middle Income"
8793,Youth,Female,"Upper Middle Income"
8794,Adult,Female,"High Income"
8795,Senior,Male,"Lower Middle Income"
8796,Youth,Female,"Middle Income"
8797,Adult,Female,"Upper Middle Income"
8798,Adult,Female,"Middle Income"
8799,Youth,Male,"Lower Middle Income"
8800,Adult,Male,"Upper Middle Income"
8801,Adult,Male,"Middle Income"
8802,Senior,Male,"Upper Middle Income"
8803,Adult,Male,"High Income"
8804,Youth,Female,"Lower Middle Income"
8805,Adult,Female,"Middle Income"
8806,Youth,Male,"High Income"
8807,Adult,Female,"High Income"
8808,Adult,Male,"High Income"
8809,Adult,Female,"Upper Middle Income"
8810,Senior,Female,"Upper Middle Income"
8811,Adult,Female,"Upper Middle Income"
8812,Adult,Female,"Upper Middle Income"
8813,Adult,Male,"Middle Income"
8814,Adult,Male,"Upper Middle Income"
8815,Adult,Female,"Lower Middle Income"
8816,Adult,Female,"Upper Middle Income"
8817,Senior,Male,"Low Income"
8818,Adult,Male,"Middle Income"
8819,Adult,Female,"Middle Income"
8820,Adult,Male,"Middle Income"
8821,Adult,Female,"Lower Middle Income"
8822,Adult,Female,"Upper Middle Income"
8823,Youth,Male,"Lower Middle Income"
8824,Adult,Male,"High Income"
8825,Senior,Female,"Low Income"
8826,Youth,Female,"Middle Income"
8827,Adult,Female,"Upper Middle Income"
8828,Adult,Male,"Upper Middle Income"
8829,Youth,Male,"Upper Middle Income"
8830,Adult,Female,"High Income"
8831,Youth,Female,"Low Income"
8832,Adult,Male,"Upper Middle Income"
8833,Youth,Female,"Lower Middle Income"
8834,Adult,Male,"High Income"
8835,Adult,Male,"High Income"
8836,Adult,Male,"Low Income"
8837,Adult,Male,"Upper Middle Income"
8838,Adult,Female,"Upper Middle Income"
8839,Adult,Female,"Upper Middle Income"
8840,Adult,Female,"Lower Middle Income"
8841,Adult,Female,"Middle Income"
8842,Adult,Male,"Low Income"
8843,Adult,Male,"High Income"
8844,Adult,Male,"Upper Middle Income"
8845,Youth,Male,"Middle Income"
8846,Senior,Female,"Upper Middle Income"
8847,Adult,Female,"Low Income"
8848,Adult,Female,"Middle Income"
8849,Youth,Male,"High Income"
8850,Youth,Male,"Upper Middle Income"
8851,Senior,Female,"High Income"
8852,Adult,Male,"Upper Middle Income"
8853,Adult,Female,"Middle Income"
8854,Adult,Female,"Upper Middle Income"
8855,Adult,Male,"High Income"
8856,Adult,Female,"Upper Middle Income"
8857,Adult,Female,"Low Income"
8858,Adult,Male,"Low Income"
8859,Adult,Female,"High Income"
8860,Adult,Male,"Upper Middle Income"
8861,Youth,Male,"Upper Middle Income"
8862,Senior,Female,"Upper Middle Income"
8863,Adult,Female,"Upper Middle Income"
8864,Youth,Male,"Lower Middle Income"
8865,Adult,Male,"Lower Middle Income"
8866,Youth,Female,"Middle Income"
8867,Adult,Female,"Middle Income"
8868,Adult,Female,"High Income"
8869,Adult,Male,"Lower Middle Income"
8870,Senior,Female,"High Income"
8871,Adult,Male,"Middle Income"
8872,Adult,Female,"High Income"
8873,Adult,Male,"Lower Middle Income"
8874,Adult,Female,"Upper Middle Income"
8875,Adult,Male,"Upper Middle Income"
8876,Adult,Female,"High Income"
8877,Youth,Male,"Low Income"
8878,Adult,Male,"Lower Middle Income"
8879,Senior,Female,"Middle Income"
8880,Adult,Female,"High Income"
8881,Adult,Female,"Middle Income"
8882,Adult,Male,"Lower Middle Income"
8883,Adult,Female,"Low Income"
8884,Senior,Female,"Lower Middle Income"
8885,Adult,Male,"Lower Middle Income"
8886,Adult,Male,"Lower Middle Income"
8887,Adult,Female,"High Income"
8888,Adult,Female,"High Income"
8889,Adult,Female,"High Income"
8890,Senior,Female,"High Income"
8891,Adult,Female,"Lower Middle Income"
8892,Senior,Male,"Middle Income"
8893,Adult,Female,"Lower Middle Income"
8894,Adult,Female,"High Income"
8895,Adult,Male,"Lower Middle Income"
8896,Adult,Female,"Upper Middle Income"
8897,Adult,Male,"Middle Income"
8898,Adult,Female,"Low Income"
8899,Senior,Male,"Upper Middle Income"
8900,Adult,Male,"Lower Middle Income"
8901,Youth,Male,"Lower Middle Income"
8902,Adult,Female,"Lower Middle Income"
8903,Youth,Male,"Upper Middle Income"
8904,Adult,Female,"Upper Middle Income"
8905,Adult,Female,"Upper Middle Income"
8906,Adult,Female,"Middle Income"
8907,Adult,Male,"Upper Middle Income"
8908,Adult,Female,"Lower Middle Income"
8909,Adult,Male,"High Income"
8910,Youth,Female,"High Income"
8911,Adult,Male,"Upper Middle Income"
8912,Youth,Female,"Upper Middle Income"
8913,Youth,Female,"High Income"
8914,Adult,Female,"Lower Middle Income"
8915,Adult,Female,"High Income"
8916,Adult,Male,"Middle Income"
8917,Senior,Male,"Upper Middle Income"
8918,Adult,Female,"High Income"
8919,Senior,Female,"Upper Middle Income"
8920,Adult,Male,"Upper Middle Income"
8921,Adult,Female,"High Income"
8922,Adult,Female,"Upper Middle Income"
8923,Adult,Female,"Lower Middle Income"
8924,Adult,Male,"Upper Middle Income"
8925,Adult,Male,"Upper Middle Income"
8926,Adult,Male,"Lower Middle Income"
8927,Youth,Female,"Upper Middle Income"
8928,Adult,Female,"High Income"
8929,Youth,Female,"High Income"
8930,Adult,Female,"High Income"
8931,Youth,Female,"Middle Income"
8932,Adult,Female,"Middle Income"
8933,Youth,Female,"Upper Middle Income"
8934,Adult,Male,"Middle Income"
8935,Adult,Female,"Upper Middle Income"
8936,Adult,Female,"High Income"
8937,Senior,Male,"Middle Income"
8938,Senior,Male,"High Income"
8939,Adult,Male,"Upper Middle Income"
8940,Adult,Female,"Lower Middle Income"
8941,Youth,Female,"Middle Income"
8942,Adult,Female,"High Income"
8943,Adult,Female,"Upper Middle Income"
8944,Adult,Male,"Upper Middle Income"
8945,Adult,Male,"Low Income"
8946,Adult,Male,"Upper Middle Income"
8947,Youth,Female,"Low Income"
8948,Youth,Male,"Low Income"
8949,Youth,Female,"Low Income"
8950,Adult,Female,"Middle Income"
8951,Adult,Female,"Upper Middle Income"
8952,Adult,Male,"High Income"
8953,Adult,Female,"Upper Middle Income"
8954,Adult,Female,"Upper Middle Income"
8955,Senior,Male,"High Income"
8956,Adult,Female,"Middle Income"
8957,Adult,Female,"High Income"
8958,Adult,Male,"High Income"
8959,Adult,Female,"Middle Income"
8960,Adult,Male,"Low Income"
8961,Adult,Female,"Low Income"
8962,Adult,Male,"Low Income"
8963,Adult,Female,"High Income"
8964,Adult,Male,"Lower Middle Income"
8965,Adult,Female,"Lower Middle Income"
8966,Adult,Female,"High Income"
8967,Senior,Female,"Middle Income"
8968,Adult,Female,"Upper Middle Income"
8969,Adult,Female,"Low Income"
8970,Adult,Male,"Lower Middle Income"
8971,Youth,Male,"Upper Middle Income"
8972,Adult,Female,"Upper Middle Income"
8973,Senior,Male,"Upper Middle Income"
8974,Adult,Male,"High Income"
8975,Senior,Female,"Upper Middle Income"
8976,Adult,Male,"High Income"
8977,Adult,Male,"Lower Middle Income"
8978,Adult,Female,"Upper Middle Income"
8979,Adult,Female,"High Income"
8980,Adult,Female,"Lower Middle Income"
8981,Adult,Female,"Lower Middle Income"
8982,Adult,Female,"Middle Income"
8983,Adult,Female,"Upper Middle Income"
8984,Adult,Male,"Low Income"
8985,Youth,Male,"Upper Middle Income"
8986,Adult,Female,"Lower Middle Income"
8987,Adult,Female,"Middle Income"
8988,Adult,Female,"Lower Middle Income"
8989,Senior,Male,"Middle Income"
8990,Youth,Male,"Upper Middle Income"
8991,Youth,Female,"Lower Middle Income"
8992,Adult,Male,"High Income"
8993,Adult,Female,"Upper Middle Income"
8994,Adult,Male,"High Income"
8995,Adult,Male,"Middle Income"
8996,Adult,Female,"High Income"
8997,Adult,Female,"High Income"
8998,Adult,Male,"High Income"
8999,Adult,Male,"High Income"
9000,Adult,Female,"High Income"
9001,Senior,Male,"Lower Middle Income"
9002,Adult,Female,"High Income"
9003,Adult,Female,"Low Income"
9004,Adult,Male,"Middle Income"
9005,Adult,Female,"Lower Middle Income"
9006,Adult,Male,"High Income"
9007,Adult,Female,"Middle Income"
9008,Adult,Male,"Lower Middle Income"
9009,Adult,Female,"High Income"
9010,Adult,Male,"Upper Middle Income"
9011,Adult,Male,"Upper Middle Income"
9012,Adult,Female,"Upper Middle Income"
9013,Adult,Female,"Low Income"
9014,Adult,Female,"Upper Middle Income"
9015,Adult,Male,"High Income"
9016,Adult,Female,"Upper Middle Income"
9017,Adult,Male,"Upper Middle Income"
9018,Youth,Male,"Low Income"
9019,Adult,Female,"Upper Middle Income"
9020,Youth,Male,"Upper Middle Income"
9021,Adult,Female,"Upper Middle Income"
9022,Adult,Female,"Lower Middle Income"
9023,Adult,Female,"Lower Middle Income"
9024,Adult,Female,"Upper Middle Income"
9025,Adult,Female,"Upper Middle Income"
9026,Adult,Male,"High Income"
9027,Adult,Female,"Upper Middle Income"
9028,Adult,Male,"Low Income"
9029,Adult,Male,"Middle Income"
9030,Adult,Female,"Upper Middle Income"
9031,Adult,Female,"Middle Income"
9032,Senior,Female,"Lower Middle Income"
9033,Adult,Male,"Middle Income"
9034,Adult,Female,"Upper Middle Income"
9035,Adult,Male,"Lower Middle Income"
9036,Adult,Female,"Middle Income"
9037,Adult,Female,"Upper Middle Income"
9038,Youth,Female,"Upper Middle Income"
9039,Senior,Male,"Lower Middle Income"
9040,Adult,Male,"Lower Middle Income"
9041,Adult,Male,"Low Income"
9042,Adult,Female,"Upper Middle Income"
9043,Youth,Female,"High Income"
9044,Adult,Male,"High Income"
9045,Adult,Female,"High Income"
9046,Adult,Female,"Middle Income"
9047,Adult,Female,"High Income"
9048,Youth,Female,"Lower Middle Income"
9049,Youth,Female,"High Income"
9050,Senior,Male,"Lower Middle Income"
9051,Youth,Male,"Lower Middle Income"
9052,Adult,Male,"Upper Middle Income"
9053,Adult,Female,"Upper Middle Income"
9054,Adult,Female,"High Income"
9055,Adult,Female,"Low Income"
9056,Adult,Male,"Lower Middle Income"
9057,Adult,Female,"Lower Middle Income"
9058,Youth,Male,"Lower Middle Income"
9059,Senior,Male,"Middle Income"
9060,Adult,Female,"Upper Middle Income"
9061,Adult,Female,"Low Income"
9062,Adult,Female,"High Income"
9063,Adult,Female,"Middle Income"
9064,Adult,Male,"Upper Middle Income"
9065,Adult,Male,"Upper Middle Income"
9066,Youth,Male,"Lower Middle Income"
9067,Youth,Female,"Upper Middle Income"
9068,Adult,Female,"High Income"
9069,Adult,Male,"High Income"
9070,Adult,Female,"High Income"
9071,Youth,Male,"Upper Middle Income"
9072,Adult,Male,"Upper Middle Income"
9073,Youth,Female,"Upper Middle Income"
9074,Senior,Male,"Upper Middle Income"
9075,Adult,Female,"Middle Income"
9076,Adult,Female,"Lower Middle Income"
9077,Senior,Female,"Upper Middle Income"
9078,Youth,Male,"Upper Middle Income"
9079,Adult,Male,"High Income"
9080,Adult,Female,"High Income"
9081,Adult,Male,"Upper Middle Income"
9082,Adult,Male,"Upper Middle Income"
9083,Senior,Female,"Upper Middle Income"
9084,Adult,Female,"Middle Income"
9085,Adult,Female,"High Income"
9086,Youth,Male,"Upper Middle Income"
9087,Youth,Female,"Upper Middle Income"
9088,Adult,Male,"Middle Income"
9089,Youth,Male,"Middle Income"
9090,Adult,Female,"Middle Income"
9091,Adult,Female,"Upper Middle Income"
9092,Adult,Female,"Lower Middle Income"
9093,Adult,Female,"Upper Middle Income"
9094,Senior,Female,"Upper Middle Income"
9095,Adult,Female,"High Income"
9096,Adult,Female,"Low Income"
9097,Youth,Female,"Low Income"
9098,Adult,Female,"Upper Middle Income"
9099,Adult,Female,"Middle Income"
9100,Adult,Female,"Lower Middle Income"
9101,Adult,Male,"Upper Middle Income"
9102,Adult,Female,"High Income"
9103,Adult,Male,"Middle Income"
9104,Adult,Female,"Upper Middle Income"
9105,Adult,Male,"High Income"
9106,Youth,Female,"Lower Middle Income"
9107,Adult,Female,"High Income"
9108,Youth,Male,"Upper Middle Income"
9109,Senior,Male,"High Income"
9110,Adult,Male,"High Income"
9111,Youth,Female,"Middle Income"
9112,Adult,Male,"Middle Income"
9113,Adult,Male,"Middle Income"
9114,Adult,Male,"High Income"
9115,Youth,Female,"Low Income"
9116,Adult,Male,"High Income"
9117,Adult,Female,"High Income"
9118,Youth,Male,"High Income"
9119,Adult,Female,"Upper Middle Income"
9120,Youth,Male,"High Income"
9121,Adult,Female,"High Income"
9122,Adult,Male,"Upper Middle Income"
9123,Adult,Female,"Middle Income"
9124,Adult,Female,"Low Income"
9125,Adult,Female,"Low Income"
9126,Adult,Female,"Upper Middle Income"
9127,Adult,Female,"High Income"
9128,Adult,Female,"Lower Middle Income"
9129,Adult,Female,"Middle Income"
9130,Adult,Male,"Upper Middle Income"
9131,Adult,Female,"Upper Middle Income"
9132,Senior,Female,"High Income"
9133,Youth,Male,"Low Income"
9134,Adult,Male,"Upper Middle Income"
9135,Senior,Male,"Low Income"
9136,Adult,Female,"Upper Middle Income"
9137,Adult,Male,"Lower Middle Income"
9138,Adult,Male,"Middle Income"
9139,Adult,Male,"Lower Middle Income"
9140,Adult,Female,"High Income"
9141,Adult,Female,"Upper Middle Income"
9142,Adult,Male,"Middle Income"
9143,Youth,Male,"Middle Income"
9144,Adult,Male,"High Income"
9145,Adult,Female,"Middle Income"
9146,Adult,Female,"Lower Middle Income"
9147,Adult,Female,"Low Income"
9148,Adult,Male,"Low Income"
9149,Adult,Female,"Upper Middle Income"
9150,Adult,Female,"High Income"
9151,Adult,Male,"Upper Middle Income"
9152,Adult,Male,"Upper Middle Income"
9153,Adult,Male,"Middle Income"
9154,Adult,Female,"Upper Middle Income"
9155,Adult,Female,"Middle Income"
9156,Youth,Female,"Upper Middle Income"
9157,Adult,Female,"Upper Middle Income"
9158,Adult,Male,"Upper Middle Income"
9159,Adult,Female,"Middle Income"
9160,Youth,Female,"High Income"
9161,Adult,Male,"Middle Income"
9162,Adult,Female,"Middle Income"
9163,Adult,Male,"Middle Income"
9164,Adult,Male,"Upper Middle Income"
9165,Adult,Female,"Middle Income"
9166,Adult,Female,"Middle Income"
9167,Adult,Female,"Middle Income"
9168,Adult,Male,"Middle Income"
9169,Adult,Female,"Upper Middle Income"
9170,Adult,Female,"Upper Middle Income"
9171,Adult,Female,"Upper Middle Income"
9172,Senior,Female,"Middle Income"
9173,Adult,Female,"High Income"
9174,Adult,Male,"Upper Middle Income"
9175,Adult,Female,"Lower Middle Income"
9176,Adult,Male,"High Income"
9177,Adult,Male,"Lower Middle Income"
9178,Adult,Female,"High Income"
9179,Adult,Female,"Lower Middle Income"
9180,Adult,Male,"Upper Middle Income"
9181,Adult,Female,"High Income"
9182,Youth,Male,"Upper Middle Income"
9183,Adult,Female,"Upper Middle Income"
9184,Adult,Female,"High Income"
9185,Adult,Female,"Low Income"
9186,Senior,Male,"Middle Income"
9187,Adult,Female,"High Income"
9188,Senior,Female,"High Income"
9189,Youth,Female,"Middle Income"
9190,Youth,Female,"Upper Middle Income"
9191,Youth,Female,"Middle Income"
9192,Youth,Male,"High Income"
9193,Senior,Female,"Upper Middle Income"
9194,Adult,Female,"Lower Middle Income"
9195,Adult,Male,"High Income"
9196,Senior,Female,"High Income"
9197,Adult,Male,"High Income"
9198,Adult,Female,"Upper Middle Income"
9199,Adult,Female,"Upper Middle Income"
9200,Adult,Male,"Lower Middle Income"
9201,Senior,Female,"Upper Middle Income"
9202,Adult,Male,"High Income"
9203,Adult,Male,"High Income"
9204,Adult,Male,"Upper Middle Income"
9205,Adult,Female,"Upper Middle Income"
9206,Adult,Male,"Lower Middle Income"
9207,Adult,Female,"Upper Middle Income"
9208,Adult,Female,"Upper Middle Income"
9209,Adult,Male,"Lower Middle Income"
9210,Adult,Female,"High Income"
9211,Adult,Female,"Lower Middle Income"
9212,Youth,Female,"High Income"
9213,Adult,Male,"High Income"
9214,Youth,Male,"Lower Middle Income"
9215,Adult,Male,"High Income"
9216,Youth,Male,"Upper Middle Income"
9217,Adult,Male,"Upper Middle Income"
9218,Adult,Male,"Middle Income"
9219,Adult,Male,"Middle Income"
9220,Adult,Male,"High Income"
9221,Adult,Male,"Upper Middle Income"
9222,Adult,Male,"Upper Middle Income"
9223,Adult,Female,"High Income"
9224,Adult,Male,"Upper Middle Income"
9225,Adult,Female,"High Income"
9226,Senior,Male,"High Income"
9227,Adult,Female,"Upper Middle Income"
9228,Adult,Male,"High Income"
9229,Adult,Female,"Lower Middle Income"
9230,Youth,Female,"Lower Middle Income"
9231,Adult,Male,"Lower Middle Income"
9232,Adult,Female,"Middle Income"
9233,Youth,Female,"Upper Middle Income"
9234,Adult,Male,"Upper Middle Income"
9235,Adult,Female,"High Income"
9236,Youth,Female,"Middle Income"
9237,Adult,Female,"Upper Middle Income"
9238,Adult,Male,"Middle Income"
9239,Senior,Female,"Middle Income"
9240,Senior,Female,"Lower Middle Income"
9241,Adult,Female,"Upper Middle Income"
9242,Adult,Female,"Upper Middle Income"
9243,Adult,Male,"High Income"
9244,Adult,Female,"Middle Income"
9245,Adult,Male,"Lower Middle Income"
9246,Youth,Male,"Upper Middle Income"
9247,Adult,Female,"Upper Middle Income"
9248,Adult,Female,"Upper Middle Income"
9249,Adult,Male,"Upper Middle Income"
9250,Adult,Female,"Upper Middle Income"
9251,Adult,Male,"Upper Middle Income"
9252,Youth,Female,"Upper Middle Income"
9253,Adult,Female,"Upper Middle Income"
9254,Adult,Male,"Upper Middle Income"
9255,Adult,Male,"Lower Middle Income"
9256,Adult,Male,"Upper Middle Income"
9257,Adult,Female,"Upper Middle Income"
9258,Adult,Male,"Lower Middle Income"
9259,Adult,Male,"Lower Middle Income"
9260,Adult,Female,"Lower Middle Income"
9261,Adult,Female,"Low Income"
9262,Adult,Male,"Middle Income"
9263,Adult,Female,"Lower Middle Income"
9264,Adult,Male,"Lower Middle Income"
9265,Adult,Female,"Middle Income"
9266,Adult,Male,"Middle Income"
9267,Adult,Male,"Upper Middle Income"
9268,Adult,Female,"Upper Middle Income"
9269,Adult,Male,"High Income"
9270,Adult,Female,"Upper Middle Income"
9271,Adult,Male,"Middle Income"
9272,Senior,Male,"Lower Middle Income"
9273,Youth,Female,"Lower Middle Income"
9274,Youth,Female,"Middle Income"
9275,Adult,Female,"Middle Income"
9276,Adult,Male,"Lower Middle Income"
9277,Adult,Male,"Upper Middle Income"
9278,Senior,Male,"Upper Middle Income"
9279,Adult,Male,"Upper Middle Income"
9280,Adult,Female,"Upper Middle Income"
9281,Adult,Female,"Low Income"
9282,Senior,Male,"Upper Middle Income"
9283,Adult,Male,"Upper Middle Income"
9284,Adult,Male,"High Income"
9285,Adult,Male,"Upper Middle Income"
9286,Adult,Male,"Low Income"
9287,Adult,Female,"Middle Income"
9288,Adult,Female,"High Income"
9289,Adult,Female,"High Income"
9290,Youth,Female,"Upper Middle Income"
9291,Adult,Female,"Lower Middle Income"
9292,Adult,Female,"Middle Income"
9293,Adult,Male,"Middle Income"
9294,Adult,Female,"Middle Income"
9295,Adult,Female,"Upper Middle Income"
9296,Adult,Male,"Middle Income"
9297,Adult,Female,"Middle Income"
9298,Youth,Male,"Upper Middle Income"
9299,Senior,Female,"Upper Middle Income"
9300,Adult,Female,"High Income"
9301,Adult,Female,"Lower Middle Income"
9302,Adult,Female,"Middle Income"
9303,Adult,Female,"Upper Middle Income"
9304,Adult,Female,"High Income"
9305,Adult,Female,"Lower Middle Income"
9306,Adult,Female,"High Income"
9307,Senior,Female,"Low Income"
9308,Adult,Female,"Upper Middle Income"
9309,Adult,Female,"Middle Income"
9310,Adult,Female,"High Income"
9311,Senior,Female,"High Income"
9312,Adult,Female,"Lower Middle Income"
9313,Adult,Male,"Upper Middle Income"
9314,Adult,Male,"Middle Income"
9315,Adult,Female,"Upper Middle Income"
9316,Youth,Male,"Middle Income"
9317,Youth,Male,"Upper Middle Income"
9318,Adult,Female,"Lower Middle Income"
9319,Adult,Male,"Lower Middle Income"
9320,Adult,Male,"High Income"
9321,Adult,Female,"Middle Income"
9322,Adult,Female,"High Income"
9323,Adult,Female,"Low Income"
9324,Adult,Female,"Upper Middle Income"
9325,Senior,Female,"Upper Middle Income"
9326,Adult,Male,"Low Income"
9327,Adult,Female,"Upper Middle Income"
9328,Youth,Female,"Upper Middle Income"
9329,Senior,Male,"Middle Income"
9330,Youth,Male,"Middle Income"
9331,Adult,Female,"Upper Middle Income"
9332,Adult,Male,"Lower Middle Income"
9333,Senior,Female,"Upper Middle Income"
9334,Adult,Male,"Upper Middle Income"
9335,Adult,Female,"High Income"
9336,Adult,Female,"Middle Income"
9337,Adult,Male,"Upper Middle Income"
9338,Adult,Male,"Upper Middle Income"
9339,Senior,Female,"High Income"
9340,Adult,Female,"Low Income"
9341,Senior,Female,"Low Income"
9342,Youth,Female,"Upper Middle Income"
9343,Adult,Female,"Low Income"
9344,Adult,Male,"Middle Income"
9345,Adult,Male,"High Income"
9346,Senior,Male,"High Income"
9347,Adult,Female,"High Income"
9348,Adult,Male,"Lower Middle Income"
9349,Adult,Male,"Lower Middle Income"
9350,Adult,Female,"Upper Middle Income"
9351,Senior,Female,"High Income"
9352,Youth,Male,"Lower Middle Income"
9353,Youth,Male,"Low Income"
9354,Adult,Female,"Upper Middle Income"
9355,Adult,Female,"High Income"
9356,Adult,Female,"High Income"
9357,Adult,Male,"Lower Middle Income"
9358,Senior,Female,"Upper Middle Income"
9359,Adult,Female,"Upper Middle Income"
9360,Adult,Male,"Lower Middle Income"
9361,Adult,Female,"Lower Middle Income"
9362,Adult,Male,"High Income"
9363,Senior,Male,"Low Income"
9364,Adult,Female,"High Income"
9365,Adult,Male,"Lower Middle Income"
9366,Adult,Male,"Upper Middle Income"
9367,Adult,Female,"Middle Income"
9368,Adult,Female,"Middle Income"
9369,Adult,Female,"Upper Middle Income"
9370,Adult,Female,"Middle Income"
9371,Youth,Male,"Low Income"
9372,Adult,Female,"Upper Middle Income"
9373,Senior,Female,"Middle Income"
9374,Adult,Female,"Upper Middle Income"
9375,Senior,Female,"Upper Middle Income"
9376,Youth,Female,"High Income"
9377,Adult,Female,"Lower Middle Income"
9378,Senior,Female,"Upper Middle Income"
9379,Senior,Male,"Middle Income"
9380,Adult,Female,"Middle Income"
9381,Adult,Male,"High Income"
9382,Senior,Male,"Middle Income"
9383,Youth,Male,"High Income"
9384,Youth,Female,"High Income"
9385,Adult,Female,"Middle Income"
9386,Adult,Female,"Upper Middle Income"
9387,Adult,Female,"Middle Income"
9388,Youth,Female,"Upper Middle Income"
9389,Adult,Male,"Middle Income"
9390,Adult,Male,"Middle Income"
9391,Adult,Female,"Lower Middle Income"
9392,Adult,Female,"Upper Middle Income"
9393,Adult,Female,"Lower Middle Income"
9394,Adult,Female,"Upper Middle Income"
9395,Adult,Male,"Lower Middle Income"
9396,Adult,Female,"Upper Middle Income"
9397,Adult,Female,"Upper Middle Income"
9398,Adult,Female,"Low Income"
9399,Senior,Male,"High Income"
9400,Youth,Female,"Upper Middle Income"
9401,Adult,Female,"Lower Middle Income"
9402,Adult,Male,"Low Income"
9403,Youth,Female,"High Income"
9404,Youth,Female,"Upper Middle Income"
9405,Adult,Female,"Upper Middle Income"
9406,Adult,Female,"Middle Income"
9407,Adult,Female,"Upper Middle Income"
9408,Adult,Female,"Upper Middle Income"
9409,Adult,Male,"Middle Income"
9410,Youth,Male,"High Income"
9411,Senior,Male,"High Income"
9412,Adult,Female,"High Income"
9413,Adult,Female,"Middle Income"
9414,Adult,Female,"Middle Income"
9415,Adult,Female,"Upper Middle Income"
9416,Adult,Female,"High Income"
9417,Adult,Female,"Middle Income"
9418,Adult,Male,"High Income"
9419,Adult,Female,"Low Income"
9420,Adult,Female,"Middle Income"
9421,Adult,Female,"Middle Income"
9422,Adult,Female,"High Income"
9423,Adult,Female,"Upper Middle Income"
9424,Adult,Male,"Upper Middle Income"
9425,Youth,Female,"Lower Middle Income"
9426,Senior,Female,"High Income"
9427,Adult,Female,"Middle Income"
9428,Adult,Female,"Low Income"
9429,Adult,Female,"Middle Income"
9430,Adult,Female,"Middle Income"
9431,Senior,Female,"Low Income"
9432,Adult,Female,"Upper Middle Income"
9433,Youth,Female,"High Income"
9434,Adult,Female,"Upper Middle Income"
9435,Youth,Female,"Upper Middle Income"
9436,Adult,Female,"Lower Middle Income"
9437,Adult,Male,"Upper Middle Income"
9438,Adult,Female,"Low Income"
9439,Adult,Male,"High Income"
9440,Senior,Female,"High Income"
9441,Adult,Male,"Middle Income"
9442,Adult,Male,"Lower Middle Income"
9443,Adult,Male,"Middle Income"
9444,Adult,Male,"High Income"
9445,Youth,Male,"Low Income"
9446,Youth,Female,"Upper Middle Income"
9447,Adult,Female,"Upper Middle Income"
9448,Youth,Female,"Upper Middle Income"
9449,Adult,Female,"Upper Middle Income"
9450,Adult,Male,"Upper Middle Income"
9451,Adult,Female,"High Income"
9452,Youth,Male,"Upper Middle Income"
9453,Youth,Male,"High Income"
9454,Adult,Female,"Upper Middle Income"
9455,Adult,Male,"High Income"
9456,Adult,Female,"High Income"
9457,Youth,Male,"High Income"
9458,Adult,Female,"Lower Middle Income"
9459,Adult,Female,"High Income"
9460,Adult,Male,"High Income"
9461,Adult,Female,"High Income"
9462,Adult,Male,"High Income"
9463,Adult,Female,"Middle Income"
9464,Adult,Male,"Lower Middle Income"
9465,Senior,Female,"Middle Income"
9466,Adult,Female,"Middle Income"
9467,Adult,Male,"Upper Middle Income"
9468,Adult,Female,"High Income"
9469,Adult,Female,"High Income"
9470,Adult,Female,"Lower Middle Income"
9471,Adult,Female,"Middle Income"
9472,Adult,Male,"Upper Middle Income"
9473,Adult,Female,"Middle Income"
9474,Adult,Male,"Upper Middle Income"
9475,Adult,Male,"Lower Middle Income"
9476,Senior,Female,"Lower Middle Income"
9477,Senior,Female,"Low Income"
9478,Adult,Female,"Lower Middle Income"
9479,Adult,Male,"High Income"
9480,Adult,Female,"Lower Middle Income"
9481,Adult,Male,"Upper Middle Income"
9482,Youth,Male,"Middle Income"
9483,Adult,Male,"Upper Middle Income"
9484,Adult,Female,"Upper Middle Income"
9485,Adult,Female,"Lower Middle Income"
9486,Adult,Male,"Upper Middle Income"
9487,Adult,Female,"Middle Income"
9488,Adult,Male,"Lower Middle Income"
9489,Adult,Female,"Lower Middle Income"
9490,Youth,Female,"Upper Middle Income"
9491,Adult,Female,"Upper Middle Income"
9492,Adult,Female,"Middle Income"
9493,Adult,Female,"Upper Middle Income"
9494,Adult,Female,"Upper Middle Income"
9495,Adult,Female,"Upper Middle Income"
9496,Adult,Female,"Upper Middle Income"
9497,Adult,Male,"Upper Middle Income"
9498,Youth,Male,"Middle Income"
9499,Adult,Female,"Upper Middle Income"
9500,Adult,Female,"Upper Middle Income"
9501,Adult,Male,"Middle Income"
9502,Adult,Female,"Upper Middle Income"
9503,Adult,Female,"Middle Income"
9504,Adult,Female,"Lower Middle Income"
9505,Adult,Female,"Lower Middle Income"
9506,Adult,Female,"Upper Middle Income"
9507,Adult,Female,"Upper Middle Income"
9508,Adult,Female,"Low Income"
9509,Adult,Female,"Upper Middle Income"
9510,Adult,Female,"High Income"
9511,Adult,Female,"Upper Middle Income"
9512,Adult,Male,"Upper Middle Income"
9513,Adult,Female,"Middle Income"
9514,Adult,Female,"High Income"
9515,Adult,Male,"Middle Income"
9516,Adult,Male,"Upper Middle Income"
9517,Youth,Female,"Upper Middle Income"
9518,Adult,Female,"Upper Middle Income"
9519,Adult,Male,"Middle Income"
9520,Adult,Male,"Middle Income"
9521,Adult,Male,"Upper Middle Income"
9522,Adult,Female,"Upper Middle Income"
9523,Youth,Male,"Lower Middle Income"
9524,Adult,Male,"High Income"
9525,Adult,Female,"Upper Middle Income"
9526,Adult,Female,"Middle Income"
9527,Adult,Female,"Low Income"
9528,Adult,Male,"High Income"
9529,Adult,Female,"High Income"
9530,Adult,Female,"Upper Middle Income"
9531,Youth,Female,"Upper Middle Income"
9532,Adult,Female,"Lower Middle Income"
9533,Youth,Female,"High Income"
9534,Senior,Male,"High Income"
9535,Adult,Female,"Upper Middle Income"
9536,Senior,Male,"Lower Middle Income"
9537,Adult,Female,"Lower Middle Income"
9538,Adult,Male,"Upper Middle Income"
9539,Adult,Male,"Upper Middle Income"
9540,Adult,Female,"Upper Middle Income"
9541,Adult,Male,"Upper Middle Income"
9542,Adult,Female,"Upper Middle Income"
9543,Adult,Male,"Lower Middle Income"
9544,Senior,Male,"Upper Middle Income"
9545,Adult,Female,"High Income"
9546,Adult,Female,"Upper Middle Income"
9547,Adult,Female,"Upper Middle Income"
9548,Adult,Male,"Middle Income"
9549,Adult,Female,"Upper Middle Income"
9550,Adult,Female,"High Income"
9551,Adult,Female,"High Income"
9552,Youth,Female,"Middle Income"
9553,Adult,Female,"Upper Middle Income"
9554,Adult,Female,"Low Income"
9555,Adult,Female,"Lower Middle Income"
9556,Adult,Female,"Upper Middle Income"
9557,Adult,Female,"Upper Middle Income"
9558,Adult,Male,"Lower Middle Income"
9559,Senior,Male,"Middle Income"
9560,Adult,Female,"Lower Middle Income"
9561,Adult,Male,"Low Income"
9562,Adult,Male,"Middle Income"
9563,Adult,Male,"Upper Middle Income"
9564,Adult,Male,"Middle Income"
9565,Adult,Female,"High Income"
9566,Adult,Female,"High Income"
9567,Youth,Female,"Upper Middle Income"
9568,Adult,Male,"High Income"
9569,Adult,Female,"High Income"
9570,Adult,Female,"Upper Middle Income"
9571,Adult,Female,"Upper Middle Income"
9572,Youth,Female,"Low Income"
9573,Adult,Male,"Low Income"
9574,Adult,Female,"High Income"
9575,Adult,Female,"Lower Middle Income"
9576,Adult,Female,"Middle Income"
9577,Adult,Female,"High Income"
9578,Adult,Male,"Middle Income"
9579,Adult,Female,"Middle Income"
9580,Youth,Female,"Middle Income"
9581,Senior,Male,"Upper Middle Income"
9582,Adult,Female,"Lower Middle Income"
9583,Adult,Male,"Upper Middle Income"
9584,Adult,Male,"Upper Middle Income"
9585,Senior,Male,"High Income"
9586,Adult,Male,"Low Income"
9587,Adult,Female,"Upper Middle Income"
9588,Adult,Male,"Low Income"
9589,Adult,Male,"Upper Middle Income"
9590,Adult,Female,"High Income"
9591,Adult,Female,"High Income"
9592,Adult,Female,"Upper Middle Income"
9593,Senior,Female,"Upper Middle Income"
9594,Adult,Female,"Middle Income"
9595,Adult,Male,"High Income"
9596,Senior,Female,"Lower Middle Income"
9597,Adult,Male,"Lower Middle Income"
9598,Adult,Female,"High Income"
9599,Adult,Male,"Upper Middle Income"
9600,Adult,Female,"Upper Middle Income"
9601,Adult,Female,"Middle Income"
9602,Adult,Female,"Low Income"
9603,Adult,Male,"High Income"
9604,Adult,Female,"High Income"
9605,Adult,Female,"Lower Middle Income"
9606,Adult,Female,"Upper Middle Income"
9607,Adult,Male,"Lower Middle Income"
9608,Adult,Male,"High Income"
9609,Youth,Female,"Low Income"
9610,Adult,Female,"Upper Middle Income"
9611,Adult,Female,"Upper Middle Income"
9612,Adult,Female,"Upper Middle Income"
9613,Adult,Female,"Upper Middle Income"
9614,Adult,Female,"High Income"
9615,Adult,Female,"High Income"
9616,Adult,Male,"High Income"
9617,Adult,Female,"Upper Middle Income"
9618,Adult,Male,"Lower Middle Income"
9619,Adult,Male,"Middle Income"
9620,Adult,Male,"Upper Middle Income"
9621,Adult,Male,"Low Income"
9622,Adult,Female,"Middle Income"
9623,Adult,Female,"Lower Middle Income"
9624,Youth,Female,"Low Income"
9625,Adult,Male,"Middle Income"
9626,Adult,Female,"Low Income"
9627,Adult,Male,"High Income"
9628,Adult,Female,"Upper Middle Income"
9629,Adult,Female,"Upper Middle Income"
9630,Youth,Female,"Lower Middle Income"
9631,Adult,Female,"High Income"
9632,Adult,Female,"High Income"
9633,Youth,Male,"Upper Middle Income"
9634,Adult,Female,"Upper Middle Income"
9635,Senior,Female,"High Income"
9636,Senior,Male,"High Income"
9637,Adult,Female,"Middle Income"
9638,Senior,Female,"High Income"
9639,Adult,Female,"High Income"
9640,Adult,Male,"Middle Income"
9641,Adult,Male,"High Income"
9642,Adult,Female,"Lower Middle Income"
9643,Adult,Male,"Middle Income"
9644,Senior,Female,"Lower Middle Income"
9645,Adult,Female,"Upper Middle Income"
9646,Adult,Female,"High Income"
9647,Adult,Female,"High Income"
9648,Adult,Female,"Lower Middle Income"
9649,Adult,Male,"Upper Middle Income"
9650,Adult,Male,"Middle Income"
9651,Adult,Female,"Upper Middle Income"
9652,Adult,Female,"Upper Middle Income"
9653,Adult,Female,"High Income"
9654,Adult,Female,"Lower Middle Income"
9655,Adult,Female,"Lower Middle Income"
9656,Adult,Male,"Upper Middle Income"
9657,Adult,Male,"Lower Middle Income"
9658,Youth,Male,"Middle Income"
9659,Adult,Female,"Lower Middle Income"
9660,Adult,Female,"Upper Middle Income"
9661,Adult,Female,"Low Income"
9662,Adult,Female,"Upper Middle Income"
9663,Adult,Female,"High Income"
9664,Adult,Female,"High Income"
9665,Adult,Male,"Middle Income"
9666,Adult,Female,"Upper Middle Income"
9667,Senior,Female,"High Income"
9668,Youth,Male,"High Income"
9669,Adult,Female,"Lower Middle Income"
9670,Adult,Female,"Upper Middle Income"
9671,Adult,Male,"Lower Middle Income"
9672,Adult,Female,"Upper Middle Income"
9673,Adult,Female,"Upper Middle Income"
9674,Adult,Male,"High Income"
9675,Adult,Female,"Middle Income"
9676,Adult,Male,"Upper Middle Income"
9677,Adult,Female,"High Income"
9678,Adult,Male,"Upper Middle Income"
9679,Youth,Female,"High Income"
9680,Adult,Female,"Upper Middle Income"
9681,Adult,Male,"Middle Income"
9682,Adult,Female,"Lower Middle Income"
9683,Adult,Female,"High Income"
9684,Adult,Female,"Middle Income"
9685,Adult,Female,"Lower Middle Income"
9686,Adult,Female,"Upper Middle Income"
9687,Adult,Male,"Upper Middle Income"
9688,Adult,Male,"High Income"
9689,Adult,Female,"High Income"
9690,Adult,Female,"Middle Income"
9691,Adult,Male,"High Income"
9692,Senior,Female,"Lower Middle Income"
9693,Adult,Male,"Upper Middle Income"
9694,Senior,Female,"Upper Middle Income"
9695,Adult,Male,"High Income"
9696,Adult,Male,"Upper Middle Income"
9697,Adult,Female,"Middle Income"
9698,Adult,Male,"Upper Middle Income"
9699,Adult,Female,"Upper Middle Income"
9700,Adult,Male,"Low Income"
9701,Adult,Female,"Upper Middle Income"
9702,Adult,Female,"High Income"
9703,Adult,Male,"Upper Middle Income"
9704,Adult,Female,"Upper Middle Income"
9705,Youth,Female,"Middle Income"
9706,Youth,Female,"Upper Middle Income"
9707,Adult,Female,"Middle Income"
9708,Senior,Female,"Upper Middle Income"
9709,Youth,Male,"Middle Income"
9710,Adult,Male,"High Income"
9711,Adult,Female,"Upper Middle Income"
9712,Adult,Female,"Upper Middle Income"
9713,Senior,Male,"Upper Middle Income"
9714,Youth,Female,"Upper Middle Income"
9715,Adult,Female,"Upper Middle Income"
9716,Adult,Female,"Middle Income"
9717,Adult,Male,"High Income"
9718,Senior,Female,"Lower Middle Income"
9719,Youth,Male,"Upper Middle Income"
9720,Adult,Female,"High Income"
9721,Adult,Female,"Upper Middle Income"
9722,Adult,Female,"High Income"
9723,Adult,Male,"Low Income"
9724,Senior,Male,"High Income"
9725,Adult,Female,"Upper Middle Income"
9726,Youth,Female,"High Income"
9727,Adult,Male,"Upper Middle Income"
9728,Adult,Female,"Upper Middle Income"
9729,Adult,Male,"Middle Income"
9730,Adult,Male,"High Income"
9731,Youth,Male,"Low Income"
9732,Adult,Male,"Middle Income"
9733,Adult,Male,"Middle Income"
9734,Adult,Female,"Low Income"
9735,Adult,Female,"Lower Middle Income"
9736,Adult,Female,"Upper Middle Income"
9737,Adult,Male,"Middle Income"
9738,Adult,Male,"Upper Middle Income"
9739,Youth,Male,"Low Income"
9740,Senior,Male,"Upper Middle Income"
9741,Youth,Female,"Upper Middle Income"
9742,Adult,Female,"Upper Middle Income"
9743,Adult,Male,"Upper Middle Income"
9744,Adult,Male,"Low Income"
9745,Senior,Male,"Low Income"
9746,Adult,Male,"Upper Middle Income"
9747,Adult,Female,"Middle Income"
9748,Adult,Male,"Low Income"
9749,Adult,Female,"High Income"
9750,Adult,Female,"Upper Middle Income"
9751,Adult,Female,"High Income"
9752,Adult,Female,"Middle Income"
9753,Senior,Female,"High Income"
9754,Youth,Male,"Upper Middle Income"
9755,Youth,Female,"Upper Middle Income"
9756,Youth,Female,"Low Income"
9757,Youth,Male,"Lower Middle Income"
9758,Adult,Female,"Upper Middle Income"
9759,Adult,Female,"Low Income"
9760,Senior,Female,"Upper Middle Income"
9761,Adult,Male,"High Income"
9762,Adult,Male,"Low Income"
9763,Adult,Female,"Lower Middle Income"
9764,Senior,Male,"High Income"
9765,Adult,Female,"Upper Middle Income"
9766,Adult,Female,"Upper Middle Income"
9767,Senior,Male,"High Income"
9768,Adult,Female,"Middle Income"
9769,Adult,Female,"Upper Middle Income"
9770,Adult,Male,"Upper Middle Income"
9771,Youth,Female,"Lower Middle Income"
9772,Adult,Female,"Low Income"
9773,Adult,Female,"Middle Income"
9774,Adult,Female,"High Income"
9775,Adult,Female,"Upper Middle Income"
9776,Adult,Female,"High Income"
9777,Adult,Female,"Middle Income"
9778,Adult,Female,"Upper Middle Income"
9779,Youth,Female,"Lower Middle Income"
9780,Adult,Female,"Low Income"
9781,Adult,Male,"Low Income"
9782,Adult,Female,"Low Income"
9783,Adult,Female,"Upper Middle Income"
9784,Adult,Male,"Upper Middle Income"
9785,Youth,Female,"Low Income"
9786,Adult,Male,"Upper Middle Income"
9787,Adult,Male,"Upper Middle Income"
9788,Adult,Female,"Upper Middle Income"
9789,Youth,Female,"Upper Middle Income"
9790,Adult,Male,"Middle Income"
9791,Adult,Female,"Middle Income"
9792,Adult,Female,"High Income"
9793,Adult,Male,"Upper Middle Income"
9794,Adult,Female,"High Income"
9795,Adult,Female,"Low Income"
9796,Adult,Female,"High Income"
9797,Adult,Female,"High Income"
9798,Youth,Female,"Upper Middle Income"
9799,Adult,Male,"High Income"
9800,Adult,Male,"Upper Middle Income"
9801,Adult,Female,"Upper Middle Income"
9802,Adult,Female,"Low Income"
9803,Adult,Male,"Upper Middle Income"
9804,Adult,Female,"Upper Middle Income"
9805,Youth,Female,"Middle Income"
9806,Senior,Male,"Lower Middle Income"
9807,Adult,Male,"Lower Middle Income"
9808,Adult,Male,"Middle Income"
9809,Youth,Female,"Upper Middle Income"
9810,Adult,Male,"Upper Middle Income"
9811,Senior,Female,"Middle Income"
9812,Adult,Female,"Upper Middle Income"
9813,Adult,Female,"High Income"
9814,Youth,Male,"High Income"
9815,Adult,Female,"Lower Middle Income"
9816,Adult,Female,"Upper Middle Income"
9817,Senior,Female,"Upper Middle Income"
9818,Adult,Female,"Middle Income"
9819,Adult,Female,"Upper Middle Income"
9820,Adult,Female,"Middle Income"
9821,Adult,Male,"Lower Middle Income"
9822,Senior,Male,"Lower Middle Income"
9823,Youth,Male,"Lower Middle Income"
9824,Adult,Female,"Lower Middle Income"
9825,Adult,Male,"High Income"
9826,Adult,Male,"Low Income"
9827,Adult,Female,"Upper Middle Income"
9828,Adult,Male,"Middle Income"
9829,Adult,Male,"Low Income"
9830,Adult,Male,"High Income"
9831,Youth,Female,"High Income"
9832,Adult,Female,"Upper Middle Income"
9833,Adult,Male,"High Income"
9834,Adult,Female,"Low Income"
9835,Adult,Female,"Lower Middle Income"
9836,Adult,Female,"High Income"
9837,Adult,Female,"High Income"
9838,Senior,Female,"Middle Income"
9839,Adult,Female,"High Income"
9840,Adult,Male,"Upper Middle Income"
9841,Adult,Male,"Middle Income"
9842,Adult,Male,"High Income"
9843,Adult,Female,"Middle Income"
9844,Adult,Female,"Middle Income"
9845,Adult,Female,"High Income"
9846,Adult,Male,"Upper Middle Income"
9847,Adult,Female,"High Income"
9848,Youth,Female,"Upper Middle Income"
9849,Youth,Female,"Lower Middle Income"
9850,Adult,Female,"Upper Middle Income"
9851,Adult,Female,"Upper Middle Income"
9852,Senior,Female,"Lower Middle Income"
9853,Adult,Female,"Upper Middle Income"
9854,Adult,Female,"Upper Middle Income"
9855,Adult,Male,"Middle Income"
9856,Adult,Male,"Low Income"
9857,Adult,Female,"Low Income"
9858,Adult,Male,"Low Income"
9859,Adult,Female,"High Income"
9860,Adult,Male,"Middle Income"
9861,Adult,Female,"Upper Middle Income"
9862,Adult,Male,"Middle Income"
9863,Adult,Male,"Upper Middle Income"
9864,Youth,Female,"High Income"
9865,Adult,Male,"Middle Income"
9866,Adult,Male,"Upper Middle Income"
9867,Adult,Male,"Lower Middle Income"
9868,Adult,Female,"Upper Middle Income"
9869,Adult,Male,"Upper Middle Income"
9870,Youth,Female,"Upper Middle Income"
9871,Adult,Female,"Upper Middle Income"
9872,Adult,Female,"Middle Income"
9873,Adult,Female,"High Income"
9874,Adult,Female,"Lower Middle Income"
9875,Senior,Male,"Upper Middle Income"
9876,Adult,Female,"Upper Middle Income"
9877,Adult,Male,"Upper Middle Income"
9878,Adult,Female,"Low Income"
9879,Adult,Female,"Upper Middle Income"
9880,Adult,Female,"Lower Middle Income"
9881,Adult,Female,"Lower Middle Income"
9882,Adult,Male,"Lower Middle Income"
9883,Adult,Female,"High Income"
9884,Senior,Female,"Low Income"
9885,Youth,Male,"High Income"
9886,Adult,Female,"Upper Middle Income"
9887,Adult,Female,"Upper Middle Income"
9888,Youth,Female,"High Income"
9889,Adult,Female,"Middle Income"
9890,Adult,Male,"Middle Income"
9891,Adult,Male,"Middle Income"
9892,Adult,Female,"High Income"
9893,Adult,Female,"High Income"
9894,Adult,Male,"Middle Income"
9895,Adult,Male,"Low Income"
9896,Adult,Female,"High Income"
9897,Adult,Male,"Middle Income"
9898,Adult,Male,"Middle Income"
9899,Youth,Male,"Low Income"
9900,Adult,Male,"High Income"
9901,Adult,Female,"Lower Middle Income"
9902,Adult,Female,"Upper Middle Income"
9903,Senior,Male,"Upper Middle Income"
9904,Youth,Male,"Upper Middle Income"
9905,Adult,Male,"High Income"
9906,Adult,Female,"Low Income"
9907,Adult,Male,"Lower Middle Income"
9908,Adult,Female,"Lower Middle Income"
9909,Adult,Female,"Low Income"
9910,Adult,Male,"Lower Middle Income"
9911,Youth,Male,"High Income"
9912,Adult,Male,"Upper Middle Income"
9913,Adult,Female,"Upper Middle Income"
9914,Adult,Female,"Upper Middle Income"
9915,Senior,Male,"Upper Middle Income"
9916,Adult,Female,"Lower Middle Income"
9917,Adult,Male,"Upper Middle Income"
9918,Adult,Female,"Middle Income"
9919,Adult,Female,"Upper Middle Income"
9920,Adult,Female,"Upper Middle Income"
9921,Adult,Female,"High Income"
9922,Senior,Female,"Upper Middle Income"
9923,Adult,Female,"Lower Middle Income"
9924,Youth,Female,"Upper Middle Income"
9925,Adult,Female,"High Income"
9926,Adult,Male,"Lower Middle Income"
9927,Adult,Male,"Upper Middle Income"
9928,Youth,Female,"Middle Income"
9929,Adult,Female,"Low Income"
9930,Adult,Female,"Middle Income"
9931,Adult,Female,"Upper Middle Income"
9932,Senior,Female,"High Income"
9933,Adult,Female,"Low Income"
9934,Adult,Female,"Upper Middle Income"
9935,Adult,Female,"Upper Middle Income"
9936,Adult,Male,"Upper Middle Income"
9937,Adult,Male,"Upper Middle Income"
9938,Adult,Female,"Upper Middle Income"
9939,Adult,Male,"Upper Middle Income"
9940,Youth,Female,"Upper Middle Income"
9941,Adult,Male,"Middle Income"
9942,Adult,Male,"Upper Middle Income"
9943,Adult,Female,"Upper Middle Income"
9944,Adult,Female,"Low Income"
9945,Adult,Male,"Middle Income"
9946,Adult,Female,"High Income"
9947,Adult,Female,"Middle Income"
9948,Adult,Female,"Upper Middle Income"
9949,Adult,Male,"Middle Income"
9950,Senior,Female,"Lower Middle Income"
9951,Adult,Female,"Upper Middle Income"
9952,Youth,Male,"High Income"
9953,Adult,Female,"Low Income"
9954,Adult,Female,"Upper Middle Income"
9955,Adult,Female,"High Income"
9956,Adult,Female,"Lower Middle Income"
9957,Adult,Male,"Middle Income"
9958,Adult,Male,"Upper Middle Income"
9959,Youth,Female,"High Income"
9960,Adult,Female,"Middle Income"
9961,Adult,Female,"High Income"
9962,Adult,Female,"Middle Income"
9963,Adult,Male,"Middle Income"
9964,Adult,Male,"Lower Middle Income"
9965,Adult,Female,"Upper Middle Income"
9966,Adult,Male,"High Income"
9967,Adult,Female,"Lower Middle Income"
9968,Adult,Male,"Middle Income"
9969,Youth,Female,"Upper Middle Income"
9970,Adult,Male,"Lower Middle Income"
9971,Youth,Female,"Upper Middle Income"
9972,Youth,Female,"Middle Income"
9973,Youth,Male,"High Income"
9974,Adult,Male,"High Income"
9975,Adult,Male,"Upper Middle Income"
9976,Adult,Female,"Upper Middle Income"
9977,Adult,Male,"High Income"
9978,Senior,Female,"High Income"
9979,Adult,Female,"Middle Income"
9980,Adult,Female,"Upper Middle Income"
9981,Adult,Male,"Middle Income"
9982,Adult,Female,"Upper Middle Income"
9983,Adult,Male,"Upper Middle Income"
9984,Adult,Female,"Middle Income"
9985,Adult,Female,"Low Income"
9986,Adult,Female,"Low Income"
9987,Adult,Female,"High Income"
9988,Adult,Male,"Middle Income"
9989,Adult,Male,"Middle Income"
9990,Adult,Female,"Middle Income"
9991,Adult,Male,"Middle Income"
9992,Adult,Female,"Upper Middle Income"
9993,Adult,Female,"High Income"
9994,Adult,Female,"Upper Middle Income"
9995,Adult,Female,"Upper Middle Income"
9996,Senior,Female,"Upper Middle Income"
9997,Senior,Female,"Middle Income"
9998,Youth,Female,"Upper Middle Income"
9999,Youth,Female,"High Income"
10000,Adult,Male,"High Income"
10001,Adult,Male,"Middle Income"
10002,Adult,Female,"Low Income"
10003,Youth,Female,"Upper Middle Income"
10004,Adult,Female,"Lower Middle Income"
10005,Adult,Male,"Middle Income"
10006,Adult,Male,"Upper Middle Income"
10007,Adult,Male,"Middle Income"
10008,Adult,Male,"High Income"
10009,Adult,Male,"Middle Income"
10010,Youth,Female,"Lower Middle Income"
10011,Adult,Female,"Lower Middle Income"
10012,Adult,Female,"High Income"
10013,Adult,Male,"High Income"
10014,Adult,Male,"Lower Middle Income"
10015,Adult,Female,"Upper Middle Income"
10016,Adult,Female,"Low Income"
10017,Senior,Male,"Low Income"
10018,Adult,Female,"Lower Middle Income"
10019,Youth,Male,"High Income"
10020,Adult,Female,"High Income"
10021,Adult,Female,"Lower Middle Income"
10022,Adult,Male,"Upper Middle Income"
10023,Adult,Female,"High Income"
10024,Adult,Male,"Lower Middle Income"
10025,Adult,Female,"Upper Middle Income"
10026,Adult,Female,"High Income"
10027,Adult,Female,"Lower Middle Income"
10028,Adult,Female,"Upper Middle Income"
10029,Adult,Female,"Upper Middle Income"
10030,Adult,Male,"Upper Middle Income"
10031,Adult,Female,"Upper Middle Income"
10032,Adult,Male,"Middle Income"
10033,Adult,Male,"Middle Income"
10034,Adult,Female,"Upper Middle Income"
10035,Adult,Male,"Upper Middle Income"
10036,Adult,Male,"Upper Middle Income"
10037,Adult,Female,"Lower Middle Income"
10038,Adult,Male,"Upper Middle Income"
10039,Adult,Female,"Upper Middle Income"
10040,Adult,Male,"Middle Income"
10041,Adult,Male,"High Income"
10042,Adult,Male,"Middle Income"
10043,Adult,Female,"Low Income"
10044,Senior,Female,"Low Income"
10045,Adult,Male,"High Income"
10046,Adult,Male,"Middle Income"
10047,Adult,Female,"Low Income"
10048,Adult,Male,"Middle Income"
10049,Adult,Female,"Middle Income"
10050,Adult,Male,"High Income"
10051,Adult,Female,"Middle Income"
10052,Adult,Male,"Low Income"
10053,Adult,Female,"Low Income"
10054,Adult,Female,"Upper Middle Income"
10055,Adult,Female,"Lower Middle Income"
10056,Adult,Male,"Low Income"
10057,Adult,Female,"High Income"
10058,Adult,Female,"Upper Middle Income"
10059,Adult,Male,"Middle Income"
10060,Senior,Male,"Upper Middle Income"
10061,Adult,Female,"High Income"
10062,Youth,Male,"Upper Middle Income"
10063,Adult,Female,"High Income"
10064,Adult,Female,"Lower Middle Income"
10065,Adult,Female,"Lower Middle Income"
10066,Adult,Female,"Upper Middle Income"
10067,Adult,Female,"Lower Middle Income"
10068,Adult,Male,"High Income"
10069,Adult,Female,"Low Income"
10070,Senior,Male,"Upper Middle Income"
10071,Adult,Female,"Low Income"
10072,Adult,Female,"Upper Middle Income"
10073,Adult,Male,"Upper Middle Income"
10074,Youth,Female,"Upper Middle Income"
10075,Adult,Male,"Upper Middle Income"
10076,Adult,Female,"High Income"
10077,Adult,Female,"High Income"
10078,Adult,Female,"Lower Middle Income"
10079,Senior,Male,"Low Income"
10080,Adult,Female,"Middle Income"
10081,Adult,Female,"Middle Income"
10082,Adult,Male,"Upper Middle Income"
10083,Adult,Female,"Upper Middle Income"
10084,Senior,Male,"Lower Middle Income"
10085,Adult,Female,"High Income"
10086,Adult,Female,"High Income"
10087,Youth,Female,"Upper Middle Income"
10088,Youth,Female,"Upper Middle Income"
10089,Adult,Female,"Lower Middle Income"
10090,Youth,Female,"Middle Income"
10091,Adult,Male,"Middle Income"
10092,Adult,Male,"High Income"
10093,Adult,Female,"Upper Middle Income"
10094,Adult,Female,"Upper Middle Income"
10095,Adult,Female,"Upper Middle Income"
10096,Senior,Male,"Middle Income"
10097,Adult,Male,"Upper Middle Income"
10098,Adult,Male,"Low Income"
10099,Adult,Female,"Upper Middle Income"
10100,Senior,Female,"Middle Income"
10101,Adult,Male,"Upper Middle Income"
10102,Adult,Male,"Middle Income"
10103,Adult,Female,"Middle Income"
10104,Youth,Male,"Lower Middle Income"
10105,Adult,Female,"High Income"
10106,Adult,Male,"Middle Income"
10107,Adult,Female,"High Income"
10108,Youth,Female,"Upper Middle Income"
10109,Youth,Female,"High Income"
10110,Adult,Male,"Lower Middle Income"
10111,Adult,Male,"High Income"
10112,Youth,Female,"Lower Middle Income"
10113,Adult,Female,"Middle Income"
10114,Adult,Male,"Lower Middle Income"
10115,Adult,Male,"Middle Income"
10116,Adult,Female,"Upper Middle Income"
10117,Adult,Female,"Upper Middle Income"
10118,Adult,Male,"Middle Income"
10119,Adult,Male,"Upper Middle Income"
10120,Adult,Female,"Upper Middle Income"
10121,Adult,Female,"Middle Income"
10122,Adult,Female,"Lower Middle Income"
10123,Adult,Female,"Lower Middle Income"
10124,Senior,Male,"Upper Middle Income"
10125,Adult,Male,"Upper Middle Income"
10126,Adult,Male,"Low Income"
10127,Adult,Female,"Middle Income"
10128,Adult,Female,"Upper Middle Income"
10129,Adult,Male,"High Income"
10130,Adult,Female,"Lower Middle Income"
10131,Adult,Male,"High Income"
10132,Senior,Female,"Lower Middle Income"
10133,Adult,Female,"Upper Middle Income"
10134,Adult,Male,"Low Income"
10135,Youth,Male,"Upper Middle Income"
10136,Adult,Female,"Upper Middle Income"
10137,Adult,Female,"Upper Middle Income"
10138,Adult,Female,"Middle Income"
10139,Adult,Female,"Middle Income"
10140,Adult,Female,"Lower Middle Income"
10141,Adult,Male,"Upper Middle Income"
10142,Youth,Male,"Low Income"
10143,Adult,Female,"Middle Income"
10144,Adult,Male,"Upper Middle Income"
10145,Senior,Female,"Middle Income"
10146,Adult,Male,"Low Income"
10147,Adult,Male,"Middle Income"
10148,Adult,Male,"Lower Middle Income"
10149,Adult,Female,"Upper Middle Income"
10150,Youth,Male,"Upper Middle Income"
10151,Adult,Female,"Middle Income"
10152,Senior,Female,"Middle Income"
10153,Adult,Female,"High Income"
10154,Adult,Female,"Middle Income"
10155,Adult,Male,"High Income"
10156,Adult,Female,"High Income"
10157,Adult,Male,"Lower Middle Income"
10158,Adult,Female,"Lower Middle Income"
10159,Youth,Male,"Lower Middle Income"
10160,Adult,Female,"Upper Middle Income"
10161,Adult,Female,"Middle Income"
10162,Adult,Female,"Middle Income"
10163,Adult,Female,"Middle Income"
10164,Senior,Female,"Upper Middle Income"
10165,Senior,Male,"Upper Middle Income"
10166,Senior,Female,"High Income"
10167,Adult,Male,"High Income"
10168,Adult,Female,"Low Income"
10169,Adult,Female,"Upper Middle Income"
10170,Adult,Female,"Lower Middle Income"
10171,Adult,Female,"Middle Income"
10172,Youth,Female,"Upper Middle Income"
10173,Adult,Female,"Lower Middle Income"
10174,Adult,Male,"Lower Middle Income"
10175,Adult,Female,"High Income"
10176,Youth,Female,"Middle Income"
10177,Adult,Female,"High Income"
10178,Adult,Female,"Upper Middle Income"
10179,Senior,Male,"Upper Middle Income"
10180,Senior,Male,"Middle Income"
10181,Adult,Female,"Middle Income"
10182,Youth,Male,"Upper Middle Income"
10183,Adult,Male,"Middle Income"
10184,Adult,Female,"Upper Middle Income"
10185,Adult,Female,"Upper Middle Income"
10186,Adult,Female,"High Income"
10187,Adult,Male,"Upper Middle Income"
10188,Adult,Female,"High Income"
10189,Adult,Male,"Lower Middle Income"
10190,Adult,Female,"High Income"
10191,Adult,Male,"Upper Middle Income"
10192,Adult,Female,"Middle Income"
10193,Senior,Female,"High Income"
10194,Adult,Female,"Upper Middle Income"
10195,Adult,Female,"Middle Income"
10196,Adult,Female,"Lower Middle Income"
10197,Adult,Male,"Upper Middle Income"
10198,Adult,Female,"Upper Middle Income"
10199,Adult,Male,"High Income"
10200,Youth,Female,"Upper Middle Income"
10201,Adult,Female,"Upper Middle Income"
10202,Youth,Male,"Lower Middle Income"
10203,Adult,Female,"High Income"
10204,Adult,Male,"Upper Middle Income"
10205,Adult,Male,"Upper Middle Income"
10206,Adult,Female,"Middle Income"
10207,Adult,Female,"Middle Income"
10208,Adult,Female,"Upper Middle Income"
10209,Adult,Male,"Upper Middle Income"
10210,Adult,Male,"High Income"
10211,Youth,Female,"Middle Income"
10212,Adult,Male,"Upper Middle Income"
10213,Youth,Male,"High Income"
10214,Adult,Female,"Upper Middle Income"
10215,Adult,Female,"Upper Middle Income"
10216,Adult,Female,"High Income"
10217,Youth,Male,"Upper Middle Income"
10218,Adult,Male,"Lower Middle Income"
10219,Adult,Male,"Upper Middle Income"
10220,Youth,Female,"Upper Middle Income"
10221,Youth,Male,"High Income"
10222,Adult,Female,"Lower Middle Income"
10223,Adult,Female,"Middle Income"
10224,Adult,Female,"Middle Income"
10225,Adult,Female,"High Income"
10226,Adult,Male,"Lower Middle Income"
10227,Adult,Male,"High Income"
10228,Adult,Female,"Low Income"
10229,Adult,Male,"High Income"
10230,Adult,Female,"Lower Middle Income"
10231,Youth,Female,"High Income"
10232,Adult,Female,"High Income"
10233,Adult,Male,"Upper Middle Income"
10234,Adult,Female,"Upper Middle Income"
10235,Adult,Male,"High Income"
10236,Adult,Female,"High Income"
10237,Adult,Female,"Middle Income"
10238,Adult,Female,"Upper Middle Income"
10239,Adult,Female,"High Income"
10240,Youth,Female,"Middle Income"
10241,Youth,Female,"High Income"
10242,Adult,Female,"Middle Income"
10243,Adult,Male,"Upper Middle Income"
10244,Adult,Female,"Lower Middle Income"
10245,Adult,Female,"Lower Middle Income"
10246,Youth,Male,"Middle Income"
10247,Adult,Male,"Low Income"
10248,Adult,Male,"High Income"
10249,Adult,Male,"High Income"
10250,Adult,Female,"Upper Middle Income"
10251,Adult,Female,"Middle Income"
10252,Adult,Female,"High Income"
10253,Adult,Female,"Upper Middle Income"
10254,Adult,Female,"High Income"
10255,Senior,Male,"High Income"
10256,Senior,Female,"High Income"
10257,Adult,Female,"Middle Income"
10258,Adult,Female,"High Income"
10259,Adult,Male,"Lower Middle Income"
10260,Adult,Female,"Middle Income"
10261,Youth,Male,"Upper Middle Income"
10262,Adult,Female,"Middle Income"
10263,Adult,Male,"High Income"
10264,Senior,Female,"Upper Middle Income"
10265,Adult,Male,"Middle Income"
10266,Youth,Male,"Middle Income"
10267,Adult,Female,"Lower Middle Income"
10268,Adult,Male,"High Income"
10269,Adult,Female,"Middle Income"
10270,Adult,Female,"Middle Income"
10271,Adult,Female,"Upper Middle Income"
10272,Youth,Male,"High Income"
10273,Adult,Female,"Middle Income"
10274,Youth,Female,"High Income"
10275,Adult,Female,"Middle Income"
10276,Youth,Male,"High Income"
10277,Adult,Female,"Middle Income"
10278,Senior,Female,"Upper Middle Income"
10279,Senior,Male,"Upper Middle Income"
10280,Adult,Male,"Upper Middle Income"
10281,Adult,Female,"Middle Income"
10282,Adult,Female,"High Income"
10283,Adult,Female,"Upper Middle Income"
10284,Senior,Female,"Middle Income"
10285,Adult,Male,"Upper Middle Income"
10286,Adult,Male,"Upper Middle Income"
10287,Adult,Female,"Upper Middle Income"
10288,Adult,Female,"High Income"
10289,Senior,Female,"Upper Middle Income"
10290,Adult,Female,"Upper Middle Income"
10291,Adult,Male,"Low Income"
10292,Adult,Female,"Middle Income"
10293,Adult,Female,"Middle Income"
10294,Adult,Male,"Upper Middle Income"
10295,Senior,Female,"Lower Middle Income"
10296,Adult,Male,"High Income"
10297,Adult,Male,"Upper Middle Income"
10298,Adult,Female,"Lower Middle Income"
10299,Adult,Female,"High Income"
10300,Adult,Female,"Upper Middle Income"
10301,Adult,Male,"Lower Middle Income"
10302,Senior,Male,"Lower Middle Income"
10303,Adult,Male,"Middle Income"
10304,Senior,Male,"Upper Middle Income"
10305,Adult,Male,"Middle Income"
10306,Adult,Female,"Upper Middle Income"
10307,Senior,Female,"Upper Middle Income"
10308,Adult,Female,"Upper Middle Income"
10309,Youth,Female,"Lower Middle Income"
10310,Adult,Female,"Low Income"
10311,Adult,Male,"Lower Middle Income"
10312,Adult,Male,"High Income"
10313,Adult,Female,"Lower Middle Income"
10314,Youth,Female,"Middle Income"
10315,Adult,Female,"Upper Middle Income"
10316,Adult,Female,"Lower Middle Income"
10317,Adult,Female,"Upper Middle Income"
10318,Adult,Female,"Upper Middle Income"
10319,Youth,Female,"High Income"
10320,Adult,Male,"Low Income"
10321,Adult,Female,"Upper Middle Income"
10322,Adult,Female,"Upper Middle Income"
10323,Adult,Male,"Lower Middle Income"
10324,Senior,Female,"High Income"
10325,Adult,Female,"Lower Middle Income"
10326,Adult,Female,"Lower Middle Income"
10327,Adult,Female,"Lower Middle Income"
10328,Adult,Male,"Upper Middle Income"
10329,Adult,Female,"High Income"
10330,Adult,Female,"Middle Income"
10331,Senior,Female,"High Income"
10332,Adult,Male,"High Income"
10333,Adult,Male,"Upper Middle Income"
10334,Adult,Female,"Low Income"
10335,Adult,Male,"High Income"
10336,Adult,Male,"Upper Middle Income"
10337,Youth,Female,"Upper Middle Income"
10338,Adult,Female,"Upper Middle Income"
10339,Youth,Female,"Upper Middle Income"
10340,Adult,Male,"Middle Income"
10341,Adult,Female,"Middle Income"
10342,Adult,Female,"Middle Income"
10343,Adult,Male,"Upper Middle Income"
10344,Senior,Male,"High Income"
10345,Youth,Female,"High Income"
10346,Adult,Female,"Middle Income"
10347,Adult,Female,"High Income"
10348,Adult,Male,"Low Income"
10349,Youth,Male,"Middle Income"
10350,Senior,Female,"High Income"
10351,Youth,Male,"Upper Middle Income"
10352,Adult,Female,"Upper Middle Income"
10353,Adult,Female,"Middle Income"
10354,Adult,Male,"Middle Income"
10355,Adult,Female,"Middle Income"
10356,Senior,Female,"Lower Middle Income"
10357,Adult,Female,"High Income"
10358,Adult,Male,"High Income"
10359,Adult,Male,"High Income"
10360,Adult,Female,"Upper Middle Income"
10361,Adult,Female,"Lower Middle Income"
10362,Adult,Male,"Upper Middle Income"
10363,Youth,Male,"High Income"
10364,Adult,Male,"Low Income"
10365,Adult,Female,"Middle Income"
10366,Adult,Female,"High Income"
10367,Youth,Female,"High Income"
10368,Adult,Male,"Upper Middle Income"
10369,Adult,Female,"Lower Middle Income"
10370,Youth,Male,"Lower Middle Income"
10371,Adult,Female,"Low Income"
10372,Adult,Female,"Upper Middle Income"
10373,Adult,Male,"Upper Middle Income"
10374,Adult,Female,"Upper Middle Income"
10375,Adult,Male,"Upper Middle Income"
10376,Adult,Male,"Upper Middle Income"
10377,Adult,Female,"Lower Middle Income"
10378,Adult,Female,"Low Income"
10379,Youth,Female,"High Income"
10380,Adult,Female,"Lower Middle Income"
10381,Youth,Female,"Middle Income"
10382,Adult,Male,"Upper Middle Income"
10383,Adult,Male,"Upper Middle Income"
10384,Adult,Female,"Upper Middle Income"
10385,Youth,Male,"Upper Middle Income"
10386,Adult,Female,"Upper Middle Income"
10387,Youth,Male,"Upper Middle Income"
10388,Adult,Female,"Upper Middle Income"
10389,Adult,Female,"Upper Middle Income"
10390,Adult,Male,"Upper Middle Income"
10391,Adult,Male,"High Income"
10392,Adult,Female,"High Income"
10393,Adult,Male,"Upper Middle Income"
10394,Senior,Male,"Upper Middle Income"
10395,Adult,Female,"High Income"
10396,Senior,Male,"Upper Middle Income"
10397,Adult,Female,"Upper Middle Income"
10398,Adult,Female,"Middle Income"
10399,Adult,Male,"Low Income"
10400,Adult,Female,"High Income"
10401,Adult,Female,"Lower Middle Income"
10402,Adult,Male,"High Income"
10403,Adult,Female,"Upper Middle Income"
10404,Adult,Male,"Middle Income"
10405,Adult,Male,"Middle Income"
10406,Adult,Male,"Low Income"
10407,Youth,Male,"Lower Middle Income"
10408,Adult,Male,"High Income"
10409,Adult,Female,"Low Income"
10410,Youth,Female,"High Income"
10411,Adult,Female,"Upper Middle Income"
10412,Adult,Female,"Middle Income"
10413,Adult,Female,"Upper Middle Income"
10414,Senior,Female,"Lower Middle Income"
10415,Youth,Female,"Upper Middle Income"
10416,Youth,Male,"Upper Middle Income"
10417,Adult,Female,"High Income"
10418,Adult,Male,"Upper Middle Income"
10419,Adult,Male,"Lower Middle Income"
10420,Adult,Female,"Middle Income"
10421,Adult,Male,"Upper Middle Income"
10422,Youth,Male,"Upper Middle Income"
10423,Adult,Female,"Upper Middle Income"
10424,Senior,Female,"High Income"
10425,Adult,Female,"Upper Middle Income"
10426,Adult,Female,"Middle Income"
10427,Adult,Male,"Upper Middle Income"
10428,Adult,Male,"Lower Middle Income"
10429,Adult,Female,"Lower Middle Income"
10430,Adult,Male,"High Income"
10431,Senior,Female,"Middle Income"
10432,Adult,Male,"High Income"
10433,Youth,Female,"Lower Middle Income"
10434,Adult,Female,"Upper Middle Income"
10435,Senior,Female,"Middle Income"
10436,Adult,Female,"High Income"
10437,Adult,Female,"Middle Income"
10438,Adult,Male,"Upper Middle Income"
10439,Adult,Male,"Upper Middle Income"
10440,Adult,Male,"Lower Middle Income"
10441,Adult,Female,"High Income"
10442,Adult,Male,"Upper Middle Income"
10443,Adult,Female,"High Income"
10444,Adult,Male,"High Income"
10445,Adult,Female,"Upper Middle Income"
10446,Adult,Female,"Upper Middle Income"
10447,Adult,Male,"Middle Income"
10448,Senior,Male,"Lower Middle Income"
10449,Adult,Male,"Middle Income"
10450,Youth,Female,"Upper Middle Income"
10451,Adult,Female,"Upper Middle Income"
10452,Adult,Male,"Middle Income"
10453,Adult,Female,"Middle Income"
10454,Adult,Male,"Lower Middle Income"
10455,Adult,Female,"Upper Middle Income"
10456,Adult,Female,"Middle Income"
10457,Youth,Female,"Low Income"
10458,Senior,Male,"Lower Middle Income"
10459,Senior,Female,"Upper Middle Income"
10460,Adult,Female,"High Income"
10461,Adult,Male,"Upper Middle Income"
10462,Adult,Male,"High Income"
10463,Adult,Female,"Low Income"
10464,Adult,Female,"Upper Middle Income"
10465,Adult,Female,"Upper Middle Income"
10466,Adult,Female,"Lower Middle Income"
10467,Adult,Female,"High Income"
10468,Adult,Male,"Upper Middle Income"
10469,Adult,Male,"Upper Middle Income"
10470,Adult,Female,"Low Income"
10471,Adult,Female,"Upper Middle Income"
10472,Youth,Female,"Low Income"
10473,Senior,Female,"High Income"
10474,Adult,Female,"Upper Middle Income"
10475,Youth,Female,"Upper Middle Income"
10476,Adult,Female,"Lower Middle Income"
10477,Adult,Female,"Middle Income"
10478,Adult,Male,"Lower Middle Income"
10479,Adult,Female,"Middle Income"
10480,Youth,Male,"High Income"
10481,Adult,Female,"High Income"
10482,Adult,Female,"Upper Middle Income"
10483,Adult,Female,"High Income"
10484,Adult,Female,"High Income"
10485,Adult,Male,"Lower Middle Income"
10486,Adult,Male,"Middle Income"
10487,Youth,Female,"Middle Income"
10488,Senior,Female,"High Income"
10489,Adult,Male,"Upper Middle Income"
10490,Adult,Female,"High Income"
10491,Adult,Female,"Upper Middle Income"
10492,Adult,Female,"Upper Middle Income"
10493,Youth,Male,"Middle Income"
10494,Youth,Female,"High Income"
10495,Youth,Female,"High Income"
10496,Adult,Female,"Middle Income"
10497,Adult,Female,"Low Income"
10498,Adult,Female,"Upper Middle Income"
10499,Adult,Female,"Upper Middle Income"
10500,Adult,Male,"Middle Income"
10501,Adult,Male,"High Income"
10502,Adult,Male,"High Income"
10503,Adult,Male,"Upper Middle Income"
10504,Adult,Female,"Middle Income"
10505,Adult,Female,"Low Income"
10506,Adult,Female,"Upper Middle Income"
10507,Adult,Male,"High Income"
10508,Adult,Female,"Middle Income"
10509,Adult,Male,"Middle Income"
10510,Adult,Male,"Upper Middle Income"
10511,Adult,Male,"Middle Income"
10512,Adult,Female,"High Income"
10513,Adult,Male,"Middle Income"
10514,Adult,Female,"Upper Middle Income"
10515,Senior,Male,"High Income"
10516,Adult,Female,"Upper Middle Income"
10517,Adult,Female,"Lower Middle Income"
10518,Adult,Female,"Lower Middle Income"
10519,Youth,Female,"Low Income"
10520,Senior,Female,"Lower Middle Income"
10521,Adult,Female,"Upper Middle Income"
10522,Adult,Female,"High Income"
10523,Adult,Male,"Lower Middle Income"
10524,Adult,Male,"Middle Income"
10525,Adult,Male,"Upper Middle Income"
10526,Adult,Female,"Middle Income"
10527,Adult,Female,"Upper Middle Income"
10528,Adult,Female,"Lower Middle Income"
10529,Adult,Female,"Low Income"
10530,Adult,Female,"Lower Middle Income"
10531,Adult,Female,"Low Income"
10532,Senior,Female,"High Income"
10533,Youth,Male,"Lower Middle Income"
10534,Adult,Female,"Low Income"
10535,Senior,Male,"High Income"
10536,Adult,Female,"Upper Middle Income"
10537,Adult,Male,"Lower Middle Income"
10538,Adult,Female,"Low Income"
10539,Adult,Female,"Lower Middle Income"
10540,Adult,Male,"High Income"
10541,Adult,Male,"Low Income"
10542,Adult,Female,"High Income"
10543,Senior,Female,"Upper Middle Income"
10544,Adult,Female,"Middle Income"
10545,Adult,Female,"Lower Middle Income"
10546,Adult,Male,"Upper Middle Income"
10547,Adult,Female,"High Income"
10548,Youth,Female,"Lower Middle Income"
10549,Adult,Female,"Low Income"
10550,Adult,Male,"Middle Income"
10551,Adult,Female,"High Income"
10552,Adult,Female,"Upper Middle Income"
10553,Adult,Female,"High Income"
10554,Adult,Female,"Upper Middle Income"
10555,Adult,Female,"Lower Middle Income"
10556,Youth,Female,"High Income"
10557,Adult,Male,"Upper Middle Income"
10558,Youth,Female,"Upper Middle Income"
10559,Adult,Female,"Low Income"
10560,Adult,Male,"Middle Income"
10561,Youth,Male,"Low Income"
10562,Adult,Female,"Lower Middle Income"
10563,Adult,Male,"Middle Income"
10564,Adult,Female,"Middle Income"
10565,Senior,Female,"Upper Middle Income"
10566,Adult,Male,"Upper Middle Income"
10567,Adult,Male,"High Income"
10568,Adult,Female,"High Income"
10569,Adult,Female,"Upper Middle Income"
10570,Adult,Male,"Middle Income"
10571,Youth,Female,"High Income"
10572,Adult,Female,"Upper Middle Income"
10573,Adult,Female,"Low Income"
10574,Adult,Female,"Upper Middle Income"
10575,Adult,Female,"High Income"
10576,Adult,Female,"Upper Middle Income"
10577,Adult,Male,"Upper Middle Income"
10578,Adult,Female,"Upper Middle Income"
10579,Adult,Female,"Upper Middle Income"
10580,Adult,Male,"Upper Middle Income"
10581,Adult,Female,"Upper Middle Income"
10582,Adult,Female,"High Income"
10583,Adult,Female,"Low Income"
10584,Youth,Female,"Middle Income"
10585,Adult,Male,"High Income"
10586,Adult,Female,"Upper Middle Income"
10587,Adult,Female,"Upper Middle Income"
10588,Youth,Male,"High Income"
10589,Adult,Female,"Lower Middle Income"
10590,Adult,Female,"Upper Middle Income"
10591,Youth,Male,"Upper Middle Income"
10592,Adult,Female,"Upper Middle Income"
10593,Senior,Male,"Low Income"
10594,Youth,Male,"Middle Income"
10595,Youth,Male,"Upper Middle Income"
10596,Adult,Male,"Lower Middle Income"
10597,Adult,Female,"Middle Income"
10598,Adult,Male,"Middle Income"
10599,Adult,Female,"Middle Income"
10600,Adult,Male,"Low Income"
10601,Adult,Female,"Lower Middle Income"
10602,Adult,Female,"Upper Middle Income"
10603,Senior,Female,"High Income"
10604,Youth,Male,"Middle Income"
10605,Adult,Female,"Middle Income"
10606,Youth,Male,"Upper Middle Income"
10607,Adult,Female,"Lower Middle Income"
10608,Youth,Female,"Upper Middle Income"
10609,Youth,Female,"Upper Middle Income"
10610,Adult,Female,"Middle Income"
10611,Adult,Male,"Middle Income"
10612,Youth,Female,"High Income"
10613,Adult,Female,"Upper Middle Income"
10614,Adult,Female,"Low Income"
10615,Adult,Female,"High Income"
10616,Adult,Male,"High Income"
10617,Adult,Male,"Middle Income"
10618,Adult,Female,"Upper Middle Income"
10619,Senior,Female,"Upper Middle Income"
10620,Adult,Female,"High Income"
10621,Adult,Female,"Middle Income"
10622,Adult,Male,"Upper Middle Income"
10623,Adult,Female,"Upper Middle Income"
10624,Youth,Female,"High Income"
10625,Adult,Female,"Upper Middle Income"
10626,Adult,Female,"High Income"
10627,Adult,Male,"Lower Middle Income"
10628,Adult,Male,"Lower Middle Income"
10629,Adult,Female,"High Income"
10630,Adult,Male,"Lower Middle Income"
10631,Adult,Male,"Middle Income"
10632,Adult,Female,"Lower Middle Income"
10633,Adult,Male,"Low Income"
10634,Adult,Female,"High Income"
10635,Adult,Female,"Lower Middle Income"
10636,Adult,Female,"Middle Income"
10637,Adult,Female,"Middle Income"
10638,Adult,Female,"Upper Middle Income"
10639,Youth,Female,"Lower Middle Income"
10640,Adult,Female,"Upper Middle Income"
10641,Adult,Male,"Upper Middle Income"
10642,Adult,Female,"Upper Middle Income"
10643,Adult,Female,"High Income"
10644,Adult,Female,"Middle Income"
10645,Senior,Male,"Low Income"
10646,Adult,Female,"Middle Income"
10647,Youth,Male,"High Income"
10648,Adult,Female,"Middle Income"
10649,Adult,Female,"Middle Income"
10650,Adult,Male,"Low Income"
10651,Youth,Female,"Middle Income"
10652,Adult,Male,"Low Income"
10653,Adult,Female,"Upper Middle Income"
10654,Adult,Male,"Low Income"
10655,Youth,Female,"Upper Middle Income"
10656,Adult,Male,"Middle Income"
10657,Adult,Male,"Middle Income"
10658,Adult,Female,"High Income"
10659,Adult,Male,"Middle Income"
10660,Adult,Female,"Middle Income"
10661,Adult,Male,"Upper Middle Income"
10662,Adult,Female,"Lower Middle Income"
10663,Adult,Female,"Lower Middle Income"
10664,Adult,Female,"Lower Middle Income"
10665,Senior,Female,"High Income"
10666,Adult,Female,"Middle Income"
10667,Adult,Male,"Low Income"
10668,Adult,Male,"Middle Income"
10669,Adult,Female,"Upper Middle Income"
10670,Adult,Female,"Upper Middle Income"
10671,Senior,Female,"Middle Income"
10672,Adult,Male,"Upper Middle Income"
10673,Youth,Male,"High Income"
10674,Adult,Male,"Upper Middle Income"
10675,Adult,Female,"High Income"
10676,Youth,Female,"Middle Income"
10677,Adult,Male,"Middle Income"
10678,Adult,Female,"Upper Middle Income"
10679,Youth,Female,"Middle Income"
10680,Adult,Female,"Upper Middle Income"
10681,Youth,Male,"Lower Middle Income"
10682,Senior,Female,"Middle Income"
10683,Adult,Female,"High Income"
10684,Adult,Female,"Middle Income"
10685,Youth,Female,"Low Income"
10686,Adult,Male,"High Income"
10687,Youth,Male,"Upper Middle Income"
10688,Adult,Female,"High Income"
10689,Adult,Male,"Lower Middle Income"
10690,Adult,Female,"Low Income"
10691,Adult,Female,"Middle Income"
10692,Adult,Female,"Lower Middle Income"
10693,Adult,Male,"Low Income"
10694,Senior,Male,"Upper Middle Income"
10695,Adult,Female,"Upper Middle Income"
10696,Adult,Male,"High Income"
10697,Adult,Female,"Upper Middle Income"
10698,Senior,Female,"Upper Middle Income"
10699,Adult,Female,"Middle Income"
10700,Adult,Female,"High Income"
10701,Adult,Male,"Lower Middle Income"
10702,Adult,Male,"Lower Middle Income"
10703,Adult,Female,"High Income"
10704,Adult,Female,"Upper Middle Income"
10705,Adult,Female,"Low Income"
10706,Adult,Female,"Upper Middle Income"
10707,Adult,Female,"Middle Income"
10708,Adult,Male,"High Income"
10709,Youth,Male,"Upper Middle Income"
10710,Youth,Female,"Lower Middle Income"
10711,Adult,Male,"Middle Income"
10712,Youth,Female,"Upper Middle Income"
10713,Senior,Female,"Middle Income"
10714,Adult,Female,"High Income"
10715,Adult,Female,"Upper Middle Income"
10716,Adult,Male,"High Income"
10717,Adult,Male,"Upper Middle Income"
10718,Adult,Female,"Lower Middle Income"
10719,Youth,Female,"Middle Income"
10720,Adult,Female,"Middle Income"
10721,Youth,Female,"Upper Middle Income"
10722,Adult,Male,"High Income"
10723,Adult,Female,"Lower Middle Income"
10724,Adult,Female,"Upper Middle Income"
10725,Adult,Male,"Upper Middle Income"
10726,Adult,Female,"Upper Middle Income"
10727,Adult,Female,"High Income"
10728,Adult,Female,"Low Income"
10729,Youth,Male,"Low Income"
10730,Adult,Female,"High Income"
10731,Adult,Male,"Middle Income"
10732,Adult,Male,"Upper Middle Income"
10733,Adult,Female,"High Income"
10734,Adult,Female,"Middle Income"
10735,Youth,Female,"Upper Middle Income"
10736,Adult,Male,"High Income"
10737,Adult,Male,"Lower Middle Income"
10738,Adult,Female,"High Income"
10739,Senior,Male,"High Income"
10740,Youth,Male,"Lower Middle Income"
10741,Adult,Male,"Middle Income"
10742,Adult,Female,"Upper Middle Income"
10743,Youth,Male,"Upper Middle Income"
10744,Adult,Female,"High Income"
10745,Adult,Male,"Upper Middle Income"
10746,Adult,Male,"Middle Income"
10747,Adult,Female,"High Income"
10748,Adult,Male,"Lower Middle Income"
10749,Adult,Female,"Upper Middle Income"
10750,Youth,Male,"High Income"
10751,Adult,Female,"Lower Middle Income"
10752,Adult,Male,"High Income"
10753,Youth,Male,"High Income"
10754,Adult,Female,"Low Income"
10755,Adult,Female,"Middle Income"
10756,Adult,Male,"Middle Income"
10757,Adult,Female,"Middle Income"
10758,Adult,Female,"Upper Middle Income"
10759,Adult,Female,"Middle Income"
10760,Adult,Female,"Upper Middle Income"
10761,Adult,Male,"Upper Middle Income"
10762,Adult,Female,"Upper Middle Income"
10763,Adult,Male,"Upper Middle Income"
10764,Adult,Male,"Low Income"
10765,Youth,Female,"Lower Middle Income"
10766,Adult,Female,"High Income"
10767,Adult,Female,"High Income"
10768,Adult,Female,"Middle Income"
10769,Youth,Female,"High Income"
10770,Adult,Male,"Middle Income"
10771,Adult,Female,"Upper Middle Income"
10772,Adult,Male,"Low Income"
10773,Senior,Female,"Upper Middle Income"
10774,Youth,Female,"Lower Middle Income"
10775,Adult,Male,"Upper Middle Income"
10776,Adult,Female,"Upper Middle Income"
10777,Adult,Male,"Upper Middle Income"
10778,Adult,Male,"Lower Middle Income"
10779,Youth,Female,"High Income"
10780,Adult,Male,"Upper Middle Income"
10781,Senior,Female,"High Income"
10782,Adult,Female,"Upper Middle Income"
10783,Adult,Female,"Middle Income"
10784,Adult,Female,"High Income"
10785,Adult,Female,"Lower Middle Income"
10786,Adult,Female,"Upper Middle Income"
10787,Adult,Female,"High Income"
10788,Adult,Female,"Lower Middle Income"
10789,Adult,Female,"High Income"
10790,Adult,Male,"Upper Middle Income"
10791,Adult,Male,"Middle Income"
10792,Adult,Female,"Upper Middle Income"
10793,Senior,Female,"High Income"
10794,Youth,Female,"Upper Middle Income"
10795,Adult,Female,"Lower Middle Income"
10796,Adult,Female,"High Income"
10797,Adult,Female,"Low Income"
10798,Youth,Female,"Upper Middle Income"
10799,Youth,Female,"Middle Income"
10800,Adult,Male,"High Income"
10801,Adult,Female,"High Income"
10802,Adult,Female,"High Income"
10803,Adult,Male,"Upper Middle Income"
10804,Adult,Female,"Lower Middle Income"
10805,Senior,Male,"Lower Middle Income"
10806,Adult,Female,"High Income"
10807,Senior,Female,"High Income"
10808,Adult,Female,"Low Income"
10809,Adult,Female,"Lower Middle Income"
10810,Adult,Female,"Upper Middle Income"
10811,Senior,Female,"High Income"
10812,Adult,Male,"High Income"
10813,Senior,Female,"Lower Middle Income"
10814,Adult,Male,"Middle Income"
10815,Youth,Male,"Upper Middle Income"
10816,Adult,Male,"Upper Middle Income"
10817,Adult,Female,"Upper Middle Income"
10818,Adult,Female,"Middle Income"
10819,Adult,Female,"Upper Middle Income"
10820,Youth,Male,"Upper Middle Income"
10821,Adult,Male,"Upper Middle Income"
10822,Adult,Female,"High Income"
10823,Youth,Female,"Upper Middle Income"
10824,Youth,Female,"Upper Middle Income"
10825,Adult,Male,"Upper Middle Income"
10826,Adult,Male,"Lower Middle Income"
10827,Adult,Female,"High Income"
10828,Adult,Female,"Low Income"
10829,Adult,Male,"Upper Middle Income"
10830,Adult,Male,"Upper Middle Income"
10831,Adult,Female,"Upper Middle Income"
10832,Adult,Female,"High Income"
10833,Youth,Female,"Lower Middle Income"
10834,Youth,Male,"Lower Middle Income"
10835,Adult,Male,"Middle Income"
10836,Adult,Female,"Upper Middle Income"
10837,Adult,Male,"High Income"
10838,Senior,Female,"Middle Income"
10839,Adult,Female,"Upper Middle Income"
10840,Adult,Male,"Upper Middle Income"
10841,Adult,Female,"Upper Middle Income"
10842,Adult,Female,"Upper Middle Income"
10843,Adult,Female,"Upper Middle Income"
10844,Adult,Female,"Upper Middle Income"
10845,Adult,Male,"Lower Middle Income"
10846,Adult,Female,"Lower Middle Income"
10847,Adult,Female,"High Income"
10848,Senior,Female,"High Income"
10849,Adult,Male,"Upper Middle Income"
10850,Adult,Female,"Middle Income"
10851,Senior,Female,"High Income"
10852,Adult,Female,"High Income"
10853,Youth,Female,"Upper Middle Income"
10854,Adult,Female,"High Income"
10855,Senior,Female,"High Income"
10856,Senior,Female,"Middle Income"
10857,Adult,Male,"Low Income"
10858,Adult,Female,"Low Income"
10859,Adult,Male,"High Income"
10860,Adult,Female,"Middle Income"
10861,Adult,Male,"Upper Middle Income"
10862,Senior,Female,"Upper Middle Income"
10863,Adult,Male,"Upper Middle Income"
10864,Adult,Female,"Low Income"
10865,Adult,Female,"Lower Middle Income"
10866,Adult,Male,"Middle Income"
10867,Adult,Female,"High Income"
10868,Adult,Female,"Upper Middle Income"
10869,Senior,Female,"Lower Middle Income"
10870,Adult,Female,"High Income"
10871,Adult,Male,"Upper Middle Income"
10872,Adult,Female,"Upper Middle Income"
10873,Adult,Male,"Middle Income"
10874,Youth,Female,"Upper Middle Income"
10875,Youth,Female,"Middle Income"
10876,Senior,Male,"Middle Income"
10877,Adult,Female,"Upper Middle Income"
10878,Adult,Male,"Upper Middle Income"
10879,Adult,Female,"Lower Middle Income"
10880,Senior,Male,"Upper Middle Income"
10881,Adult,Female,"Upper Middle Income"
10882,Adult,Male,"Lower Middle Income"
10883,Adult,Female,"Low Income"
10884,Adult,Female,"Upper Middle Income"
10885,Adult,Male,"Low Income"
10886,Adult,Female,"Lower Middle Income"
10887,Adult,Female,"Middle Income"
10888,Adult,Female,"Upper Middle Income"
10889,Senior,Female,"High Income"
10890,Adult,Female,"Upper Middle Income"
10891,Adult,Male,"Upper Middle Income"
10892,Adult,Male,"Middle Income"
10893,Adult,Female,"Lower Middle Income"
10894,Adult,Female,"Upper Middle Income"
10895,Adult,Male,"Upper Middle Income"
10896,Youth,Male,"Middle Income"
10897,Adult,Female,"High Income"
10898,Adult,Female,"Upper Middle Income"
10899,Youth,Male,"Middle Income"
10900,Adult,Female,"Upper Middle Income"
10901,Adult,Female,"High Income"
10902,Adult,Female,"Upper Middle Income"
10903,Adult,Male,"Low Income"
10904,Adult,Female,"Lower Middle Income"
10905,Adult,Female,"Upper Middle Income"
10906,Adult,Male,"Middle Income"
10907,Youth,Female,"High Income"
10908,Adult,Male,"Lower Middle Income"
10909,Senior,Male,"Upper Middle Income"
10910,Adult,Female,"Upper Middle Income"
10911,Adult,Female,"Upper Middle Income"
10912,Adult,Male,"Upper Middle Income"
10913,Adult,Female,"Middle Income"
10914,Youth,Female,"High Income"
10915,Adult,Female,"Middle Income"
10916,Adult,Female,"High Income"
10917,Adult,Male,"High Income"
10918,Adult,Female,"Upper Middle Income"
10919,Adult,Female,"Upper Middle Income"
10920,Adult,Female,"Lower Middle Income"
10921,Adult,Female,"Upper Middle Income"
10922,Senior,Male,"Lower Middle Income"
10923,Adult,Male,"Upper Middle Income"
10924,Adult,Female,"Middle Income"
10925,Youth,Female,"Lower Middle Income"
10926,Senior,Female,"Middle Income"
10927,Adult,Female,"Upper Middle Income"
10928,Senior,Male,"Lower Middle Income"
10929,Adult,Female,"Middle Income"
10930,Youth,Female,"Upper Middle Income"
10931,Youth,Male,"Upper Middle Income"
10932,Adult,Female,"Middle Income"
10933,Adult,Female,"Upper Middle Income"
10934,Adult,Female,"Lower Middle Income"
10935,Adult,Male,"Lower Middle Income"
10936,Adult,Male,"Middle Income"
10937,Adult,Male,"Middle Income"
10938,Adult,Female,"Upper Middle Income"
10939,Senior,Male,"Upper Middle Income"
10940,Adult,Female,"Upper Middle Income"
10941,Adult,Female,"Low Income"
10942,Adult,Female,"Upper Middle Income"
10943,Adult,Female,"Upper Middle Income"
10944,Adult,Female,"Upper Middle Income"
10945,Adult,Female,"Lower Middle Income"
10946,Adult,Female,"Lower Middle Income"
10947,Youth,Female,"Lower Middle Income"
10948,Adult,Female,"Middle Income"
10949,Senior,Female,"High Income"
10950,Youth,Male,"Middle Income"
10951,Senior,Female,"Upper Middle Income"
10952,Adult,Female,"Upper Middle Income"
10953,Youth,Male,"High Income"
10954,Adult,Male,"Middle Income"
10955,Adult,Male,"Upper Middle Income"
10956,Adult,Female,"Lower Middle Income"
10957,Adult,Male,"High Income"
10958,Senior,Female,"Upper Middle Income"
10959,Adult,Male,"Middle Income"
10960,Adult,Male,"High Income"
10961,Adult,Female,"Upper Middle Income"
10962,Adult,Male,"High Income"
10963,Adult,Female,"Upper Middle Income"
10964,Adult,Male,"Upper Middle Income"
10965,Youth,Female,"Upper Middle Income"
10966,Adult,Male,"Middle Income"
10967,Adult,Male,"High Income"
10968,Adult,Female,"Upper Middle Income"
10969,Adult,Female,"Lower Middle Income"
10970,Adult,Male,"High Income"
10971,Adult,Female,"Low Income"
10972,Adult,Female,"High Income"
10973,Adult,Male,"High Income"
10974,Adult,Male,"Upper Middle Income"
10975,Adult,Female,"High Income"
10976,Adult,Female,"Middle Income"
10977,Adult,Female,"High Income"
10978,Adult,Female,"Middle Income"
10979,Adult,Female,"Upper Middle Income"
10980,Adult,Male,"Middle Income"
10981,Adult,Male,"Lower Middle Income"
10982,Adult,Male,"High Income"
10983,Adult,Female,"Upper Middle Income"
10984,Senior,Female,"Upper Middle Income"
10985,Adult,Female,"Middle Income"
10986,Senior,Female,"Upper Middle Income"
10987,Adult,Female,"High Income"
10988,Adult,Female,"Upper Middle Income"
10989,Adult,Male,"High Income"
10990,Adult,Female,"Upper Middle Income"
10991,Adult,Female,"Low Income"
10992,Senior,Male,"Middle Income"
10993,Adult,Female,"Upper Middle Income"
10994,Senior,Female,"Upper Middle Income"
10995,Adult,Male,"High Income"
10996,Adult,Male,"Upper Middle Income"
10997,Adult,Female,"Lower Middle Income"
10998,Adult,Female,"Low Income"
10999,Adult,Female,"Upper Middle Income"
11000,Senior,Male,"Lower Middle Income"
11001,Adult,Male,"Upper Middle Income"
11002,Adult,Male,"Upper Middle Income"
11003,Adult,Male,"Upper Middle Income"
11004,Adult,Male,"Middle Income"
11005,Adult,Female,"Middle Income"
11006,Adult,Male,"Middle Income"
11007,Adult,Female,"Upper Middle Income"
11008,Adult,Male,"High Income"
11009,Adult,Male,"Low Income"
11010,Adult,Female,"Upper Middle Income"
11011,Adult,Female,"Upper Middle Income"
11012,Youth,Female,"High Income"
11013,Adult,Female,"Upper Middle Income"
11014,Adult,Male,"Upper Middle Income"
11015,Adult,Female,"Upper Middle Income"
11016,Adult,Male,"High Income"
11017,Adult,Female,"Low Income"
11018,Adult,Male,"Low Income"
11019,Adult,Female,"Lower Middle Income"
11020,Adult,Male,"Middle Income"
11021,Adult,Female,"Upper Middle Income"
11022,Adult,Female,"Middle Income"
11023,Adult,Female,"High Income"
11024,Adult,Female,"Upper Middle Income"
11025,Adult,Female,"Middle Income"
11026,Youth,Female,"Upper Middle Income"
11027,Adult,Male,"High Income"
11028,Adult,Male,"Middle Income"
11029,Adult,Female,"Lower Middle Income"
11030,Senior,Female,"High Income"
11031,Adult,Male,"High Income"
11032,Senior,Male,"Upper Middle Income"
11033,Adult,Female,"High Income"
11034,Adult,Male,"Lower Middle Income"
11035,Senior,Female,"High Income"
11036,Adult,Male,"High Income"
11037,Adult,Female,"Lower Middle Income"
11038,Adult,Male,"Upper Middle Income"
11039,Adult,Female,"High Income"
11040,Adult,Male,"High Income"
11041,Adult,Female,"High Income"
11042,Adult,Female,"Lower Middle Income"
11043,Adult,Male,"High Income"
11044,Youth,Female,"High Income"
11045,Adult,Female,"Upper Middle Income"
11046,Adult,Male,"Low Income"
11047,Adult,Female,"Upper Middle Income"
11048,Adult,Male,"Lower Middle Income"
11049,Adult,Female,"High Income"
11050,Adult,Male,"Upper Middle Income"
11051,Adult,Male,"Middle Income"
11052,Adult,Male,"High Income"
11053,Adult,Female,"High Income"
11054,Adult,Female,"High Income"
11055,Adult,Female,"Middle Income"
11056,Adult,Male,"Low Income"
11057,Adult,Male,"Middle Income"
11058,Adult,Female,"High Income"
11059,Youth,Female,"Lower Middle Income"
11060,Adult,Male,"Middle Income"
11061,Youth,Female,"Low Income"
11062,Youth,Male,"High Income"
11063,Youth,Female,"Middle Income"
11064,Youth,Female,"High Income"
11065,Adult,Female,"High Income"
11066,Adult,Female,"Upper Middle Income"
11067,Adult,Male,"Upper Middle Income"
11068,Adult,Female,"Upper Middle Income"
11069,Adult,Female,"Middle Income"
11070,Adult,Male,"Lower Middle Income"
11071,Adult,Female,"Middle Income"
11072,Adult,Female,"Upper Middle Income"
11073,Adult,Female,"Upper Middle Income"
11074,Adult,Male,"Lower Middle Income"
11075,Adult,Female,"Lower Middle Income"
11076,Adult,Female,"Middle Income"
11077,Adult,Male,"Upper Middle Income"
11078,Youth,Female,"Upper Middle Income"
11079,Adult,Female,"High Income"
11080,Senior,Female,"Lower Middle Income"
11081,Adult,Male,"Upper Middle Income"
11082,Adult,Female,"Upper Middle Income"
11083,Senior,Female,"Upper Middle Income"
11084,Adult,Female,"High Income"
11085,Adult,Female,"High Income"
11086,Adult,Male,"Upper Middle Income"
11087,Adult,Male,"Lower Middle Income"
11088,Adult,Female,"High Income"
11089,Adult,Male,"Upper Middle Income"
11090,Adult,Female,"Lower Middle Income"
11091,Adult,Male,"Middle Income"
11092,Adult,Female,"Upper Middle Income"
11093,Adult,Male,"High Income"
11094,Adult,Female,"Middle Income"
11095,Adult,Male,"Middle Income"
11096,Senior,Male,"Upper Middle Income"
11097,Adult,Male,"Middle Income"
11098,Youth,Female,"Middle Income"
11099,Adult,Male,"Upper Middle Income"
11100,Adult,Male,"Upper Middle Income"
11101,Youth,Male,"Middle Income"
11102,Adult,Female,"Middle Income"
11103,Youth,Male,"Upper Middle Income"
11104,Adult,Male,"Middle Income"
11105,Adult,Male,"High Income"
11106,Adult,Female,"High Income"
11107,Adult,Female,"Lower Middle Income"
11108,Adult,Female,"Upper Middle Income"
11109,Adult,Female,"Middle Income"
11110,Adult,Female,"Lower Middle Income"
11111,Adult,Male,"Upper Middle Income"
11112,Adult,Female,"Lower Middle Income"
11113,Adult,Female,"Upper Middle Income"
11114,Adult,Female,"Middle Income"
11115,Adult,Female,"High Income"
11116,Adult,Female,"High Income"
11117,Adult,Female,"Middle Income"
11118,Youth,Female,"High Income"
11119,Adult,Male,"Lower Middle Income"
11120,Adult,Male,"Upper Middle Income"
11121,Adult,Male,"Low Income"
11122,Youth,Male,"Upper Middle Income"
11123,Youth,Female,"Lower Middle Income"
11124,Adult,Male,"Upper Middle Income"
11125,Adult,Male,"Low Income"
11126,Youth,Female,"Middle Income"
11127,Adult,Female,"Upper Middle Income"
11128,Adult,Female,"Lower Middle Income"
11129,Adult,Male,"High Income"
11130,Senior,Male,"High Income"
11131,Youth,Female,"Middle Income"
11132,Adult,Female,"High Income"
11133,Adult,Male,"Upper Middle Income"
11134,Adult,Female,"Lower Middle Income"
11135,Adult,Female,"Lower Middle Income"
11136,Adult,Female,"Upper Middle Income"
11137,Adult,Female,"Middle Income"
11138,Adult,Male,"Upper Middle Income"
11139,Senior,Female,"Upper Middle Income"
11140,Adult,Female,"High Income"
11141,Adult,Male,"Upper Middle Income"
11142,Adult,Female,"Middle Income"
11143,Adult,Male,"Lower Middle Income"
11144,Adult,Female,"Middle Income"
11145,Adult,Male,"Low Income"
11146,Adult,Female,"Upper Middle Income"
11147,Adult,Male,"Lower Middle Income"
11148,Adult,Female,"Upper Middle Income"
11149,Adult,Female,"Middle Income"
11150,Adult,Female,"Low Income"
11151,Senior,Female,"Middle Income"
11152,Adult,Female,"High Income"
11153,Adult,Female,"Upper Middle Income"
11154,Adult,Male,"Middle Income"
11155,Senior,Male,"High Income"
11156,Adult,Male,"Upper Middle Income"
11157,Adult,Male,"Lower Middle Income"
11158,Senior,Female,"Upper Middle Income"
11159,Senior,Male,"Upper Middle Income"
11160,Adult,Female,"Upper Middle Income"
11161,Adult,Female,"Middle Income"
11162,Adult,Female,"Upper Middle Income"
11163,Adult,Female,"Upper Middle Income"
11164,Adult,Female,"High Income"
11165,Adult,Male,"Lower Middle Income"
11166,Youth,Male,"Lower Middle Income"
11167,Youth,Female,"Middle Income"
11168,Adult,Female,"Lower Middle Income"
11169,Senior,Female,"Middle Income"
11170,Adult,Female,"Upper Middle Income"
11171,Adult,Female,"Middle Income"
11172,Adult,Female,"High Income"
11173,Youth,Male,"Lower Middle Income"
11174,Adult,Female,"High Income"
11175,Adult,Female,"Lower Middle Income"
11176,Adult,Male,"High Income"
11177,Adult,Male,"High Income"
11178,Adult,Female,"Upper Middle Income"
11179,Adult,Male,"High Income"
11180,Adult,Male,"Middle Income"
11181,Youth,Female,"Upper Middle Income"
11182,Senior,Male,"Middle Income"
11183,Adult,Female,"Lower Middle Income"
11184,Senior,Male,"Lower Middle Income"
11185,Youth,Female,"Upper Middle Income"
11186,Adult,Female,"Upper Middle Income"
11187,Adult,Female,"Middle Income"
11188,Senior,Male,"Low Income"
11189,Adult,Female,"Middle Income"
11190,Adult,Female,"Upper Middle Income"
11191,Youth,Female,"Middle Income"
11192,Adult,Female,"Upper Middle Income"
11193,Adult,Female,"Upper Middle Income"
11194,Senior,Female,"High Income"
11195,Adult,Male,"Middle Income"
11196,Adult,Male,"Low Income"
11197,Adult,Female,"High Income"
11198,Adult,Male,"Upper Middle Income"
11199,Adult,Female,"Middle Income"
11200,Senior,Female,"Lower Middle Income"
11201,Youth,Female,"Upper Middle Income"
11202,Adult,Male,"Middle Income"
11203,Adult,Male,"Lower Middle Income"
11204,Adult,Female,"High Income"
11205,Senior,Female,"Upper Middle Income"
11206,Adult,Female,"High Income"
11207,Adult,Male,"Upper Middle Income"
11208,Youth,Male,"Low Income"
11209,Adult,Male,"Middle Income"
11210,Youth,Female,"Upper Middle Income"
11211,Adult,Male,"Middle Income"
11212,Youth,Male,"Upper Middle Income"
11213,Adult,Male,"Lower Middle Income"
11214,Adult,Male,"High Income"
11215,Senior,Female,"Upper Middle Income"
11216,Adult,Female,"Low Income"
11217,Youth,Male,"Middle Income"
11218,Adult,Male,"Low Income"
11219,Adult,Male,"Low Income"
11220,Youth,Male,"Upper Middle Income"
11221,Adult,Male,"Middle Income"
11222,Adult,Female,"High Income"
11223,Adult,Male,"Upper Middle Income"
11224,Adult,Male,"Middle Income"
11225,Adult,Male,"Upper Middle Income"
11226,Adult,Female,"High Income"
11227,Adult,Female,"High Income"
11228,Adult,Female,"Middle Income"
11229,Adult,Female,"High Income"
11230,Adult,Female,"Middle Income"
11231,Adult,Male,"Upper Middle Income"
11232,Adult,Female,"Middle Income"
11233,Adult,Male,"Upper Middle Income"
11234,Adult,Female,"High Income"
11235,Adult,Female,"High Income"
11236,Adult,Female,"Middle Income"
11237,Youth,Female,"Lower Middle Income"
11238,Adult,Female,"High Income"
11239,Adult,Female,"Middle Income"
11240,Adult,Female,"Upper Middle Income"
11241,Adult,Female,"Middle Income"
11242,Adult,Female,"Upper Middle Income"
11243,Adult,Female,"High Income"
11244,Adult,Female,"High Income"
11245,Adult,Male,"Upper Middle Income"
11246,Adult,Male,"Upper Middle Income"
11247,Adult,Female,"Upper Middle Income"
11248,Youth,Female,"High Income"
11249,Adult,Female,"Upper Middle Income"
11250,Adult,Female,"High Income"
11251,Adult,Female,"Lower Middle Income"
11252,Adult,Male,"High Income"
11253,Adult,Male,"Lower Middle Income"
11254,Adult,Male,"High Income"
11255,Adult,Male,"Upper Middle Income"
11256,Adult,Female,"Middle Income"
11257,Adult,Female,"Upper Middle Income"
11258,Youth,Female,"Middle Income"
11259,Senior,Female,"Lower Middle Income"
11260,Adult,Male,"Lower Middle Income"
11261,Adult,Male,"Low Income"
11262,Youth,Female,"High Income"
11263,Youth,Male,"Upper Middle Income"
11264,Adult,Male,"Low Income"
11265,Adult,Female,"High Income"
11266,Adult,Male,"High Income"
11267,Adult,Female,"Middle Income"
11268,Adult,Male,"High Income"
11269,Adult,Male,"High Income"
11270,Adult,Male,"Low Income"
11271,Senior,Male,"High Income"
11272,Youth,Female,"High Income"
11273,Adult,Female,"Lower Middle Income"
11274,Adult,Female,"Upper Middle Income"
11275,Adult,Female,"Lower Middle Income"
11276,Adult,Male,"Lower Middle Income"
11277,Adult,Female,"Upper Middle Income"
11278,Adult,Male,"High Income"
11279,Adult,Male,"Middle Income"
11280,Adult,Female,"Upper Middle Income"
11281,Youth,Female,"Low Income"
11282,Youth,Female,"Lower Middle Income"
11283,Adult,Male,"High Income"
11284,Adult,Male,"Low Income"
11285,Adult,Female,"Lower Middle Income"
11286,Adult,Male,"High Income"
11287,Senior,Male,"High Income"
11288,Adult,Male,"Upper Middle Income"
11289,Senior,Male,"Low Income"
11290,Adult,Male,"Upper Middle Income"
11291,Adult,Female,"High Income"
11292,Adult,Female,"Low Income"
11293,Adult,Female,"Upper Middle Income"
11294,Adult,Male,"Upper Middle Income"
11295,Senior,Male,"Upper Middle Income"
11296,Youth,Female,"Middle Income"
11297,Adult,Female,"Low Income"
11298,Youth,Female,"Upper Middle Income"
11299,Adult,Female,"High Income"
11300,Adult,Male,"Upper Middle Income"
11301,Adult,Female,"Middle Income"
11302,Adult,Female,"Upper Middle Income"
11303,Adult,Male,"Upper Middle Income"
11304,Adult,Female,"Lower Middle Income"
11305,Adult,Female,"High Income"
11306,Adult,Male,"Lower Middle Income"
11307,Adult,Male,"Upper Middle Income"
11308,Adult,Male,"Lower Middle Income"
11309,Senior,Female,"Middle Income"
11310,Adult,Male,"Upper Middle Income"
11311,Adult,Male,"Middle Income"
11312,Youth,Male,"Lower Middle Income"
11313,Adult,Female,"Lower Middle Income"
11314,Youth,Female,"High Income"
11315,Adult,Female,"Low Income"
11316,Youth,Male,"Lower Middle Income"
11317,Adult,Female,"Lower Middle Income"
11318,Adult,Female,"Lower Middle Income"
11319,Youth,Female,"Lower Middle Income"
11320,Youth,Female,"Upper Middle Income"
11321,Adult,Female,"High Income"
11322,Senior,Female,"Middle Income"
11323,Youth,Male,"Middle Income"
11324,Adult,Female,"High Income"
11325,Adult,Female,"Lower Middle Income"
11326,Adult,Female,"High Income"
11327,Senior,Female,"Upper Middle Income"
11328,Senior,Female,"High Income"
11329,Adult,Male,"High Income"
11330,Adult,Male,"Lower Middle Income"
11331,Adult,Female,"Upper Middle Income"
11332,Adult,Female,"Lower Middle Income"
11333,Adult,Male,"Upper Middle Income"
11334,Adult,Male,"Upper Middle Income"
11335,Adult,Female,"Upper Middle Income"
11336,Adult,Female,"Middle Income"
11337,Adult,Female,"High Income"
11338,Senior,Female,"High Income"
11339,Senior,Female,"Upper Middle Income"
11340,Adult,Female,"Upper Middle Income"
11341,Youth,Female,"Lower Middle Income"
11342,Adult,Female,"High Income"
11343,Adult,Female,"Lower Middle Income"
11344,Adult,Female,"Lower Middle Income"
11345,Youth,Female,"Upper Middle Income"
11346,Adult,Male,"Low Income"
11347,Senior,Male,"High Income"
11348,Adult,Male,"High Income"
11349,Adult,Male,"Low Income"
11350,Adult,Male,"Lower Middle Income"
11351,Adult,Male,"Lower Middle Income"
11352,Adult,Male,"Lower Middle Income"
11353,Adult,Female,"Upper Middle Income"
11354,Senior,Female,"Upper Middle Income"
11355,Adult,Male,"Upper Middle Income"
11356,Adult,Female,"Upper Middle Income"
11357,Adult,Female,"Upper Middle Income"
11358,Adult,Female,"Upper Middle Income"
11359,Adult,Female,"High Income"
11360,Adult,Male,"Upper Middle Income"
11361,Adult,Male,"Upper Middle Income"
11362,Senior,Female,"Middle Income"
11363,Youth,Male,"High Income"
11364,Adult,Female,"High Income"
11365,Youth,Male,"Middle Income"
11366,Adult,Male,"Lower Middle Income"
11367,Adult,Male,"High Income"
11368,Adult,Male,"Middle Income"
11369,Adult,Female,"Middle Income"
11370,Senior,Female,"Upper Middle Income"
11371,Adult,Male,"Middle Income"
11372,Youth,Male,"Upper Middle Income"
11373,Adult,Male,"Middle Income"
11374,Senior,Male,"Upper Middle Income"
11375,Adult,Female,"Upper Middle Income"
11376,Adult,Male,"Middle Income"
11377,Senior,Female,"Middle Income"
11378,Adult,Female,"High Income"
11379,Adult,Male,"High Income"
11380,Youth,Female,"Upper Middle Income"
11381,Senior,Female,"High Income"
11382,Adult,Female,"Middle Income"
11383,Adult,Female,"High Income"
11384,Adult,Female,"Upper Middle Income"
11385,Adult,Female,"Lower Middle Income"
11386,Adult,Male,"Upper Middle Income"
11387,Adult,Female,"Upper Middle Income"
11388,Adult,Female,"Low Income"
11389,Adult,Female,"Upper Middle Income"
11390,Adult,Female,"Upper Middle Income"
11391,Adult,Female,"Lower Middle Income"
11392,Adult,Male,"Upper Middle Income"
11393,Adult,Male,"Middle Income"
11394,Adult,Female,"Upper Middle Income"
11395,Adult,Female,"Lower Middle Income"
11396,Senior,Female,"Middle Income"
11397,Adult,Female,"Middle Income"
11398,Adult,Female,"High Income"
11399,Adult,Female,"Middle Income"
11400,Adult,Male,"Middle Income"
11401,Adult,Female,"Upper Middle Income"
11402,Youth,Female,"Upper Middle Income"
11403,Adult,Female,"Middle Income"
11404,Youth,Female,"High Income"
11405,Youth,Female,"Middle Income"
11406,Adult,Male,"Lower Middle Income"
11407,Youth,Male,"Lower Middle Income"
11408,Adult,Female,"Upper Middle Income"
11409,Youth,Male,"High Income"
11410,Adult,Male,"High Income"
11411,Senior,Male,"High Income"
11412,Adult,Female,"Upper Middle Income"
11413,Adult,Male,"Upper Middle Income"
11414,Adult,Female,"High Income"
11415,Adult,Female,"High Income"
11416,Adult,Female,"Upper Middle Income"
11417,Youth,Female,"High Income"
11418,Adult,Male,"Middle Income"
11419,Adult,Female,"Upper Middle Income"
11420,Adult,Female,"Upper Middle Income"
11421,Senior,Female,"High Income"
11422,Adult,Female,"Middle Income"
11423,Adult,Female,"Low Income"
11424,Youth,Male,"Middle Income"
11425,Adult,Male,"Lower Middle Income"
11426,Youth,Female,"Middle Income"
11427,Adult,Male,"Upper Middle Income"
11428,Adult,Male,"Upper Middle Income"
11429,Adult,Female,"High Income"
11430,Adult,Male,"Middle Income"
11431,Adult,Male,"Upper Middle Income"
11432,Adult,Female,"Low Income"
11433,Adult,Female,"High Income"
11434,Adult,Male,"Middle Income"
11435,Youth,Female,"High Income"
11436,Adult,Female,"Middle Income"
11437,Adult,Female,"High Income"
11438,Adult,Male,"Middle Income"
11439,Adult,Male,"High Income"
11440,Adult,Female,"Upper Middle Income"
11441,Youth,Male,"Low Income"
11442,Adult,Female,"Upper Middle Income"
11443,Adult,Female,"Lower Middle Income"
11444,Adult,Female,"Upper Middle Income"
11445,Adult,Female,"Upper Middle Income"
11446,Youth,Female,"Upper Middle Income"
11447,Adult,Male,"High Income"
11448,Youth,Male,"Upper Middle Income"
11449,Adult,Female,"High Income"
11450,Youth,Male,"High Income"
11451,Adult,Female,"Middle Income"
11452,Adult,Female,"High Income"
11453,Adult,Female,"Upper Middle Income"
11454,Adult,Female,"Upper Middle Income"
11455,Youth,Female,"Middle Income"
11456,Adult,Male,"Lower Middle Income"
11457,Adult,Female,"Lower Middle Income"
11458,Adult,Male,"Upper Middle Income"
11459,Adult,Female,"Upper Middle Income"
11460,Senior,Male,"Lower Middle Income"
11461,Adult,Female,"Middle Income"
11462,Senior,Male,"Low Income"
11463,Youth,Male,"Upper Middle Income"
11464,Adult,Female,"Lower Middle Income"
11465,Adult,Female,"High Income"
11466,Adult,Male,"Low Income"
11467,Youth,Male,"High Income"
11468,Adult,Female,"High Income"
11469,Adult,Female,"High Income"
11470,Adult,Male,"Lower Middle Income"
11471,Adult,Female,"Upper Middle Income"
11472,Adult,Male,"Upper Middle Income"
11473,Adult,Female,"Upper Middle Income"
11474,Adult,Male,"Upper Middle Income"
11475,Adult,Female,"Upper Middle Income"
11476,Youth,Male,"Upper Middle Income"
11477,Adult,Female,"Upper Middle Income"
11478,Adult,Male,"High Income"
11479,Adult,Male,"Low Income"
11480,Adult,Male,"High Income"
11481,Senior,Female,"High Income"
11482,Adult,Female,"Upper Middle Income"
11483,Adult,Female,"Upper Middle Income"
11484,Adult,Female,"High Income"
11485,Adult,Female,"Low Income"
11486,Adult,Female,"High Income"
11487,Adult,Male,"High Income"
11488,Senior,Female,"Middle Income"
11489,Adult,Male,"Low Income"
11490,Adult,Female,"High Income"
11491,Senior,Female,"Middle Income"
11492,Adult,Female,"Lower Middle Income"
11493,Adult,Female,"Lower Middle Income"
11494,Adult,Female,"Upper Middle Income"
11495,Adult,Female,"Middle Income"
11496,Senior,Male,"Lower Middle Income"
11497,Adult,Male,"Upper Middle Income"
11498,Adult,Female,"Middle Income"
11499,Youth,Female,"Lower Middle Income"
11500,Adult,Male,"Low Income"
11501,Adult,Male,"High Income"
11502,Adult,Male,"Middle Income"
11503,Adult,Male,"Upper Middle Income"
11504,Adult,Female,"Middle Income"
11505,Adult,Female,"Lower Middle Income"
11506,Adult,Female,"Lower Middle Income"
11507,Adult,Female,"Low Income"
11508,Adult,Female,"Upper Middle Income"
11509,Adult,Male,"High Income"
11510,Youth,Male,"Middle Income"
11511,Adult,Female,"Upper Middle Income"
11512,Adult,Male,"Lower Middle Income"
11513,Adult,Female,"High Income"
11514,Adult,Male,"Upper Middle Income"
11515,Adult,Male,"Low Income"
11516,Youth,Male,"Upper Middle Income"
11517,Adult,Female,"High Income"
11518,Adult,Male,"Middle Income"
11519,Youth,Female,"Middle Income"
11520,Adult,Male,"Upper Middle Income"
11521,Adult,Female,"High Income"
11522,Youth,Female,"High Income"
11523,Youth,Female,"Middle Income"
11524,Adult,Female,"Upper Middle Income"
11525,Adult,Male,"Upper Middle Income"
11526,Adult,Male,"Lower Middle Income"
11527,Adult,Female,"Middle Income"
11528,Adult,Male,"Middle Income"
11529,Adult,Male,"High Income"
11530,Adult,Female,"High Income"
11531,Senior,Female,"Lower Middle Income"
11532,Adult,Female,"Upper Middle Income"
11533,Adult,Female,"Middle Income"
11534,Adult,Female,"Upper Middle Income"
11535,Adult,Female,"Middle Income"
11536,Adult,Female,"Lower Middle Income"
11537,Adult,Male,"Low Income"
11538,Adult,Male,"Upper Middle Income"
11539,Adult,Female,"Middle Income"
11540,Adult,Female,"Middle Income"
11541,Adult,Female,"Upper Middle Income"
11542,Senior,Female,"High Income"
11543,Adult,Female,"Upper Middle Income"
11544,Youth,Male,"Middle Income"
11545,Adult,Male,"Upper Middle Income"
11546,Adult,Female,"High Income"
11547,Adult,Female,"Low Income"
11548,Adult,Male,"High Income"
11549,Adult,Male,"High Income"
11550,Adult,Male,"Low Income"
11551,Adult,Female,"Middle Income"
11552,Adult,Female,"Middle Income"
11553,Adult,Female,"High Income"
11554,Adult,Male,"Upper Middle Income"
11555,Adult,Female,"Low Income"
11556,Adult,Female,"Upper Middle Income"
11557,Adult,Female,"Upper Middle Income"
11558,Adult,Male,"Upper Middle Income"
11559,Senior,Female,"Lower Middle Income"
11560,Adult,Female,"Upper Middle Income"
11561,Adult,Male,"Upper Middle Income"
11562,Adult,Male,"Upper Middle Income"
11563,Adult,Female,"Lower Middle Income"
11564,Adult,Female,"Upper Middle Income"
11565,Adult,Male,"Upper Middle Income"
11566,Adult,Male,"Middle Income"
11567,Adult,Male,"Middle Income"
11568,Senior,Female,"Upper Middle Income"
11569,Adult,Female,"Upper Middle Income"
11570,Adult,Female,"Upper Middle Income"
11571,Senior,Female,"High Income"
11572,Youth,Male,"High Income"
11573,Adult,Female,"Low Income"
11574,Adult,Female,"High Income"
11575,Adult,Male,"Upper Middle Income"
11576,Adult,Female,"Upper Middle Income"
11577,Adult,Female,"Upper Middle Income"
11578,Adult,Female,"Lower Middle Income"
11579,Youth,Male,"Lower Middle Income"
11580,Adult,Female,"High Income"
11581,Adult,Female,"Middle Income"
11582,Adult,Male,"Middle Income"
11583,Adult,Male,"Upper Middle Income"
11584,Senior,Male,"Lower Middle Income"
11585,Adult,Female,"High Income"
11586,Adult,Female,"Upper Middle Income"
11587,Adult,Male,"High Income"
11588,Adult,Male,"Lower Middle Income"
11589,Adult,Male,"Upper Middle Income"
11590,Adult,Female,"Lower Middle Income"
11591,Adult,Female,"Upper Middle Income"
11592,Adult,Female,"Low Income"
11593,Senior,Female,"Upper Middle Income"
11594,Adult,Female,"Middle Income"
11595,Adult,Male,"High Income"
11596,Adult,Male,"Lower Middle Income"
11597,Adult,Female,"High Income"
11598,Adult,Male,"Upper Middle Income"
11599,Adult,Male,"Middle Income"
11600,Adult,Female,"High Income"
11601,Adult,Female,"Upper Middle Income"
11602,Youth,Male,"High Income"
11603,Youth,Male,"High Income"
11604,Adult,Male,"Middle Income"
11605,Adult,Female,"Upper Middle Income"
11606,Youth,Male,"Upper Middle Income"
11607,Adult,Male,"High Income"
11608,Adult,Female,"Upper Middle Income"
11609,Adult,Male,"Lower Middle Income"
11610,Adult,Male,"Middle Income"
11611,Adult,Male,"Upper Middle Income"
11612,Adult,Male,"Low Income"
11613,Senior,Male,"Upper Middle Income"
11614,Senior,Male,"High Income"
11615,Adult,Female,"Middle Income"
11616,Adult,Male,"High Income"
11617,Adult,Female,"High Income"
11618,Adult,Female,"High Income"
11619,Adult,Female,"High Income"
11620,Senior,Male,"High Income"
11621,Adult,Male,"Upper Middle Income"
11622,Adult,Female,"Upper Middle Income"
11623,Youth,Female,"Middle Income"
11624,Senior,Female,"Upper Middle Income"
11625,Adult,Male,"High Income"
11626,Adult,Female,"High Income"
11627,Youth,Male,"High Income"
11628,Adult,Male,"Lower Middle Income"
11629,Adult,Female,"Low Income"
11630,Adult,Male,"Upper Middle Income"
11631,Adult,Female,"Upper Middle Income"
11632,Youth,Female,"Middle Income"
11633,Adult,Female,"Upper Middle Income"
11634,Adult,Female,"Middle Income"
11635,Adult,Female,"Upper Middle Income"
11636,Adult,Female,"Middle Income"
11637,Adult,Male,"High Income"
11638,Youth,Female,"High Income"
11639,Adult,Male,"Upper Middle Income"
11640,Adult,Male,"Upper Middle Income"
11641,Adult,Male,"Lower Middle Income"
11642,Adult,Female,"Upper Middle Income"
11643,Adult,Female,"High Income"
11644,Adult,Female,"Upper Middle Income"
11645,Adult,Male,"Lower Middle Income"
11646,Adult,Female,"High Income"
11647,Adult,Female,"Lower Middle Income"
11648,Adult,Female,"Low Income"
11649,Adult,Female,"Low Income"
11650,Adult,Male,"Lower Middle Income"
11651,Adult,Female,"High Income"
11652,Senior,Female,"Upper Middle Income"
11653,Adult,Female,"Upper Middle Income"
11654,Adult,Female,"Middle Income"
11655,Adult,Female,"Upper Middle Income"
11656,Adult,Female,"Lower Middle Income"
11657,Senior,Male,"Upper Middle Income"
11658,Adult,Male,"Upper Middle Income"
11659,Adult,Female,"Lower Middle Income"
11660,Adult,Female,"Lower Middle Income"
11661,Senior,Male,"Lower Middle Income"
11662,Youth,Female,"Lower Middle Income"
11663,Youth,Female,"High Income"
11664,Adult,Female,"Upper Middle Income"
11665,Adult,Female,"Middle Income"
11666,Youth,Female,"Low Income"
11667,Adult,Female,"Lower Middle Income"
11668,Adult,Female,"Middle Income"
11669,Adult,Female,"Low Income"
11670,Youth,Male,"Middle Income"
11671,Adult,Male,"Upper Middle Income"
11672,Adult,Female,"Upper Middle Income"
11673,Youth,Female,"High Income"
11674,Adult,Female,"Lower Middle Income"
11675,Adult,Female,"Lower Middle Income"
11676,Adult,Male,"Upper Middle Income"
11677,Adult,Female,"Upper Middle Income"
11678,Youth,Female,"Upper Middle Income"
11679,Adult,Female,"Middle Income"
11680,Adult,Female,"High Income"
11681,Adult,Female,"Middle Income"
11682,Youth,Female,"High Income"
11683,Adult,Female,"High Income"
11684,Adult,Male,"High Income"
11685,Adult,Female,"Upper Middle Income"
11686,Adult,Female,"Upper Middle Income"
11687,Adult,Female,"Middle Income"
11688,Youth,Male,"Middle Income"
11689,Adult,Female,"Upper Middle Income"
11690,Adult,Female,"Upper Middle Income"
11691,Adult,Female,"Upper Middle Income"
11692,Adult,Male,"Middle Income"
11693,Adult,Female,"Upper Middle Income"
11694,Youth,Female,"High Income"
11695,Adult,Female,"Upper Middle Income"
11696,Adult,Male,"Low Income"
11697,Senior,Male,"Upper Middle Income"
11698,Adult,Female,"Low Income"
11699,Adult,Male,"Upper Middle Income"
11700,Adult,Male,"Middle Income"
11701,Adult,Male,"Upper Middle Income"
11702,Senior,Female,"Middle Income"
11703,Adult,Female,"Lower Middle Income"
11704,Adult,Male,"Low Income"
11705,Senior,Male,"Middle Income"
11706,Adult,Female,"High Income"
11707,Adult,Female,"Middle Income"
11708,Senior,Male,"Upper Middle Income"
11709,Adult,Male,"High Income"
11710,Senior,Female,"Middle Income"
11711,Adult,Female,"Middle Income"
11712,Adult,Female,"High Income"
11713,Adult,Female,"Lower Middle Income"
11714,Adult,Male,"High Income"
11715,Adult,Female,"Upper Middle Income"
11716,Adult,Female,"Upper Middle Income"
11717,Adult,Female,"Upper Middle Income"
11718,Senior,Male,"Upper Middle Income"
11719,Adult,Female,"Middle Income"
11720,Adult,Female,"High Income"
11721,Adult,Male,"High Income"
11722,Adult,Female,"Upper Middle Income"
11723,Adult,Male,"Low Income"
11724,Adult,Male,"Upper Middle Income"
11725,Senior,Male,"Middle Income"
11726,Adult,Male,"Upper Middle Income"
11727,Adult,Male,"High Income"
11728,Adult,Female,"High Income"
11729,Adult,Female,"Lower Middle Income"
11730,Senior,Female,"Upper Middle Income"
11731,Adult,Male,"Upper Middle Income"
11732,Adult,Female,"Middle Income"
11733,Adult,Female,"Upper Middle Income"
11734,Adult,Female,"Lower Middle Income"
11735,Adult,Female,"Middle Income"
11736,Adult,Female,"Low Income"
11737,Adult,Female,"Upper Middle Income"
11738,Adult,Female,"Middle Income"
11739,Adult,Male,"Upper Middle Income"
11740,Adult,Female,"Middle Income"
11741,Adult,Female,"Upper Middle Income"
11742,Youth,Female,"Middle Income"
11743,Adult,Female,"Middle Income"
11744,Adult,Female,"Middle Income"
11745,Adult,Female,"Upper Middle Income"
11746,Adult,Male,"Middle Income"
11747,Adult,Male,"Upper Middle Income"
11748,Adult,Male,"Upper Middle Income"
11749,Adult,Female,"Middle Income"
11750,Adult,Female,"Lower Middle Income"
11751,Senior,Female,"Upper Middle Income"
11752,Adult,Female,"Lower Middle Income"
11753,Adult,Female,"Upper Middle Income"
11754,Adult,Female,"High Income"
11755,Adult,Female,"Upper Middle Income"
11756,Adult,Female,"Lower Middle Income"
11757,Youth,Female,"Upper Middle Income"
11758,Adult,Male,"Upper Middle Income"
11759,Adult,Female,"Middle Income"
11760,Adult,Female,"Middle Income"
11761,Adult,Male,"Upper Middle Income"
11762,Adult,Female,"Upper Middle Income"
11763,Adult,Female,"Low Income"
11764,Adult,Female,"Middle Income"
11765,Adult,Male,"Lower Middle Income"
11766,Adult,Female,"Upper Middle Income"
11767,Senior,Female,"Upper Middle Income"
11768,Adult,Male,"Upper Middle Income"
11769,Adult,Female,"Lower Middle Income"
11770,Adult,Male,"Low Income"
11771,Adult,Male,"High Income"
11772,Youth,Male,"Low Income"
11773,Youth,Male,"Lower Middle Income"
11774,Adult,Female,"Upper Middle Income"
11775,Adult,Male,"Upper Middle Income"
11776,Adult,Female,"High Income"
11777,Adult,Female,"Lower Middle Income"
11778,Adult,Female,"Lower Middle Income"
11779,Adult,Female,"Middle Income"
11780,Adult,Female,"Upper Middle Income"
11781,Adult,Female,"Upper Middle Income"
11782,Adult,Male,"Middle Income"
11783,Adult,Female,"Upper Middle Income"
11784,Senior,Female,"Upper Middle Income"
11785,Adult,Male,"Upper Middle Income"
11786,Adult,Male,"Upper Middle Income"
11787,Senior,Male,"Upper Middle Income"
11788,Adult,Female,"High Income"
11789,Adult,Female,"Middle Income"
11790,Adult,Female,"Upper Middle Income"
11791,Youth,Male,"High Income"
11792,Adult,Female,"Upper Middle Income"
11793,Adult,Male,"Upper Middle Income"
11794,Adult,Male,"Upper Middle Income"
11795,Youth,Female,"Middle Income"
11796,Senior,Male,"High Income"
11797,Adult,Male,"Lower Middle Income"
11798,Adult,Male,"Upper Middle Income"
11799,Adult,Female,"Upper Middle Income"
11800,Adult,Female,"High Income"
11801,Adult,Female,"High Income"
11802,Senior,Female,"High Income"
11803,Adult,Male,"Upper Middle Income"
11804,Adult,Female,"Upper Middle Income"
11805,Adult,Female,"Lower Middle Income"
11806,Youth,Male,"Upper Middle Income"
11807,Adult,Male,"Upper Middle Income"
11808,Youth,Male,"High Income"
11809,Adult,Female,"High Income"
11810,Youth,Male,"Upper Middle Income"
11811,Adult,Female,"High Income"
11812,Adult,Male,"Lower Middle Income"
11813,Youth,Male,"Middle Income"
11814,Adult,Female,"Upper Middle Income"
11815,Adult,Female,"Middle Income"
11816,Adult,Male,"Low Income"
11817,Youth,Male,"High Income"
11818,Adult,Male,"Middle Income"
11819,Adult,Male,"Lower Middle Income"
11820,Adult,Male,"Lower Middle Income"
11821,Adult,Female,"Middle Income"
11822,Adult,Female,"Middle Income"
11823,Youth,Female,"Lower Middle Income"
11824,Adult,Male,"Upper Middle Income"
11825,Adult,Male,"Middle Income"
11826,Adult,Male,"Middle Income"
11827,Adult,Female,"Low Income"
11828,Adult,Female,"High Income"
11829,Senior,Male,"Upper Middle Income"
11830,Adult,Female,"Lower Middle Income"
11831,Adult,Female,"Upper Middle Income"
11832,Adult,Male,"Upper Middle Income"
11833,Adult,Male,"Middle Income"
11834,Adult,Female,"High Income"
11835,Adult,Female,"High Income"
11836,Adult,Male,"High Income"
11837,Adult,Male,"High Income"
11838,Adult,Female,"Upper Middle Income"
11839,Adult,Male,"Middle Income"
11840,Adult,Female,"Upper Middle Income"
11841,Adult,Female,"Upper Middle Income"
11842,Adult,Male,"Low Income"
11843,Adult,Male,"Low Income"
11844,Adult,Female,"Middle Income"
11845,Adult,Male,"High Income"
11846,Adult,Male,"High Income"
11847,Adult,Female,"High Income"
11848,Youth,Male,"Upper Middle Income"
11849,Youth,Female,"Upper Middle Income"
11850,Adult,Male,"Upper Middle Income"
11851,Adult,Female,"High Income"
11852,Adult,Male,"Upper Middle Income"
11853,Adult,Female,"High Income"
11854,Adult,Female,"Middle Income"
11855,Adult,Male,"Middle Income"
11856,Adult,Female,"Middle Income"
11857,Senior,Male,"Low Income"
11858,Adult,Female,"Middle Income"
11859,Adult,Female,"High Income"
11860,Adult,Female,"Upper Middle Income"
11861,Adult,Male,"Upper Middle Income"
11862,Adult,Female,"Low Income"
11863,Adult,Male,"Lower Middle Income"
11864,Adult,Female,"Middle Income"
11865,Adult,Female,"Upper Middle Income"
11866,Youth,Male,"Upper Middle Income"
11867,Youth,Male,"Upper Middle Income"
11868,Adult,Female,"Low Income"
11869,Youth,Female,"Upper Middle Income"
11870,Youth,Male,"Middle Income"
11871,Adult,Male,"Middle Income"
11872,Adult,Female,"Middle Income"
11873,Adult,Male,"Upper Middle Income"
11874,Adult,Male,"Lower Middle Income"
11875,Adult,Male,"Low Income"
11876,Adult,Male,"Upper Middle Income"
11877,Adult,Female,"Lower Middle Income"
11878,Adult,Female,"Middle Income"
11879,Adult,Female,"Lower Middle Income"
11880,Adult,Male,"Lower Middle Income"
11881,Adult,Female,"High Income"
11882,Adult,Female,"High Income"
11883,Adult,Male,"Middle Income"
11884,Senior,Female,"High Income"
11885,Senior,Female,"High Income"
11886,Adult,Female,"Middle Income"
11887,Youth,Female,"Upper Middle Income"
11888,Adult,Female,"High Income"
11889,Adult,Male,"Low Income"
11890,Senior,Female,"High Income"
11891,Senior,Male,"Upper Middle Income"
11892,Adult,Female,"Upper Middle Income"
11893,Adult,Female,"Lower Middle Income"
11894,Youth,Female,"High Income"
11895,Adult,Female,"Middle Income"
11896,Youth,Female,"Upper Middle Income"
11897,Senior,Male,"Low Income"
11898,Adult,Female,"Middle Income"
11899,Senior,Female,"Lower Middle Income"
11900,Youth,Female,"Upper Middle Income"
11901,Adult,Female,"Upper Middle Income"
11902,Adult,Male,"Upper Middle Income"
11903,Youth,Male,"High Income"
11904,Adult,Female,"High Income"
11905,Adult,Female,"Upper Middle Income"
11906,Youth,Male,"Upper Middle Income"
11907,Adult,Female,"Middle Income"
11908,Adult,Female,"Lower Middle Income"
11909,Adult,Male,"High Income"
11910,Adult,Female,"Lower Middle Income"
11911,Adult,Female,"Upper Middle Income"
11912,Adult,Female,"Upper Middle Income"
11913,Senior,Female,"Middle Income"
11914,Senior,Female,"Middle Income"
11915,Youth,Male,"Lower Middle Income"
11916,Adult,Male,"Middle Income"
11917,Adult,Male,"Upper Middle Income"
11918,Adult,Female,"High Income"
11919,Adult,Male,"Upper Middle Income"
11920,Adult,Male,"Middle Income"
11921,Adult,Male,"Low Income"
11922,Adult,Male,"Lower Middle Income"
11923,Adult,Female,"Upper Middle Income"
11924,Adult,Male,"Lower Middle Income"
11925,Youth,Female,"Lower Middle Income"
11926,Youth,Female,"Low Income"
11927,Adult,Male,"Middle Income"
11928,Adult,Female,"Upper Middle Income"
11929,Senior,Female,"Upper Middle Income"
11930,Adult,Male,"Middle Income"
11931,Adult,Male,"High Income"
11932,Adult,Male,"Upper Middle Income"
11933,Senior,Male,"Upper Middle Income"
11934,Adult,Male,"Lower Middle Income"
11935,Adult,Female,"Lower Middle Income"
11936,Adult,Female,"Low Income"
11937,Senior,Female,"Upper Middle Income"
11938,Adult,Male,"Lower Middle Income"
11939,Youth,Male,"Upper Middle Income"
11940,Youth,Female,"Lower Middle Income"
11941,Adult,Male,"Lower Middle Income"
11942,Adult,Male,"Low Income"
11943,Senior,Female,"High Income"
11944,Adult,Male,"High Income"
11945,Adult,Female,"High Income"
11946,Adult,Male,"Low Income"
11947,Adult,Female,"Upper Middle Income"
11948,Adult,Female,"High Income"
11949,Senior,Female,"High Income"
11950,Youth,Male,"Middle Income"
11951,Adult,Female,"Upper Middle Income"
11952,Adult,Female,"Upper Middle Income"
11953,Adult,Female,"Low Income"
11954,Adult,Female,"High Income"
11955,Senior,Female,"Lower Middle Income"
11956,Senior,Male,"High Income"
11957,Adult,Female,"Middle Income"
11958,Adult,Female,"Middle Income"
11959,Adult,Male,"Middle Income"
11960,Adult,Male,"Upper Middle Income"
11961,Adult,Female,"Upper Middle Income"
11962,Adult,Female,"Lower Middle Income"
11963,Adult,Male,"Upper Middle Income"
11964,Youth,Male,"Low Income"
11965,Senior,Male,"Lower Middle Income"
11966,Youth,Female,"Upper Middle Income"
11967,Adult,Male,"Upper Middle Income"
11968,Adult,Female,"Middle Income"
11969,Adult,Male,"High Income"
11970,Adult,Female,"High Income"
11971,Adult,Female,"Low Income"
11972,Adult,Male,"Lower Middle Income"
11973,Adult,Male,"Upper Middle Income"
11974,Adult,Female,"Upper Middle Income"
11975,Senior,Male,"High Income"
11976,Adult,Male,"Middle Income"
11977,Adult,Female,"Middle Income"
11978,Adult,Female,"Upper Middle Income"
11979,Adult,Female,"Low Income"
11980,Adult,Male,"Lower Middle Income"
11981,Adult,Male,"Middle Income"
11982,Adult,Male,"Upper Middle Income"
11983,Adult,Female,"Upper Middle Income"
11984,Adult,Female,"Upper Middle Income"
11985,Adult,Female,"Low Income"
11986,Adult,Male,"Lower Middle Income"
11987,Adult,Female,"Lower Middle Income"
11988,Youth,Male,"Upper Middle Income"
11989,Adult,Male,"Upper Middle Income"
11990,Adult,Female,"High Income"
11991,Adult,Male,"Lower Middle Income"
11992,Adult,Female,"High Income"
11993,Adult,Female,"Lower Middle Income"
11994,Adult,Female,"High Income"
11995,Adult,Female,"Low Income"
11996,Adult,Female,"High Income"
11997,Adult,Female,"High Income"
11998,Adult,Male,"Middle Income"
11999,Adult,Female,"Middle Income"
12000,Adult,Female,"Middle Income"
12001,Adult,Female,"High Income"
12002,Adult,Female,"Low Income"
12003,Youth,Male,"Lower Middle Income"
12004,Adult,Male,"Middle Income"
12005,Adult,Male,"Upper Middle Income"
12006,Adult,Female,"Middle Income"
12007,Adult,Female,"Lower Middle Income"
12008,Adult,Female,"High Income"
12009,Youth,Male,"High Income"
12010,Adult,Male,"Middle Income"
12011,Senior,Female,"Upper Middle Income"
12012,Adult,Female,"Middle Income"
12013,Adult,Female,"Upper Middle Income"
12014,Senior,Female,"Lower Middle Income"
12015,Adult,Male,"Middle Income"
12016,Adult,Female,"Lower Middle Income"
12017,Senior,Female,"Middle Income"
12018,Adult,Female,"Lower Middle Income"
12019,Youth,Female,"High Income"
12020,Adult,Female,"Low Income"
12021,Adult,Female,"Upper Middle Income"
12022,Adult,Female,"Middle Income"
12023,Adult,Female,"Upper Middle Income"
12024,Adult,Female,"Middle Income"
12025,Adult,Male,"Upper Middle Income"
12026,Adult,Female,"Lower Middle Income"
12027,Adult,Female,"Low Income"
12028,Adult,Male,"Middle Income"
12029,Senior,Female,"Lower Middle Income"
12030,Senior,Male,"Upper Middle Income"
12031,Adult,Male,"Upper Middle Income"
12032,Senior,Male,"Upper Middle Income"
12033,Adult,Female,"High Income"
12034,Adult,Female,"Lower Middle Income"
12035,Adult,Female,"High Income"
12036,Adult,Female,"High Income"
12037,Senior,Female,"High Income"
12038,Adult,Male,"Upper Middle Income"
12039,Adult,Male,"Lower Middle Income"
12040,Youth,Female,"Lower Middle Income"
12041,Youth,Female,"Middle Income"
12042,Adult,Female,"High Income"
12043,Adult,Female,"High Income"
12044,Senior,Female,"Lower Middle Income"
12045,Adult,Male,"Upper Middle Income"
12046,Adult,Female,"Upper Middle Income"
12047,Senior,Female,"Upper Middle Income"
12048,Adult,Female,"Upper Middle Income"
12049,Adult,Male,"High Income"
12050,Adult,Female,"Lower Middle Income"
12051,Senior,Female,"Lower Middle Income"
12052,Adult,Male,"Middle Income"
12053,Adult,Female,"High Income"
12054,Adult,Male,"Lower Middle Income"
12055,Adult,Female,"High Income"
12056,Adult,Female,"High Income"
12057,Youth,Female,"High Income"
12058,Youth,Male,"Upper Middle Income"
12059,Adult,Male,"Low Income"
12060,Adult,Male,"Upper Middle Income"
12061,Adult,Male,"High Income"
12062,Adult,Male,"Lower Middle Income"
12063,Adult,Female,"High Income"
12064,Senior,Male,"Middle Income"
12065,Adult,Female,"Middle Income"
12066,Adult,Male,"Upper Middle Income"
12067,Adult,Female,"Upper Middle Income"
12068,Adult,Female,"Low Income"
12069,Adult,Female,"Upper Middle Income"
12070,Youth,Female,"Upper Middle Income"
12071,Adult,Male,"High Income"
12072,Adult,Female,"Lower Middle Income"
12073,Adult,Female,"Upper Middle Income"
12074,Adult,Female,"Upper Middle Income"
12075,Adult,Female,"Upper Middle Income"
12076,Youth,Female,"High Income"
12077,Adult,Female,"Middle Income"
12078,Adult,Female,"Lower Middle Income"
12079,Adult,Female,"Upper Middle Income"
12080,Adult,Female,"Lower Middle Income"
12081,Adult,Male,"Upper Middle Income"
12082,Adult,Male,"Upper Middle Income"
12083,Adult,Female,"Lower Middle Income"
12084,Adult,Female,"Low Income"
12085,Senior,Male,"Upper Middle Income"
12086,Adult,Male,"High Income"
12087,Adult,Female,"Middle Income"
12088,Senior,Female,"Upper Middle Income"
12089,Adult,Male,"Middle Income"
12090,Youth,Female,"Middle Income"
12091,Adult,Female,"Lower Middle Income"
12092,Youth,Female,"High Income"
12093,Youth,Female,"Upper Middle Income"
12094,Youth,Female,"Middle Income"
12095,Adult,Male,"Upper Middle Income"
12096,Adult,Female,"Low Income"
12097,Adult,Male,"Upper Middle Income"
12098,Youth,Female,"High Income"
12099,Adult,Male,"High Income"
12100,Adult,Female,"Middle Income"
12101,Adult,Male,"Upper Middle Income"
12102,Adult,Female,"Upper Middle Income"
12103,Adult,Male,"Lower Middle Income"
12104,Youth,Female,"Upper Middle Income"
12105,Adult,Female,"Upper Middle Income"
12106,Youth,Female,"Upper Middle Income"
12107,Adult,Female,"Lower Middle Income"
12108,Adult,Male,"Upper Middle Income"
12109,Youth,Female,"Low Income"
12110,Adult,Female,"High Income"
12111,Adult,Female,"Low Income"
12112,Adult,Female,"High Income"
12113,Adult,Female,"Lower Middle Income"
12114,Adult,Female,"High Income"
12115,Adult,Female,"Lower Middle Income"
12116,Youth,Female,"Upper Middle Income"
12117,Adult,Female,"High Income"
12118,Adult,Female,"High Income"
12119,Adult,Male,"Lower Middle Income"
12120,Adult,Male,"Low Income"
12121,Adult,Male,"Upper Middle Income"
12122,Adult,Male,"Upper Middle Income"
12123,Youth,Female,"High Income"
12124,Adult,Female,"High Income"
12125,Adult,Male,"Upper Middle Income"
12126,Adult,Female,"High Income"
12127,Adult,Female,"Lower Middle Income"
12128,Adult,Female,"Upper Middle Income"
12129,Adult,Female,"High Income"
12130,Adult,Female,"Lower Middle Income"
12131,Adult,Female,"High Income"
12132,Adult,Male,"Upper Middle Income"
12133,Youth,Male,"Lower Middle Income"
12134,Adult,Male,"High Income"
12135,Adult,Male,"High Income"
12136,Adult,Female,"High Income"
12137,Adult,Female,"Lower Middle Income"
12138,Adult,Female,"High Income"
12139,Adult,Female,"High Income"
12140,Youth,Male,"Lower Middle Income"
12141,Youth,Female,"Lower Middle Income"
12142,Adult,Female,"High Income"
12143,Adult,Male,"Middle Income"
12144,Adult,Male,"High Income"
12145,Adult,Female,"Middle Income"
12146,Adult,Female,"Upper Middle Income"
12147,Adult,Female,"High Income"
12148,Youth,Female,"High Income"
12149,Adult,Female,"Middle Income"
12150,Adult,Male,"Middle Income"
12151,Adult,Male,"Low Income"
12152,Adult,Female,"High Income"
12153,Adult,Female,"Upper Middle Income"
12154,Adult,Female,"Middle Income"
12155,Adult,Female,"Upper Middle Income"
12156,Youth,Female,"Upper Middle Income"
12157,Adult,Female,"Low Income"
12158,Adult,Female,"Upper Middle Income"
12159,Adult,Female,"Low Income"
12160,Adult,Male,"Lower Middle Income"
12161,Adult,Female,"Middle Income"
12162,Adult,Female,"Upper Middle Income"
12163,Adult,Female,"Upper Middle Income"
12164,Adult,Male,"Low Income"
12165,Adult,Female,"Lower Middle Income"
12166,Adult,Female,"Upper Middle Income"
12167,Adult,Female,"Upper Middle Income"
12168,Adult,Female,"Middle Income"
12169,Adult,Male,"Upper Middle Income"
12170,Adult,Female,"Middle Income"
12171,Adult,Female,"High Income"
12172,Adult,Female,"Upper Middle Income"
12173,Adult,Male,"Lower Middle Income"
12174,Senior,Male,"High Income"
12175,Adult,Female,"High Income"
12176,Adult,Female,"Middle Income"
12177,Senior,Female,"Lower Middle Income"
12178,Adult,Male,"Middle Income"
12179,Senior,Female,"High Income"
12180,Adult,Female,"Low Income"
12181,Adult,Male,"Upper Middle Income"
12182,Senior,Female,"Lower Middle Income"
12183,Adult,Female,"Low Income"
12184,Adult,Female,"Low Income"
12185,Adult,Male,"Upper Middle Income"
12186,Adult,Female,"Lower Middle Income"
12187,Youth,Male,"Middle Income"
12188,Adult,Male,"Middle Income"
12189,Adult,Male,"Upper Middle Income"
12190,Adult,Female,"High Income"
12191,Adult,Male,"Lower Middle Income"
12192,Adult,Female,"Upper Middle Income"
12193,Adult,Male,"Upper Middle Income"
12194,Adult,Male,"Lower Middle Income"
12195,Adult,Female,"Lower Middle Income"
12196,Adult,Male,"Upper Middle Income"
12197,Adult,Female,"Lower Middle Income"
12198,Adult,Male,"Lower Middle Income"
12199,Adult,Male,"Upper Middle Income"
12200,Adult,Male,"Upper Middle Income"
12201,Senior,Female,"Upper Middle Income"
12202,Adult,Male,"Lower Middle Income"
12203,Adult,Female,"Upper Middle Income"
12204,Senior,Female,"High Income"
12205,Adult,Female,"High Income"
12206,Adult,Female,"High Income"
12207,Adult,Female,"Upper Middle Income"
12208,Adult,Female,"Lower Middle Income"
12209,Adult,Male,"Middle Income"
12210,Adult,Male,"Low Income"
12211,Adult,Male,"Upper Middle Income"
12212,Adult,Male,"High Income"
12213,Adult,Male,"High Income"
12214,Senior,Female,"Upper Middle Income"
12215,Adult,Female,"Middle Income"
12216,Adult,Female,"High Income"
12217,Youth,Male,"High Income"
12218,Youth,Male,"Upper Middle Income"
12219,Adult,Female,"Middle Income"
12220,Adult,Female,"Middle Income"
12221,Adult,Female,"Middle Income"
12222,Adult,Female,"Lower Middle Income"
12223,Youth,Female,"High Income"
12224,Adult,Female,"Upper Middle Income"
12225,Adult,Male,"Middle Income"
12226,Adult,Female,"Upper Middle Income"
12227,Adult,Female,"Middle Income"
12228,Adult,Male,"Lower Middle Income"
12229,Adult,Female,"Upper Middle Income"
12230,Youth,Female,"Lower Middle Income"
12231,Adult,Female,"Lower Middle Income"
12232,Adult,Male,"Upper Middle Income"
12233,Adult,Female,"High Income"
12234,Senior,Female,"Middle Income"
12235,Adult,Female,"Upper Middle Income"
12236,Adult,Male,"High Income"
12237,Senior,Female,"Upper Middle Income"
12238,Youth,Female,"High Income"
12239,Senior,Male,"High Income"
12240,Adult,Male,"Middle Income"
12241,Senior,Female,"Lower Middle Income"
12242,Adult,Female,"High Income"
12243,Adult,Male,"Lower Middle Income"
12244,Adult,Female,"Lower Middle Income"
12245,Adult,Female,"Low Income"
12246,Adult,Male,"Upper Middle Income"
12247,Adult,Female,"High Income"
12248,Adult,Male,"Lower Middle Income"
12249,Adult,Female,"Upper Middle Income"
12250,Adult,Female,"Upper Middle Income"
12251,Adult,Female,"Middle Income"
12252,Adult,Male,"Low Income"
12253,Adult,Male,"High Income"
12254,Adult,Female,"Middle Income"
12255,Adult,Female,"Low Income"
12256,Adult,Female,"Middle Income"
12257,Adult,Female,"Lower Middle Income"
12258,Adult,Female,"Upper Middle Income"
12259,Adult,Male,"Middle Income"
12260,Adult,Male,"Middle Income"
12261,Adult,Male,"Upper Middle Income"
12262,Adult,Female,"Upper Middle Income"
12263,Youth,Male,"High Income"
12264,Adult,Male,"Middle Income"
12265,Adult,Female,"Low Income"
12266,Adult,Male,"Upper Middle Income"
12267,Adult,Female,"High Income"
12268,Adult,Male,"High Income"
12269,Adult,Male,"Lower Middle Income"
12270,Adult,Female,"Lower Middle Income"
12271,Adult,Male,"High Income"
12272,Adult,Female,"Upper Middle Income"
12273,Adult,Female,"Upper Middle Income"
12274,Adult,Male,"Middle Income"
12275,Adult,Male,"Upper Middle Income"
12276,Adult,Female,"Upper Middle Income"
12277,Senior,Male,"High Income"
12278,Adult,Male,"High Income"
12279,Adult,Female,"Upper Middle Income"
12280,Adult,Female,"Middle Income"
12281,Adult,Female,"Upper Middle Income"
12282,Adult,Female,"Middle Income"
12283,Senior,Female,"High Income"
12284,Adult,Male,"Lower Middle Income"
12285,Adult,Female,"Middle Income"
12286,Adult,Female,"High Income"
12287,Adult,Male,"Middle Income"
12288,Adult,Female,"Lower Middle Income"
12289,Youth,Male,"High Income"
12290,Adult,Male,"Lower Middle Income"
12291,Adult,Female,"Upper Middle Income"
12292,Adult,Female,"Low Income"
12293,Adult,Male,"Lower Middle Income"
12294,Adult,Male,"Middle Income"
12295,Adult,Female,"Low Income"
12296,Adult,Female,"Upper Middle Income"
12297,Youth,Female,"Middle Income"
12298,Adult,Female,"Upper Middle Income"
12299,Adult,Male,"Middle Income"
12300,Adult,Male,"Upper Middle Income"
12301,Adult,Female,"Upper Middle Income"
12302,Adult,Female,"High Income"
12303,Adult,Male,"High Income"
12304,Adult,Male,"Upper Middle Income"
12305,Adult,Female,"Lower Middle Income"
12306,Adult,Female,"Lower Middle Income"
12307,Adult,Female,"High Income"
12308,Adult,Male,"Middle Income"
12309,Adult,Female,"Middle Income"
12310,Adult,Female,"High Income"
12311,Adult,Female,"High Income"
12312,Adult,Female,"Middle Income"
12313,Adult,Female,"Upper Middle Income"
12314,Youth,Female,"Upper Middle Income"
12315,Adult,Female,"Lower Middle Income"
12316,Adult,Female,"Middle Income"
12317,Youth,Female,"Middle Income"
12318,Adult,Female,"High Income"
12319,Youth,Female,"High Income"
12320,Adult,Female,"High Income"
12321,Adult,Female,"Lower Middle Income"
12322,Adult,Female,"Middle Income"
12323,Adult,Female,"Upper Middle Income"
12324,Adult,Female,"Lower Middle Income"
12325,Youth,Female,"Middle Income"
12326,Adult,Female,"Middle Income"
12327,Adult,Male,"Upper Middle Income"
12328,Adult,Female,"Lower Middle Income"
12329,Adult,Male,"Middle Income"
12330,Adult,Male,"Lower Middle Income"
12331,Senior,Female,"High Income"
12332,Adult,Male,"Low Income"
12333,Adult,Male,"Upper Middle Income"
12334,Adult,Male,"Upper Middle Income"
12335,Adult,Male,"Upper Middle Income"
12336,Adult,Female,"Upper Middle Income"
12337,Adult,Female,"Upper Middle Income"
12338,Adult,Female,"Low Income"
12339,Adult,Male,"Lower Middle Income"
12340,Adult,Male,"Middle Income"
12341,Youth,Male,"Upper Middle Income"
12342,Adult,Female,"Middle Income"
12343,Adult,Female,"Upper Middle Income"
12344,Adult,Female,"Upper Middle Income"
12345,Adult,Female,"Middle Income"
12346,Adult,Female,"Upper Middle Income"
12347,Adult,Female,"High Income"
12348,Adult,Female,"Upper Middle Income"
12349,Youth,Male,"Lower Middle Income"
12350,Adult,Male,"High Income"
12351,Adult,Female,"Lower Middle Income"
12352,Adult,Female,"Low Income"
12353,Adult,Female,"Upper Middle Income"
12354,Senior,Female,"Lower Middle Income"
12355,Adult,Male,"Upper Middle Income"
12356,Adult,Female,"High Income"
12357,Adult,Female,"Upper Middle Income"
12358,Adult,Male,"Upper Middle Income"
12359,Adult,Female,"Lower Middle Income"
12360,Adult,Male,"High Income"
12361,Adult,Male,"Lower Middle Income"
12362,Youth,Female,"Lower Middle Income"
12363,Adult,Female,"Upper Middle Income"
12364,Adult,Male,"Upper Middle Income"
12365,Adult,Male,"Upper Middle Income"
12366,Adult,Female,"High Income"
12367,Adult,Male,"Upper Middle Income"
12368,Adult,Female,"Lower Middle Income"
12369,Adult,Female,"Upper Middle Income"
12370,Adult,Male,"Upper Middle Income"
12371,Adult,Female,"Upper Middle Income"
12372,Adult,Female,"Upper Middle Income"
12373,Adult,Female,"High Income"
12374,Adult,Male,"Upper Middle Income"
12375,Adult,Male,"Middle Income"
12376,Adult,Female,"High Income"
12377,Adult,Female,"High Income"
12378,Youth,Male,"Lower Middle Income"
12379,Youth,Male,"Middle Income"
12380,Adult,Female,"Upper Middle Income"
12381,Adult,Female,"Upper Middle Income"
12382,Adult,Male,"Upper Middle Income"
12383,Adult,Female,"Middle Income"
12384,Youth,Male,"Middle Income"
12385,Senior,Female,"Upper Middle Income"
12386,Adult,Female,"Low Income"
12387,Adult,Female,"Upper Middle Income"
12388,Adult,Male,"Upper Middle Income"
12389,Adult,Female,"High Income"
12390,Adult,Male,"Lower Middle Income"
12391,Adult,Male,"Low Income"
12392,Youth,Female,"Lower Middle Income"
12393,Adult,Female,"Upper Middle Income"
12394,Adult,Male,"Middle Income"
12395,Senior,Male,"Upper Middle Income"
12396,Adult,Female,"High Income"
12397,Adult,Female,"Upper Middle Income"
12398,Adult,Male,"Upper Middle Income"
12399,Adult,Female,"High Income"
12400,Adult,Female,"Upper Middle Income"
12401,Adult,Female,"Middle Income"
12402,Adult,Female,"Lower Middle Income"
12403,Adult,Male,"High Income"
12404,Adult,Female,"High Income"
12405,Adult,Female,"High Income"
12406,Youth,Female,"High Income"
12407,Adult,Female,"Lower Middle Income"
12408,Youth,Female,"Upper Middle Income"
12409,Adult,Male,"Low Income"
12410,Adult,Male,"Middle Income"
12411,Adult,Male,"High Income"
12412,Adult,Female,"Upper Middle Income"
12413,Adult,Female,"Middle Income"
12414,Adult,Female,"Upper Middle Income"
12415,Adult,Male,"Upper Middle Income"
12416,Adult,Female,"Upper Middle Income"
12417,Adult,Female,"Middle Income"
12418,Adult,Female,"High Income"
12419,Adult,Male,"Lower Middle Income"
12420,Youth,Male,"Upper Middle Income"
12421,Adult,Female,"High Income"
12422,Adult,Female,"Lower Middle Income"
12423,Adult,Male,"Upper Middle Income"
12424,Youth,Female,"Middle Income"
12425,Adult,Male,"High Income"
12426,Adult,Female,"High Income"
12427,Senior,Female,"Lower Middle Income"
12428,Adult,Male,"Middle Income"
12429,Adult,Female,"Lower Middle Income"
12430,Adult,Male,"High Income"
12431,Adult,Male,"Middle Income"
12432,Adult,Female,"Upper Middle Income"
12433,Adult,Male,"Upper Middle Income"
12434,Adult,Male,"High Income"
12435,Adult,Male,"Upper Middle Income"
12436,Adult,Male,"Low Income"
12437,Youth,Male,"Low Income"
12438,Adult,Male,"Low Income"
12439,Adult,Female,"Middle Income"
12440,Adult,Male,"High Income"
12441,Adult,Female,"Upper Middle Income"
12442,Adult,Male,"High Income"
12443,Adult,Male,"Lower Middle Income"
12444,Adult,Male,"Upper Middle Income"
12445,Adult,Female,"Middle Income"
12446,Adult,Female,"Middle Income"
12447,Adult,Female,"Low Income"
12448,Youth,Male,"Upper Middle Income"
12449,Adult,Female,"Middle Income"
12450,Adult,Male,"Upper Middle Income"
12451,Adult,Male,"Upper Middle Income"
12452,Adult,Female,"Upper Middle Income"
12453,Adult,Male,"High Income"
12454,Youth,Female,"High Income"
12455,Senior,Male,"Upper Middle Income"
12456,Adult,Female,"High Income"
12457,Senior,Female,"Low Income"
12458,Adult,Female,"Upper Middle Income"
12459,Adult,Male,"Lower Middle Income"
12460,Adult,Male,"Upper Middle Income"
12461,Adult,Female,"Low Income"
12462,Adult,Male,"High Income"
12463,Adult,Female,"Middle Income"
12464,Senior,Female,"Upper Middle Income"
12465,Adult,Male,"High Income"
12466,Senior,Female,"High Income"
12467,Senior,Female,"High Income"
12468,Youth,Male,"Middle Income"
12469,Adult,Male,"High Income"
12470,Senior,Female,"Upper Middle Income"
12471,Adult,Male,"High Income"
12472,Adult,Female,"High Income"
12473,Adult,Male,"Upper Middle Income"
12474,Senior,Female,"Upper Middle Income"
12475,Adult,Male,"Lower Middle Income"
12476,Adult,Female,"Middle Income"
12477,Adult,Female,"Upper Middle Income"
12478,Adult,Male,"High Income"
12479,Adult,Male,"Lower Middle Income"
12480,Adult,Female,"Upper Middle Income"
12481,Adult,Female,"High Income"
12482,Youth,Male,"Upper Middle Income"
12483,Youth,Female,"Upper Middle Income"
12484,Adult,Male,"Upper Middle Income"
12485,Adult,Male,"Upper Middle Income"
12486,Adult,Female,"Lower Middle Income"
12487,Adult,Female,"Lower Middle Income"
12488,Adult,Male,"Lower Middle Income"
12489,Adult,Female,"Middle Income"
12490,Adult,Male,"Lower Middle Income"
12491,Adult,Female,"High Income"
12492,Adult,Female,"Upper Middle Income"
12493,Youth,Female,"High Income"
12494,Adult,Female,"High Income"
12495,Youth,Male,"Lower Middle Income"
12496,Adult,Female,"Upper Middle Income"
12497,Adult,Female,"Upper Middle Income"
12498,Adult,Male,"Low Income"
12499,Adult,Female,"Upper Middle Income"
12500,Adult,Male,"Upper Middle Income"
12501,Adult,Female,"Upper Middle Income"
12502,Adult,Male,"High Income"
12503,Adult,Male,"Lower Middle Income"
12504,Senior,Male,"Middle Income"
12505,Adult,Female,"High Income"
12506,Adult,Female,"Middle Income"
12507,Senior,Male,"Middle Income"
12508,Adult,Male,"Upper Middle Income"
12509,Adult,Male,"Upper Middle Income"
12510,Adult,Female,"High Income"
12511,Adult,Female,"Upper Middle Income"
12512,Youth,Male,"High Income"
12513,Adult,Male,"Upper Middle Income"
12514,Adult,Female,"Middle Income"
12515,Youth,Male,"Upper Middle Income"
12516,Adult,Male,"High Income"
12517,Senior,Male,"High Income"
12518,Adult,Female,"Low Income"
12519,Adult,Female,"Lower Middle Income"
12520,Adult,Female,"High Income"
12521,Adult,Male,"Upper Middle Income"
12522,Adult,Female,"Low Income"
12523,Adult,Male,"Lower Middle Income"
12524,Adult,Female,"Upper Middle Income"
12525,Adult,Female,"Upper Middle Income"
12526,Adult,Female,"Upper Middle Income"
12527,Adult,Male,"High Income"
12528,Adult,Male,"Upper Middle Income"
12529,Youth,Female,"Middle Income"
12530,Youth,Female,"Low Income"
12531,Adult,Male,"Lower Middle Income"
12532,Senior,Female,"Lower Middle Income"
12533,Adult,Female,"Upper Middle Income"
12534,Adult,Female,"High Income"
12535,Adult,Female,"High Income"
12536,Adult,Male,"Upper Middle Income"
12537,Adult,Male,"Upper Middle Income"
12538,Adult,Male,"High Income"
12539,Youth,Female,"Upper Middle Income"
12540,Adult,Male,"Upper Middle Income"
12541,Adult,Female,"Upper Middle Income"
12542,Adult,Male,"Upper Middle Income"
12543,Adult,Male,"Upper Middle Income"
12544,Adult,Female,"Upper Middle Income"
12545,Adult,Male,"Upper Middle Income"
12546,Adult,Male,"Lower Middle Income"
12547,Adult,Female,"Upper Middle Income"
12548,Adult,Male,"Upper Middle Income"
12549,Adult,Male,"Middle Income"
12550,Youth,Male,"Low Income"
12551,Adult,Female,"High Income"
12552,Adult,Female,"Low Income"
12553,Adult,Female,"Upper Middle Income"
12554,Adult,Male,"Upper Middle Income"
12555,Adult,Male,"Lower Middle Income"
12556,Senior,Female,"Upper Middle Income"
12557,Adult,Female,"High Income"
12558,Adult,Male,"Middle Income"
12559,Adult,Male,"Lower Middle Income"
12560,Adult,Female,"Middle Income"
12561,Adult,Female,"Middle Income"
12562,Adult,Male,"Upper Middle Income"
12563,Adult,Male,"Upper Middle Income"
12564,Adult,Male,"Upper Middle Income"
12565,Adult,Male,"Middle Income"
12566,Adult,Female,"Lower Middle Income"
12567,Adult,Female,"Upper Middle Income"
12568,Adult,Female,"Middle Income"
12569,Adult,Male,"Upper Middle Income"
12570,Adult,Male,"High Income"
12571,Adult,Male,"High Income"
12572,Adult,Male,"Upper Middle Income"
12573,Adult,Female,"Upper Middle Income"
12574,Youth,Male,"High Income"
12575,Adult,Male,"Upper Middle Income"
12576,Senior,Male,"Middle Income"
12577,Adult,Female,"Upper Middle Income"
12578,Adult,Female,"Middle Income"
12579,Adult,Female,"Upper Middle Income"
12580,Adult,Male,"Low Income"
12581,Adult,Female,"Upper Middle Income"
12582,Youth,Male,"High Income"
12583,Adult,Male,"Upper Middle Income"
12584,Adult,Female,"Upper Middle Income"
12585,Adult,Male,"Upper Middle Income"
12586,Adult,Female,"Upper Middle Income"
12587,Adult,Male,"Lower Middle Income"
12588,Adult,Female,"Lower Middle Income"
12589,Adult,Female,"Upper Middle Income"
12590,Adult,Female,"Middle Income"
12591,Senior,Female,"Upper Middle Income"
12592,Youth,Female,"Middle Income"
12593,Adult,Male,"Lower Middle Income"
12594,Adult,Female,"Upper Middle Income"
12595,Adult,Female,"Lower Middle Income"
12596,Youth,Male,"High Income"
12597,Senior,Female,"High Income"
12598,Youth,Female,"Middle Income"
12599,Adult,Female,"Lower Middle Income"
12600,Adult,Male,"Upper Middle Income"
12601,Adult,Female,"Upper Middle Income"
12602,Adult,Male,"Upper Middle Income"
12603,Adult,Male,"High Income"
12604,Senior,Female,"Upper Middle Income"
12605,Adult,Male,"Lower Middle Income"
12606,Adult,Female,"High Income"
12607,Adult,Male,"High Income"
12608,Adult,Male,"Upper Middle Income"
12609,Adult,Male,"Upper Middle Income"
12610,Adult,Female,"Lower Middle Income"
12611,Adult,Female,"High Income"
12612,Senior,Male,"Middle Income"
12613,Adult,Male,"Upper Middle Income"
12614,Adult,Male,"High Income"
12615,Adult,Female,"Upper Middle Income"
12616,Adult,Male,"Upper Middle Income"
12617,Youth,Female,"Lower Middle Income"
12618,Youth,Female,"Upper Middle Income"
12619,Senior,Female,"Upper Middle Income"
12620,Youth,Female,"Middle Income"
12621,Adult,Female,"Upper Middle Income"
12622,Adult,Male,"Middle Income"
12623,Adult,Female,"Upper Middle Income"
12624,Senior,Female,"Upper Middle Income"
12625,Adult,Male,"High Income"
12626,Adult,Female,"Upper Middle Income"
12627,Adult,Male,"Middle Income"
12628,Adult,Male,"Middle Income"
12629,Adult,Male,"Upper Middle Income"
12630,Youth,Female,"Upper Middle Income"
12631,Youth,Female,"Middle Income"
12632,Adult,Female,"Upper Middle Income"
12633,Adult,Male,"Middle Income"
12634,Adult,Female,"High Income"
12635,Adult,Male,"High Income"
12636,Adult,Female,"Middle Income"
12637,Adult,Male,"Lower Middle Income"
12638,Youth,Male,"High Income"
12639,Youth,Male,"Upper Middle Income"
12640,Adult,Female,"Middle Income"
12641,Senior,Female,"Middle Income"
12642,Adult,Female,"Upper Middle Income"
12643,Adult,Female,"Middle Income"
12644,Adult,Female,"Upper Middle Income"
12645,Adult,Female,"Upper Middle Income"
12646,Senior,Female,"Middle Income"
12647,Adult,Male,"Middle Income"
12648,Adult,Male,"High Income"
12649,Youth,Female,"Middle Income"
12650,Adult,Female,"Upper Middle Income"
12651,Youth,Male,"Middle Income"
12652,Adult,Female,"High Income"
12653,Adult,Female,"Lower Middle Income"
12654,Youth,Male,"Upper Middle Income"
12655,Adult,Female,"Middle Income"
12656,Adult,Female,"Middle Income"
12657,Youth,Female,"Middle Income"
12658,Adult,Male,"Lower Middle Income"
12659,Adult,Female,"Upper Middle Income"
12660,Adult,Female,"High Income"
12661,Adult,Female,"High Income"
12662,Senior,Female,"Middle Income"
12663,Senior,Male,"Lower Middle Income"
12664,Adult,Female,"Upper Middle Income"
12665,Adult,Male,"Lower Middle Income"
12666,Adult,Female,"Upper Middle Income"
12667,Adult,Female,"Lower Middle Income"
12668,Senior,Female,"High Income"
12669,Adult,Female,"High Income"
12670,Senior,Female,"Lower Middle Income"
12671,Adult,Male,"Lower Middle Income"
12672,Adult,Female,"High Income"
12673,Adult,Male,"Upper Middle Income"
12674,Adult,Female,"Middle Income"
12675,Adult,Male,"Upper Middle Income"
12676,Youth,Female,"Upper Middle Income"
12677,Adult,Female,"High Income"
12678,Adult,Female,"Low Income"
12679,Adult,Male,"Upper Middle Income"
12680,Youth,Female,"Upper Middle Income"
12681,Youth,Female,"High Income"
12682,Adult,Female,"Lower Middle Income"
12683,Adult,Female,"Middle Income"
12684,Adult,Female,"High Income"
12685,Adult,Female,"Upper Middle Income"
12686,Adult,Male,"High Income"
12687,Adult,Female,"Upper Middle Income"
12688,Adult,Female,"Lower Middle Income"
12689,Adult,Female,"Middle Income"
12690,Adult,Male,"High Income"
12691,Adult,Female,"Upper Middle Income"
12692,Youth,Female,"Lower Middle Income"
12693,Youth,Male,"Upper Middle Income"
12694,Adult,Female,"High Income"
12695,Senior,Male,"Upper Middle Income"
12696,Adult,Male,"Upper Middle Income"
12697,Senior,Female,"High Income"
12698,Adult,Female,"Upper Middle Income"
12699,Adult,Male,"Upper Middle Income"
12700,Youth,Female,"Lower Middle Income"
12701,Adult,Female,"High Income"
12702,Adult,Female,"Upper Middle Income"
12703,Youth,Female,"Upper Middle Income"
12704,Adult,Female,"Lower Middle Income"
12705,Adult,Female,"Upper Middle Income"
12706,Adult,Male,"Lower Middle Income"
12707,Youth,Female,"Lower Middle Income"
12708,Adult,Female,"Upper Middle Income"
12709,Adult,Female,"Upper Middle Income"
12710,Adult,Male,"High Income"
12711,Adult,Female,"Upper Middle Income"
12712,Youth,Male,"Upper Middle Income"
12713,Senior,Female,"Middle Income"
12714,Adult,Male,"Middle Income"
12715,Adult,Female,"High Income"
12716,Youth,Female,"Middle Income"
12717,Adult,Female,"Middle Income"
12718,Adult,Male,"Upper Middle Income"
12719,Adult,Male,"Upper Middle Income"
12720,Senior,Male,"Middle Income"
12721,Adult,Male,"Upper Middle Income"
12722,Adult,Female,"High Income"
12723,Adult,Male,"Upper Middle Income"
12724,Youth,Female,"Lower Middle Income"
12725,Adult,Male,"Upper Middle Income"
12726,Adult,Female,"Upper Middle Income"
12727,Senior,Female,"High Income"
12728,Adult,Male,"High Income"
12729,Adult,Female,"Upper Middle Income"
12730,Adult,Male,"Middle Income"
12731,Senior,Male,"Upper Middle Income"
12732,Adult,Female,"Middle Income"
12733,Senior,Female,"Upper Middle Income"
12734,Adult,Female,"Upper Middle Income"
12735,Senior,Female,"Upper Middle Income"
12736,Adult,Female,"Upper Middle Income"
12737,Adult,Female,"Upper Middle Income"
12738,Adult,Female,"Low Income"
12739,Adult,Female,"Lower Middle Income"
12740,Adult,Male,"Middle Income"
12741,Adult,Male,"Middle Income"
12742,Adult,Female,"Low Income"
12743,Adult,Female,"Upper Middle Income"
12744,Senior,Male,"Lower Middle Income"
12745,Adult,Female,"High Income"
12746,Adult,Male,"High Income"
12747,Adult,Female,"Upper Middle Income"
12748,Adult,Male,"Upper Middle Income"
12749,Adult,Female,"Lower Middle Income"
12750,Adult,Female,"Lower Middle Income"
12751,Adult,Male,"Upper Middle Income"
12752,Adult,Female,"Lower Middle Income"
12753,Adult,Female,"High Income"
12754,Adult,Male,"Low Income"
12755,Adult,Male,"High Income"
12756,Adult,Male,"Upper Middle Income"
12757,Adult,Female,"Upper Middle Income"
12758,Youth,Female,"High Income"
12759,Senior,Male,"Upper Middle Income"
12760,Senior,Female,"Lower Middle Income"
12761,Adult,Male,"Lower Middle Income"
12762,Adult,Female,"High Income"
12763,Adult,Male,"High Income"
12764,Adult,Female,"Lower Middle Income"
12765,Adult,Female,"Lower Middle Income"
12766,Senior,Female,"Lower Middle Income"
12767,Youth,Female,"Middle Income"
12768,Adult,Female,"Middle Income"
12769,Senior,Male,"Upper Middle Income"
12770,Adult,Female,"Lower Middle Income"
12771,Adult,Female,"Upper Middle Income"
12772,Adult,Female,"Middle Income"
12773,Adult,Female,"Upper Middle Income"
12774,Youth,Female,"Upper Middle Income"
12775,Adult,Female,"Upper Middle Income"
12776,Adult,Male,"Low Income"
12777,Adult,Female,"Low Income"
12778,Adult,Female,"High Income"
12779,Youth,Female,"Upper Middle Income"
12780,Youth,Female,"Upper Middle Income"
12781,Adult,Female,"High Income"
12782,Adult,Male,"Low Income"
12783,Adult,Female,"Upper Middle Income"
12784,Adult,Female,"Middle Income"
12785,Adult,Female,"Lower Middle Income"
12786,Adult,Male,"Lower Middle Income"
12787,Adult,Male,"Upper Middle Income"
12788,Adult,Male,"Upper Middle Income"
12789,Adult,Female,"High Income"
12790,Youth,Female,"Middle Income"
12791,Youth,Male,"High Income"
12792,Adult,Female,"Middle Income"
12793,Senior,Female,"High Income"
12794,Youth,Female,"Upper Middle Income"
12795,Adult,Male,"High Income"
12796,Senior,Female,"Middle Income"
12797,Adult,Male,"Upper Middle Income"
12798,Senior,Female,"Middle Income"
12799,Adult,Male,"Lower Middle Income"
12800,Adult,Female,"Upper Middle Income"
12801,Youth,Female,"Middle Income"
12802,Adult,Male,"Upper Middle Income"
12803,Youth,Male,"Lower Middle Income"
12804,Adult,Female,"Upper Middle Income"
12805,Adult,Female,"Low Income"
12806,Adult,Female,"Lower Middle Income"
12807,Adult,Male,"Upper Middle Income"
12808,Adult,Male,"Upper Middle Income"
12809,Youth,Female,"Middle Income"
12810,Adult,Male,"Upper Middle Income"
12811,Senior,Female,"Upper Middle Income"
12812,Adult,Male,"Upper Middle Income"
12813,Adult,Female,"Upper Middle Income"
12814,Senior,Male,"High Income"
12815,Adult,Male,"Lower Middle Income"
12816,Adult,Female,"High Income"
12817,Adult,Female,"High Income"
12818,Adult,Male,"Low Income"
12819,Adult,Male,"Lower Middle Income"
12820,Adult,Male,"High Income"
12821,Youth,Female,"Lower Middle Income"
12822,Adult,Female,"High Income"
12823,Adult,Male,"Low Income"
12824,Adult,Female,"Low Income"
12825,Youth,Female,"High Income"
12826,Adult,Female,"Upper Middle Income"
12827,Senior,Female,"High Income"
12828,Adult,Male,"High Income"
12829,Adult,Male,"Lower Middle Income"
12830,Youth,Male,"High Income"
12831,Youth,Female,"Lower Middle Income"
12832,Adult,Female,"Upper Middle Income"
12833,Adult,Female,"Low Income"
12834,Youth,Male,"Low Income"
12835,Adult,Female,"Upper Middle Income"
12836,Adult,Male,"Low Income"
12837,Senior,Male,"High Income"
12838,Adult,Female,"Lower Middle Income"
12839,Adult,Male,"Upper Middle Income"
12840,Adult,Male,"Upper Middle Income"
12841,Adult,Female,"Lower Middle Income"
12842,Adult,Male,"Lower Middle Income"
12843,Adult,Male,"Lower Middle Income"
12844,Adult,Male,"High Income"
12845,Adult,Female,"Lower Middle Income"
12846,Adult,Female,"Upper Middle Income"
12847,Youth,Male,"Middle Income"
12848,Adult,Female,"Upper Middle Income"
12849,Adult,Male,"High Income"
12850,Youth,Female,"High Income"
12851,Adult,Female,"High Income"
12852,Senior,Female,"Lower Middle Income"
12853,Adult,Female,"Upper Middle Income"
12854,Adult,Female,"Upper Middle Income"
12855,Youth,Female,"High Income"
12856,Adult,Female,"High Income"
12857,Youth,Female,"Low Income"
12858,Senior,Male,"Upper Middle Income"
12859,Adult,Male,"High Income"
12860,Adult,Male,"High Income"
12861,Senior,Male,"High Income"
12862,Adult,Female,"Lower Middle Income"
12863,Senior,Female,"Upper Middle Income"
12864,Adult,Female,"High Income"
12865,Adult,Male,"Upper Middle Income"
12866,Adult,Male,"Upper Middle Income"
12867,Senior,Female,"Upper Middle Income"
12868,Adult,Male,"Upper Middle Income"
12869,Adult,Male,"High Income"
12870,Youth,Female,"Middle Income"
12871,Adult,Female,"Lower Middle Income"
12872,Adult,Female,"Upper Middle Income"
12873,Adult,Female,"Middle Income"
12874,Youth,Female,"Middle Income"
12875,Adult,Female,"Upper Middle Income"
12876,Youth,Female,"Upper Middle Income"
12877,Adult,Male,"Upper Middle Income"
12878,Adult,Female,"High Income"
12879,Youth,Male,"High Income"
12880,Adult,Male,"Lower Middle Income"
12881,Senior,Female,"Middle Income"
12882,Senior,Female,"Upper Middle Income"
12883,Adult,Female,"Upper Middle Income"
12884,Adult,Female,"Middle Income"
12885,Adult,Female,"Upper Middle Income"
12886,Youth,Female,"Upper Middle Income"
12887,Youth,Female,"Upper Middle Income"
12888,Adult,Male,"Upper Middle Income"
12889,Adult,Male,"Middle Income"
12890,Adult,Female,"Upper Middle Income"
12891,Youth,Male,"Middle Income"
12892,Adult,Female,"Lower Middle Income"
12893,Adult,Female,"Low Income"
12894,Adult,Female,"Middle Income"
12895,Youth,Female,"Upper Middle Income"
12896,Adult,Female,"Middle Income"
12897,Adult,Male,"High Income"
12898,Adult,Male,"Upper Middle Income"
12899,Adult,Male,"Lower Middle Income"
12900,Adult,Female,"High Income"
12901,Adult,Male,"Lower Middle Income"
12902,Adult,Female,"High Income"
12903,Adult,Female,"Low Income"
12904,Adult,Male,"Upper Middle Income"
12905,Adult,Male,"Middle Income"
12906,Adult,Female,"Upper Middle Income"
12907,Adult,Female,"Upper Middle Income"
12908,Adult,Female,"Middle Income"
12909,Adult,Female,"Upper Middle Income"
12910,Adult,Female,"Middle Income"
12911,Adult,Female,"High Income"
12912,Adult,Female,"Middle Income"
12913,Youth,Female,"Lower Middle Income"
12914,Youth,Male,"Upper Middle Income"
12915,Youth,Female,"Middle Income"
12916,Adult,Male,"Middle Income"
12917,Adult,Male,"Upper Middle Income"
12918,Youth,Male,"High Income"
12919,Adult,Female,"Middle Income"
12920,Adult,Male,"Upper Middle Income"
12921,Adult,Male,"High Income"
12922,Adult,Female,"High Income"
12923,Senior,Female,"Middle Income"
12924,Adult,Female,"High Income"
12925,Senior,Female,"Middle Income"
12926,Adult,Female,"High Income"
12927,Youth,Female,"Middle Income"
12928,Youth,Male,"Upper Middle Income"
12929,Adult,Female,"Upper Middle Income"
12930,Adult,Female,"Middle Income"
12931,Adult,Female,"Middle Income"
12932,Adult,Female,"Upper Middle Income"
12933,Adult,Female,"Upper Middle Income"
12934,Youth,Female,"Low Income"
12935,Adult,Male,"Upper Middle Income"
12936,Adult,Female,"Middle Income"
12937,Adult,Female,"Upper Middle Income"
12938,Adult,Female,"Lower Middle Income"
12939,Adult,Female,"Upper Middle Income"
12940,Adult,Male,"Lower Middle Income"
12941,Adult,Male,"High Income"
12942,Adult,Male,"High Income"
12943,Adult,Female,"Lower Middle Income"
12944,Adult,Female,"Middle Income"
12945,Adult,Male,"Low Income"
12946,Adult,Male,"Upper Middle Income"
12947,Adult,Female,"Upper Middle Income"
12948,Adult,Male,"High Income"
12949,Adult,Female,"Middle Income"
12950,Adult,Male,"Middle Income"
12951,Adult,Female,"Low Income"
12952,Adult,Male,"Upper Middle Income"
12953,Adult,Female,"Lower Middle Income"
12954,Adult,Female,"High Income"
12955,Youth,Male,"Lower Middle Income"
12956,Adult,Female,"Upper Middle Income"
12957,Adult,Female,"Low Income"
12958,Adult,Female,"Middle Income"
12959,Youth,Female,"Lower Middle Income"
12960,Youth,Male,"Upper Middle Income"
12961,Adult,Female,"Upper Middle Income"
12962,Adult,Female,"High Income"
12963,Adult,Female,"Upper Middle Income"
12964,Adult,Female,"High Income"
12965,Adult,Male,"Upper Middle Income"
12966,Adult,Female,"Middle Income"
12967,Senior,Female,"High Income"
12968,Youth,Male,"Upper Middle Income"
12969,Adult,Female,"Upper Middle Income"
12970,Adult,Female,"Lower Middle Income"
12971,Youth,Male,"Lower Middle Income"
12972,Adult,Male,"Lower Middle Income"
12973,Youth,Female,"High Income"
12974,Youth,Male,"Upper Middle Income"
12975,Adult,Male,"Upper Middle Income"
12976,Adult,Female,"Upper Middle Income"
12977,Adult,Male,"High Income"
12978,Adult,Female,"High Income"
12979,Adult,Female,"Upper Middle Income"
12980,Adult,Female,"Middle Income"
12981,Senior,Female,"High Income"
12982,Senior,Female,"High Income"
12983,Adult,Male,"Upper Middle Income"
12984,Adult,Female,"Upper Middle Income"
12985,Adult,Female,"Lower Middle Income"
12986,Adult,Male,"Upper Middle Income"
12987,Adult,Female,"Upper Middle Income"
12988,Adult,Female,"Upper Middle Income"
12989,Adult,Female,"High Income"
12990,Adult,Female,"Upper Middle Income"
12991,Youth,Female,"Upper Middle Income"
12992,Senior,Female,"Lower Middle Income"
12993,Adult,Female,"Middle Income"
12994,Youth,Male,"Middle Income"
12995,Youth,Male,"Lower Middle Income"
12996,Senior,Female,"Lower Middle Income"
12997,Adult,Female,"Low Income"
12998,Adult,Male,"Middle Income"
12999,Adult,Male,"Lower Middle Income"
13000,Youth,Male,"High Income"
13001,Adult,Female,"Upper Middle Income"
13002,Adult,Female,"Upper Middle Income"
13003,Adult,Female,"Upper Middle Income"
13004,Adult,Female,"Lower Middle Income"
13005,Adult,Female,"Low Income"
13006,Adult,Female,"Middle Income"
13007,Adult,Male,"Lower Middle Income"
13008,Adult,Male,"Upper Middle Income"
13009,Youth,Female,"High Income"
13010,Senior,Male,"Upper Middle Income"
13011,Adult,Female,"High Income"
13012,Adult,Female,"Upper Middle Income"
13013,Adult,Female,"Low Income"
13014,Senior,Female,"Middle Income"
13015,Adult,Female,"Lower Middle Income"
13016,Senior,Male,"Upper Middle Income"
13017,Adult,Female,"High Income"
13018,Senior,Female,"Lower Middle Income"
13019,Adult,Male,"Upper Middle Income"
13020,Adult,Male,"Low Income"
13021,Adult,Female,"Middle Income"
13022,Adult,Female,"Middle Income"
13023,Adult,Female,"High Income"
13024,Youth,Female,"Middle Income"
13025,Adult,Female,"High Income"
13026,Adult,Male,"Upper Middle Income"
13027,Adult,Female,"Upper Middle Income"
13028,Adult,Female,"High Income"
13029,Adult,Male,"Low Income"
13030,Adult,Female,"Lower Middle Income"
13031,Adult,Female,"Upper Middle Income"
13032,Adult,Male,"High Income"
13033,Adult,Female,"Lower Middle Income"
13034,Adult,Female,"Lower Middle Income"
13035,Senior,Female,"Upper Middle Income"
13036,Adult,Male,"High Income"
13037,Adult,Female,"Upper Middle Income"
13038,Adult,Male,"Low Income"
13039,Adult,Male,"Lower Middle Income"
13040,Senior,Female,"Upper Middle Income"
13041,Adult,Female,"Lower Middle Income"
13042,Adult,Female,"High Income"
13043,Adult,Female,"Upper Middle Income"
13044,Senior,Male,"Upper Middle Income"
13045,Adult,Female,"Upper Middle Income"
13046,Adult,Female,"Upper Middle Income"
13047,Adult,Female,"High Income"
13048,Youth,Female,"High Income"
13049,Adult,Female,"Lower Middle Income"
13050,Senior,Female,"High Income"
13051,Adult,Female,"High Income"
13052,Adult,Female,"Lower Middle Income"
13053,Adult,Female,"Upper Middle Income"
13054,Senior,Male,"Upper Middle Income"
13055,Youth,Male,"Low Income"
13056,Adult,Female,"Upper Middle Income"
13057,Adult,Male,"High Income"
13058,Adult,Female,"Upper Middle Income"
13059,Adult,Male,"Upper Middle Income"
13060,Adult,Male,"Middle Income"
13061,Senior,Female,"Upper Middle Income"
13062,Adult,Female,"Upper Middle Income"
13063,Adult,Female,"Upper Middle Income"
13064,Adult,Female,"High Income"
13065,Adult,Female,"Middle Income"
13066,Adult,Male,"Lower Middle Income"
13067,Adult,Male,"Upper Middle Income"
13068,Adult,Female,"Middle Income"
13069,Youth,Female,"Middle Income"
13070,Adult,Female,"Upper Middle Income"
13071,Adult,Female,"High Income"
13072,Youth,Male,"Upper Middle Income"
13073,Adult,Male,"Middle Income"
13074,Adult,Female,"Upper Middle Income"
13075,Adult,Female,"Upper Middle Income"
13076,Senior,Male,"Lower Middle Income"
13077,Adult,Male,"Upper Middle Income"
13078,Adult,Male,"Upper Middle Income"
13079,Adult,Female,"Low Income"
13080,Adult,Female,"Middle Income"
13081,Youth,Female,"High Income"
13082,Adult,Female,"Middle Income"
13083,Adult,Female,"Upper Middle Income"
13084,Adult,Female,"Upper Middle Income"
13085,Senior,Male,"High Income"
13086,Adult,Male,"Upper Middle Income"
13087,Adult,Male,"Upper Middle Income"
13088,Adult,Female,"Upper Middle Income"
13089,Adult,Female,"Upper Middle Income"
13090,Adult,Female,"Upper Middle Income"
13091,Adult,Female,"Upper Middle Income"
13092,Youth,Male,"Middle Income"
13093,Adult,Female,"High Income"
13094,Adult,Female,"Middle Income"
13095,Adult,Female,"Middle Income"
13096,Adult,Male,"Upper Middle Income"
13097,Senior,Female,"Upper Middle Income"
13098,Adult,Female,"Upper Middle Income"
13099,Adult,Female,"High Income"
13100,Adult,Female,"Middle Income"
13101,Adult,Female,"Upper Middle Income"
13102,Adult,Male,"Middle Income"
13103,Adult,Male,"Upper Middle Income"
13104,Adult,Male,"Upper Middle Income"
13105,Adult,Male,"Lower Middle Income"
13106,Adult,Female,"Upper Middle Income"
13107,Youth,Female,"Middle Income"
13108,Adult,Female,"Upper Middle Income"
13109,Youth,Male,"Upper Middle Income"
13110,Adult,Female,"High Income"
13111,Adult,Male,"High Income"
13112,Youth,Male,"High Income"
13113,Adult,Female,"Middle Income"
13114,Adult,Female,"High Income"
13115,Youth,Female,"Upper Middle Income"
13116,Youth,Male,"Lower Middle Income"
13117,Adult,Female,"Lower Middle Income"
13118,Adult,Male,"Upper Middle Income"
13119,Senior,Male,"Lower Middle Income"
13120,Youth,Female,"Upper Middle Income"
13121,Adult,Male,"High Income"
13122,Adult,Male,"Lower Middle Income"
13123,Adult,Female,"Upper Middle Income"
13124,Senior,Female,"Upper Middle Income"
13125,Adult,Female,"Upper Middle Income"
13126,Youth,Female,"Middle Income"
13127,Senior,Male,"Lower Middle Income"
13128,Adult,Male,"Upper Middle Income"
13129,Adult,Male,"Middle Income"
13130,Adult,Female,"Upper Middle Income"
13131,Senior,Female,"Upper Middle Income"
13132,Youth,Female,"Upper Middle Income"
13133,Youth,Female,"Upper Middle Income"
13134,Adult,Male,"Middle Income"
13135,Adult,Female,"Upper Middle Income"
13136,Adult,Male,"Low Income"
13137,Adult,Female,"Upper Middle Income"
13138,Adult,Female,"Middle Income"
13139,Youth,Female,"Upper Middle Income"
13140,Youth,Female,"Upper Middle Income"
13141,Youth,Female,"Middle Income"
13142,Youth,Male,"Upper Middle Income"
13143,Adult,Male,"Lower Middle Income"
13144,Adult,Female,"High Income"
13145,Adult,Male,"High Income"
13146,Adult,Female,"High Income"
13147,Adult,Female,"Middle Income"
13148,Adult,Female,"High Income"
13149,Senior,Female,"High Income"
13150,Adult,Male,"Low Income"
13151,Adult,Female,"High Income"
13152,Adult,Female,"High Income"
13153,Adult,Female,"Middle Income"
13154,Adult,Male,"Upper Middle Income"
13155,Adult,Female,"High Income"
13156,Youth,Male,"Middle Income"
13157,Adult,Female,"Upper Middle Income"
13158,Adult,Male,"Middle Income"
13159,Adult,Female,"Middle Income"
13160,Senior,Female,"Middle Income"
13161,Adult,Male,"Upper Middle Income"
13162,Adult,Male,"High Income"
13163,Adult,Female,"Lower Middle Income"
13164,Adult,Male,"Upper Middle Income"
13165,Senior,Female,"High Income"
13166,Adult,Female,"Lower Middle Income"
13167,Adult,Female,"Middle Income"
13168,Youth,Female,"Middle Income"
13169,Senior,Male,"Middle Income"
13170,Adult,Male,"Upper Middle Income"
13171,Adult,Male,"Middle Income"
13172,Adult,Female,"Lower Middle Income"
13173,Adult,Female,"Upper Middle Income"
13174,Adult,Male,"Lower Middle Income"
13175,Youth,Male,"Middle Income"
13176,Adult,Female,"Middle Income"
13177,Adult,Female,"Upper Middle Income"
13178,Adult,Female,"Upper Middle Income"
13179,Adult,Female,"Middle Income"
13180,Adult,Female,"Lower Middle Income"
13181,Adult,Male,"High Income"
13182,Youth,Female,"Low Income"
13183,Adult,Female,"Low Income"
13184,Adult,Female,"High Income"
13185,Adult,Female,"Low Income"
13186,Adult,Male,"High Income"
13187,Adult,Male,"High Income"
13188,Adult,Female,"Upper Middle Income"
13189,Adult,Male,"Middle Income"
13190,Adult,Female,"High Income"
13191,Adult,Female,"High Income"
13192,Adult,Female,"Upper Middle Income"
13193,Senior,Female,"Low Income"
13194,Adult,Female,"Lower Middle Income"
13195,Senior,Male,"Low Income"
13196,Adult,Female,"Middle Income"
13197,Adult,Female,"Upper Middle Income"
13198,Adult,Female,"High Income"
13199,Adult,Female,"Middle Income"
13200,Adult,Female,"Upper Middle Income"
13201,Youth,Male,"Middle Income"
13202,Adult,Male,"Lower Middle Income"
13203,Youth,Female,"High Income"
13204,Adult,Female,"Lower Middle Income"
13205,Adult,Female,"Upper Middle Income"
13206,Adult,Female,"Middle Income"
13207,Adult,Female,"Upper Middle Income"
13208,Adult,Female,"Lower Middle Income"
13209,Adult,Female,"Upper Middle Income"
13210,Adult,Female,"High Income"
13211,Adult,Female,"Lower Middle Income"
13212,Adult,Female,"Low Income"
13213,Adult,Male,"Low Income"
13214,Senior,Female,"Lower Middle Income"
13215,Adult,Male,"Middle Income"
13216,Adult,Male,"Middle Income"
13217,Adult,Male,"Upper Middle Income"
13218,Senior,Male,"Upper Middle Income"
13219,Adult,Female,"Upper Middle Income"
13220,Adult,Male,"Lower Middle Income"
13221,Adult,Male,"Upper Middle Income"
13222,Adult,Female,"High Income"
13223,Adult,Female,"Low Income"
13224,Adult,Male,"Lower Middle Income"
13225,Adult,Female,"Low Income"
13226,Adult,Female,"Upper Middle Income"
13227,Adult,Female,"Middle Income"
13228,Adult,Female,"Middle Income"
13229,Adult,Male,"Middle Income"
13230,Adult,Female,"High Income"
13231,Adult,Female,"Lower Middle Income"
13232,Adult,Male,"Low Income"
13233,Adult,Female,"Low Income"
13234,Adult,Female,"High Income"
13235,Adult,Female,"Middle Income"
13236,Adult,Female,"High Income"
13237,Adult,Female,"Upper Middle Income"
13238,Adult,Female,"High Income"
13239,Youth,Female,"Middle Income"
13240,Adult,Female,"Upper Middle Income"
13241,Adult,Female,"Upper Middle Income"
13242,Adult,Female,"Middle Income"
13243,Adult,Female,"Middle Income"
13244,Youth,Female,"Lower Middle Income"
13245,Adult,Female,"Middle Income"
13246,Senior,Female,"Lower Middle Income"
13247,Adult,Female,"Upper Middle Income"
13248,Senior,Male,"Upper Middle Income"
13249,Adult,Female,"Upper Middle Income"
13250,Youth,Male,"Upper Middle Income"
13251,Adult,Male,"High Income"
13252,Adult,Male,"Upper Middle Income"
13253,Senior,Female,"High Income"
13254,Adult,Female,"High Income"
13255,Adult,Female,"Upper Middle Income"
13256,Senior,Female,"Upper Middle Income"
13257,Senior,Female,"Lower Middle Income"
13258,Adult,Female,"Upper Middle Income"
13259,Adult,Female,"Upper Middle Income"
13260,Adult,Male,"High Income"
13261,Adult,Male,"Upper Middle Income"
13262,Adult,Female,"High Income"
13263,Youth,Female,"Upper Middle Income"
13264,Adult,Female,"High Income"
13265,Youth,Female,"High Income"
13266,Adult,Male,"Low Income"
13267,Senior,Male,"Upper Middle Income"
13268,Youth,Female,"High Income"
13269,Youth,Male,"High Income"
13270,Senior,Male,"High Income"
13271,Adult,Male,"Lower Middle Income"
13272,Youth,Female,"Upper Middle Income"
13273,Senior,Male,"High Income"
13274,Adult,Female,"High Income"
13275,Adult,Female,"High Income"
13276,Adult,Male,"High Income"
13277,Youth,Female,"Lower Middle Income"
13278,Adult,Male,"Upper Middle Income"
13279,Adult,Female,"Upper Middle Income"
13280,Adult,Female,"Upper Middle Income"
13281,Adult,Male,"Middle Income"
13282,Adult,Female,"Upper Middle Income"
13283,Adult,Female,"Lower Middle Income"
13284,Adult,Female,"High Income"
13285,Adult,Female,"Low Income"
13286,Adult,Male,"Middle Income"
13287,Youth,Female,"Upper Middle Income"
13288,Adult,Male,"Upper Middle Income"
13289,Adult,Male,"Upper Middle Income"
13290,Adult,Male,"Lower Middle Income"
13291,Adult,Male,"Upper Middle Income"
13292,Senior,Female,"Low Income"
13293,Adult,Female,"High Income"
13294,Senior,Female,"Upper Middle Income"
13295,Adult,Male,"Upper Middle Income"
13296,Youth,Female,"Middle Income"
13297,Adult,Female,"Lower Middle Income"
13298,Adult,Male,"Lower Middle Income"
13299,Adult,Male,"Middle Income"
13300,Adult,Female,"Lower Middle Income"
13301,Youth,Female,"Upper Middle Income"
13302,Adult,Female,"Lower Middle Income"
13303,Adult,Female,"High Income"
13304,Adult,Female,"Upper Middle Income"
13305,Youth,Male,"Middle Income"
13306,Adult,Female,"Upper Middle Income"
13307,Adult,Male,"Low Income"
13308,Adult,Female,"Middle Income"
13309,Adult,Female,"Lower Middle Income"
13310,Adult,Female,"Middle Income"
13311,Senior,Female,"High Income"
13312,Senior,Female,"High Income"
13313,Youth,Female,"Upper Middle Income"
13314,Adult,Female,"Lower Middle Income"
13315,Adult,Female,"Middle Income"
13316,Adult,Female,"Lower Middle Income"
13317,Youth,Male,"Middle Income"
13318,Adult,Female,"High Income"
13319,Adult,Female,"Lower Middle Income"
13320,Adult,Male,"Middle Income"
13321,Adult,Female,"Upper Middle Income"
13322,Adult,Female,"Low Income"
13323,Adult,Female,"High Income"
13324,Senior,Male,"High Income"
13325,Senior,Female,"Middle Income"
13326,Adult,Female,"Upper Middle Income"
13327,Adult,Female,"Upper Middle Income"
13328,Youth,Male,"Lower Middle Income"
13329,Adult,Male,"Upper Middle Income"
13330,Adult,Female,"Upper Middle Income"
13331,Adult,Female,"Middle Income"
13332,Adult,Male,"High Income"
13333,Adult,Male,"Upper Middle Income"
13334,Adult,Male,"Upper Middle Income"
13335,Adult,Female,"High Income"
13336,Youth,Male,"Upper Middle Income"
13337,Adult,Male,"Middle Income"
13338,Youth,Male,"High Income"
13339,Adult,Female,"High Income"
13340,Adult,Female,"Upper Middle Income"
13341,Youth,Male,"High Income"
13342,Senior,Female,"Lower Middle Income"
13343,Adult,Male,"Low Income"
13344,Adult,Male,"Lower Middle Income"
13345,Adult,Female,"Lower Middle Income"
13346,Adult,Female,"Upper Middle Income"
13347,Adult,Female,"High Income"
13348,Adult,Male,"Upper Middle Income"
13349,Adult,Female,"High Income"
13350,Youth,Female,"Middle Income"
13351,Senior,Female,"Low Income"
13352,Adult,Male,"High Income"
13353,Adult,Female,"High Income"
13354,Adult,Female,"High Income"
13355,Adult,Female,"High Income"
13356,Adult,Male,"High Income"
13357,Senior,Female,"Low Income"
13358,Adult,Male,"Middle Income"
13359,Adult,Female,"High Income"
13360,Adult,Male,"Middle Income"
13361,Adult,Female,"Low Income"
13362,Adult,Male,"Lower Middle Income"
13363,Senior,Male,"High Income"
13364,Adult,Male,"Upper Middle Income"
13365,Adult,Male,"Low Income"
13366,Adult,Female,"Lower Middle Income"
13367,Senior,Female,"Upper Middle Income"
13368,Adult,Female,"Upper Middle Income"
13369,Adult,Male,"Middle Income"
13370,Adult,Female,"Middle Income"
13371,Adult,Female,"Upper Middle Income"
13372,Adult,Female,"High Income"
13373,Adult,Female,"Middle Income"
13374,Youth,Female,"High Income"
13375,Adult,Female,"High Income"
13376,Adult,Female,"Low Income"
13377,Adult,Male,"Lower Middle Income"
13378,Youth,Male,"Low Income"
13379,Adult,Female,"Upper Middle Income"
13380,Adult,Female,"Upper Middle Income"
13381,Adult,Male,"Upper Middle Income"
13382,Adult,Male,"Upper Middle Income"
13383,Adult,Female,"Upper Middle Income"
13384,Youth,Female,"Upper Middle Income"
13385,Adult,Male,"Upper Middle Income"
13386,Adult,Female,"Upper Middle Income"
13387,Adult,Female,"Upper Middle Income"
13388,Adult,Female,"Lower Middle Income"
13389,Adult,Male,"Middle Income"
13390,Adult,Female,"High Income"
13391,Adult,Female,"Lower Middle Income"
13392,Adult,Male,"Upper Middle Income"
13393,Adult,Female,"Lower Middle Income"
13394,Adult,Male,"Upper Middle Income"
13395,Adult,Male,"Lower Middle Income"
13396,Adult,Female,"Lower Middle Income"
13397,Adult,Male,"Upper Middle Income"
13398,Adult,Male,"Middle Income"
13399,Adult,Female,"Upper Middle Income"
13400,Adult,Male,"Low Income"
13401,Youth,Female,"Middle Income"
13402,Adult,Female,"High Income"
13403,Adult,Male,"Upper Middle Income"
13404,Adult,Male,"Low Income"
13405,Adult,Female,"Middle Income"
13406,Adult,Female,"Middle Income"
13407,Adult,Male,"Lower Middle Income"
13408,Adult,Male,"Middle Income"
13409,Adult,Female,"Lower Middle Income"
13410,Adult,Male,"Upper Middle Income"
13411,Adult,Female,"Upper Middle Income"
13412,Youth,Female,"Upper Middle Income"
13413,Senior,Female,"Upper Middle Income"
13414,Adult,Male,"Upper Middle Income"
13415,Senior,Male,"High Income"
13416,Adult,Female,"Upper Middle Income"
13417,Adult,Male,"Upper Middle Income"
13418,Adult,Male,"Upper Middle Income"
13419,Adult,Female,"High Income"
13420,Senior,Male,"Lower Middle Income"
13421,Adult,Female,"Low Income"
13422,Adult,Female,"Upper Middle Income"
13423,Youth,Female,"Middle Income"
13424,Adult,Female,"Middle Income"
13425,Youth,Female,"Middle Income"
13426,Adult,Male,"Upper Middle Income"
13427,Youth,Male,"Upper Middle Income"
13428,Adult,Female,"Upper Middle Income"
13429,Adult,Female,"Upper Middle Income"
13430,Adult,Male,"Upper Middle Income"
13431,Adult,Female,"High Income"
13432,Adult,Female,"Low Income"
13433,Adult,Male,"Upper Middle Income"
13434,Adult,Female,"Middle Income"
13435,Adult,Male,"High Income"
13436,Adult,Female,"Middle Income"
13437,Youth,Female,"Upper Middle Income"
13438,Adult,Male,"Lower Middle Income"
13439,Adult,Male,"Middle Income"
13440,Adult,Female,"Middle Income"
13441,Adult,Female,"Low Income"
13442,Adult,Female,"Lower Middle Income"
13443,Youth,Male,"Middle Income"
13444,Adult,Male,"Middle Income"
13445,Adult,Male,"Upper Middle Income"
13446,Youth,Female,"High Income"
13447,Adult,Male,"Upper Middle Income"
13448,Adult,Male,"Upper Middle Income"
13449,Adult,Female,"Lower Middle Income"
13450,Adult,Female,"High Income"
13451,Adult,Male,"Lower Middle Income"
13452,Adult,Female,"Lower Middle Income"
13453,Adult,Female,"Upper Middle Income"
13454,Adult,Male,"Middle Income"
13455,Youth,Male,"Lower Middle Income"
13456,Adult,Male,"Lower Middle Income"
13457,Adult,Female,"High Income"
13458,Youth,Female,"Upper Middle Income"
13459,Adult,Male,"High Income"
13460,Adult,Male,"Upper Middle Income"
13461,Adult,Female,"High Income"
13462,Adult,Female,"High Income"
13463,Youth,Female,"Middle Income"
13464,Adult,Female,"Lower Middle Income"
13465,Senior,Female,"Upper Middle Income"
13466,Senior,Female,"Lower Middle Income"
13467,Youth,Male,"Upper Middle Income"
13468,Adult,Female,"Upper Middle Income"
13469,Adult,Male,"High Income"
13470,Adult,Female,"Upper Middle Income"
13471,Adult,Female,"Low Income"
13472,Youth,Female,"High Income"
13473,Adult,Male,"Middle Income"
13474,Adult,Male,"Middle Income"
13475,Adult,Male,"Upper Middle Income"
13476,Adult,Male,"High Income"
13477,Youth,Female,"Middle Income"
13478,Adult,Female,"Middle Income"
13479,Adult,Male,"High Income"
13480,Adult,Male,"Upper Middle Income"
13481,Adult,Female,"Middle Income"
13482,Senior,Male,"Middle Income"
13483,Adult,Female,"High Income"
13484,Adult,Male,"Middle Income"
13485,Adult,Male,"High Income"
13486,Adult,Male,"Middle Income"
13487,Adult,Male,"High Income"
13488,Adult,Female,"Upper Middle Income"
13489,Adult,Male,"Lower Middle Income"
13490,Adult,Female,"Upper Middle Income"
13491,Youth,Female,"High Income"
13492,Adult,Male,"Middle Income"
13493,Adult,Male,"High Income"
13494,Adult,Female,"Low Income"
13495,Adult,Female,"Upper Middle Income"
13496,Adult,Female,"High Income"
13497,Adult,Male,"Upper Middle Income"
13498,Adult,Male,"Upper Middle Income"
13499,Senior,Male,"High Income"
13500,Adult,Female,"Upper Middle Income"
13501,Senior,Female,"Upper Middle Income"
13502,Adult,Female,"Upper Middle Income"
13503,Adult,Female,"High Income"
13504,Senior,Male,"Upper Middle Income"
13505,Adult,Female,"High Income"
13506,Adult,Female,"Middle Income"
13507,Senior,Male,"Upper Middle Income"
13508,Adult,Female,"Middle Income"
13509,Adult,Female,"Middle Income"
13510,Adult,Female,"High Income"
13511,Adult,Female,"Upper Middle Income"
13512,Adult,Male,"Upper Middle Income"
13513,Adult,Female,"Middle Income"
13514,Senior,Male,"Lower Middle Income"
13515,Senior,Female,"Lower Middle Income"
13516,Adult,Male,"High Income"
13517,Adult,Female,"Upper Middle Income"
13518,Adult,Female,"Lower Middle Income"
13519,Adult,Female,"Upper Middle Income"
13520,Adult,Male,"High Income"
13521,Adult,Male,"High Income"
13522,Youth,Female,"Low Income"
13523,Adult,Female,"Upper Middle Income"
13524,Youth,Female,"Upper Middle Income"
13525,Adult,Male,"Lower Middle Income"
13526,Adult,Female,"Lower Middle Income"
13527,Adult,Female,"Lower Middle Income"
13528,Adult,Female,"High Income"
13529,Youth,Female,"Upper Middle Income"
13530,Adult,Female,"Middle Income"
13531,Adult,Male,"Upper Middle Income"
13532,Adult,Male,"High Income"
13533,Youth,Female,"Middle Income"
13534,Adult,Male,"Middle Income"
13535,Adult,Female,"Upper Middle Income"
13536,Adult,Female,"Lower Middle Income"
13537,Adult,Female,"Lower Middle Income"
13538,Senior,Female,"Middle Income"
13539,Adult,Male,"Lower Middle Income"
13540,Adult,Male,"Upper Middle Income"
13541,Adult,Female,"Upper Middle Income"
13542,Adult,Male,"High Income"
13543,Adult,Female,"High Income"
13544,Adult,Female,"Upper Middle Income"
13545,Adult,Male,"Low Income"
13546,Youth,Male,"Upper Middle Income"
13547,Youth,Female,"Lower Middle Income"
13548,Senior,Female,"Upper Middle Income"
13549,Adult,Male,"High Income"
13550,Adult,Female,"High Income"
13551,Senior,Female,"Upper Middle Income"
13552,Youth,Female,"Upper Middle Income"
13553,Senior,Male,"High Income"
13554,Adult,Male,"Upper Middle Income"
13555,Adult,Female,"Lower Middle Income"
13556,Adult,Female,"High Income"
13557,Adult,Female,"Upper Middle Income"
13558,Adult,Female,"Upper Middle Income"
13559,Adult,Female,"Upper Middle Income"
13560,Adult,Male,"Upper Middle Income"
13561,Adult,Female,"High Income"
13562,Adult,Female,"Upper Middle Income"
13563,Adult,Male,"Middle Income"
13564,Adult,Male,"High Income"
13565,Adult,Female,"Upper Middle Income"
13566,Adult,Male,"Upper Middle Income"
13567,Adult,Male,"Low Income"
13568,Adult,Female,"Upper Middle Income"
13569,Youth,Female,"Upper Middle Income"
13570,Adult,Female,"Upper Middle Income"
13571,Adult,Female,"Upper Middle Income"
13572,Adult,Male,"Middle Income"
13573,Adult,Male,"Upper Middle Income"
13574,Adult,Male,"Upper Middle Income"
13575,Adult,Male,"Middle Income"
13576,Adult,Female,"High Income"
13577,Youth,Female,"High Income"
13578,Youth,Female,"Low Income"
13579,Youth,Male,"High Income"
13580,Youth,Male,"Upper Middle Income"
13581,Adult,Female,"Upper Middle Income"
13582,Adult,Female,"Lower Middle Income"
13583,Adult,Male,"High Income"
13584,Adult,Female,"Lower Middle Income"
13585,Adult,Male,"High Income"
13586,Senior,Male,"High Income"
13587,Adult,Female,"Upper Middle Income"
13588,Adult,Male,"Lower Middle Income"
13589,Adult,Female,"High Income"
13590,Adult,Male,"Upper Middle Income"
13591,Adult,Male,"High Income"
13592,Senior,Male,"High Income"
13593,Adult,Female,"High Income"
13594,Senior,Female,"High Income"
13595,Senior,Female,"Lower Middle Income"
13596,Adult,Female,"Middle Income"
13597,Adult,Female,"High Income"
13598,Adult,Male,"Lower Middle Income"
13599,Adult,Male,"Lower Middle Income"
13600,Adult,Male,"Low Income"
13601,Adult,Male,"High Income"
13602,Adult,Female,"Middle Income"
13603,Adult,Male,"Upper Middle Income"
13604,Youth,Male,"Low Income"
13605,Adult,Male,"Upper Middle Income"
13606,Adult,Female,"High Income"
13607,Adult,Female,"Middle Income"
13608,Adult,Female,"High Income"
13609,Adult,Male,"Upper Middle Income"
13610,Youth,Male,"High Income"
13611,Adult,Male,"Upper Middle Income"
13612,Senior,Female,"Upper Middle Income"
13613,Adult,Male,"Upper Middle Income"
13614,Youth,Female,"High Income"
13615,Adult,Female,"Middle Income"
13616,Adult,Male,"Upper Middle Income"
13617,Adult,Male,"Middle Income"
13618,Adult,Male,"Middle Income"
13619,Adult,Female,"Middle Income"
13620,Adult,Female,"Upper Middle Income"
13621,Adult,Female,"Upper Middle Income"
13622,Adult,Female,"Upper Middle Income"
13623,Adult,Female,"Upper Middle Income"
13624,Adult,Female,"Middle Income"
13625,Adult,Male,"Lower Middle Income"
13626,Adult,Male,"Low Income"
13627,Adult,Male,"Middle Income"
13628,Adult,Female,"Upper Middle Income"
13629,Adult,Male,"Upper Middle Income"
13630,Adult,Female,"High Income"
13631,Senior,Male,"Lower Middle Income"
13632,Adult,Female,"Middle Income"
13633,Adult,Male,"High Income"
13634,Adult,Male,"Upper Middle Income"
13635,Youth,Female,"Lower Middle Income"
13636,Adult,Female,"Middle Income"
13637,Adult,Female,"Upper Middle Income"
13638,Adult,Male,"Upper Middle Income"
13639,Senior,Male,"Lower Middle Income"
13640,Adult,Female,"Upper Middle Income"
13641,Adult,Female,"High Income"
13642,Adult,Male,"Lower Middle Income"
13643,Adult,Female,"Middle Income"
13644,Adult,Female,"Middle Income"
13645,Senior,Female,"Upper Middle Income"
13646,Adult,Male,"Upper Middle Income"
13647,Adult,Male,"Upper Middle Income"
13648,Adult,Female,"Upper Middle Income"
13649,Adult,Female,"Middle Income"
13650,Adult,Female,"High Income"
13651,Adult,Male,"Upper Middle Income"
13652,Adult,Male,"High Income"
13653,Adult,Female,"Middle Income"
13654,Adult,Male,"Middle Income"
13655,Adult,Male,"Middle Income"
13656,Adult,Male,"Upper Middle Income"
13657,Adult,Female,"High Income"
13658,Adult,Male,"Middle Income"
13659,Adult,Female,"Low Income"
13660,Senior,Female,"Upper Middle Income"
13661,Adult,Female,"Upper Middle Income"
13662,Adult,Female,"High Income"
13663,Adult,Male,"Upper Middle Income"
13664,Adult,Female,"Middle Income"
13665,Adult,Female,"Upper Middle Income"
13666,Adult,Female,"Upper Middle Income"
13667,Adult,Female,"High Income"
13668,Adult,Female,"High Income"
13669,Senior,Female,"Upper Middle Income"
13670,Youth,Male,"Upper Middle Income"
13671,Adult,Female,"High Income"
13672,Adult,Female,"Upper Middle Income"
13673,Adult,Male,"Upper Middle Income"
13674,Senior,Female,"Lower Middle Income"
13675,Adult,Male,"Upper Middle Income"
13676,Adult,Female,"High Income"
13677,Adult,Female,"Upper Middle Income"
13678,Adult,Female,"High Income"
13679,Senior,Female,"Upper Middle Income"
13680,Adult,Male,"Upper Middle Income"
13681,Adult,Male,"Middle Income"
13682,Adult,Male,"Middle Income"
13683,Youth,Female,"Middle Income"
13684,Adult,Female,"Middle Income"
13685,Adult,Female,"High Income"
13686,Adult,Male,"Middle Income"
13687,Adult,Female,"Middle Income"
13688,Adult,Male,"High Income"
13689,Adult,Female,"High Income"
13690,Adult,Female,"Middle Income"
13691,Adult,Female,"High Income"
13692,Adult,Female,"Lower Middle Income"
13693,Adult,Female,"High Income"
13694,Adult,Female,"Upper Middle Income"
13695,Adult,Female,"Upper Middle Income"
13696,Adult,Female,"Upper Middle Income"
13697,Adult,Male,"Middle Income"
13698,Adult,Male,"Upper Middle Income"
13699,Senior,Female,"High Income"
13700,Adult,Female,"Upper Middle Income"
13701,Adult,Male,"Low Income"
13702,Adult,Female,"High Income"
13703,Adult,Male,"High Income"
13704,Adult,Male,"High Income"
13705,Adult,Female,"High Income"
13706,Adult,Female,"Middle Income"
13707,Youth,Female,"High Income"
13708,Adult,Female,"Lower Middle Income"
13709,Adult,Female,"Upper Middle Income"
13710,Adult,Female,"High Income"
13711,Adult,Male,"Lower Middle Income"
13712,Adult,Male,"Low Income"
13713,Adult,Male,"Middle Income"
13714,Youth,Female,"Upper Middle Income"
13715,Adult,Male,"Middle Income"
13716,Adult,Male,"Lower Middle Income"
13717,Adult,Male,"Upper Middle Income"
13718,Adult,Female,"Lower Middle Income"
13719,Adult,Male,"Lower Middle Income"
13720,Youth,Female,"Upper Middle Income"
13721,Adult,Male,"Middle Income"
13722,Adult,Male,"Upper Middle Income"
13723,Adult,Male,"High Income"
13724,Adult,Female,"Upper Middle Income"
13725,Adult,Female,"Lower Middle Income"
13726,Adult,Male,"Upper Middle Income"
13727,Adult,Male,"High Income"
13728,Senior,Female,"Upper Middle Income"
13729,Adult,Male,"High Income"
13730,Adult,Male,"Upper Middle Income"
13731,Youth,Male,"High Income"
13732,Adult,Male,"Upper Middle Income"
13733,Adult,Male,"Upper Middle Income"
13734,Adult,Male,"Low Income"
13735,Adult,Male,"Upper Middle Income"
13736,Adult,Female,"Middle Income"
13737,Adult,Male,"Upper Middle Income"
13738,Adult,Female,"Upper Middle Income"
13739,Adult,Male,"High Income"
13740,Adult,Female,"Middle Income"
13741,Senior,Male,"Upper Middle Income"
13742,Adult,Female,"High Income"
13743,Senior,Male,"Upper Middle Income"
13744,Adult,Female,"Middle Income"
13745,Adult,Male,"Lower Middle Income"
13746,Adult,Male,"Low Income"
13747,Adult,Female,"Middle Income"
13748,Adult,Female,"High Income"
13749,Adult,Male,"Low Income"
13750,Adult,Female,"High Income"
13751,Adult,Male,"High Income"
13752,Adult,Male,"High Income"
13753,Adult,Female,"High Income"
13754,Adult,Male,"Lower Middle Income"
13755,Adult,Female,"High Income"
13756,Adult,Male,"High Income"
13757,Adult,Female,"Upper Middle Income"
13758,Adult,Female,"Upper Middle Income"
13759,Adult,Female,"Upper Middle Income"
13760,Adult,Female,"High Income"
13761,Adult,Male,"Upper Middle Income"
13762,Adult,Female,"Upper Middle Income"
13763,Adult,Male,"High Income"
13764,Adult,Female,"Lower Middle Income"
13765,Adult,Female,"Upper Middle Income"
13766,Adult,Female,"Upper Middle Income"
13767,Adult,Female,"High Income"
13768,Adult,Male,"High Income"
13769,Youth,Female,"Upper Middle Income"
13770,Adult,Male,"Middle Income"
13771,Senior,Female,"Upper Middle Income"
13772,Adult,Male,"Low Income"
13773,Adult,Female,"Middle Income"
13774,Adult,Male,"Upper Middle Income"
13775,Youth,Female,"Lower Middle Income"
13776,Adult,Male,"Upper Middle Income"
13777,Adult,Female,"Middle Income"
13778,Adult,Male,"Upper Middle Income"
13779,Adult,Female,"High Income"
13780,Adult,Male,"Upper Middle Income"
13781,Adult,Female,"Middle Income"
13782,Senior,Male,"Lower Middle Income"
13783,Adult,Female,"Upper Middle Income"
13784,Youth,Male,"Lower Middle Income"
13785,Adult,Female,"Lower Middle Income"
13786,Adult,Male,"Low Income"
13787,Adult,Male,"Upper Middle Income"
13788,Adult,Female,"Upper Middle Income"
13789,Adult,Male,"Upper Middle Income"
13790,Youth,Male,"Upper Middle Income"
13791,Adult,Female,"Upper Middle Income"
13792,Adult,Female,"Upper Middle Income"
13793,Adult,Female,"Low Income"
13794,Adult,Male,"Upper Middle Income"
13795,Adult,Male,"Middle Income"
13796,Adult,Female,"Upper Middle Income"
13797,Adult,Male,"Lower Middle Income"
13798,Adult,Female,"High Income"
13799,Adult,Male,"Lower Middle Income"
13800,Youth,Female,"High Income"
13801,Adult,Female,"Upper Middle Income"
13802,Youth,Female,"Upper Middle Income"
13803,Adult,Male,"Middle Income"
13804,Adult,Female,"Upper Middle Income"
13805,Adult,Male,"Low Income"
13806,Adult,Female,"Upper Middle Income"
13807,Adult,Female,"Lower Middle Income"
13808,Adult,Male,"Upper Middle Income"
13809,Adult,Female,"Lower Middle Income"
13810,Adult,Female,"Lower Middle Income"
13811,Youth,Male,"Upper Middle Income"
13812,Adult,Female,"High Income"
13813,Adult,Male,"Upper Middle Income"
13814,Adult,Male,"Lower Middle Income"
13815,Adult,Female,"High Income"
13816,Youth,Female,"Upper Middle Income"
13817,Adult,Male,"High Income"
13818,Senior,Female,"Lower Middle Income"
13819,Adult,Female,"Upper Middle Income"
13820,Adult,Female,"Middle Income"
13821,Youth,Female,"Lower Middle Income"
13822,Senior,Male,"Upper Middle Income"
13823,Adult,Female,"Lower Middle Income"
13824,Adult,Female,"Middle Income"
13825,Adult,Male,"Lower Middle Income"
13826,Adult,Female,"Upper Middle Income"
13827,Adult,Male,"Upper Middle Income"
13828,Adult,Male,"High Income"
13829,Adult,Female,"Lower Middle Income"
13830,Youth,Female,"Middle Income"
13831,Adult,Female,"Low Income"
13832,Adult,Female,"High Income"
13833,Adult,Female,"Lower Middle Income"
13834,Senior,Female,"High Income"
13835,Senior,Female,"Middle Income"
13836,Adult,Male,"High Income"
13837,Senior,Male,"Low Income"
13838,Adult,Male,"Upper Middle Income"
13839,Adult,Female,"Lower Middle Income"
13840,Adult,Female,"Low Income"
13841,Adult,Male,"Middle Income"
13842,Youth,Male,"Middle Income"
13843,Adult,Male,"Middle Income"
13844,Adult,Male,"High Income"
13845,Adult,Female,"High Income"
13846,Adult,Female,"Upper Middle Income"
13847,Adult,Male,"Upper Middle Income"
13848,Senior,Female,"Lower Middle Income"
13849,Adult,Female,"Upper Middle Income"
13850,Adult,Female,"Upper Middle Income"
13851,Adult,Male,"High Income"
13852,Adult,Female,"Lower Middle Income"
13853,Adult,Male,"Lower Middle Income"
13854,Adult,Female,"Lower Middle Income"
13855,Adult,Female,"Middle Income"
13856,Adult,Female,"Middle Income"
13857,Adult,Male,"Upper Middle Income"
13858,Adult,Male,"High Income"
13859,Adult,Male,"Upper Middle Income"
13860,Senior,Female,"Upper Middle Income"
13861,Adult,Male,"Middle Income"
13862,Adult,Male,"Low Income"
13863,Adult,Female,"Upper Middle Income"
13864,Youth,Female,"High Income"
13865,Adult,Female,"Upper Middle Income"
13866,Adult,Male,"High Income"
13867,Adult,Female,"Low Income"
13868,Adult,Male,"Middle Income"
13869,Adult,Female,"Middle Income"
13870,Adult,Male,"Upper Middle Income"
13871,Senior,Female,"High Income"
13872,Adult,Female,"Low Income"
13873,Adult,Female,"Upper Middle Income"
13874,Adult,Female,"High Income"
13875,Adult,Male,"Upper Middle Income"
13876,Adult,Male,"Middle Income"
13877,Adult,Female,"Low Income"
13878,Adult,Female,"Low Income"
13879,Adult,Female,"Upper Middle Income"
13880,Adult,Female,"Middle Income"
13881,Senior,Female,"Middle Income"
13882,Adult,Female,"Lower Middle Income"
13883,Adult,Male,"Middle Income"
13884,Adult,Female,"High Income"
13885,Senior,Male,"Upper Middle Income"
13886,Adult,Male,"Lower Middle Income"
13887,Adult,Female,"Upper Middle Income"
13888,Senior,Female,"Upper Middle Income"
13889,Adult,Female,"High Income"
13890,Adult,Female,"High Income"
13891,Adult,Female,"High Income"
13892,Adult,Male,"Middle Income"
13893,Senior,Female,"Upper Middle Income"
13894,Adult,Female,"Lower Middle Income"
13895,Adult,Female,"Upper Middle Income"
13896,Senior,Male,"Upper Middle Income"
13897,Adult,Male,"Lower Middle Income"
13898,Adult,Female,"Lower Middle Income"
13899,Youth,Female,"Lower Middle Income"
13900,Adult,Female,"Upper Middle Income"
13901,Adult,Female,"Upper Middle Income"
13902,Adult,Female,"High Income"
13903,Adult,Female,"Upper Middle Income"
13904,Adult,Female,"Upper Middle Income"
13905,Adult,Female,"Lower Middle Income"
13906,Adult,Male,"Upper Middle Income"
13907,Adult,Female,"Middle Income"
13908,Adult,Female,"Upper Middle Income"
13909,Adult,Female,"High Income"
13910,Adult,Male,"Upper Middle Income"
13911,Adult,Female,"Upper Middle Income"
13912,Adult,Female,"Lower Middle Income"
13913,Adult,Female,"Upper Middle Income"
13914,Adult,Male,"Upper Middle Income"
13915,Adult,Female,"High Income"
13916,Youth,Female,"Lower Middle Income"
13917,Adult,Female,"Upper Middle Income"
13918,Adult,Male,"Upper Middle Income"
13919,Adult,Female,"Low Income"
13920,Senior,Male,"Lower Middle Income"
13921,Adult,Male,"Upper Middle Income"
13922,Adult,Female,"Upper Middle Income"
13923,Adult,Female,"Lower Middle Income"
13924,Adult,Female,"Middle Income"
13925,Adult,Female,"Lower Middle Income"
13926,Adult,Male,"High Income"
13927,Adult,Female,"High Income"
13928,Adult,Male,"High Income"
13929,Adult,Female,"Upper Middle Income"
13930,Adult,Female,"Low Income"
13931,Adult,Female,"Lower Middle Income"
13932,Adult,Female,"Upper Middle Income"
13933,Youth,Female,"Low Income"
13934,Adult,Female,"Upper Middle Income"
13935,Senior,Male,"Lower Middle Income"
13936,Adult,Male,"Upper Middle Income"
13937,Adult,Female,"Middle Income"
13938,Adult,Female,"Lower Middle Income"
13939,Senior,Male,"Upper Middle Income"
13940,Adult,Male,"High Income"
13941,Adult,Female,"Upper Middle Income"
13942,Senior,Female,"Upper Middle Income"
13943,Adult,Male,"Middle Income"
13944,Senior,Male,"Lower Middle Income"
13945,Adult,Female,"Upper Middle Income"
13946,Adult,Female,"Upper Middle Income"
13947,Senior,Male,"High Income"
13948,Adult,Male,"Lower Middle Income"
13949,Senior,Female,"Upper Middle Income"
13950,Youth,Female,"Middle Income"
13951,Adult,Female,"Lower Middle Income"
13952,Adult,Female,"Middle Income"
13953,Adult,Male,"Upper Middle Income"
13954,Adult,Female,"Upper Middle Income"
13955,Adult,Female,"Low Income"
13956,Youth,Male,"Middle Income"
13957,Adult,Female,"High Income"
13958,Adult,Female,"Lower Middle Income"
13959,Adult,Male,"High Income"
13960,Youth,Male,"High Income"
13961,Adult,Male,"Upper Middle Income"
13962,Adult,Male,"High Income"
13963,Senior,Female,"Upper Middle Income"
13964,Senior,Female,"Upper Middle Income"
13965,Youth,Female,"Lower Middle Income"
13966,Adult,Male,"Middle Income"
13967,Adult,Female,"Upper Middle Income"
13968,Senior,Female,"Upper Middle Income"
13969,Adult,Female,"Low Income"
13970,Adult,Male,"Lower Middle Income"
13971,Adult,Male,"Upper Middle Income"
13972,Senior,Male,"Low Income"
13973,Adult,Female,"Upper Middle Income"
13974,Adult,Female,"Upper Middle Income"
13975,Adult,Female,"Upper Middle Income"
13976,Adult,Female,"Middle Income"
13977,Adult,Male,"High Income"
13978,Adult,Female,"Upper Middle Income"
13979,Adult,Female,"High Income"
13980,Adult,Male,"Low Income"
13981,Adult,Male,"Upper Middle Income"
13982,Adult,Female,"High Income"
13983,Youth,Male,"Middle Income"
13984,Adult,Male,"Low Income"
13985,Adult,Female,"Middle Income"
13986,Senior,Female,"Lower Middle Income"
13987,Adult,Male,"Upper Middle Income"
13988,Adult,Female,"Middle Income"
13989,Adult,Female,"High Income"
13990,Adult,Female,"Lower Middle Income"
13991,Adult,Male,"Upper Middle Income"
13992,Adult,Female,"Upper Middle Income"
13993,Senior,Female,"Lower Middle Income"
13994,Youth,Female,"High Income"
13995,Adult,Male,"Upper Middle Income"
13996,Adult,Male,"Upper Middle Income"
13997,Adult,Female,"High Income"
13998,Adult,Male,"High Income"
13999,Adult,Female,"Low Income"
14000,Adult,Male,"Upper Middle Income"
14001,Adult,Male,"Middle Income"
14002,Adult,Female,"Upper Middle Income"
14003,Adult,Male,"Upper Middle Income"
14004,Adult,Female,"Middle Income"
14005,Adult,Male,"Upper Middle Income"
14006,Adult,Female,"High Income"
14007,Adult,Female,"Upper Middle Income"
14008,Youth,Male,"Upper Middle Income"
14009,Adult,Female,"High Income"
14010,Adult,Male,"Upper Middle Income"
14011,Adult,Female,"Low Income"
14012,Adult,Female,"Middle Income"
14013,Adult,Male,"Upper Middle Income"
14014,Adult,Female,"High Income"
14015,Adult,Female,"Upper Middle Income"
14016,Adult,Female,"High Income"
14017,Youth,Male,"High Income"
14018,Adult,Female,"Middle Income"
14019,Youth,Male,"Upper Middle Income"
14020,Youth,Female,"Middle Income"
14021,Adult,Male,"Middle Income"
14022,Adult,Female,"High Income"
14023,Senior,Male,"Middle Income"
14024,Adult,Female,"Lower Middle Income"
14025,Adult,Female,"Middle Income"
14026,Adult,Female,"High Income"
14027,Adult,Female,"Lower Middle Income"
14028,Adult,Female,"Upper Middle Income"
14029,Adult,Female,"Lower Middle Income"
14030,Adult,Female,"Upper Middle Income"
14031,Adult,Female,"Upper Middle Income"
14032,Adult,Female,"Middle Income"
14033,Adult,Female,"High Income"
14034,Senior,Male,"Middle Income"
14035,Adult,Female,"Upper Middle Income"
14036,Adult,Male,"Upper Middle Income"
14037,Adult,Female,"Middle Income"
14038,Youth,Female,"Middle Income"
14039,Adult,Female,"Lower Middle Income"
14040,Senior,Male,"Upper Middle Income"
14041,Senior,Male,"Middle Income"
14042,Youth,Female,"Middle Income"
14043,Adult,Male,"Upper Middle Income"
14044,Youth,Female,"Upper Middle Income"
14045,Adult,Female,"Upper Middle Income"
14046,Youth,Female,"Upper Middle Income"
14047,Adult,Male,"Upper Middle Income"
14048,Adult,Female,"Low Income"
14049,Adult,Male,"High Income"
14050,Senior,Female,"Middle Income"
14051,Senior,Male,"Low Income"
14052,Adult,Female,"Middle Income"
14053,Adult,Male,"Upper Middle Income"
14054,Adult,Female,"High Income"
14055,Senior,Male,"Upper Middle Income"
14056,Adult,Female,"Upper Middle Income"
14057,Adult,Female,"Upper Middle Income"
14058,Adult,Male,"Lower Middle Income"
14059,Senior,Female,"Low Income"
14060,Adult,Female,"Middle Income"
14061,Adult,Male,"Upper Middle Income"
14062,Adult,Male,"High Income"
14063,Adult,Female,"Middle Income"
14064,Adult,Male,"Low Income"
14065,Youth,Male,"High Income"
14066,Youth,Male,"Upper Middle Income"
14067,Senior,Female,"Upper Middle Income"
14068,Adult,Female,"High Income"
14069,Senior,Male,"Upper Middle Income"
14070,Adult,Female,"High Income"
14071,Adult,Female,"Lower Middle Income"
14072,Adult,Male,"Low Income"
14073,Youth,Male,"High Income"
14074,Adult,Female,"High Income"
14075,Adult,Female,"Upper Middle Income"
14076,Adult,Male,"Upper Middle Income"
14077,Adult,Female,"High Income"
14078,Adult,Female,"High Income"
14079,Adult,Male,"Low Income"
14080,Adult,Female,"Upper Middle Income"
14081,Adult,Female,"Upper Middle Income"
14082,Youth,Female,"Middle Income"
14083,Adult,Female,"High Income"
14084,Senior,Male,"High Income"
14085,Adult,Female,"Upper Middle Income"
14086,Adult,Female,"Lower Middle Income"
14087,Senior,Female,"Middle Income"
14088,Senior,Male,"Middle Income"
14089,Adult,Male,"High Income"
14090,Adult,Male,"High Income"
14091,Youth,Male,"High Income"
14092,Adult,Male,"Lower Middle Income"
14093,Adult,Female,"Lower Middle Income"
14094,Adult,Male,"Low Income"
14095,Adult,Female,"High Income"
14096,Adult,Male,"High Income"
14097,Youth,Male,"High Income"
14098,Adult,Male,"High Income"
14099,Senior,Male,"Upper Middle Income"
14100,Youth,Female,"Middle Income"
14101,Youth,Male,"High Income"
14102,Adult,Female,"High Income"
14103,Senior,Female,"Lower Middle Income"
14104,Adult,Female,"Middle Income"
14105,Adult,Female,"Lower Middle Income"
14106,Adult,Male,"High Income"
14107,Adult,Female,"Middle Income"
14108,Adult,Female,"Lower Middle Income"
14109,Adult,Male,"Low Income"
14110,Adult,Male,"High Income"
14111,Adult,Male,"High Income"
14112,Adult,Female,"Upper Middle Income"
14113,Adult,Female,"Upper Middle Income"
14114,Adult,Male,"Lower Middle Income"
14115,Adult,Female,"Middle Income"
14116,Adult,Female,"High Income"
14117,Adult,Female,"Low Income"
14118,Adult,Male,"High Income"
14119,Adult,Female,"Upper Middle Income"
14120,Adult,Female,"Upper Middle Income"
14121,Adult,Female,"High Income"
14122,Senior,Female,"High Income"
14123,Adult,Female,"Middle Income"
14124,Adult,Male,"Upper Middle Income"
14125,Youth,Female,"Upper Middle Income"
14126,Adult,Female,"Upper Middle Income"
14127,Adult,Female,"Low Income"
14128,Adult,Male,"High Income"
14129,Adult,Male,"Low Income"
14130,Youth,Female,"Lower Middle Income"
14131,Youth,Male,"Lower Middle Income"
14132,Adult,Male,"Low Income"
14133,Adult,Male,"High Income"
14134,Adult,Female,"Upper Middle Income"
14135,Adult,Male,"Lower Middle Income"
14136,Adult,Female,"High Income"
14137,Adult,Female,"Upper Middle Income"
14138,Adult,Male,"Upper Middle Income"
14139,Adult,Female,"Lower Middle Income"
14140,Adult,Female,"Middle Income"
14141,Adult,Female,"Upper Middle Income"
14142,Adult,Female,"Lower Middle Income"
14143,Adult,Female,"Low Income"
14144,Adult,Female,"Upper Middle Income"
14145,Adult,Male,"Upper Middle Income"
14146,Adult,Female,"Middle Income"
14147,Adult,Female,"Upper Middle Income"
14148,Adult,Female,"Low Income"
14149,Adult,Female,"Upper Middle Income"
14150,Adult,Male,"Lower Middle Income"
14151,Senior,Female,"Middle Income"
14152,Adult,Male,"Upper Middle Income"
14153,Adult,Female,"Upper Middle Income"
14154,Youth,Male,"Middle Income"
14155,Adult,Female,"High Income"
14156,Adult,Female,"Lower Middle Income"
14157,Adult,Female,"Middle Income"
14158,Adult,Female,"High Income"
14159,Adult,Female,"Upper Middle Income"
14160,Adult,Female,"Upper Middle Income"
14161,Adult,Female,"Upper Middle Income"
14162,Adult,Female,"High Income"
14163,Senior,Female,"Upper Middle Income"
14164,Adult,Female,"High Income"
14165,Adult,Male,"Upper Middle Income"
14166,Youth,Female,"Middle Income"
14167,Youth,Male,"Lower Middle Income"
14168,Adult,Female,"Upper Middle Income"
14169,Senior,Male,"Upper Middle Income"
14170,Adult,Female,"Middle Income"
14171,Adult,Male,"High Income"
14172,Adult,Male,"Upper Middle Income"
14173,Adult,Male,"Upper Middle Income"
14174,Adult,Male,"Middle Income"
14175,Youth,Female,"Middle Income"
14176,Adult,Male,"High Income"
14177,Adult,Male,"High Income"
14178,Youth,Male,"Upper Middle Income"
14179,Youth,Female,"Upper Middle Income"
14180,Senior,Female,"High Income"
14181,Adult,Male,"Middle Income"
14182,Youth,Female,"Middle Income"
14183,Adult,Female,"Middle Income"
14184,Adult,Male,"Lower Middle Income"
14185,Adult,Female,"Upper Middle Income"
14186,Adult,Male,"Lower Middle Income"
14187,Youth,Female,"Low Income"
14188,Adult,Male,"Lower Middle Income"
14189,Adult,Female,"High Income"
14190,Adult,Male,"High Income"
14191,Adult,Female,"Upper Middle Income"
14192,Adult,Female,"Upper Middle Income"
14193,Adult,Male,"Lower Middle Income"
14194,Adult,Female,"Middle Income"
14195,Adult,Male,"High Income"
14196,Adult,Female,"Upper Middle Income"
14197,Adult,Male,"Lower Middle Income"
14198,Adult,Male,"Lower Middle Income"
14199,Adult,Female,"High Income"
14200,Adult,Female,"High Income"
14201,Adult,Female,"High Income"
14202,Senior,Male,"Upper Middle Income"
14203,Adult,Male,"Upper Middle Income"
14204,Adult,Female,"Lower Middle Income"
14205,Adult,Female,"Middle Income"
14206,Adult,Male,"High Income"
14207,Youth,Male,"Lower Middle Income"
14208,Adult,Male,"Middle Income"
14209,Senior,Male,"Upper Middle Income"
14210,Youth,Male,"Lower Middle Income"
14211,Adult,Male,"High Income"
14212,Adult,Female,"High Income"
14213,Adult,Female,"Lower Middle Income"
14214,Adult,Male,"Upper Middle Income"
14215,Youth,Male,"Upper Middle Income"
14216,Adult,Male,"Upper Middle Income"
14217,Adult,Female,"Middle Income"
14218,Senior,Female,"Upper Middle Income"
14219,Adult,Female,"Upper Middle Income"
14220,Adult,Female,"Upper Middle Income"
14221,Youth,Female,"High Income"
14222,Adult,Male,"Lower Middle Income"
14223,Adult,Male,"Low Income"
14224,Adult,Female,"High Income"
14225,Adult,Male,"Middle Income"
14226,Youth,Female,"High Income"
14227,Adult,Female,"Upper Middle Income"
14228,Adult,Female,"Low Income"
14229,Adult,Male,"Upper Middle Income"
14230,Adult,Female,"Lower Middle Income"
14231,Adult,Female,"Low Income"
14232,Youth,Female,"Upper Middle Income"
14233,Adult,Female,"Lower Middle Income"
14234,Youth,Female,"Lower Middle Income"
14235,Adult,Male,"Lower Middle Income"
14236,Adult,Female,"Low Income"
14237,Adult,Male,"Upper Middle Income"
14238,Adult,Male,"Lower Middle Income"
14239,Adult,Female,"Upper Middle Income"
14240,Adult,Female,"Middle Income"
14241,Adult,Male,"Low Income"
14242,Adult,Male,"Lower Middle Income"
14243,Youth,Male,"Upper Middle Income"
14244,Adult,Female,"Middle Income"
14245,Youth,Male,"Lower Middle Income"
14246,Adult,Male,"Lower Middle Income"
14247,Senior,Male,"Lower Middle Income"
14248,Adult,Female,"Lower Middle Income"
14249,Adult,Female,"Middle Income"
14250,Adult,Male,"Upper Middle Income"
14251,Adult,Female,"High Income"
14252,Adult,Male,"Middle Income"
14253,Adult,Female,"High Income"
14254,Adult,Female,"High Income"
14255,Adult,Male,"Low Income"
14256,Senior,Male,"Upper Middle Income"
14257,Youth,Female,"Lower Middle Income"
14258,Adult,Male,"Upper Middle Income"
14259,Adult,Female,"High Income"
14260,Adult,Male,"Middle Income"
14261,Adult,Male,"Lower Middle Income"
14262,Adult,Female,"Upper Middle Income"
14263,Adult,Female,"Upper Middle Income"
14264,Youth,Female,"High Income"
14265,Adult,Male,"Middle Income"
14266,Youth,Female,"Middle Income"
14267,Adult,Female,"High Income"
14268,Adult,Female,"High Income"
14269,Youth,Female,"Lower Middle Income"
14270,Adult,Male,"Lower Middle Income"
14271,Adult,Female,"High Income"
14272,Youth,Female,"Middle Income"
14273,Adult,Male,"Middle Income"
14274,Adult,Female,"High Income"
14275,Adult,Male,"Upper Middle Income"
14276,Adult,Male,"High Income"
14277,Adult,Female,"Upper Middle Income"
14278,Adult,Male,"High Income"
14279,Adult,Male,"Lower Middle Income"
14280,Adult,Female,"High Income"
14281,Adult,Female,"Upper Middle Income"
14282,Adult,Female,"Upper Middle Income"
14283,Youth,Female,"Upper Middle Income"
14284,Senior,Male,"Middle Income"
14285,Youth,Female,"Middle Income"
14286,Adult,Female,"Lower Middle Income"
14287,Adult,Male,"Upper Middle Income"
14288,Adult,Female,"High Income"
14289,Adult,Male,"Middle Income"
14290,Adult,Male,"High Income"
14291,Youth,Female,"Lower Middle Income"
14292,Youth,Female,"Lower Middle Income"
14293,Adult,Male,"Upper Middle Income"
14294,Adult,Male,"High Income"
14295,Adult,Female,"Lower Middle Income"
14296,Youth,Male,"Low Income"
14297,Adult,Male,"Middle Income"
14298,Adult,Female,"Upper Middle Income"
14299,Youth,Female,"Upper Middle Income"
14300,Adult,Female,"Upper Middle Income"
14301,Adult,Female,"High Income"
14302,Youth,Female,"Upper Middle Income"
14303,Adult,Female,"Lower Middle Income"
14304,Adult,Male,"Upper Middle Income"
14305,Senior,Female,"Middle Income"
14306,Adult,Female,"Low Income"
14307,Adult,Male,"Lower Middle Income"
14308,Adult,Male,"Upper Middle Income"
14309,Youth,Female,"Lower Middle Income"
14310,Adult,Male,"Lower Middle Income"
14311,Adult,Male,"Upper Middle Income"
14312,Adult,Female,"Middle Income"
14313,Adult,Female,"High Income"
14314,Adult,Female,"Upper Middle Income"
14315,Adult,Male,"High Income"
14316,Senior,Male,"High Income"
14317,Adult,Female,"Upper Middle Income"
14318,Adult,Male,"High Income"
14319,Adult,Female,"Low Income"
14320,Adult,Male,"High Income"
14321,Adult,Female,"Upper Middle Income"
14322,Adult,Female,"High Income"
14323,Youth,Male,"High Income"
14324,Adult,Female,"High Income"
14325,Senior,Male,"High Income"
14326,Adult,Male,"Lower Middle Income"
14327,Adult,Female,"Upper Middle Income"
14328,Adult,Male,"Lower Middle Income"
14329,Adult,Female,"High Income"
14330,Adult,Male,"Lower Middle Income"
14331,Adult,Male,"High Income"
14332,Senior,Male,"Upper Middle Income"
14333,Adult,Female,"High Income"
14334,Adult,Female,"Upper Middle Income"
14335,Adult,Male,"Middle Income"
14336,Adult,Male,"Middle Income"
14337,Adult,Female,"Upper Middle Income"
14338,Adult,Female,"Upper Middle Income"
14339,Adult,Female,"Middle Income"
14340,Adult,Female,"Upper Middle Income"
14341,Adult,Female,"Middle Income"
14342,Adult,Male,"Upper Middle Income"
14343,Adult,Male,"Upper Middle Income"
14344,Senior,Male,"High Income"
14345,Senior,Female,"High Income"
14346,Adult,Female,"High Income"
14347,Adult,Female,"Upper Middle Income"
14348,Adult,Male,"Middle Income"
14349,Adult,Female,"High Income"
14350,Adult,Female,"Lower Middle Income"
14351,Adult,Female,"Middle Income"
14352,Adult,Male,"Middle Income"
14353,Adult,Female,"Middle Income"
14354,Adult,Male,"Middle Income"
14355,Youth,Female,"Upper Middle Income"
14356,Adult,Female,"Upper Middle Income"
14357,Youth,Male,"Lower Middle Income"
14358,Adult,Female,"Middle Income"
14359,Adult,Male,"Upper Middle Income"
14360,Adult,Female,"Upper Middle Income"
14361,Adult,Male,"Lower Middle Income"
14362,Adult,Female,"Upper Middle Income"
14363,Senior,Female,"High Income"
14364,Senior,Male,"Upper Middle Income"
14365,Adult,Female,"High Income"
14366,Adult,Female,"Lower Middle Income"
14367,Adult,Male,"Middle Income"
14368,Adult,Female,"Upper Middle Income"
14369,Youth,Female,"Upper Middle Income"
14370,Adult,Female,"Upper Middle Income"
14371,Adult,Female,"Upper Middle Income"
14372,Adult,Female,"Lower Middle Income"
14373,Adult,Female,"Upper Middle Income"
14374,Senior,Female,"Lower Middle Income"
14375,Adult,Female,"Lower Middle Income"
14376,Adult,Male,"Middle Income"
14377,Adult,Female,"High Income"
14378,Youth,Female,"Middle Income"
14379,Adult,Female,"Upper Middle Income"
14380,Youth,Female,"Upper Middle Income"
14381,Adult,Male,"Lower Middle Income"
14382,Adult,Female,"Upper Middle Income"
14383,Adult,Female,"Low Income"
14384,Adult,Female,"Lower Middle Income"
14385,Adult,Male,"Low Income"
14386,Youth,Male,"High Income"
14387,Adult,Female,"Lower Middle Income"
14388,Adult,Female,"Upper Middle Income"
14389,Adult,Male,"Upper Middle Income"
14390,Adult,Male,"Lower Middle Income"
14391,Adult,Male,"Upper Middle Income"
14392,Adult,Male,"Upper Middle Income"
14393,Adult,Male,"Lower Middle Income"
14394,Adult,Female,"Upper Middle Income"
14395,Adult,Female,"Upper Middle Income"
14396,Adult,Male,"High Income"
14397,Adult,Female,"Upper Middle Income"
14398,Youth,Male,"Upper Middle Income"
14399,Adult,Male,"Upper Middle Income"
14400,Adult,Male,"Upper Middle Income"
14401,Adult,Female,"Middle Income"
14402,Adult,Male,"Upper Middle Income"
14403,Adult,Female,"Middle Income"
14404,Adult,Male,"Lower Middle Income"
14405,Adult,Male,"Upper Middle Income"
14406,Adult,Male,"Lower Middle Income"
14407,Adult,Female,"Lower Middle Income"
14408,Adult,Female,"High Income"
14409,Adult,Female,"High Income"
14410,Adult,Male,"Low Income"
14411,Adult,Male,"High Income"
14412,Youth,Male,"Middle Income"
14413,Adult,Male,"Upper Middle Income"
14414,Senior,Female,"Middle Income"
14415,Adult,Male,"Low Income"
14416,Adult,Male,"Middle Income"
14417,Youth,Female,"High Income"
14418,Adult,Female,"Low Income"
14419,Adult,Female,"High Income"
14420,Adult,Male,"High Income"
14421,Adult,Female,"Middle Income"
14422,Senior,Male,"High Income"
14423,Adult,Female,"High Income"
14424,Adult,Female,"Lower Middle Income"
14425,Adult,Female,"Upper Middle Income"
14426,Adult,Male,"Lower Middle Income"
14427,Adult,Female,"Middle Income"
14428,Adult,Male,"Upper Middle Income"
14429,Senior,Female,"Low Income"
14430,Adult,Female,"Upper Middle Income"
14431,Adult,Female,"Lower Middle Income"
14432,Adult,Female,"Upper Middle Income"
14433,Youth,Female,"Middle Income"
14434,Adult,Male,"Lower Middle Income"
14435,Youth,Female,"Upper Middle Income"
14436,Adult,Female,"Middle Income"
14437,Adult,Female,"High Income"
14438,Adult,Female,"Lower Middle Income"
14439,Adult,Female,"Upper Middle Income"
14440,Youth,Male,"Lower Middle Income"
14441,Adult,Female,"Lower Middle Income"
14442,Adult,Male,"Middle Income"
14443,Adult,Female,"Upper Middle Income"
14444,Adult,Female,"Lower Middle Income"
14445,Adult,Male,"Middle Income"
14446,Adult,Female,"High Income"
14447,Adult,Female,"Upper Middle Income"
14448,Adult,Female,"Upper Middle Income"
14449,Adult,Male,"High Income"
14450,Adult,Male,"Upper Middle Income"
14451,Adult,Female,"Middle Income"
14452,Senior,Male,"Low Income"
14453,Senior,Female,"Upper Middle Income"
14454,Adult,Female,"High Income"
14455,Adult,Male,"Lower Middle Income"
14456,Adult,Female,"Low Income"
14457,Adult,Female,"High Income"
14458,Senior,Female,"Upper Middle Income"
14459,Adult,Male,"Lower Middle Income"
14460,Adult,Female,"High Income"
14461,Youth,Male,"Lower Middle Income"
14462,Senior,Female,"Upper Middle Income"
14463,Adult,Male,"Low Income"
14464,Adult,Female,"Middle Income"
14465,Adult,Female,"High Income"
14466,Adult,Female,"Upper Middle Income"
14467,Adult,Female,"Middle Income"
14468,Youth,Male,"Upper Middle Income"
14469,Senior,Female,"Middle Income"
14470,Adult,Male,"High Income"
14471,Youth,Male,"Upper Middle Income"
14472,Adult,Male,"High Income"
14473,Adult,Female,"High Income"
14474,Adult,Female,"High Income"
14475,Adult,Female,"High Income"
14476,Adult,Female,"Upper Middle Income"
14477,Youth,Female,"Middle Income"
14478,Adult,Female,"Upper Middle Income"
14479,Adult,Male,"High Income"
14480,Adult,Female,"Middle Income"
14481,Adult,Male,"Upper Middle Income"
14482,Adult,Male,"Upper Middle Income"
14483,Adult,Female,"Upper Middle Income"
14484,Adult,Female,"Upper Middle Income"
14485,Adult,Female,"Upper Middle Income"
14486,Youth,Male,"Low Income"
14487,Youth,Male,"Middle Income"
14488,Adult,Female,"Middle Income"
14489,Adult,Female,"Upper Middle Income"
14490,Adult,Male,"Low Income"
14491,Adult,Female,"Middle Income"
14492,Adult,Male,"Upper Middle Income"
14493,Adult,Male,"Middle Income"
14494,Adult,Male,"Middle Income"
14495,Adult,Female,"Middle Income"
14496,Adult,Female,"Upper Middle Income"
14497,Adult,Male,"Upper Middle Income"
14498,Youth,Female,"Upper Middle Income"
14499,Senior,Female,"High Income"
14500,Adult,Female,"Middle Income"
14501,Youth,Female,"High Income"
14502,Youth,Male,"Middle Income"
14503,Adult,Female,"Lower Middle Income"
14504,Adult,Female,"High Income"
14505,Adult,Male,"High Income"
14506,Adult,Female,"Lower Middle Income"
14507,Adult,Female,"High Income"
14508,Adult,Female,"Middle Income"
14509,Adult,Female,"Upper Middle Income"
14510,Adult,Male,"Upper Middle Income"
14511,Adult,Female,"High Income"
14512,Adult,Male,"Upper Middle Income"
14513,Youth,Male,"Upper Middle Income"
14514,Adult,Female,"Upper Middle Income"
14515,Adult,Female,"High Income"
14516,Youth,Female,"High Income"
14517,Youth,Male,"Low Income"
14518,Adult,Female,"Upper Middle Income"
14519,Adult,Female,"Upper Middle Income"
14520,Senior,Female,"High Income"
14521,Adult,Female,"Middle Income"
14522,Adult,Female,"High Income"
14523,Adult,Female,"Lower Middle Income"
14524,Adult,Male,"Upper Middle Income"
14525,Adult,Male,"High Income"
14526,Adult,Female,"Upper Middle Income"
14527,Adult,Female,"Upper Middle Income"
14528,Youth,Male,"Low Income"
14529,Adult,Female,"Upper Middle Income"
14530,Adult,Female,"Upper Middle Income"
14531,Adult,Female,"Upper Middle Income"
14532,Youth,Male,"High Income"
14533,Youth,Female,"Upper Middle Income"
14534,Adult,Female,"Middle Income"
14535,Adult,Male,"Upper Middle Income"
14536,Youth,Male,"High Income"
14537,Adult,Female,"Upper Middle Income"
14538,Adult,Female,"Upper Middle Income"
14539,Adult,Female,"Upper Middle Income"
14540,Adult,Female,"Middle Income"
14541,Adult,Male,"High Income"
14542,Senior,Female,"Upper Middle Income"
14543,Adult,Male,"Lower Middle Income"
14544,Adult,Male,"Middle Income"
14545,Adult,Male,"High Income"
14546,Youth,Male,"Upper Middle Income"
14547,Adult,Female,"Low Income"
14548,Youth,Female,"Middle Income"
14549,Adult,Female,"Low Income"
14550,Adult,Female,"Upper Middle Income"
14551,Senior,Female,"Upper Middle Income"
14552,Youth,Female,"High Income"
14553,Senior,Female,"Middle Income"
14554,Adult,Female,"High Income"
14555,Youth,Male,"High Income"
14556,Adult,Male,"Middle Income"
14557,Adult,Male,"Lower Middle Income"
14558,Adult,Female,"Upper Middle Income"
14559,Adult,Female,"Lower Middle Income"
14560,Adult,Male,"Middle Income"
14561,Adult,Male,"Upper Middle Income"
14562,Adult,Male,"Upper Middle Income"
14563,Adult,Female,"High Income"
14564,Adult,Male,"Lower Middle Income"
14565,Adult,Male,"High Income"
14566,Adult,Male,"Upper Middle Income"
14567,Adult,Female,"High Income"
14568,Adult,Female,"Upper Middle Income"
14569,Adult,Female,"High Income"
14570,Adult,Male,"Middle Income"
14571,Adult,Female,"Middle Income"
14572,Adult,Male,"Upper Middle Income"
14573,Adult,Male,"Middle Income"
14574,Adult,Female,"High Income"
14575,Senior,Male,"Upper Middle Income"
14576,Adult,Female,"High Income"
14577,Adult,Male,"High Income"
14578,Adult,Male,"Lower Middle Income"
14579,Adult,Female,"Middle Income"
14580,Adult,Female,"Middle Income"
14581,Adult,Female,"Upper Middle Income"
14582,Adult,Female,"High Income"
14583,Adult,Female,"High Income"
14584,Youth,Female,"Upper Middle Income"
14585,Adult,Female,"High Income"
14586,Adult,Male,"Upper Middle Income"
14587,Adult,Male,"Upper Middle Income"
14588,Adult,Female,"Low Income"
14589,Adult,Male,"Lower Middle Income"
14590,Adult,Male,"Middle Income"
14591,Adult,Male,"Upper Middle Income"
14592,Adult,Male,"Upper Middle Income"
14593,Adult,Male,"Upper Middle Income"
14594,Senior,Male,"Upper Middle Income"
14595,Adult,Male,"Lower Middle Income"
14596,Adult,Male,"Upper Middle Income"
14597,Youth,Female,"Low Income"
14598,Youth,Male,"Low Income"
14599,Senior,Female,"Upper Middle Income"
14600,Adult,Female,"Upper Middle Income"
14601,Adult,Female,"Upper Middle Income"
14602,Adult,Female,"Upper Middle Income"
14603,Youth,Male,"Low Income"
14604,Adult,Male,"Upper Middle Income"
14605,Adult,Female,"Upper Middle Income"
14606,Youth,Male,"Middle Income"
14607,Adult,Female,"Middle Income"
14608,Adult,Female,"High Income"
14609,Adult,Male,"High Income"
14610,Adult,Female,"High Income"
14611,Adult,Female,"Middle Income"
14612,Adult,Male,"Middle Income"
14613,Adult,Male,"Low Income"
14614,Adult,Female,"Upper Middle Income"
14615,Adult,Female,"Middle Income"
14616,Adult,Male,"Low Income"
14617,Adult,Male,"Upper Middle Income"
14618,Adult,Female,"Upper Middle Income"
14619,Adult,Female,"Upper Middle Income"
14620,Adult,Female,"Upper Middle Income"
14621,Adult,Female,"Middle Income"
14622,Adult,Male,"Upper Middle Income"
14623,Adult,Female,"Upper Middle Income"
14624,Adult,Female,"High Income"
14625,Adult,Female,"Middle Income"
14626,Youth,Male,"Middle Income"
14627,Adult,Male,"High Income"
14628,Adult,Female,"High Income"
14629,Adult,Male,"Middle Income"
14630,Adult,Female,"Upper Middle Income"
14631,Adult,Male,"Low Income"
14632,Adult,Male,"Lower Middle Income"
14633,Adult,Male,"Upper Middle Income"
14634,Adult,Female,"Upper Middle Income"
14635,Adult,Female,"High Income"
14636,Adult,Female,"Middle Income"
14637,Adult,Female,"Middle Income"
14638,Adult,Male,"Upper Middle Income"
14639,Adult,Male,"Upper Middle Income"
14640,Adult,Female,"Middle Income"
14641,Adult,Female,"Upper Middle Income"
14642,Youth,Female,"Upper Middle Income"
14643,Adult,Female,"High Income"
14644,Adult,Male,"Lower Middle Income"
14645,Adult,Male,"Upper Middle Income"
14646,Adult,Female,"Upper Middle Income"
14647,Youth,Male,"Upper Middle Income"
14648,Youth,Male,"Lower Middle Income"
14649,Adult,Female,"High Income"
14650,Adult,Male,"Upper Middle Income"
14651,Senior,Female,"Low Income"
14652,Adult,Male,"Upper Middle Income"
14653,Adult,Female,"Upper Middle Income"
14654,Adult,Female,"Middle Income"
14655,Adult,Female,"Upper Middle Income"
14656,Youth,Female,"Lower Middle Income"
14657,Adult,Male,"High Income"
14658,Adult,Female,"Upper Middle Income"
14659,Adult,Female,"Lower Middle Income"
14660,Adult,Female,"Lower Middle Income"
14661,Adult,Male,"Upper Middle Income"
14662,Adult,Male,"Middle Income"
14663,Youth,Male,"Upper Middle Income"
14664,Adult,Female,"Lower Middle Income"
14665,Adult,Male,"Low Income"
14666,Adult,Female,"Middle Income"
14667,Adult,Female,"Middle Income"
14668,Adult,Female,"Upper Middle Income"
14669,Adult,Female,"Upper Middle Income"
14670,Adult,Male,"High Income"
14671,Adult,Female,"Upper Middle Income"
14672,Adult,Female,"High Income"
14673,Youth,Female,"Upper Middle Income"
14674,Adult,Female,"Upper Middle Income"
14675,Adult,Male,"Upper Middle Income"
14676,Senior,Male,"Middle Income"
14677,Adult,Female,"Middle Income"
14678,Adult,Female,"High Income"
14679,Adult,Male,"Low Income"
14680,Adult,Male,"Middle Income"
14681,Adult,Male,"Middle Income"
14682,Adult,Female,"High Income"
14683,Adult,Female,"Upper Middle Income"
14684,Adult,Female,"Upper Middle Income"
14685,Adult,Female,"Middle Income"
14686,Adult,Male,"Upper Middle Income"
14687,Adult,Male,"Upper Middle Income"
14688,Adult,Female,"Lower Middle Income"
14689,Adult,Female,"Upper Middle Income"
14690,Adult,Male,"Middle Income"
14691,Adult,Female,"Upper Middle Income"
14692,Adult,Female,"Upper Middle Income"
14693,Adult,Female,"Upper Middle Income"
14694,Adult,Male,"High Income"
14695,Youth,Male,"Upper Middle Income"
14696,Adult,Male,"Middle Income"
14697,Adult,Female,"Middle Income"
14698,Youth,Female,"High Income"
14699,Adult,Male,"High Income"
14700,Adult,Male,"High Income"
14701,Adult,Female,"Upper Middle Income"
14702,Youth,Female,"High Income"
14703,Adult,Female,"Middle Income"
14704,Youth,Male,"Upper Middle Income"
14705,Adult,Female,"Upper Middle Income"
14706,Adult,Male,"Upper Middle Income"
14707,Adult,Male,"Upper Middle Income"
14708,Youth,Female,"Upper Middle Income"
14709,Adult,Male,"Middle Income"
14710,Adult,Male,"High Income"
14711,Adult,Female,"Middle Income"
14712,Adult,Male,"Upper Middle Income"
14713,Adult,Female,"High Income"
14714,Adult,Male,"Upper Middle Income"
14715,Adult,Female,"Lower Middle Income"
14716,Adult,Male,"Lower Middle Income"
14717,Adult,Female,"Upper Middle Income"
14718,Adult,Male,"High Income"
14719,Adult,Female,"High Income"
14720,Adult,Female,"Upper Middle Income"
14721,Adult,Male,"High Income"
14722,Adult,Male,"High Income"
14723,Adult,Female,"Upper Middle Income"
14724,Youth,Female,"Lower Middle Income"
14725,Youth,Male,"Upper Middle Income"
14726,Adult,Male,"Lower Middle Income"
14727,Youth,Male,"Lower Middle Income"
14728,Adult,Male,"High Income"
14729,Youth,Female,"Upper Middle Income"
14730,Adult,Female,"Lower Middle Income"
14731,Adult,Female,"Middle Income"
14732,Youth,Female,"Lower Middle Income"
14733,Adult,Female,"Upper Middle Income"
14734,Adult,Female,"Upper Middle Income"
14735,Senior,Male,"Upper Middle Income"
14736,Senior,Male,"Lower Middle Income"
14737,Adult,Female,"Middle Income"
14738,Youth,Male,"Lower Middle Income"
14739,Adult,Male,"Upper Middle Income"
14740,Youth,Male,"High Income"
14741,Adult,Male,"Upper Middle Income"
14742,Adult,Female,"Low Income"
14743,Adult,Female,"Middle Income"
14744,Adult,Male,"Middle Income"
14745,Adult,Male,"Upper Middle Income"
14746,Adult,Female,"High Income"
14747,Adult,Male,"Upper Middle Income"
14748,Adult,Female,"Middle Income"
14749,Youth,Female,"Upper Middle Income"
14750,Senior,Male,"Upper Middle Income"
14751,Adult,Female,"High Income"
14752,Adult,Female,"Upper Middle Income"
14753,Adult,Male,"Middle Income"
14754,Adult,Male,"Middle Income"
14755,Adult,Female,"High Income"
14756,Adult,Male,"Upper Middle Income"
14757,Adult,Female,"Upper Middle Income"
14758,Adult,Female,"Lower Middle Income"
14759,Adult,Male,"Upper Middle Income"
14760,Senior,Male,"High Income"
14761,Adult,Female,"High Income"
14762,Adult,Female,"Lower Middle Income"
14763,Adult,Female,"Middle Income"
14764,Adult,Female,"Middle Income"
14765,Adult,Female,"Upper Middle Income"
14766,Adult,Male,"High Income"
14767,Senior,Female,"Middle Income"
14768,Adult,Female,"Upper Middle Income"
14769,Adult,Female,"High Income"
14770,Adult,Female,"High Income"
14771,Senior,Female,"Middle Income"
14772,Senior,Female,"Upper Middle Income"
14773,Adult,Male,"Middle Income"
14774,Adult,Female,"Upper Middle Income"
14775,Adult,Male,"Upper Middle Income"
14776,Adult,Male,"Middle Income"
14777,Adult,Female,"Middle Income"
14778,Adult,Male,"High Income"
14779,Adult,Female,"Lower Middle Income"
14780,Adult,Female,"Upper Middle Income"
14781,Senior,Male,"Lower Middle Income"
14782,Adult,Female,"Lower Middle Income"
14783,Senior,Female,"High Income"
14784,Adult,Female,"Low Income"
14785,Adult,Female,"Middle Income"
14786,Adult,Female,"Lower Middle Income"
14787,Adult,Male,"Lower Middle Income"
14788,Adult,Male,"Upper Middle Income"
14789,Adult,Female,"Middle Income"
14790,Adult,Female,"Lower Middle Income"
14791,Adult,Male,"Low Income"
14792,Adult,Female,"High Income"
14793,Adult,Female,"Low Income"
14794,Adult,Female,"Middle Income"
14795,Adult,Female,"Upper Middle Income"
14796,Adult,Female,"High Income"
14797,Youth,Female,"Middle Income"
14798,Adult,Female,"Upper Middle Income"
14799,Senior,Female,"High Income"
14800,Adult,Female,"High Income"
14801,Senior,Female,"Upper Middle Income"
14802,Adult,Female,"Lower Middle Income"
14803,Adult,Male,"Middle Income"
14804,Youth,Male,"Middle Income"
14805,Adult,Female,"Lower Middle Income"
14806,Adult,Male,"High Income"
14807,Adult,Male,"Lower Middle Income"
14808,Senior,Male,"Low Income"
14809,Adult,Male,"Middle Income"
14810,Youth,Male,"High Income"
14811,Adult,Male,"High Income"
14812,Adult,Female,"Low Income"
14813,Youth,Female,"Middle Income"
14814,Adult,Female,"High Income"
14815,Adult,Male,"Lower Middle Income"
14816,Adult,Female,"Upper Middle Income"
14817,Adult,Female,"Middle Income"
14818,Adult,Female,"Lower Middle Income"
14819,Adult,Male,"High Income"
14820,Adult,Female,"High Income"
14821,Senior,Female,"High Income"
14822,Adult,Female,"Middle Income"
14823,Adult,Female,"Middle Income"
14824,Adult,Female,"Middle Income"
14825,Adult,Female,"Upper Middle Income"
14826,Adult,Female,"High Income"
14827,Adult,Male,"Upper Middle Income"
14828,Senior,Female,"High Income"
14829,Youth,Female,"Middle Income"
14830,Adult,Female,"Low Income"
14831,Adult,Male,"High Income"
14832,Senior,Male,"Upper Middle Income"
14833,Youth,Female,"Lower Middle Income"
14834,Adult,Female,"Lower Middle Income"
14835,Adult,Female,"Upper Middle Income"
14836,Adult,Female,"High Income"
14837,Adult,Male,"Upper Middle Income"
14838,Adult,Female,"High Income"
14839,Adult,Female,"Upper Middle Income"
14840,Adult,Female,"Upper Middle Income"
14841,Senior,Male,"Upper Middle Income"
14842,Adult,Female,"Upper Middle Income"
14843,Adult,Female,"Lower Middle Income"
14844,Adult,Female,"Lower Middle Income"
14845,Adult,Female,"Lower Middle Income"
14846,Adult,Male,"Lower Middle Income"
14847,Adult,Male,"Upper Middle Income"
14848,Adult,Female,"Upper Middle Income"
14849,Adult,Female,"Middle Income"
14850,Adult,Male,"Upper Middle Income"
14851,Adult,Female,"High Income"
14852,Adult,Female,"Upper Middle Income"
14853,Adult,Female,"Upper Middle Income"
14854,Adult,Male,"Upper Middle Income"
14855,Adult,Female,"Middle Income"
14856,Adult,Male,"Lower Middle Income"
14857,Youth,Male,"Low Income"
14858,Adult,Male,"Upper Middle Income"
14859,Adult,Female,"Low Income"
14860,Adult,Male,"Lower Middle Income"
14861,Senior,Female,"Upper Middle Income"
14862,Adult,Female,"Lower Middle Income"
14863,Adult,Female,"High Income"
14864,Adult,Female,"High Income"
14865,Adult,Female,"High Income"
14866,Adult,Female,"Lower Middle Income"
14867,Senior,Female,"High Income"
14868,Adult,Female,"Upper Middle Income"
14869,Adult,Male,"Lower Middle Income"
14870,Adult,Male,"Upper Middle Income"
14871,Senior,Female,"Upper Middle Income"
14872,Adult,Female,"Upper Middle Income"
14873,Adult,Female,"High Income"
14874,Adult,Female,"Low Income"
14875,Adult,Male,"Upper Middle Income"
14876,Youth,Female,"High Income"
14877,Adult,Male,"High Income"
14878,Adult,Female,"Middle Income"
14879,Adult,Female,"Upper Middle Income"
14880,Senior,Female,"Middle Income"
14881,Adult,Male,"Upper Middle Income"
14882,Adult,Female,"Upper Middle Income"
14883,Adult,Female,"High Income"
14884,Youth,Female,"Middle Income"
14885,Senior,Female,"High Income"
14886,Senior,Female,"Upper Middle Income"
14887,Adult,Female,"Upper Middle Income"
14888,Adult,Female,"Middle Income"
14889,Senior,Male,"Upper Middle Income"
14890,Adult,Female,"High Income"
14891,Youth,Female,"Upper Middle Income"
14892,Adult,Female,"Upper Middle Income"
14893,Adult,Female,"High Income"
14894,Youth,Female,"High Income"
14895,Adult,Female,"Lower Middle Income"
14896,Youth,Female,"Upper Middle Income"
14897,Adult,Female,"Middle Income"
14898,Adult,Female,"Lower Middle Income"
14899,Youth,Female,"Upper Middle Income"
14900,Youth,Female,"Upper Middle Income"
14901,Youth,Female,"Upper Middle Income"
14902,Adult,Female,"High Income"
14903,Senior,Female,"High Income"
14904,Adult,Male,"Upper Middle Income"
14905,Adult,Male,"Upper Middle Income"
14906,Adult,Male,"Upper Middle Income"
14907,Adult,Female,"Upper Middle Income"
14908,Adult,Male,"Lower Middle Income"
14909,Adult,Male,"Lower Middle Income"
14910,Senior,Male,"Lower Middle Income"
14911,Senior,Female,"Upper Middle Income"
14912,Adult,Male,"Upper Middle Income"
14913,Adult,Female,"Middle Income"
14914,Adult,Male,"Middle Income"
14915,Adult,Female,"Lower Middle Income"
14916,Adult,Female,"High Income"
14917,Adult,Female,"Middle Income"
14918,Adult,Female,"High Income"
14919,Adult,Female,"High Income"
14920,Adult,Female,"Lower Middle Income"
14921,Adult,Male,"High Income"
14922,Adult,Female,"Low Income"
14923,Youth,Male,"Upper Middle Income"
14924,Adult,Female,"Upper Middle Income"
14925,Adult,Male,"Low Income"
14926,Adult,Female,"Upper Middle Income"
14927,Senior,Female,"Upper Middle Income"
14928,Adult,Female,"High Income"
14929,Adult,Female,"Lower Middle Income"
14930,Senior,Female,"Lower Middle Income"
14931,Adult,Female,"Middle Income"
14932,Adult,Female,"Middle Income"
14933,Youth,Male,"High Income"
14934,Adult,Female,"Lower Middle Income"
14935,Adult,Female,"Middle Income"
14936,Adult,Female,"Upper Middle Income"
14937,Adult,Female,"Low Income"
14938,Youth,Male,"Upper Middle Income"
14939,Adult,Male,"High Income"
14940,Adult,Female,"Upper Middle Income"
14941,Adult,Female,"Low Income"
14942,Adult,Female,"Lower Middle Income"
14943,Adult,Female,"Upper Middle Income"
14944,Adult,Female,"High Income"
14945,Youth,Male,"Lower Middle Income"
14946,Youth,Male,"Middle Income"
14947,Adult,Male,"Upper Middle Income"
14948,Adult,Female,"Middle Income"
14949,Adult,Male,"Upper Middle Income"
14950,Adult,Female,"Lower Middle Income"
14951,Youth,Female,"Lower Middle Income"
14952,Youth,Male,"High Income"
14953,Adult,Male,"High Income"
14954,Adult,Male,"Lower Middle Income"
14955,Adult,Female,"High Income"
14956,Adult,Female,"Lower Middle Income"
14957,Adult,Male,"High Income"
14958,Adult,Female,"Middle Income"
14959,Adult,Female,"Upper Middle Income"
14960,Adult,Female,"Middle Income"
14961,Adult,Female,"Middle Income"
14962,Adult,Female,"Upper Middle Income"
14963,Adult,Female,"Lower Middle Income"
14964,Adult,Female,"Upper Middle Income"
14965,Adult,Male,"Lower Middle Income"
14966,Adult,Female,"High Income"
14967,Adult,Female,"High Income"
14968,Adult,Female,"High Income"
14969,Adult,Female,"High Income"
14970,Adult,Female,"Upper Middle Income"
14971,Adult,Male,"High Income"
14972,Adult,Male,"High Income"
14973,Adult,Male,"Lower Middle Income"
14974,Adult,Female,"Upper Middle Income"
14975,Adult,Male,"Upper Middle Income"
14976,Adult,Male,"Lower Middle Income"
14977,Adult,Male,"Lower Middle Income"
14978,Youth,Male,"Upper Middle Income"
14979,Senior,Male,"Upper Middle Income"
14980,Adult,Male,"High Income"
14981,Adult,Female,"Lower Middle Income"
14982,Adult,Male,"High Income"
14983,Youth,Male,"High Income"
14984,Youth,Female,"Middle Income"
14985,Adult,Female,"High Income"
14986,Adult,Male,"Middle Income"
14987,Adult,Male,"Lower Middle Income"
14988,Adult,Female,"Middle Income"
14989,Adult,Male,"Upper Middle Income"
14990,Adult,Male,"Upper Middle Income"
14991,Adult,Male,"Upper Middle Income"
14992,Adult,Male,"Low Income"
14993,Adult,Female,"Upper Middle Income"
14994,Youth,Female,"Lower Middle Income"
14995,Adult,Female,"Upper Middle Income"
14996,Youth,Female,"Upper Middle Income"
14997,Senior,Female,"Middle Income"
14998,Adult,Female,"Upper Middle Income"
14999,Adult,Female,"Middle Income"
15000,Adult,Male,"Low Income"
15001,Adult,Female,"Middle Income"
15002,Youth,Female,"Upper Middle Income"
15003,Adult,Male,"High Income"
15004,Youth,Female,"Lower Middle Income"
15005,Adult,Female,"Lower Middle Income"
15006,Adult,Female,"High Income"
15007,Adult,Male,"Upper Middle Income"
15008,Adult,Female,"Upper Middle Income"
15009,Adult,Female,"Upper Middle Income"
15010,Adult,Female,"Middle Income"
15011,Adult,Male,"High Income"
15012,Adult,Male,"Upper Middle Income"
15013,Adult,Female,"Upper Middle Income"
15014,Adult,Female,"Lower Middle Income"
15015,Senior,Female,"High Income"
15016,Senior,Female,"Upper Middle Income"
15017,Adult,Female,"Middle Income"
15018,Adult,Female,"High Income"
15019,Adult,Male,"High Income"
15020,Adult,Male,"Upper Middle Income"
15021,Youth,Female,"Lower Middle Income"
15022,Adult,Female,"High Income"
15023,Youth,Female,"Upper Middle Income"
15024,Adult,Female,"High Income"
15025,Adult,Male,"Upper Middle Income"
15026,Adult,Female,"High Income"
15027,Adult,Female,"Middle Income"
15028,Adult,Female,"Upper Middle Income"
15029,Youth,Male,"Lower Middle Income"
15030,Adult,Female,"High Income"
15031,Adult,Female,"Lower Middle Income"
15032,Youth,Female,"Upper Middle Income"
15033,Adult,Female,"High Income"
15034,Adult,Male,"Upper Middle Income"
15035,Adult,Male,"High Income"
15036,Adult,Male,"High Income"
15037,Adult,Female,"Middle Income"
15038,Adult,Female,"Middle Income"
15039,Youth,Female,"High Income"
15040,Adult,Male,"Low Income"
15041,Adult,Female,"Middle Income"
15042,Adult,Female,"Upper Middle Income"
15043,Adult,Male,"Middle Income"
15044,Adult,Female,"Upper Middle Income"
15045,Adult,Male,"High Income"
15046,Youth,Male,"Lower Middle Income"
15047,Adult,Male,"Middle Income"
15048,Adult,Female,"High Income"
15049,Adult,Female,"Low Income"
15050,Adult,Male,"Middle Income"
15051,Youth,Female,"Upper Middle Income"
15052,Senior,Female,"Low Income"
15053,Adult,Female,"Lower Middle Income"
15054,Youth,Male,"Lower Middle Income"
15055,Adult,Female,"High Income"
15056,Adult,Female,"Upper Middle Income"
15057,Adult,Male,"Middle Income"
15058,Adult,Male,"Middle Income"
15059,Adult,Female,"Lower Middle Income"
15060,Youth,Male,"Middle Income"
15061,Senior,Female,"High Income"
15062,Adult,Male,"Upper Middle Income"
15063,Adult,Female,"High Income"
15064,Adult,Male,"Middle Income"
15065,Youth,Male,"Upper Middle Income"
15066,Adult,Male,"Lower Middle Income"
15067,Youth,Female,"Lower Middle Income"
15068,Adult,Female,"Upper Middle Income"
15069,Adult,Male,"Low Income"
15070,Adult,Male,"Lower Middle Income"
15071,Adult,Female,"Middle Income"
15072,Adult,Female,"Upper Middle Income"
15073,Senior,Female,"Middle Income"
15074,Adult,Male,"High Income"
15075,Adult,Female,"Lower Middle Income"
15076,Youth,Female,"Lower Middle Income"
15077,Adult,Female,"Middle Income"
15078,Adult,Female,"High Income"
15079,Adult,Male,"Upper Middle Income"
15080,Adult,Male,"Middle Income"
15081,Adult,Female,"Middle Income"
15082,Senior,Female,"Upper Middle Income"
15083,Adult,Female,"Middle Income"
15084,Senior,Female,"High Income"
15085,Adult,Female,"Lower Middle Income"
15086,Adult,Female,"Middle Income"
15087,Adult,Female,"High Income"
15088,Adult,Male,"Upper Middle Income"
15089,Adult,Male,"Middle Income"
15090,Senior,Female,"Upper Middle Income"
15091,Adult,Male,"High Income"
15092,Adult,Male,"High Income"
15093,Adult,Male,"Middle Income"
15094,Adult,Male,"Low Income"
15095,Adult,Male,"Low Income"
15096,Youth,Female,"Lower Middle Income"
15097,Adult,Female,"Upper Middle Income"
15098,Youth,Female,"Lower Middle Income"
15099,Adult,Female,"Upper Middle Income"
15100,Adult,Female,"Upper Middle Income"
15101,Adult,Male,"Upper Middle Income"
15102,Adult,Female,"High Income"
15103,Adult,Male,"High Income"
15104,Adult,Female,"Upper Middle Income"
15105,Adult,Female,"Upper Middle Income"
15106,Adult,Female,"Upper Middle Income"
15107,Adult,Female,"Upper Middle Income"
15108,Senior,Female,"Middle Income"
15109,Adult,Female,"High Income"
15110,Adult,Male,"Middle Income"
15111,Adult,Female,"Middle Income"
15112,Adult,Female,"Low Income"
15113,Adult,Male,"Upper Middle Income"
15114,Adult,Male,"Upper Middle Income"
15115,Adult,Female,"Lower Middle Income"
15116,Adult,Male,"Middle Income"
15117,Adult,Male,"Middle Income"
15118,Youth,Female,"Low Income"
15119,Adult,Male,"Upper Middle Income"
15120,Adult,Female,"High Income"
15121,Senior,Female,"Middle Income"
15122,Youth,Female,"Lower Middle Income"
15123,Adult,Male,"Low Income"
15124,Adult,Female,"Upper Middle Income"
15125,Youth,Female,"Lower Middle Income"
15126,Adult,Male,"Lower Middle Income"
15127,Adult,Male,"Lower Middle Income"
15128,Senior,Female,"High Income"
15129,Adult,Male,"Middle Income"
15130,Adult,Male,"Upper Middle Income"
15131,Adult,Male,"Upper Middle Income"
15132,Adult,Male,"High Income"
15133,Youth,Male,"Upper Middle Income"
15134,Adult,Female,"High Income"
15135,Adult,Female,"Upper Middle Income"
15136,Adult,Male,"Lower Middle Income"
15137,Adult,Female,"High Income"
15138,Adult,Female,"Middle Income"
15139,Youth,Female,"High Income"
15140,Adult,Female,"Middle Income"
15141,Adult,Female,"Upper Middle Income"
15142,Senior,Female,"Upper Middle Income"
15143,Adult,Female,"Upper Middle Income"
15144,Adult,Female,"Lower Middle Income"
15145,Adult,Male,"Low Income"
15146,Adult,Male,"Upper Middle Income"
15147,Senior,Female,"Upper Middle Income"
15148,Adult,Female,"Upper Middle Income"
15149,Adult,Female,"Low Income"
15150,Adult,Female,"Lower Middle Income"
15151,Adult,Male,"Lower Middle Income"
15152,Adult,Female,"Low Income"
15153,Adult,Male,"High Income"
15154,Adult,Male,"Upper Middle Income"
15155,Adult,Female,"Middle Income"
15156,Adult,Male,"High Income"
15157,Adult,Female,"Upper Middle Income"
15158,Adult,Female,"High Income"
15159,Adult,Male,"Upper Middle Income"
15160,Youth,Female,"Low Income"
15161,Senior,Female,"Lower Middle Income"
15162,Adult,Male,"Upper Middle Income"
15163,Adult,Male,"High Income"
15164,Adult,Female,"High Income"
15165,Adult,Female,"High Income"
15166,Adult,Male,"Lower Middle Income"
15167,Adult,Male,"Upper Middle Income"
15168,Adult,Female,"Upper Middle Income"
15169,Adult,Female,"Upper Middle Income"
15170,Adult,Male,"Lower Middle Income"
15171,Adult,Female,"Middle Income"
15172,Adult,Female,"Low Income"
15173,Senior,Female,"Upper Middle Income"
15174,Senior,Male,"Low Income"
15175,Adult,Female,"Lower Middle Income"
15176,Adult,Male,"Upper Middle Income"
15177,Adult,Female,"Middle Income"
15178,Adult,Female,"Low Income"
15179,Adult,Female,"Lower Middle Income"
15180,Adult,Female,"Lower Middle Income"
15181,Adult,Female,"Upper Middle Income"
15182,Adult,Female,"Upper Middle Income"
15183,Adult,Male,"Middle Income"
15184,Adult,Female,"Upper Middle Income"
15185,Adult,Male,"Middle Income"
15186,Adult,Male,"Low Income"
15187,Adult,Female,"Upper Middle Income"
15188,Senior,Female,"Upper Middle Income"
15189,Adult,Female,"High Income"
15190,Adult,Female,"High Income"
15191,Adult,Female,"Lower Middle Income"
15192,Adult,Female,"High Income"
15193,Adult,Male,"High Income"
15194,Adult,Female,"Upper Middle Income"
15195,Adult,Female,"Upper Middle Income"
15196,Adult,Male,"High Income"
15197,Adult,Male,"Upper Middle Income"
15198,Adult,Female,"Middle Income"
15199,Adult,Male,"Upper Middle Income"
15200,Adult,Male,"High Income"
15201,Youth,Male,"Lower Middle Income"
15202,Youth,Male,"High Income"
15203,Adult,Female,"High Income"
15204,Senior,Female,"Lower Middle Income"
15205,Adult,Male,"Middle Income"
15206,Adult,Female,"Upper Middle Income"
15207,Adult,Male,"High Income"
15208,Adult,Female,"High Income"
15209,Adult,Female,"Upper Middle Income"
15210,Adult,Female,"Upper Middle Income"
15211,Adult,Female,"Upper Middle Income"
15212,Adult,Female,"Upper Middle Income"
15213,Adult,Female,"Upper Middle Income"
15214,Adult,Female,"Lower Middle Income"
15215,Adult,Female,"Upper Middle Income"
15216,Adult,Female,"Lower Middle Income"
15217,Adult,Female,"Middle Income"
15218,Adult,Female,"Low Income"
15219,Adult,Male,"Upper Middle Income"
15220,Adult,Female,"Upper Middle Income"
15221,Adult,Male,"Upper Middle Income"
15222,Adult,Male,"Middle Income"
15223,Adult,Male,"Upper Middle Income"
15224,Adult,Female,"Middle Income"
15225,Senior,Female,"Middle Income"
15226,Adult,Female,"Upper Middle Income"
15227,Adult,Female,"High Income"
15228,Senior,Female,"High Income"
15229,Adult,Female,"High Income"
15230,Youth,Female,"Upper Middle Income"
15231,Senior,Female,"Upper Middle Income"
15232,Senior,Male,"Middle Income"
15233,Adult,Female,"Low Income"
15234,Adult,Female,"Lower Middle Income"
15235,Youth,Female,"Middle Income"
15236,Adult,Female,"High Income"
15237,Adult,Female,"Middle Income"
15238,Adult,Female,"Middle Income"
15239,Adult,Female,"High Income"
15240,Adult,Female,"High Income"
15241,Adult,Male,"Low Income"
15242,Adult,Female,"Upper Middle Income"
15243,Senior,Female,"High Income"
15244,Adult,Female,"Upper Middle Income"
15245,Adult,Female,"Lower Middle Income"
15246,Senior,Male,"High Income"
15247,Adult,Male,"Low Income"
15248,Adult,Female,"Upper Middle Income"
15249,Adult,Female,"Middle Income"
15250,Adult,Male,"Lower Middle Income"
15251,Adult,Male,"Upper Middle Income"
15252,Adult,Female,"Middle Income"
15253,Adult,Male,"High Income"
15254,Youth,Male,"Upper Middle Income"
15255,Adult,Male,"Middle Income"
15256,Senior,Female,"High Income"
15257,Adult,Female,"Low Income"
15258,Youth,Male,"Lower Middle Income"
15259,Adult,Female,"Lower Middle Income"
15260,Adult,Male,"Upper Middle Income"
15261,Youth,Male,"Low Income"
15262,Adult,Male,"Low Income"
15263,Adult,Male,"Lower Middle Income"
15264,Adult,Male,"Upper Middle Income"
15265,Youth,Male,"Upper Middle Income"
15266,Adult,Female,"Middle Income"
15267,Youth,Female,"Low Income"
15268,Adult,Female,"Middle Income"
15269,Adult,Female,"Upper Middle Income"
15270,Adult,Male,"High Income"
15271,Adult,Female,"Upper Middle Income"
15272,Adult,Male,"High Income"
15273,Senior,Female,"High Income"
15274,Senior,Male,"Lower Middle Income"
15275,Adult,Female,"Upper Middle Income"
15276,Adult,Female,"High Income"
15277,Adult,Male,"Lower Middle Income"
15278,Youth,Female,"Upper Middle Income"
15279,Adult,Male,"Upper Middle Income"
15280,Adult,Female,"Lower Middle Income"
15281,Adult,Female,"Upper Middle Income"
15282,Senior,Male,"Middle Income"
15283,Adult,Male,"Upper Middle Income"
15284,Adult,Male,"Middle Income"
15285,Adult,Female,"High Income"
15286,Adult,Male,"Upper Middle Income"
15287,Adult,Female,"Upper Middle Income"
15288,Adult,Female,"Middle Income"
15289,Adult,Male,"Middle Income"
15290,Adult,Female,"Upper Middle Income"
15291,Adult,Female,"High Income"
15292,Adult,Male,"Middle Income"
15293,Adult,Female,"Middle Income"
15294,Senior,Female,"Upper Middle Income"
15295,Adult,Female,"Low Income"
15296,Youth,Male,"High Income"
15297,Adult,Male,"Upper Middle Income"
15298,Adult,Female,"Lower Middle Income"
15299,Adult,Female,"High Income"
15300,Adult,Female,"Middle Income"
15301,Adult,Male,"Upper Middle Income"
15302,Adult,Female,"Upper Middle Income"
15303,Adult,Female,"Upper Middle Income"
15304,Adult,Male,"Upper Middle Income"
15305,Adult,Male,"Middle Income"
15306,Adult,Female,"High Income"
15307,Adult,Female,"Upper Middle Income"
15308,Youth,Female,"Upper Middle Income"
15309,Adult,Female,"Upper Middle Income"
15310,Youth,Female,"Upper Middle Income"
15311,Adult,Male,"High Income"
15312,Adult,Female,"Middle Income"
15313,Senior,Female,"Middle Income"
15314,Adult,Female,"Upper Middle Income"
15315,Adult,Male,"Lower Middle Income"
15316,Adult,Female,"High Income"
15317,Adult,Female,"Upper Middle Income"
15318,Adult,Male,"Middle Income"
15319,Adult,Male,"Middle Income"
15320,Senior,Female,"Upper Middle Income"
15321,Adult,Female,"Upper Middle Income"
15322,Adult,Female,"Upper Middle Income"
15323,Senior,Female,"Upper Middle Income"
15324,Adult,Male,"High Income"
15325,Adult,Female,"Middle Income"
15326,Adult,Female,"Upper Middle Income"
15327,Youth,Female,"High Income"
15328,Adult,Female,"Upper Middle Income"
15329,Adult,Female,"Middle Income"
15330,Adult,Male,"High Income"
15331,Adult,Male,"Lower Middle Income"
15332,Adult,Male,"Upper Middle Income"
15333,Youth,Male,"Lower Middle Income"
15334,Adult,Female,"Upper Middle Income"
15335,Adult,Female,"Low Income"
15336,Adult,Female,"Lower Middle Income"
15337,Adult,Male,"Lower Middle Income"
15338,Senior,Female,"Low Income"
15339,Youth,Female,"Middle Income"
15340,Youth,Male,"Upper Middle Income"
15341,Adult,Female,"Lower Middle Income"
15342,Adult,Female,"Lower Middle Income"
15343,Adult,Female,"Middle Income"
15344,Adult,Male,"Lower Middle Income"
15345,Youth,Female,"Lower Middle Income"
15346,Adult,Male,"Middle Income"
15347,Adult,Male,"Low Income"
15348,Youth,Female,"Upper Middle Income"
15349,Adult,Female,"Lower Middle Income"
15350,Adult,Female,"High Income"
15351,Adult,Female,"High Income"
15352,Adult,Female,"Upper Middle Income"
15353,Adult,Male,"Low Income"
15354,Adult,Female,"Upper Middle Income"
15355,Youth,Male,"Middle Income"
15356,Senior,Male,"Lower Middle Income"
15357,Adult,Female,"Upper Middle Income"
15358,Adult,Female,"Low Income"
15359,Adult,Female,"Upper Middle Income"
15360,Adult,Male,"High Income"
15361,Adult,Male,"High Income"
15362,Adult,Male,"Middle Income"
15363,Adult,Male,"High Income"
15364,Adult,Male,"Upper Middle Income"
15365,Adult,Female,"Upper Middle Income"
15366,Adult,Female,"High Income"
15367,Adult,Female,"Low Income"
15368,Adult,Female,"Middle Income"
15369,Adult,Male,"Upper Middle Income"
15370,Adult,Female,"Middle Income"
15371,Senior,Male,"Upper Middle Income"
15372,Youth,Female,"Low Income"
15373,Youth,Female,"High Income"
15374,Adult,Female,"Lower Middle Income"
15375,Adult,Male,"Lower Middle Income"
15376,Adult,Female,"High Income"
15377,Adult,Male,"Upper Middle Income"
15378,Adult,Male,"Lower Middle Income"
15379,Adult,Male,"Middle Income"
15380,Adult,Female,"Lower Middle Income"
15381,Adult,Female,"Upper Middle Income"
15382,Adult,Male,"Upper Middle Income"
15383,Senior,Female,"Middle Income"
15384,Youth,Female,"Lower Middle Income"
15385,Adult,Female,"Middle Income"
15386,Adult,Male,"Upper Middle Income"
15387,Adult,Female,"Upper Middle Income"
15388,Senior,Female,"High Income"
15389,Adult,Female,"High Income"
15390,Adult,Female,"High Income"
15391,Adult,Female,"High Income"
15392,Adult,Male,"Upper Middle Income"
15393,Youth,Male,"Upper Middle Income"
15394,Adult,Male,"Upper Middle Income"
15395,Adult,Female,"Middle Income"
15396,Adult,Male,"Low Income"
15397,Adult,Female,"Upper Middle Income"
15398,Adult,Female,"High Income"
15399,Youth,Female,"Middle Income"
15400,Youth,Female,"Lower Middle Income"
15401,Adult,Female,"High Income"
15402,Adult,Female,"Lower Middle Income"
15403,Adult,Female,"Upper Middle Income"
15404,Adult,Male,"Upper Middle Income"
15405,Youth,Female,"Lower Middle Income"
15406,Adult,Female,"High Income"
15407,Adult,Female,"High Income"
15408,Adult,Female,"Upper Middle Income"
15409,Adult,Female,"Middle Income"
15410,Adult,Male,"High Income"
15411,Adult,Female,"Low Income"
15412,Adult,Male,"Upper Middle Income"
15413,Youth,Male,"Upper Middle Income"
15414,Adult,Female,"Middle Income"
15415,Adult,Female,"Upper Middle Income"
15416,Adult,Male,"Lower Middle Income"
15417,Adult,Female,"Lower Middle Income"
15418,Adult,Female,"High Income"
15419,Senior,Female,"Upper Middle Income"
15420,Adult,Female,"Middle Income"
15421,Adult,Female,"Upper Middle Income"
15422,Adult,Male,"Low Income"
15423,Youth,Female,"Low Income"
15424,Adult,Male,"Upper Middle Income"
15425,Adult,Male,"Low Income"
15426,Senior,Female,"Middle Income"
15427,Adult,Female,"Upper Middle Income"
15428,Adult,Male,"Upper Middle Income"
15429,Adult,Male,"Upper Middle Income"
15430,Adult,Female,"High Income"
15431,Senior,Female,"Lower Middle Income"
15432,Adult,Female,"Lower Middle Income"
15433,Adult,Male,"Lower Middle Income"
15434,Adult,Female,"High Income"
15435,Adult,Male,"Middle Income"
15436,Senior,Male,"Upper Middle Income"
15437,Adult,Female,"Low Income"
15438,Adult,Female,"High Income"
15439,Adult,Male,"High Income"
15440,Adult,Male,"High Income"
15441,Adult,Female,"Upper Middle Income"
15442,Youth,Male,"Upper Middle Income"
15443,Adult,Male,"Middle Income"
15444,Adult,Female,"Lower Middle Income"
15445,Adult,Male,"Upper Middle Income"
15446,Adult,Male,"Low Income"
15447,Adult,Female,"High Income"
15448,Youth,Female,"Upper Middle Income"
15449,Adult,Female,"Middle Income"
15450,Adult,Female,"High Income"
15451,Adult,Female,"Lower Middle Income"
15452,Youth,Female,"Low Income"
15453,Adult,Female,"Middle Income"
15454,Adult,Male,"Upper Middle Income"
15455,Adult,Female,"Upper Middle Income"
15456,Adult,Female,"Lower Middle Income"
15457,Adult,Female,"Upper Middle Income"
15458,Adult,Female,"Upper Middle Income"
15459,Adult,Female,"Upper Middle Income"
15460,Senior,Female,"High Income"
15461,Adult,Male,"Middle Income"
15462,Adult,Male,"Upper Middle Income"
15463,Youth,Female,"High Income"
15464,Adult,Male,"Lower Middle Income"
15465,Adult,Male,"Upper Middle Income"
15466,Adult,Male,"Lower Middle Income"
15467,Senior,Male,"Low Income"
15468,Adult,Female,"Upper Middle Income"
15469,Senior,Male,"High Income"
15470,Adult,Male,"Upper Middle Income"
15471,Adult,Male,"Upper Middle Income"
15472,Adult,Female,"High Income"
15473,Adult,Male,"Upper Middle Income"
15474,Senior,Female,"High Income"
15475,Adult,Male,"Lower Middle Income"
15476,Senior,Female,"Middle Income"
15477,Adult,Female,"Middle Income"
15478,Adult,Male,"Upper Middle Income"
15479,Youth,Female,"High Income"
15480,Adult,Female,"Upper Middle Income"
15481,Adult,Female,"Upper Middle Income"
15482,Youth,Female,"Upper Middle Income"
15483,Adult,Female,"High Income"
15484,Adult,Female,"Upper Middle Income"
15485,Youth,Female,"Upper Middle Income"
15486,Adult,Male,"Upper Middle Income"
15487,Youth,Male,"Upper Middle Income"
15488,Adult,Female,"High Income"
15489,Adult,Female,"Upper Middle Income"
15490,Youth,Female,"High Income"
15491,Adult,Female,"Upper Middle Income"
15492,Youth,Female,"Low Income"
15493,Adult,Female,"Lower Middle Income"
15494,Adult,Female,"Middle Income"
15495,Adult,Female,"Lower Middle Income"
15496,Youth,Female,"Upper Middle Income"
15497,Adult,Male,"Upper Middle Income"
15498,Adult,Male,"High Income"
15499,Adult,Female,"Upper Middle Income"
15500,Adult,Female,"Upper Middle Income"
15501,Adult,Male,"Upper Middle Income"
15502,Adult,Male,"High Income"
15503,Senior,Female,"Low Income"
15504,Adult,Female,"Middle Income"
15505,Adult,Female,"High Income"
15506,Adult,Female,"Upper Middle Income"
15507,Adult,Female,"High Income"
15508,Adult,Male,"Lower Middle Income"
15509,Senior,Female,"Upper Middle Income"
15510,Youth,Female,"Upper Middle Income"
15511,Senior,Male,"Lower Middle Income"
15512,Adult,Male,"Low Income"
15513,Youth,Male,"Low Income"
15514,Senior,Female,"High Income"
15515,Adult,Male,"Upper Middle Income"
15516,Adult,Female,"Middle Income"
15517,Senior,Female,"Lower Middle Income"
15518,Adult,Female,"Lower Middle Income"
15519,Senior,Female,"Middle Income"
15520,Adult,Male,"Upper Middle Income"
15521,Adult,Female,"High Income"
15522,Adult,Female,"Lower Middle Income"
15523,Adult,Male,"Low Income"
15524,Senior,Female,"Middle Income"
15525,Adult,Female,"Upper Middle Income"
15526,Adult,Male,"Upper Middle Income"
15527,Senior,Female,"High Income"
15528,Adult,Female,"High Income"
15529,Senior,Female,"Middle Income"
15530,Adult,Female,"High Income"
15531,Adult,Male,"High Income"
15532,Youth,Male,"Upper Middle Income"
15533,Adult,Female,"High Income"
15534,Adult,Female,"Upper Middle Income"
15535,Senior,Female,"High Income"
15536,Adult,Male,"Lower Middle Income"
15537,Adult,Female,"Upper Middle Income"
15538,Adult,Male,"Low Income"
15539,Youth,Male,"Middle Income"
15540,Adult,Female,"High Income"
15541,Adult,Male,"Upper Middle Income"
15542,Adult,Male,"Lower Middle Income"
15543,Adult,Male,"High Income"
15544,Adult,Male,"Low Income"
15545,Adult,Female,"Upper Middle Income"
15546,Adult,Female,"Middle Income"
15547,Adult,Male,"Upper Middle Income"
15548,Adult,Female,"Upper Middle Income"
15549,Senior,Female,"High Income"
15550,Senior,Female,"Upper Middle Income"
15551,Adult,Male,"High Income"
15552,Youth,Female,"Lower Middle Income"
15553,Adult,Female,"Upper Middle Income"
15554,Adult,Male,"Upper Middle Income"
15555,Adult,Female,"High Income"
15556,Adult,Female,"High Income"
15557,Adult,Female,"High Income"
15558,Adult,Male,"High Income"
15559,Adult,Male,"Upper Middle Income"
15560,Youth,Male,"Middle Income"
15561,Adult,Female,"Middle Income"
15562,Adult,Male,"Low Income"
15563,Adult,Female,"Lower Middle Income"
15564,Adult,Female,"Low Income"
15565,Adult,Male,"Upper Middle Income"
15566,Adult,Male,"Upper Middle Income"
15567,Adult,Female,"High Income"
15568,Youth,Female,"Middle Income"
15569,Adult,Male,"Upper Middle Income"
15570,Adult,Female,"Upper Middle Income"
15571,Adult,Female,"Lower Middle Income"
15572,Adult,Female,"Lower Middle Income"
15573,Adult,Female,"High Income"
15574,Adult,Male,"Lower Middle Income"
15575,Adult,Female,"Middle Income"
15576,Adult,Female,"High Income"
15577,Adult,Male,"Middle Income"
15578,Adult,Female,"Lower Middle Income"
15579,Adult,Male,"High Income"
15580,Adult,Female,"Middle Income"
15581,Senior,Female,"High Income"
15582,Senior,Female,"High Income"
15583,Adult,Male,"Upper Middle Income"
15584,Adult,Female,"Upper Middle Income"
15585,Adult,Male,"High Income"
15586,Youth,Female,"Low Income"
15587,Youth,Female,"Upper Middle Income"
15588,Adult,Female,"Upper Middle Income"
15589,Adult,Male,"High Income"
15590,Adult,Female,"Lower Middle Income"
15591,Adult,Male,"Low Income"
15592,Youth,Female,"Upper Middle Income"
15593,Adult,Female,"Upper Middle Income"
15594,Adult,Female,"Lower Middle Income"
15595,Adult,Female,"Upper Middle Income"
15596,Youth,Female,"Upper Middle Income"
15597,Youth,Male,"Middle Income"
15598,Adult,Female,"High Income"
15599,Adult,Male,"High Income"
15600,Senior,Female,"High Income"
15601,Adult,Female,"High Income"
15602,Adult,Female,"Lower Middle Income"
15603,Adult,Male,"Middle Income"
15604,Adult,Female,"Upper Middle Income"
15605,Youth,Male,"Upper Middle Income"
15606,Adult,Male,"Low Income"
15607,Youth,Male,"Lower Middle Income"
15608,Adult,Female,"Upper Middle Income"
15609,Adult,Male,"Lower Middle Income"
15610,Adult,Male,"Middle Income"
15611,Adult,Male,"Lower Middle Income"
15612,Adult,Male,"Upper Middle Income"
15613,Adult,Female,"Low Income"
15614,Adult,Female,"Upper Middle Income"
15615,Adult,Male,"Middle Income"
15616,Adult,Female,"High Income"
15617,Adult,Female,"Upper Middle Income"
15618,Adult,Female,"Upper Middle Income"
15619,Adult,Female,"Upper Middle Income"
15620,Youth,Male,"Upper Middle Income"
15621,Youth,Female,"Upper Middle Income"
15622,Adult,Male,"Middle Income"
15623,Youth,Male,"Lower Middle Income"
15624,Adult,Female,"Middle Income"
15625,Youth,Female,"Upper Middle Income"
15626,Youth,Male,"Middle Income"
15627,Adult,Female,"Upper Middle Income"
15628,Adult,Female,"Middle Income"
15629,Adult,Female,"Low Income"
15630,Adult,Female,"Middle Income"
15631,Adult,Female,"Lower Middle Income"
15632,Adult,Female,"Upper Middle Income"
15633,Adult,Male,"Upper Middle Income"
15634,Adult,Male,"Upper Middle Income"
15635,Adult,Male,"Upper Middle Income"
15636,Youth,Female,"Upper Middle Income"
15637,Adult,Female,"Lower Middle Income"
15638,Adult,Female,"Lower Middle Income"
15639,Adult,Female,"Middle Income"
15640,Senior,Male,"Upper Middle Income"
15641,Adult,Male,"Lower Middle Income"
15642,Adult,Male,"Lower Middle Income"
15643,Senior,Female,"Upper Middle Income"
15644,Adult,Female,"High Income"
15645,Adult,Female,"Middle Income"
15646,Adult,Female,"Upper Middle Income"
15647,Senior,Female,"Upper Middle Income"
15648,Adult,Female,"Middle Income"
15649,Adult,Female,"Lower Middle Income"
15650,Adult,Female,"Upper Middle Income"
15651,Adult,Female,"Upper Middle Income"
15652,Adult,Female,"Upper Middle Income"
15653,Adult,Female,"Lower Middle Income"
15654,Adult,Female,"High Income"
15655,Adult,Male,"Lower Middle Income"
15656,Senior,Male,"High Income"
15657,Adult,Female,"Middle Income"
15658,Adult,Female,"Middle Income"
15659,Youth,Male,"Upper Middle Income"
15660,Youth,Male,"Middle Income"
15661,Youth,Male,"Lower Middle Income"
15662,Adult,Female,"High Income"
15663,Adult,Male,"Upper Middle Income"
15664,Youth,Male,"Middle Income"
15665,Adult,Male,"Middle Income"
15666,Youth,Male,"Low Income"
15667,Adult,Female,"Upper Middle Income"
15668,Youth,Male,"High Income"
15669,Youth,Female,"Upper Middle Income"
15670,Adult,Female,"Upper Middle Income"
15671,Senior,Female,"Upper Middle Income"
15672,Senior,Male,"Lower Middle Income"
15673,Senior,Male,"Upper Middle Income"
15674,Adult,Male,"Middle Income"
15675,Adult,Male,"Middle Income"
15676,Adult,Female,"High Income"
15677,Adult,Male,"Low Income"
15678,Adult,Male,"High Income"
15679,Adult,Female,"Upper Middle Income"
15680,Adult,Female,"High Income"
15681,Adult,Male,"Upper Middle Income"
15682,Adult,Male,"Middle Income"
15683,Senior,Male,"Upper Middle Income"
15684,Senior,Female,"Lower Middle Income"
15685,Youth,Female,"Low Income"
15686,Adult,Female,"High Income"
15687,Adult,Female,"Middle Income"
15688,Adult,Female,"Lower Middle Income"
15689,Adult,Male,"Middle Income"
15690,Adult,Female,"Upper Middle Income"
15691,Youth,Female,"High Income"
15692,Senior,Female,"Upper Middle Income"
15693,Senior,Female,"Upper Middle Income"
15694,Adult,Female,"Upper Middle Income"
15695,Adult,Female,"High Income"
15696,Youth,Male,"Middle Income"
15697,Adult,Female,"Upper Middle Income"
15698,Adult,Male,"Upper Middle Income"
15699,Adult,Female,"High Income"
15700,Adult,Male,"Upper Middle Income"
15701,Adult,Female,"Low Income"
15702,Adult,Female,"Low Income"
15703,Adult,Male,"High Income"
15704,Adult,Female,"Lower Middle Income"
15705,Adult,Female,"Lower Middle Income"
15706,Senior,Female,"Lower Middle Income"
15707,Adult,Male,"Upper Middle Income"
15708,Adult,Female,"Low Income"
15709,Adult,Male,"Upper Middle Income"
15710,Youth,Male,"Middle Income"
15711,Adult,Male,"Upper Middle Income"
15712,Adult,Female,"Lower Middle Income"
15713,Senior,Female,"Low Income"
15714,Adult,Male,"Lower Middle Income"
15715,Adult,Male,"Upper Middle Income"
15716,Adult,Female,"High Income"
15717,Adult,Female,"Upper Middle Income"
15718,Adult,Female,"Upper Middle Income"
15719,Adult,Male,"Middle Income"
15720,Adult,Female,"Lower Middle Income"
15721,Adult,Male,"Upper Middle Income"
15722,Adult,Female,"High Income"
15723,Youth,Female,"High Income"
15724,Adult,Female,"Lower Middle Income"
15725,Adult,Male,"Middle Income"
15726,Adult,Male,"Middle Income"
15727,Adult,Male,"High Income"
15728,Senior,Male,"Lower Middle Income"
15729,Youth,Male,"Middle Income"
15730,Senior,Female,"Middle Income"
15731,Adult,Male,"Middle Income"
15732,Adult,Female,"Lower Middle Income"
15733,Youth,Male,"Low Income"
15734,Adult,Male,"Upper Middle Income"
15735,Youth,Female,"Lower Middle Income"
15736,Senior,Female,"High Income"
15737,Youth,Female,"Low Income"
15738,Adult,Male,"Low Income"
15739,Adult,Female,"Low Income"
15740,Adult,Female,"Middle Income"
15741,Adult,Male,"Middle Income"
15742,Adult,Female,"Upper Middle Income"
15743,Adult,Female,"Lower Middle Income"
15744,Adult,Male,"Upper Middle Income"
15745,Adult,Female,"Middle Income"
15746,Youth,Female,"Lower Middle Income"
15747,Adult,Male,"Lower Middle Income"
15748,Adult,Female,"High Income"
15749,Adult,Male,"High Income"
15750,Adult,Female,"Low Income"
15751,Adult,Female,"Upper Middle Income"
15752,Youth,Male,"High Income"
15753,Adult,Male,"Middle Income"
15754,Youth,Male,"Middle Income"
15755,Adult,Female,"High Income"
15756,Adult,Female,"Upper Middle Income"
15757,Adult,Male,"Upper Middle Income"
15758,Adult,Male,"Lower Middle Income"
15759,Adult,Male,"Upper Middle Income"
15760,Youth,Male,"Upper Middle Income"
15761,Adult,Male,"Lower Middle Income"
15762,Adult,Female,"Lower Middle Income"
15763,Adult,Female,"Middle Income"
15764,Youth,Female,"High Income"
15765,Adult,Female,"Upper Middle Income"
15766,Adult,Female,"Upper Middle Income"
15767,Youth,Female,"Middle Income"
15768,Adult,Female,"High Income"
15769,Senior,Male,"Lower Middle Income"
15770,Adult,Male,"Upper Middle Income"
15771,Adult,Male,"Upper Middle Income"
15772,Adult,Female,"Middle Income"
15773,Youth,Female,"Middle Income"
15774,Adult,Male,"High Income"
15775,Adult,Female,"Upper Middle Income"
15776,Adult,Female,"Upper Middle Income"
15777,Adult,Male,"High Income"
15778,Youth,Male,"High Income"
15779,Adult,Male,"Upper Middle Income"
15780,Youth,Male,"Low Income"
15781,Adult,Female,"High Income"
15782,Adult,Female,"Middle Income"
15783,Youth,Female,"Lower Middle Income"
15784,Adult,Female,"Upper Middle Income"
15785,Adult,Female,"High Income"
15786,Adult,Female,"Upper Middle Income"
15787,Adult,Female,"Middle Income"
15788,Adult,Female,"High Income"
15789,Adult,Female,"Lower Middle Income"
15790,Youth,Male,"High Income"
15791,Adult,Female,"Upper Middle Income"
15792,Adult,Male,"High Income"
15793,Adult,Female,"High Income"
15794,Adult,Female,"Upper Middle Income"
15795,Adult,Male,"Middle Income"
15796,Adult,Female,"Middle Income"
15797,Adult,Male,"Middle Income"
15798,Adult,Male,"Upper Middle Income"
15799,Adult,Male,"Upper Middle Income"
15800,Youth,Female,"Upper Middle Income"
15801,Youth,Female,"Lower Middle Income"
15802,Adult,Female,"Upper Middle Income"
15803,Adult,Female,"Lower Middle Income"
15804,Adult,Male,"High Income"
15805,Adult,Male,"Lower Middle Income"
15806,Adult,Male,"Lower Middle Income"
15807,Adult,Female,"High Income"
15808,Adult,Female,"Lower Middle Income"
15809,Adult,Male,"High Income"
15810,Adult,Male,"High Income"
15811,Adult,Male,"Upper Middle Income"
15812,Youth,Female,"High Income"
15813,Adult,Male,"Upper Middle Income"
15814,Adult,Male,"Low Income"
15815,Adult,Male,"Middle Income"
15816,Adult,Female,"Upper Middle Income"
15817,Adult,Female,"High Income"
15818,Adult,Female,"Middle Income"
15819,Adult,Female,"Lower Middle Income"
15820,Youth,Female,"High Income"
15821,Youth,Female,"Upper Middle Income"
15822,Adult,Male,"Middle Income"
15823,Adult,Female,"Middle Income"
15824,Adult,Female,"Upper Middle Income"
15825,Adult,Male,"Upper Middle Income"
15826,Youth,Female,"Upper Middle Income"
15827,Adult,Male,"Upper Middle Income"
15828,Youth,Male,"Upper Middle Income"
15829,Adult,Male,"Lower Middle Income"
15830,Senior,Male,"Low Income"
15831,Adult,Female,"High Income"
15832,Youth,Female,"Middle Income"
15833,Adult,Female,"Upper Middle Income"
15834,Adult,Female,"Upper Middle Income"
15835,Youth,Male,"Middle Income"
15836,Adult,Female,"Upper Middle Income"
15837,Adult,Female,"Upper Middle Income"
15838,Adult,Male,"Upper Middle Income"
15839,Adult,Female,"Low Income"
15840,Adult,Female,"Upper Middle Income"
15841,Adult,Female,"Lower Middle Income"
15842,Adult,Male,"Middle Income"
15843,Adult,Male,"Upper Middle Income"
15844,Senior,Female,"Upper Middle Income"
15845,Adult,Female,"Middle Income"
15846,Adult,Male,"Upper Middle Income"
15847,Senior,Female,"Middle Income"
15848,Adult,Male,"Middle Income"
15849,Adult,Male,"High Income"
15850,Adult,Female,"Upper Middle Income"
15851,Adult,Female,"High Income"
15852,Adult,Male,"Lower Middle Income"
15853,Adult,Male,"Upper Middle Income"
15854,Adult,Female,"Upper Middle Income"
15855,Adult,Female,"Lower Middle Income"
15856,Adult,Male,"Middle Income"
15857,Senior,Male,"Middle Income"
15858,Youth,Female,"High Income"
15859,Adult,Female,"Low Income"
15860,Senior,Male,"High Income"
15861,Youth,Female,"Upper Middle Income"
15862,Adult,Male,"High Income"
15863,Adult,Female,"Lower Middle Income"
15864,Adult,Female,"Upper Middle Income"
15865,Adult,Female,"Upper Middle Income"
15866,Adult,Male,"High Income"
15867,Adult,Female,"Middle Income"
15868,Adult,Female,"Middle Income"
15869,Adult,Female,"Middle Income"
15870,Adult,Female,"Upper Middle Income"
15871,Adult,Male,"Middle Income"
15872,Adult,Female,"Middle Income"
15873,Senior,Female,"High Income"
15874,Adult,Female,"High Income"
15875,Adult,Female,"Low Income"
15876,Adult,Female,"Low Income"
15877,Adult,Male,"High Income"
15878,Adult,Female,"Lower Middle Income"
15879,Adult,Female,"Lower Middle Income"
15880,Adult,Female,"Lower Middle Income"
15881,Adult,Female,"Upper Middle Income"
15882,Adult,Female,"Upper Middle Income"
15883,Adult,Male,"High Income"
15884,Adult,Male,"Upper Middle Income"
15885,Youth,Male,"Upper Middle Income"
15886,Adult,Female,"Upper Middle Income"
15887,Adult,Male,"Lower Middle Income"
15888,Adult,Male,"Upper Middle Income"
15889,Youth,Female,"High Income"
15890,Adult,Female,"Lower Middle Income"
15891,Adult,Female,"High Income"
15892,Senior,Female,"Middle Income"
15893,Senior,Female,"Low Income"
15894,Adult,Male,"Middle Income"
15895,Adult,Female,"Middle Income"
15896,Adult,Male,"Upper Middle Income"
15897,Adult,Female,"Middle Income"
15898,Adult,Female,"Lower Middle Income"
15899,Adult,Female,"High Income"
15900,Adult,Female,"Low Income"
15901,Adult,Male,"Upper Middle Income"
15902,Adult,Female,"High Income"
15903,Adult,Male,"Upper Middle Income"
15904,Adult,Female,"Upper Middle Income"
15905,Adult,Female,"Lower Middle Income"
15906,Adult,Female,"Upper Middle Income"
15907,Senior,Female,"Upper Middle Income"
15908,Adult,Female,"Low Income"
15909,Adult,Male,"Low Income"
15910,Adult,Male,"High Income"
15911,Adult,Female,"Upper Middle Income"
15912,Adult,Female,"High Income"
15913,Adult,Female,"Middle Income"
15914,Adult,Female,"Upper Middle Income"
15915,Senior,Male,"Lower Middle Income"
15916,Adult,Male,"Low Income"
15917,Adult,Male,"Lower Middle Income"
15918,Youth,Female,"Low Income"
15919,Adult,Male,"Middle Income"
15920,Adult,Male,"Low Income"
15921,Adult,Female,"High Income"
15922,Adult,Female,"Low Income"
15923,Adult,Female,"Middle Income"
15924,Adult,Female,"Upper Middle Income"
15925,Adult,Female,"Middle Income"
15926,Adult,Female,"Lower Middle Income"
15927,Adult,Female,"Middle Income"
15928,Adult,Male,"Middle Income"
15929,Adult,Male,"Low Income"
15930,Adult,Male,"Lower Middle Income"
15931,Adult,Male,"Middle Income"
15932,Adult,Female,"Upper Middle Income"
15933,Senior,Male,"Upper Middle Income"
15934,Adult,Female,"Upper Middle Income"
15935,Adult,Male,"Upper Middle Income"
15936,Adult,Female,"Upper Middle Income"
15937,Adult,Female,"Upper Middle Income"
15938,Adult,Female,"Upper Middle Income"
15939,Adult,Female,"Upper Middle Income"
15940,Senior,Male,"Lower Middle Income"
15941,Adult,Female,"High Income"
15942,Adult,Male,"High Income"
15943,Youth,Female,"Middle Income"
15944,Youth,Female,"Upper Middle Income"
15945,Adult,Male,"Middle Income"
15946,Adult,Female,"Lower Middle Income"
15947,Adult,Male,"Middle Income"
15948,Adult,Female,"Upper Middle Income"
15949,Adult,Female,"Upper Middle Income"
15950,Adult,Female,"Middle Income"
15951,Adult,Female,"Lower Middle Income"
15952,Senior,Female,"Upper Middle Income"
15953,Youth,Female,"High Income"
15954,Adult,Male,"Middle Income"
15955,Senior,Female,"Lower Middle Income"
15956,Adult,Female,"Lower Middle Income"
15957,Adult,Male,"Upper Middle Income"
15958,Adult,Male,"Middle Income"
15959,Senior,Male,"Upper Middle Income"
15960,Adult,Female,"High Income"
15961,Youth,Female,"Upper Middle Income"
15962,Adult,Female,"Lower Middle Income"
15963,Adult,Female,"Upper Middle Income"
15964,Adult,Male,"Upper Middle Income"
15965,Adult,Male,"Upper Middle Income"
15966,Adult,Male,"Low Income"
15967,Youth,Female,"Upper Middle Income"
15968,Senior,Male,"Lower Middle Income"
15969,Adult,Female,"Upper Middle Income"
15970,Adult,Female,"High Income"
15971,Adult,Female,"Low Income"
15972,Adult,Female,"High Income"
15973,Adult,Female,"High Income"
15974,Adult,Male,"Middle Income"
15975,Adult,Male,"Middle Income"
15976,Adult,Female,"Upper Middle Income"
15977,Youth,Female,"Lower Middle Income"
15978,Adult,Female,"Lower Middle Income"
15979,Adult,Male,"Upper Middle Income"
15980,Adult,Female,"Middle Income"
15981,Youth,Male,"Middle Income"
15982,Adult,Male,"Upper Middle Income"
15983,Adult,Male,"Upper Middle Income"
15984,Adult,Female,"Upper Middle Income"
15985,Adult,Male,"High Income"
15986,Adult,Male,"High Income"
15987,Adult,Female,"Low Income"
15988,Youth,Female,"Lower Middle Income"
15989,Adult,Female,"Upper Middle Income"
15990,Adult,Female,"Upper Middle Income"
15991,Adult,Female,"Middle Income"
15992,Adult,Male,"High Income"
15993,Youth,Male,"High Income"
15994,Senior,Female,"High Income"
15995,Youth,Male,"Low Income"
15996,Adult,Female,"Lower Middle Income"
15997,Adult,Female,"High Income"
15998,Youth,Female,"Upper Middle Income"
15999,Adult,Female,"Upper Middle Income"
