CustomerID,AdSpend_Group,Pre_Purchase_Group,Customer_Loyalty,Conv_Probability
8000,"High Spend","Frequent Buyer","Bronze Tier","High Probability"
8001,"High Spend","Occasional Buyer","Gold Tier","High Probability"
8002,"Medium Spend","Frequent Buyer","Gold Tier","High Probability"
8003,"Medium Spend","New Customer","Gold Tier","High Probability"
8004,"Medium Spend","Frequent Buyer","Platinum Tier","High Probability"
8005,"High Spend","New Customer","Gold Tier","High Probability"
8006,"High Spend","Frequent Buyer","Bronze Tier","High Probability"
8007,"High Spend","New Customer","Gold Tier","High Probability"
8008,"High Spend","Frequent Buyer","Bronze Tier","High Probability"
8009,"High Spend","Frequent Buyer","Platinum Tier","High Probability"
8010,"High Spend","Frequent Buyer","Silver Tier","High Probability"
8011,"High Spend","Frequent Buyer","Gold Tier","High Probability"
8012,"High Spend","Frequent Buyer","Gold Tier","High Probability"
8013,"Medium Spend","Occasional Buyer","Gold Tier","High Probability"
8014,"High Spend","Occasional Buyer","Gold Tier","High Probability"
8015,"Low Spend","Occasional Buyer","Platinum Tier","Low Probability"
8016,"Medium Spend","Frequent Buyer","Gold Tier","High Probability"
8017,"Medium Spend","Occasional Buyer","Gold Tier","High Probability"
8018,"High Spend","Frequent Buyer","Gold Tier","High Probability"
8019,"High Spend","Occasional Buyer","Platinum Tier","High Probability"
8020,"High Spend","Frequent Buyer","Silver Tier","High Probability"
8021,"High Spend","Frequent Buyer","Gold Tier","High Probability"
8022,"High Spend","Frequent Buyer","Silver Tier","High Probability"
8023,"High Spend","Occasional Buyer","Silver Tier","High Probability"
8024,"Medium Spend","Occasional Buyer","Silver Tier","High Probability"
8025,"High Spend","Occasional Buyer","Gold Tier","High Probability"
8026,"Medium Spend","Occasional Buyer","Bronze Tier","Low Probability"
8027,"High Spend","Occasional Buyer","Gold Tier","High Probability"
8028,"High Spend","Occasional Buyer","Bronze Tier","High Probability"
8029,"High Spend","Occasional Buyer","Gold Tier","High Probability"
8030,"Medium Spend","Frequent Buyer","Silver Tier","High Probability"
8031,"High Spend","New Customer","Bronze Tier","High Probability"
8032,"High Spend","Frequent Buyer","Platinum Tier","High Probability"
8033,"High Spend","Occasional Buyer","Bronze Tier","High Probability"
8034,"High Spend","Frequent Buyer","Bronze Tier","High Probability"
8035,"High Spend","Occasional Buyer","Gold Tier","High Probability"
8036,"High Spend","Occasional Buyer","Silver Tier","High Probability"
8037,"Low Spend","Frequent Buyer","Bronze Tier","High Probability"
8038,"High Spend","Frequent Buyer","Platinum Tier","High Probability"
8039,"High Spend","New Customer","Gold Tier","High Probability"
8040,"High Spend","Occasional Buyer","Silver Tier","High Probability"
8041,"High Spend","Occasional Buyer","Gold Tier","High Probability"
8042,"High Spend","Frequent Buyer","Platinum Tier","High Probability"
8043,"High Spend","New Customer","Bronze Tier","Low Probability"
8044,"Medium Spend","Frequent Buyer","Gold Tier","High Probability"
8045,"High Spend","New Customer","Bronze Tier","High Probability"
8046,"High Spend","Occasional Buyer","Platinum Tier","High Probability"
8047,"High Spend","Frequent Buyer","Gold Tier","High Probability"
8048,"High Spend","Frequent Buyer","Bronze Tier","High Probability"
8049,"Low Spend","Frequent Buyer","Gold Tier","High Probability"
8050,"High Spend","Frequent Buyer","Platinum Tier","High Probability"
8051,"High Spend","Frequent Buyer","Platinum Tier","High Probability"
8052,"Medium Spend","Occasional Buyer","Gold Tier","High Probability"
8053,"High Spend","Occasional Buyer","Gold Tier","High Probability"
8054,"High Spend","Frequent Buyer","Platinum Tier","High Probability"
8055,"High Spend","Occasional Buyer","Silver Tier","High Probability"
8056,"Low Spend","Frequent Buyer","Platinum Tier","High Probability"
8057,"High Spend","New Customer","Bronze Tier","High Probability"
8058,"High Spend","Occasional Buyer","Bronze Tier","High Probability"
8059,"High Spend","Occasional Buyer","Gold Tier","High Probability"
8060,"High Spend","New Customer","Silver Tier","High Probability"
8061,"Medium Spend","Frequent Buyer","Gold Tier","High Probability"
8062,"High Spend","Occasional Buyer","Bronze Tier","High Probability"
8063,"High Spend","Frequent Buyer","Platinum Tier","High Probability"
8064,"High Spend","Frequent Buyer","Bronze Tier","High Probability"
8065,"High Spend","Occasional Buyer","Bronze Tier","High Probability"
8066,"Medium Spend","Frequent Buyer","Bronze Tier","High Probability"
8067,"High Spend","Frequent Buyer","Platinum Tier","High Probability"
8068,"High Spend","Occasional Buyer","Platinum Tier","High Probability"
8069,"High Spend","Occasional Buyer","Platinum Tier","High Probability"
8070,"Medium Spend","Occasional Buyer","Silver Tier","High Probability"
8071,"High Spend","Frequent Buyer","Bronze Tier","High Probability"
8072,"High Spend","Frequent Buyer","Gold Tier","High Probability"
8073,"Medium Spend","Frequent Buyer","Gold Tier","High Probability"
8074,"High Spend","Frequent Buyer","Gold Tier","High Probability"
8075,"Medium Spend","Frequent Buyer","Bronze Tier","High Probability"
8076,"High Spend","Frequent Buyer","Gold Tier","High Probability"
8077,"High Spend","Occasional Buyer","Silver Tier","High Probability"
8078,"High Spend","Frequent Buyer","Platinum Tier","High Probability"
8079,"High Spend","Frequent Buyer","Bronze Tier","High Probability"
8080,"High Spend","Frequent Buyer","Silver Tier","High Probability"
8081,"High Spend","Frequent Buyer","Bronze Tier","High Probability"
8082,"High Spend","Occasional Buyer","Bronze Tier","High Probability"
8083,"High Spend","Frequent Buyer","Platinum Tier","High Probability"
8084,"High Spend","Frequent Buyer","Bronze Tier","High Probability"
8085,"High Spend","Occasional Buyer","Silver Tier","High Probability"
8086,"High Spend","Frequent Buyer","Silver Tier","High Probability"
8087,"High Spend","Frequent Buyer","Bronze Tier","High Probability"
8088,"High Spend","Occasional Buyer","Gold Tier","High Probability"
8089,"Low Spend","Frequent Buyer","Gold Tier","High Probability"
8090,"Medium Spend","Frequent Buyer","Platinum Tier","High Probability"
8091,"Medium Spend","Frequent Buyer","Silver Tier","High Probability"
8092,"High Spend","Frequent Buyer","Gold Tier","High Probability"
8093,"High Spend","Frequent Buyer","Gold Tier","High Probability"
8094,"High Spend","Frequent Buyer","Gold Tier","High Probability"
8095,"Medium Spend","Frequent Buyer","Bronze Tier","High Probability"
8096,"High Spend","Occasional Buyer","Gold Tier","High Probability"
8097,"High Spend","Frequent Buyer","Bronze Tier","High Probability"
8098,"High Spend","Frequent Buyer","Gold Tier","High Probability"
8099,"High Spend","Frequent Buyer","Platinum Tier","High Probability"
8100,"High Spend","New Customer","Gold Tier","High Probability"
8101,"High Spend","Frequent Buyer","Platinum Tier","High Probability"
8102,"Medium Spend","Frequent Buyer","Silver Tier","High Probability"
8103,"High Spend","Occasional Buyer","Silver Tier","High Probability"
8104,"High Spend","Frequent Buyer","Bronze Tier","High Probability"
8105,"High Spend","Frequent Buyer","Bronze Tier","High Probability"
8106,"Medium Spend","Frequent Buyer","Platinum Tier","High Probability"
8107,"Medium Spend","Frequent Buyer","Platinum Tier","High Probability"
8108,"High Spend","Frequent Buyer","Gold Tier","High Probability"
8109,"High Spend","Frequent Buyer","Gold Tier","High Probability"
8110,"High Spend","Frequent Buyer","Gold Tier","High Probability"
8111,"High Spend","Frequent Buyer","Bronze Tier","High Probability"
8112,"High Spend","Occasional Buyer","Gold Tier","High Probability"
8113,"Medium Spend","New Customer","Platinum Tier","Low Probability"
8114,"High Spend","Frequent Buyer","Bronze Tier","High Probability"
8115,"Low Spend","Frequent Buyer","Silver Tier","High Probability"
8116,"High Spend","Frequent Buyer","Silver Tier","High Probability"
8117,"High Spend","Frequent Buyer","Platinum Tier","High Probability"
8118,"Medium Spend","Frequent Buyer","Gold Tier","High Probability"
8119,"High Spend","Occasional Buyer","Platinum Tier","High Probability"
8120,"High Spend","Occasional Buyer","Platinum Tier","High Probability"
8121,"Medium Spend","Frequent Buyer","Gold Tier","High Probability"
8122,"Medium Spend","Occasional Buyer","Platinum Tier","High Probability"
8123,"High Spend","Frequent Buyer","Gold Tier","High Probability"
8124,"High Spend","Frequent Buyer","Platinum Tier","High Probability"
8125,"High Spend","Frequent Buyer","Platinum Tier","High Probability"
8126,"High Spend","Frequent Buyer","Platinum Tier","High Probability"
8127,"High Spend","Frequent Buyer","Gold Tier","High Probability"
8128,"High Spend","Occasional Buyer","Bronze Tier","High Probability"
8129,"High Spend","Frequent Buyer","Silver Tier","High Probability"
8130,"High Spend","Frequent Buyer","Gold Tier","High Probability"
8131,"High Spend","New Customer","Platinum Tier","High Probability"
8132,"High Spend","Occasional Buyer","Bronze Tier","High Probability"
8133,"Medium Spend","Frequent Buyer","Bronze Tier","High Probability"
8134,"High Spend","Frequent Buyer","Gold Tier","High Probability"
8135,"Medium Spend","New Customer","Bronze Tier","High Probability"
8136,"High Spend","Occasional Buyer","Gold Tier","High Probability"
8137,"High Spend","Frequent Buyer","Gold Tier","High Probability"
8138,"High Spend","Frequent Buyer","Bronze Tier","High Probability"
8139,"High Spend","Frequent Buyer","Gold Tier","High Probability"
8140,"High Spend","Frequent Buyer","Gold Tier","High Probability"
8141,"High Spend","Occasional Buyer","Gold Tier","High Probability"
8142,"Medium Spend","Occasional Buyer","Silver Tier","Low Probability"
8143,"High Spend","Frequent Buyer","Silver Tier","High Probability"
8144,"High Spend","Occasional Buyer","Bronze Tier","Low Probability"
8145,"Low Spend","Frequent Buyer","Platinum Tier","High Probability"
8146,"High Spend","Frequent Buyer","Platinum Tier","High Probability"
8147,"High Spend","Frequent Buyer","Gold Tier","High Probability"
8148,"Medium Spend","Frequent Buyer","Gold Tier","High Probability"
8149,"High Spend","Frequent Buyer","Bronze Tier","High Probability"
8150,"High Spend","Frequent Buyer","Bronze Tier","High Probability"
8151,"High Spend","Occasional Buyer","Gold Tier","Low Probability"
8152,"High Spend","Frequent Buyer","Gold Tier","High Probability"
8153,"High Spend","Frequent Buyer","Platinum Tier","High Probability"
8154,"High Spend","Frequent Buyer","Bronze Tier","High Probability"
8155,"Medium Spend","Frequent Buyer","Bronze Tier","High Probability"
8156,"High Spend","Frequent Buyer","Gold Tier","High Probability"
8157,"High Spend","Frequent Buyer","Platinum Tier","High Probability"
8158,"High Spend","Frequent Buyer","Gold Tier","High Probability"
8159,"Medium Spend","Frequent Buyer","Gold Tier","High Probability"
8160,"High Spend","Frequent Buyer","Gold Tier","High Probability"
8161,"High Spend","Frequent Buyer","Bronze Tier","High Probability"
8162,"High Spend","Frequent Buyer","Gold Tier","High Probability"
8163,"Medium Spend","Frequent Buyer","Gold Tier","High Probability"
8164,"High Spend","Frequent Buyer","Platinum Tier","High Probability"
8165,"Medium Spend","New Customer","Silver Tier","High Probability"
8166,"High Spend","Occasional Buyer","Platinum Tier","High Probability"
8167,"High Spend","Frequent Buyer","Bronze Tier","High Probability"
8168,"High Spend","Frequent Buyer","Bronze Tier","High Probability"
8169,"High Spend","New Customer","Platinum Tier","High Probability"
8170,"High Spend","Frequent Buyer","Platinum Tier","High Probability"
8171,"Medium Spend","New Customer","Gold Tier","High Probability"
8172,"High Spend","New Customer","Gold Tier","High Probability"
8173,"High Spend","Occasional Buyer","Gold Tier","High Probability"
8174,"High Spend","Frequent Buyer","Platinum Tier","High Probability"
8175,"High Spend","Frequent Buyer","Platinum Tier","High Probability"
8176,"Medium Spend","Occasional Buyer","Gold Tier","High Probability"
8177,"High Spend","Frequent Buyer","Gold Tier","High Probability"
8178,"High Spend","Frequent Buyer","Silver Tier","High Probability"
8179,"High Spend","Occasional Buyer","Bronze Tier","High Probability"
8180,"High Spend","New Customer","Gold Tier","High Probability"
8181,"High Spend","Frequent Buyer","Bronze Tier","High Probability"
8182,"High Spend","Frequent Buyer","Bronze Tier","High Probability"
8183,"High Spend","Occasional Buyer","Silver Tier","High Probability"
8184,"High Spend","Frequent Buyer","Gold Tier","High Probability"
8185,"Low Spend","Frequent Buyer","Gold Tier","High Probability"
8186,"High Spend","Occasional Buyer","Platinum Tier","High Probability"
8187,"High Spend","Occasional Buyer","Bronze Tier","Low Probability"
8188,"High Spend","Frequent Buyer","Silver Tier","High Probability"
8189,"High Spend","Occasional Buyer","Platinum Tier","High Probability"
8190,"High Spend","Occasional Buyer","Silver Tier","High Probability"
8191,"High Spend","Occasional Buyer","Gold Tier","High Probability"
8192,"Medium Spend","Frequent Buyer","Silver Tier","High Probability"
8193,"High Spend","Occasional Buyer","Silver Tier","High Probability"
8194,"Low Spend","Occasional Buyer","Silver Tier","High Probability"
8195,"High Spend","Occasional Buyer","Bronze Tier","High Probability"
8196,"Medium Spend","New Customer","Bronze Tier","Low Probability"
8197,"High Spend","Occasional Buyer","Bronze Tier","High Probability"
8198,"High Spend","Occasional Buyer","Bronze Tier","High Probability"
8199,"High Spend","Occasional Buyer","Gold Tier","High Probability"
8200,"High Spend","Frequent Buyer","Gold Tier","High Probability"
8201,"Low Spend","Occasional Buyer","Silver Tier","High Probability"
8202,"Medium Spend","Frequent Buyer","Gold Tier","High Probability"
8203,"High Spend","Occasional Buyer","Silver Tier","High Probability"
8204,"High Spend","Frequent Buyer","Bronze Tier","High Probability"
8205,"High Spend","Frequent Buyer","Bronze Tier","Low Probability"
8206,"High Spend","Occasional Buyer","Platinum Tier","High Probability"
8207,"High Spend","Frequent Buyer","Platinum Tier","High Probability"
8208,"High Spend","Frequent Buyer","Bronze Tier","High Probability"
8209,"High Spend","Occasional Buyer","Gold Tier","High Probability"
8210,"High Spend","Frequent Buyer","Silver Tier","High Probability"
8211,"High Spend","Frequent Buyer","Gold Tier","High Probability"
8212,"Low Spend","New Customer","Gold Tier","Low Probability"
8213,"Medium Spend","New Customer","Silver Tier","High Probability"
8214,"High Spend","Frequent Buyer","Gold Tier","High Probability"
8215,"High Spend","Frequent Buyer","Gold Tier","High Probability"
8216,"Medium Spend","Frequent Buyer","Platinum Tier","High Probability"
8217,"High Spend","Frequent Buyer","Platinum Tier","High Probability"
8218,"High Spend","Occasional Buyer","Gold Tier","High Probability"
8219,"High Spend","Occasional Buyer","Gold Tier","High Probability"
8220,"Low Spend","Frequent Buyer","Silver Tier","High Probability"
8221,"High Spend","Frequent Buyer","Platinum Tier","High Probability"
8222,"High Spend","New Customer","Gold Tier","High Probability"
8223,"Medium Spend","Frequent Buyer","Bronze Tier","High Probability"
8224,"High Spend","Occasional Buyer","Platinum Tier","High Probability"
8225,"High Spend","Frequent Buyer","Gold Tier","High Probability"
8226,"High Spend","Frequent Buyer","Platinum Tier","High Probability"
8227,"High Spend","Occasional Buyer","Bronze Tier","High Probability"
8228,"High Spend","Occasional Buyer","Platinum Tier","High Probability"
8229,"High Spend","New Customer","Bronze Tier","High Probability"
8230,"High Spend","Frequent Buyer","Bronze Tier","High Probability"
8231,"High Spend","Frequent Buyer","Platinum Tier","High Probability"
8232,"Medium Spend","Frequent Buyer","Gold Tier","High Probability"
8233,"High Spend","Frequent Buyer","Platinum Tier","High Probability"
8234,"High Spend","Frequent Buyer","Platinum Tier","High Probability"
8235,"High Spend","Occasional Buyer","Gold Tier","High Probability"
8236,"High Spend","New Customer","Gold Tier","High Probability"
8237,"Medium Spend","Frequent Buyer","Silver Tier","High Probability"
8238,"High Spend","Occasional Buyer","Platinum Tier","High Probability"
8239,"High Spend","Frequent Buyer","Silver Tier","High Probability"
8240,"High Spend","Frequent Buyer","Gold Tier","High Probability"
8241,"Medium Spend","Frequent Buyer","Platinum Tier","High Probability"
8242,"Low Spend","New Customer","Platinum Tier","High Probability"
8243,"Medium Spend","Occasional Buyer","Platinum Tier","High Probability"
8244,"High Spend","Frequent Buyer","Platinum Tier","High Probability"
8245,"High Spend","Occasional Buyer","Bronze Tier","High Probability"
8246,"Medium Spend","Frequent Buyer","Bronze Tier","High Probability"
8247,"High Spend","Frequent Buyer","Gold Tier","High Probability"
8248,"High Spend","Frequent Buyer","Silver Tier","High Probability"
8249,"High Spend","Occasional Buyer","Bronze Tier","Low Probability"
8250,"High Spend","Occasional Buyer","Silver Tier","High Probability"
8251,"High Spend","Frequent Buyer","Silver Tier","High Probability"
8252,"High Spend","Frequent Buyer","Gold Tier","High Probability"
8253,"High Spend","Frequent Buyer","Silver Tier","High Probability"
8254,"High Spend","Frequent Buyer","Platinum Tier","High Probability"
8255,"High Spend","New Customer","Gold Tier","High Probability"
8256,"Medium Spend","Frequent Buyer","Bronze Tier","High Probability"
8257,"Medium Spend","New Customer","Gold Tier","High Probability"
8258,"High Spend","Frequent Buyer","Gold Tier","High Probability"
8259,"Low Spend","Frequent Buyer","Silver Tier","High Probability"
8260,"High Spend","Frequent Buyer","Platinum Tier","High Probability"
8261,"High Spend","Frequent Buyer","Gold Tier","High Probability"
8262,"High Spend","Occasional Buyer","Gold Tier","High Probability"
8263,"Medium Spend","Frequent Buyer","Platinum Tier","High Probability"
8264,"High Spend","Occasional Buyer","Bronze Tier","Low Probability"
8265,"High Spend","Occasional Buyer","Gold Tier","High Probability"
8266,"High Spend","Frequent Buyer","Silver Tier","High Probability"
8267,"High Spend","Occasional Buyer","Silver Tier","High Probability"
8268,"High Spend","New Customer","Platinum Tier","High Probability"
8269,"Low Spend","Occasional Buyer","Gold Tier","High Probability"
8270,"High Spend","Occasional Buyer","Platinum Tier","High Probability"
8271,"Medium Spend","Occasional Buyer","Gold Tier","High Probability"
8272,"Medium Spend","Frequent Buyer","Platinum Tier","High Probability"
8273,"High Spend","Frequent Buyer","Silver Tier","High Probability"
8274,"High Spend","Frequent Buyer","Platinum Tier","Low Probability"
8275,"High Spend","Occasional Buyer","Gold Tier","High Probability"
8276,"High Spend","Frequent Buyer","Silver Tier","High Probability"
8277,"Medium Spend","Frequent Buyer","Gold Tier","High Probability"
8278,"Medium Spend","Frequent Buyer","Bronze Tier","High Probability"
8279,"High Spend","Frequent Buyer","Silver Tier","High Probability"
8280,"High Spend","Occasional Buyer","Gold Tier","High Probability"
8281,"High Spend","Occasional Buyer","Platinum Tier","High Probability"
8282,"High Spend","Frequent Buyer","Gold Tier","High Probability"
8283,"High Spend","New Customer","Silver Tier","High Probability"
8284,"High Spend","New Customer","Bronze Tier","High Probability"
8285,"Medium Spend","Frequent Buyer","Platinum Tier","High Probability"
8286,"High Spend","Frequent Buyer","Gold Tier","Low Probability"
8287,"High Spend","Frequent Buyer","Silver Tier","High Probability"
8288,"Medium Spend","Frequent Buyer","Bronze Tier","High Probability"
8289,"High Spend","Occasional Buyer","Platinum Tier","High Probability"
8290,"High Spend","Occasional Buyer","Platinum Tier","High Probability"
8291,"High Spend","Frequent Buyer","Platinum Tier","High Probability"
8292,"Medium Spend","New Customer","Platinum Tier","Low Probability"
8293,"High Spend","Frequent Buyer","Platinum Tier","High Probability"
8294,"High Spend","Frequent Buyer","Silver Tier","High Probability"
8295,"Medium Spend","Frequent Buyer","Bronze Tier","High Probability"
8296,"Medium Spend","Frequent Buyer","Gold Tier","Low Probability"
8297,"High Spend","Frequent Buyer","Platinum Tier","High Probability"
8298,"Medium Spend","Frequent Buyer","Gold Tier","High Probability"
8299,"High Spend","Occasional Buyer","Platinum Tier","High Probability"
8300,"High Spend","Frequent Buyer","Platinum Tier","High Probability"
8301,"High Spend","Frequent Buyer","Gold Tier","High Probability"
8302,"High Spend","Frequent Buyer","Platinum Tier","High Probability"
8303,"High Spend","Occasional Buyer","Bronze Tier","Low Probability"
8304,"Medium Spend","Occasional Buyer","Bronze Tier","High Probability"
8305,"Medium Spend","Occasional Buyer","Bronze Tier","High Probability"
8306,"High Spend","Occasional Buyer","Bronze Tier","High Probability"
8307,"Medium Spend","Frequent Buyer","Gold Tier","High Probability"
8308,"High Spend","Frequent Buyer","Gold Tier","Low Probability"
8309,"Medium Spend","New Customer","Platinum Tier","Low Probability"
8310,"Medium Spend","Frequent Buyer","Gold Tier","High Probability"
8311,"High Spend","Frequent Buyer","Bronze Tier","High Probability"
8312,"High Spend","Frequent Buyer","Silver Tier","High Probability"
8313,"High Spend","Frequent Buyer","Silver Tier","High Probability"
8314,"High Spend","Occasional Buyer","Gold Tier","High Probability"
8315,"High Spend","Frequent Buyer","Platinum Tier","High Probability"
8316,"Medium Spend","Occasional Buyer","Bronze Tier","Low Probability"
8317,"Medium Spend","Frequent Buyer","Gold Tier","High Probability"
8318,"High Spend","Frequent Buyer","Silver Tier","High Probability"
8319,"High Spend","Occasional Buyer","Platinum Tier","Low Probability"
8320,"High Spend","Occasional Buyer","Platinum Tier","Low Probability"
8321,"Medium Spend","Occasional Buyer","Platinum Tier","High Probability"
8322,"Medium Spend","Frequent Buyer","Platinum Tier","High Probability"
8323,"High Spend","Frequent Buyer","Gold Tier","High Probability"
8324,"High Spend","Frequent Buyer","Gold Tier","High Probability"
8325,"High Spend","Frequent Buyer","Silver Tier","High Probability"
8326,"Medium Spend","Frequent Buyer","Platinum Tier","High Probability"
8327,"High Spend","Frequent Buyer","Silver Tier","High Probability"
8328,"High Spend","Occasional Buyer","Platinum Tier","High Probability"
8329,"High Spend","Frequent Buyer","Gold Tier","High Probability"
8330,"High Spend","Occasional Buyer","Platinum Tier","High Probability"
8331,"High Spend","Occasional Buyer","Gold Tier","High Probability"
8332,"High Spend","Frequent Buyer","Platinum Tier","High Probability"
8333,"High Spend","Occasional Buyer","Bronze Tier","High Probability"
8334,"High Spend","Frequent Buyer","Bronze Tier","High Probability"
8335,"High Spend","Frequent Buyer","Bronze Tier","High Probability"
8336,"Medium Spend","New Customer","Platinum Tier","High Probability"
8337,"High Spend","Occasional Buyer","Platinum Tier","High Probability"
8338,"High Spend","Frequent Buyer","Silver Tier","High Probability"
8339,"Low Spend","Frequent Buyer","Bronze Tier","High Probability"
8340,"High Spend","New Customer","Silver Tier","High Probability"
8341,"High Spend","Frequent Buyer","Platinum Tier","High Probability"
8342,"High Spend","Frequent Buyer","Platinum Tier","High Probability"
8343,"High Spend","Frequent Buyer","Platinum Tier","High Probability"
8344,"Medium Spend","Occasional Buyer","Silver Tier","Low Probability"
8345,"High Spend","New Customer","Platinum Tier","Low Probability"
8346,"High Spend","Occasional Buyer","Gold Tier","High Probability"
8347,"Medium Spend","Frequent Buyer","Bronze Tier","Low Probability"
8348,"High Spend","Frequent Buyer","Bronze Tier","High Probability"
8349,"High Spend","Occasional Buyer","Silver Tier","High Probability"
8350,"Low Spend","Frequent Buyer","Silver Tier","High Probability"
8351,"High Spend","Frequent Buyer","Gold Tier","High Probability"
8352,"High Spend","Frequent Buyer","Bronze Tier","High Probability"
8353,"Medium Spend","Frequent Buyer","Gold Tier","High Probability"
8354,"High Spend","Frequent Buyer","Platinum Tier","High Probability"
8355,"High Spend","Frequent Buyer","Platinum Tier","High Probability"
8356,"Medium Spend","Occasional Buyer","Silver Tier","Low Probability"
8357,"High Spend","Frequent Buyer","Gold Tier","High Probability"
8358,"Low Spend","Occasional Buyer","Silver Tier","High Probability"
8359,"Medium Spend","Occasional Buyer","Bronze Tier","High Probability"
8360,"Medium Spend","Frequent Buyer","Bronze Tier","Low Probability"
8361,"High Spend","Frequent Buyer","Silver Tier","High Probability"
8362,"High Spend","Occasional Buyer","Silver Tier","High Probability"
8363,"High Spend","Frequent Buyer","Bronze Tier","High Probability"
8364,"High Spend","New Customer","Bronze Tier","Low Probability"
8365,"High Spend","Frequent Buyer","Platinum Tier","High Probability"
8366,"Medium Spend","Frequent Buyer","Silver Tier","High Probability"
8367,"High Spend","New Customer","Platinum Tier","High Probability"
8368,"Low Spend","Frequent Buyer","Silver Tier","High Probability"
8369,"Low Spend","Frequent Buyer","Silver Tier","High Probability"
8370,"High Spend","Frequent Buyer","Gold Tier","High Probability"
8371,"Medium Spend","Occasional Buyer","Silver Tier","High Probability"
8372,"High Spend","Occasional Buyer","Gold Tier","High Probability"
8373,"High Spend","Frequent Buyer","Silver Tier","High Probability"
8374,"Medium Spend","Frequent Buyer","Bronze Tier","High Probability"
8375,"High Spend","Frequent Buyer","Platinum Tier","High Probability"
8376,"High Spend","Occasional Buyer","Gold Tier","High Probability"
8377,"High Spend","Occasional Buyer","Gold Tier","High Probability"
8378,"High Spend","Frequent Buyer","Silver Tier","High Probability"
8379,"High Spend","Occasional Buyer","Gold Tier","Low Probability"
8380,"Medium Spend","Frequent Buyer","Gold Tier","High Probability"
8381,"High Spend","Occasional Buyer","Gold Tier","High Probability"
8382,"High Spend","Frequent Buyer","Silver Tier","High Probability"
8383,"High Spend","Occasional Buyer","Platinum Tier","High Probability"
8384,"High Spend","Frequent Buyer","Silver Tier","High Probability"
8385,"Medium Spend","New Customer","Silver Tier","High Probability"
8386,"Medium Spend","Frequent Buyer","Platinum Tier","High Probability"
8387,"Medium Spend","Frequent Buyer","Gold Tier","High Probability"
8388,"High Spend","Occasional Buyer","Bronze Tier","High Probability"
8389,"High Spend","Frequent Buyer","Gold Tier","High Probability"
8390,"High Spend","Occasional Buyer","Platinum Tier","High Probability"
8391,"Medium Spend","Frequent Buyer","Silver Tier","High Probability"
8392,"Medium Spend","Frequent Buyer","Gold Tier","High Probability"
8393,"High Spend","Frequent Buyer","Gold Tier","High Probability"
8394,"High Spend","Frequent Buyer","Platinum Tier","High Probability"
8395,"Medium Spend","Occasional Buyer","Gold Tier","High Probability"
8396,"Low Spend","Frequent Buyer","Gold Tier","High Probability"
8397,"High Spend","Occasional Buyer","Bronze Tier","High Probability"
8398,"Low Spend","Occasional Buyer","Gold Tier","High Probability"
8399,"High Spend","New Customer","Gold Tier","High Probability"
8400,"High Spend","Frequent Buyer","Platinum Tier","High Probability"
8401,"High Spend","Frequent Buyer","Gold Tier","High Probability"
8402,"High Spend","Frequent Buyer","Gold Tier","Low Probability"
8403,"High Spend","Frequent Buyer","Bronze Tier","High Probability"
8404,"Medium Spend","Frequent Buyer","Platinum Tier","High Probability"
8405,"High Spend","New Customer","Silver Tier","High Probability"
8406,"High Spend","New Customer","Gold Tier","High Probability"
8407,"High Spend","Frequent Buyer","Silver Tier","High Probability"
8408,"High Spend","Frequent Buyer","Platinum Tier","High Probability"
8409,"Low Spend","Frequent Buyer","Platinum Tier","High Probability"
8410,"Medium Spend","Occasional Buyer","Gold Tier","High Probability"
8411,"High Spend","New Customer","Silver Tier","High Probability"
8412,"High Spend","Occasional Buyer","Platinum Tier","High Probability"
8413,"High Spend","Frequent Buyer","Gold Tier","High Probability"
8414,"High Spend","Frequent Buyer","Platinum Tier","High Probability"
8415,"High Spend","Occasional Buyer","Platinum Tier","High Probability"
8416,"High Spend","Occasional Buyer","Platinum Tier","High Probability"
8417,"Medium Spend","Frequent Buyer","Bronze Tier","High Probability"
8418,"High Spend","Frequent Buyer","Platinum Tier","High Probability"
8419,"High Spend","Frequent Buyer","Gold Tier","High Probability"
8420,"Medium Spend","New Customer","Platinum Tier","High Probability"
8421,"High Spend","Occasional Buyer","Bronze Tier","High Probability"
8422,"High Spend","New Customer","Gold Tier","High Probability"
8423,"High Spend","Occasional Buyer","Gold Tier","High Probability"
8424,"High Spend","Frequent Buyer","Platinum Tier","High Probability"
8425,"High Spend","Frequent Buyer","Platinum Tier","High Probability"
8426,"High Spend","Frequent Buyer","Platinum Tier","High Probability"
8427,"Medium Spend","Frequent Buyer","Platinum Tier","High Probability"
8428,"High Spend","Frequent Buyer","Platinum Tier","High Probability"
8429,"High Spend","Occasional Buyer","Gold Tier","High Probability"
8430,"High Spend","Occasional Buyer","Silver Tier","High Probability"
8431,"High Spend","Frequent Buyer","Platinum Tier","High Probability"
8432,"High Spend","Frequent Buyer","Platinum Tier","High Probability"
8433,"Medium Spend","New Customer","Platinum Tier","High Probability"
8434,"Medium Spend","Frequent Buyer","Platinum Tier","High Probability"
8435,"High Spend","Frequent Buyer","Bronze Tier","High Probability"
8436,"High Spend","Frequent Buyer","Platinum Tier","High Probability"
8437,"High Spend","Occasional Buyer","Platinum Tier","Low Probability"
8438,"High Spend","Frequent Buyer","Gold Tier","High Probability"
8439,"High Spend","Frequent Buyer","Platinum Tier","High Probability"
8440,"High Spend","Occasional Buyer","Gold Tier","High Probability"
8441,"Medium Spend","Frequent Buyer","Platinum Tier","High Probability"
8442,"High Spend","Frequent Buyer","Silver Tier","High Probability"
8443,"Medium Spend","Occasional Buyer","Gold Tier","High Probability"
8444,"Medium Spend","Occasional Buyer","Silver Tier","Low Probability"
8445,"High Spend","Frequent Buyer","Platinum Tier","High Probability"
8446,"High Spend","Frequent Buyer","Platinum Tier","High Probability"
8447,"High Spend","Occasional Buyer","Silver Tier","High Probability"
8448,"Medium Spend","Frequent Buyer","Gold Tier","Low Probability"
8449,"High Spend","Occasional Buyer","Gold Tier","High Probability"
8450,"Low Spend","New Customer","Silver Tier","High Probability"
8451,"High Spend","Frequent Buyer","Gold Tier","High Probability"
8452,"High Spend","Occasional Buyer","Bronze Tier","High Probability"
8453,"High Spend","New Customer","Gold Tier","High Probability"
8454,"High Spend","Occasional Buyer","Platinum Tier","High Probability"
8455,"High Spend","Frequent Buyer","Platinum Tier","High Probability"
8456,"High Spend","Frequent Buyer","Platinum Tier","High Probability"
8457,"High Spend","Occasional Buyer","Platinum Tier","High Probability"
8458,"Medium Spend","Frequent Buyer","Platinum Tier","High Probability"
8459,"High Spend","Frequent Buyer","Platinum Tier","High Probability"
8460,"High Spend","Frequent Buyer","Gold Tier","High Probability"
8461,"High Spend","New Customer","Gold Tier","High Probability"
8462,"High Spend","Frequent Buyer","Silver Tier","High Probability"
8463,"Medium Spend","Occasional Buyer","Bronze Tier","Low Probability"
8464,"High Spend","Frequent Buyer","Silver Tier","High Probability"
8465,"High Spend","Frequent Buyer","Bronze Tier","High Probability"
8466,"High Spend","Occasional Buyer","Gold Tier","High Probability"
8467,"High Spend","Frequent Buyer","Silver Tier","High Probability"
8468,"High Spend","Frequent Buyer","Bronze Tier","High Probability"
8469,"Medium Spend","New Customer","Platinum Tier","Low Probability"
8470,"Medium Spend","Frequent Buyer","Platinum Tier","High Probability"
8471,"Medium Spend","Frequent Buyer","Gold Tier","High Probability"
8472,"High Spend","Frequent Buyer","Gold Tier","High Probability"
8473,"High Spend","Frequent Buyer","Gold Tier","High Probability"
8474,"High Spend","Frequent Buyer","Platinum Tier","High Probability"
8475,"High Spend","New Customer","Gold Tier","High Probability"
8476,"High Spend","Occasional Buyer","Bronze Tier","High Probability"
8477,"Low Spend","Frequent Buyer","Bronze Tier","High Probability"
8478,"High Spend","Frequent Buyer","Gold Tier","High Probability"
8479,"High Spend","Occasional Buyer","Platinum Tier","High Probability"
8480,"Medium Spend","Frequent Buyer","Gold Tier","High Probability"
8481,"High Spend","Frequent Buyer","Platinum Tier","High Probability"
8482,"High Spend","Frequent Buyer","Silver Tier","High Probability"
8483,"High Spend","Frequent Buyer","Gold Tier","High Probability"
8484,"High Spend","Frequent Buyer","Silver Tier","High Probability"
8485,"Medium Spend","Frequent Buyer","Platinum Tier","High Probability"
8486,"High Spend","Frequent Buyer","Gold Tier","High Probability"
8487,"Low Spend","Frequent Buyer","Silver Tier","High Probability"
8488,"Medium Spend","Occasional Buyer","Bronze Tier","Low Probability"
8489,"High Spend","Frequent Buyer","Silver Tier","High Probability"
8490,"High Spend","Occasional Buyer","Silver Tier","High Probability"
8491,"High Spend","Frequent Buyer","Bronze Tier","High Probability"
8492,"High Spend","Frequent Buyer","Gold Tier","High Probability"
8493,"High Spend","Frequent Buyer","Platinum Tier","High Probability"
8494,"High Spend","Occasional Buyer","Bronze Tier","High Probability"
8495,"High Spend","Occasional Buyer","Bronze Tier","High Probability"
8496,"High Spend","Occasional Buyer","Gold Tier","High Probability"
8497,"High Spend","Frequent Buyer","Platinum Tier","High Probability"
8498,"High Spend","Frequent Buyer","Gold Tier","High Probability"
8499,"High Spend","Frequent Buyer","Platinum Tier","High Probability"
8500,"Medium Spend","Occasional Buyer","Platinum Tier","High Probability"
8501,"Medium Spend","Frequent Buyer","Silver Tier","Low Probability"
8502,"High Spend","Occasional Buyer","Gold Tier","High Probability"
8503,"High Spend","Occasional Buyer","Gold Tier","High Probability"
8504,"High Spend","Frequent Buyer","Silver Tier","High Probability"
8505,"High Spend","Occasional Buyer","Gold Tier","High Probability"
8506,"Low Spend","Frequent Buyer","Gold Tier","High Probability"
8507,"High Spend","Frequent Buyer","Bronze Tier","High Probability"
8508,"High Spend","Frequent Buyer","Platinum Tier","High Probability"
8509,"High Spend","Frequent Buyer","Platinum Tier","High Probability"
8510,"High Spend","Frequent Buyer","Platinum Tier","High Probability"
8511,"Medium Spend","New Customer","Platinum Tier","High Probability"
8512,"High Spend","Frequent Buyer","Gold Tier","High Probability"
8513,"High Spend","Frequent Buyer","Silver Tier","High Probability"
8514,"High Spend","Frequent Buyer","Gold Tier","High Probability"
8515,"High Spend","Occasional Buyer","Bronze Tier","High Probability"
8516,"High Spend","Frequent Buyer","Platinum Tier","High Probability"
8517,"High Spend","Frequent Buyer","Silver Tier","High Probability"
8518,"High Spend","New Customer","Silver Tier","High Probability"
8519,"Medium Spend","Frequent Buyer","Gold Tier","High Probability"
8520,"High Spend","Occasional Buyer","Bronze Tier","High Probability"
8521,"Medium Spend","Occasional Buyer","Gold Tier","Low Probability"
8522,"High Spend","Occasional Buyer","Platinum Tier","High Probability"
8523,"High Spend","Frequent Buyer","Bronze Tier","High Probability"
8524,"High Spend","Occasional Buyer","Platinum Tier","High Probability"
8525,"High Spend","Frequent Buyer","Silver Tier","High Probability"
8526,"High Spend","Frequent Buyer","Gold Tier","High Probability"
8527,"Medium Spend","Frequent Buyer","Bronze Tier","High Probability"
8528,"High Spend","Occasional Buyer","Bronze Tier","High Probability"
8529,"Medium Spend","Frequent Buyer","Platinum Tier","High Probability"
8530,"High Spend","Occasional Buyer","Bronze Tier","High Probability"
8531,"High Spend","Frequent Buyer","Gold Tier","High Probability"
8532,"High Spend","Frequent Buyer","Platinum Tier","High Probability"
8533,"Medium Spend","Frequent Buyer","Gold Tier","High Probability"
8534,"High Spend","Occasional Buyer","Bronze Tier","High Probability"
8535,"High Spend","Frequent Buyer","Gold Tier","High Probability"
8536,"Medium Spend","Frequent Buyer","Silver Tier","High Probability"
8537,"High Spend","Frequent Buyer","Platinum Tier","High Probability"
8538,"High Spend","Occasional Buyer","Platinum Tier","High Probability"
8539,"High Spend","Frequent Buyer","Platinum Tier","High Probability"
8540,"High Spend","Occasional Buyer","Silver Tier","High Probability"
8541,"High Spend","Frequent Buyer","Gold Tier","High Probability"
8542,"High Spend","Frequent Buyer","Bronze Tier","High Probability"
8543,"Medium Spend","Frequent Buyer","Gold Tier","High Probability"
8544,"High Spend","Frequent Buyer","Platinum Tier","High Probability"
8545,"Medium Spend","Frequent Buyer","Silver Tier","High Probability"
8546,"Medium Spend","Frequent Buyer","Bronze Tier","High Probability"
8547,"Medium Spend","Occasional Buyer","Gold Tier","High Probability"
8548,"High Spend","Occasional Buyer","Bronze Tier","High Probability"
8549,"High Spend","Frequent Buyer","Silver Tier","High Probability"
8550,"High Spend","Frequent Buyer","Bronze Tier","High Probability"
8551,"High Spend","Frequent Buyer","Silver Tier","High Probability"
8552,"High Spend","Frequent Buyer","Bronze Tier","High Probability"
8553,"High Spend","Frequent Buyer","Gold Tier","High Probability"
8554,"High Spend","Frequent Buyer","Gold Tier","High Probability"
8555,"High Spend","Frequent Buyer","Silver Tier","High Probability"
8556,"High Spend","Occasional Buyer","Silver Tier","High Probability"
8557,"High Spend","Occasional Buyer","Platinum Tier","High Probability"
8558,"High Spend","Frequent Buyer","Platinum Tier","High Probability"
8559,"High Spend","New Customer","Platinum Tier","High Probability"
8560,"Medium Spend","New Customer","Platinum Tier","Low Probability"
8561,"Medium Spend","Frequent Buyer","Bronze Tier","Low Probability"
8562,"High Spend","Frequent Buyer","Platinum Tier","High Probability"
8563,"High Spend","New Customer","Platinum Tier","High Probability"
8564,"High Spend","Frequent Buyer","Platinum Tier","Low Probability"
8565,"High Spend","Frequent Buyer","Platinum Tier","High Probability"
8566,"Medium Spend","New Customer","Silver Tier","High Probability"
8567,"High Spend","Frequent Buyer","Silver Tier","High Probability"
8568,"High Spend","Frequent Buyer","Silver Tier","High Probability"
8569,"High Spend","Occasional Buyer","Silver Tier","High Probability"
8570,"High Spend","Frequent Buyer","Gold Tier","High Probability"
8571,"High Spend","Frequent Buyer","Silver Tier","High Probability"
8572,"Medium Spend","Occasional Buyer","Silver Tier","High Probability"
8573,"High Spend","Occasional Buyer","Silver Tier","High Probability"
8574,"High Spend","Frequent Buyer","Platinum Tier","High Probability"
8575,"High Spend","Frequent Buyer","Platinum Tier","High Probability"
8576,"High Spend","Frequent Buyer","Silver Tier","High Probability"
8577,"High Spend","Occasional Buyer","Gold Tier","High Probability"
8578,"Medium Spend","Occasional Buyer","Silver Tier","Low Probability"
8579,"High Spend","Frequent Buyer","Silver Tier","High Probability"
8580,"High Spend","New Customer","Gold Tier","Low Probability"
8581,"Medium Spend","Frequent Buyer","Silver Tier","High Probability"
8582,"High Spend","Frequent Buyer","Platinum Tier","High Probability"
8583,"High Spend","Occasional Buyer","Gold Tier","High Probability"
8584,"High Spend","Frequent Buyer","Gold Tier","High Probability"
8585,"Low Spend","Occasional Buyer","Silver Tier","High Probability"
8586,"High Spend","Frequent Buyer","Silver Tier","High Probability"
8587,"High Spend","Frequent Buyer","Bronze Tier","High Probability"
8588,"High Spend","Frequent Buyer","Platinum Tier","High Probability"
8589,"High Spend","Occasional Buyer","Platinum Tier","High Probability"
8590,"Low Spend","Occasional Buyer","Silver Tier","High Probability"
8591,"High Spend","New Customer","Bronze Tier","Low Probability"
8592,"High Spend","New Customer","Silver Tier","High Probability"
8593,"High Spend","Frequent Buyer","Gold Tier","High Probability"
8594,"Medium Spend","Frequent Buyer","Platinum Tier","High Probability"
8595,"High Spend","Frequent Buyer","Gold Tier","High Probability"
8596,"High Spend","Frequent Buyer","Gold Tier","High Probability"
8597,"High Spend","Occasional Buyer","Gold Tier","High Probability"
8598,"High Spend","Frequent Buyer","Gold Tier","High Probability"
8599,"High Spend","Frequent Buyer","Bronze Tier","High Probability"
8600,"Medium Spend","Frequent Buyer","Silver Tier","High Probability"
8601,"High Spend","Occasional Buyer","Platinum Tier","High Probability"
8602,"High Spend","Frequent Buyer","Platinum Tier","High Probability"
8603,"Low Spend","Occasional Buyer","Gold Tier","High Probability"
8604,"Low Spend","Occasional Buyer","Platinum Tier","High Probability"
8605,"High Spend","Frequent Buyer","Gold Tier","High Probability"
8606,"Medium Spend","Frequent Buyer","Platinum Tier","High Probability"
8607,"High Spend","New Customer","Bronze Tier","High Probability"
8608,"High Spend","Frequent Buyer","Gold Tier","High Probability"
8609,"High Spend","Frequent Buyer","Bronze Tier","High Probability"
8610,"High Spend","Frequent Buyer","Silver Tier","High Probability"
8611,"High Spend","Occasional Buyer","Platinum Tier","High Probability"
8612,"High Spend","Occasional Buyer","Platinum Tier","High Probability"
8613,"High Spend","Occasional Buyer","Gold Tier","High Probability"
8614,"High Spend","Frequent Buyer","Gold Tier","High Probability"
8615,"Medium Spend","Frequent Buyer","Platinum Tier","Low Probability"
8616,"High Spend","Frequent Buyer","Platinum Tier","High Probability"
8617,"High Spend","Frequent Buyer","Gold Tier","High Probability"
8618,"High Spend","Occasional Buyer","Silver Tier","High Probability"
8619,"High Spend","Occasional Buyer","Platinum Tier","High Probability"
8620,"High Spend","Frequent Buyer","Platinum Tier","High Probability"
8621,"High Spend","Frequent Buyer","Gold Tier","High Probability"
8622,"High Spend","Frequent Buyer","Gold Tier","High Probability"
8623,"High Spend","Frequent Buyer","Bronze Tier","High Probability"
8624,"High Spend","Occasional Buyer","Gold Tier","High Probability"
8625,"Medium Spend","Occasional Buyer","Gold Tier","High Probability"
8626,"High Spend","Frequent Buyer","Platinum Tier","High Probability"
8627,"High Spend","Frequent Buyer","Platinum Tier","High Probability"
8628,"High Spend","Frequent Buyer","Gold Tier","High Probability"
8629,"High Spend","Frequent Buyer","Gold Tier","High Probability"
8630,"High Spend","New Customer","Silver Tier","High Probability"
8631,"High Spend","Frequent Buyer","Platinum Tier","High Probability"
8632,"High Spend","Occasional Buyer","Silver Tier","High Probability"
8633,"Medium Spend","Occasional Buyer","Silver Tier","High Probability"
8634,"High Spend","Frequent Buyer","Silver Tier","High Probability"
8635,"High Spend","New Customer","Silver Tier","High Probability"
8636,"Medium Spend","Frequent Buyer","Platinum Tier","Low Probability"
8637,"High Spend","Frequent Buyer","Platinum Tier","High Probability"
8638,"High Spend","Occasional Buyer","Platinum Tier","Low Probability"
8639,"Low Spend","Frequent Buyer","Platinum Tier","High Probability"
8640,"Medium Spend","Frequent Buyer","Platinum Tier","High Probability"
8641,"High Spend","Frequent Buyer","Platinum Tier","High Probability"
8642,"High Spend","Frequent Buyer","Platinum Tier","High Probability"
8643,"High Spend","Frequent Buyer","Platinum Tier","High Probability"
8644,"High Spend","Frequent Buyer","Platinum Tier","High Probability"
8645,"High Spend","Frequent Buyer","Gold Tier","High Probability"
8646,"High Spend","Frequent Buyer","Platinum Tier","High Probability"
8647,"High Spend","Frequent Buyer","Platinum Tier","High Probability"
8648,"High Spend","Frequent Buyer","Platinum Tier","High Probability"
8649,"High Spend","Occasional Buyer","Platinum Tier","High Probability"
8650,"Medium Spend","Frequent Buyer","Bronze Tier","High Probability"
8651,"High Spend","Occasional Buyer","Gold Tier","High Probability"
8652,"High Spend","Frequent Buyer","Bronze Tier","High Probability"
8653,"High Spend","Occasional Buyer","Gold Tier","High Probability"
8654,"High Spend","Frequent Buyer","Platinum Tier","High Probability"
8655,"High Spend","Frequent Buyer","Platinum Tier","High Probability"
8656,"High Spend","Frequent Buyer","Gold Tier","High Probability"
8657,"High Spend","Occasional Buyer","Gold Tier","High Probability"
8658,"High Spend","Occasional Buyer","Bronze Tier","High Probability"
8659,"High Spend","Occasional Buyer","Gold Tier","High Probability"
8660,"High Spend","Frequent Buyer","Platinum Tier","Low Probability"
8661,"High Spend","Frequent Buyer","Platinum Tier","High Probability"
8662,"High Spend","Occasional Buyer","Gold Tier","High Probability"
8663,"High Spend","Occasional Buyer","Bronze Tier","High Probability"
8664,"High Spend","Frequent Buyer","Silver Tier","High Probability"
8665,"High Spend","Occasional Buyer","Bronze Tier","High Probability"
8666,"High Spend","Frequent Buyer","Silver Tier","High Probability"
8667,"High Spend","Occasional Buyer","Silver Tier","Low Probability"
8668,"High Spend","Frequent Buyer","Bronze Tier","High Probability"
8669,"High Spend","Frequent Buyer","Platinum Tier","High Probability"
8670,"High Spend","Frequent Buyer","Silver Tier","High Probability"
8671,"High Spend","Frequent Buyer","Platinum Tier","High Probability"
8672,"High Spend","Frequent Buyer","Gold Tier","High Probability"
8673,"High Spend","Occasional Buyer","Platinum Tier","High Probability"
8674,"Low Spend","Frequent Buyer","Silver Tier","High Probability"
8675,"High Spend","Occasional Buyer","Silver Tier","High Probability"
8676,"High Spend","Occasional Buyer","Bronze Tier","High Probability"
8677,"High Spend","Occasional Buyer","Platinum Tier","High Probability"
8678,"High Spend","Occasional Buyer","Gold Tier","High Probability"
8679,"High Spend","Frequent Buyer","Gold Tier","High Probability"
8680,"High Spend","Frequent Buyer","Platinum Tier","High Probability"
8681,"Low Spend","Frequent Buyer","Silver Tier","High Probability"
8682,"High Spend","Frequent Buyer","Gold Tier","High Probability"
8683,"High Spend","Occasional Buyer","Bronze Tier","High Probability"
8684,"High Spend","Occasional Buyer","Silver Tier","High Probability"
8685,"High Spend","New Customer","Silver Tier","Low Probability"
8686,"Low Spend","Frequent Buyer","Bronze Tier","High Probability"
8687,"High Spend","Occasional Buyer","Platinum Tier","High Probability"
8688,"Medium Spend","Occasional Buyer","Gold Tier","Low Probability"
8689,"Medium Spend","Frequent Buyer","Silver Tier","High Probability"
8690,"High Spend","Frequent Buyer","Silver Tier","High Probability"
8691,"Medium Spend","Frequent Buyer","Platinum Tier","High Probability"
8692,"High Spend","Occasional Buyer","Bronze Tier","High Probability"
8693,"High Spend","Frequent Buyer","Platinum Tier","Low Probability"
8694,"High Spend","New Customer","Silver Tier","High Probability"
8695,"High Spend","Frequent Buyer","Platinum Tier","High Probability"
8696,"High Spend","Frequent Buyer","Platinum Tier","High Probability"
8697,"High Spend","Occasional Buyer","Platinum Tier","High Probability"
8698,"High Spend","Frequent Buyer","Bronze Tier","High Probability"
8699,"Medium Spend","Frequent Buyer","Bronze Tier","High Probability"
8700,"High Spend","Occasional Buyer","Platinum Tier","High Probability"
8701,"High Spend","Frequent Buyer","Silver Tier","High Probability"
8702,"Medium Spend","Occasional Buyer","Platinum Tier","High Probability"
8703,"High Spend","Occasional Buyer","Silver Tier","High Probability"
8704,"Medium Spend","Occasional Buyer","Gold Tier","High Probability"
8705,"High Spend","Frequent Buyer","Gold Tier","High Probability"
8706,"Medium Spend","Occasional Buyer","Gold Tier","Low Probability"
8707,"Medium Spend","Frequent Buyer","Bronze Tier","Low Probability"
8708,"High Spend","Occasional Buyer","Gold Tier","High Probability"
8709,"High Spend","Frequent Buyer","Bronze Tier","High Probability"
8710,"High Spend","New Customer","Gold Tier","High Probability"
8711,"High Spend","New Customer","Platinum Tier","High Probability"
8712,"High Spend","Frequent Buyer","Silver Tier","High Probability"
8713,"High Spend","Frequent Buyer","Bronze Tier","High Probability"
8714,"High Spend","Frequent Buyer","Platinum Tier","High Probability"
8715,"High Spend","Frequent Buyer","Bronze Tier","High Probability"
8716,"High Spend","Frequent Buyer","Platinum Tier","High Probability"
8717,"Medium Spend","Frequent Buyer","Bronze Tier","High Probability"
8718,"High Spend","Occasional Buyer","Silver Tier","High Probability"
8719,"Medium Spend","Frequent Buyer","Silver Tier","High Probability"
8720,"High Spend","Frequent Buyer","Gold Tier","High Probability"
8721,"Medium Spend","Occasional Buyer","Gold Tier","High Probability"
8722,"High Spend","Frequent Buyer","Platinum Tier","High Probability"
8723,"High Spend","Frequent Buyer","Platinum Tier","Low Probability"
8724,"High Spend","Frequent Buyer","Platinum Tier","High Probability"
8725,"Medium Spend","Frequent Buyer","Platinum Tier","High Probability"
8726,"High Spend","New Customer","Bronze Tier","High Probability"
8727,"Medium Spend","Occasional Buyer","Silver Tier","Low Probability"
8728,"High Spend","Frequent Buyer","Platinum Tier","High Probability"
8729,"High Spend","Frequent Buyer","Gold Tier","High Probability"
8730,"High Spend","Frequent Buyer","Platinum Tier","High Probability"
8731,"Medium Spend","Occasional Buyer","Gold Tier","High Probability"
8732,"Medium Spend","Frequent Buyer","Bronze Tier","High Probability"
8733,"High Spend","Frequent Buyer","Gold Tier","High Probability"
8734,"Medium Spend","Frequent Buyer","Bronze Tier","Low Probability"
8735,"Medium Spend","Occasional Buyer","Gold Tier","High Probability"
8736,"High Spend","Frequent Buyer","Platinum Tier","High Probability"
8737,"High Spend","New Customer","Gold Tier","High Probability"
8738,"Medium Spend","Occasional Buyer","Gold Tier","High Probability"
8739,"High Spend","Frequent Buyer","Platinum Tier","High Probability"
8740,"High Spend","Frequent Buyer","Bronze Tier","High Probability"
8741,"Medium Spend","Occasional Buyer","Platinum Tier","High Probability"
8742,"High Spend","Frequent Buyer","Silver Tier","High Probability"
8743,"High Spend","New Customer","Gold Tier","High Probability"
8744,"High Spend","Frequent Buyer","Gold Tier","High Probability"
8745,"Medium Spend","Frequent Buyer","Platinum Tier","High Probability"
8746,"High Spend","Frequent Buyer","Gold Tier","High Probability"
8747,"High Spend","Occasional Buyer","Gold Tier","High Probability"
8748,"High Spend","Occasional Buyer","Gold Tier","High Probability"
8749,"Medium Spend","Occasional Buyer","Platinum Tier","High Probability"
8750,"Low Spend","Frequent Buyer","Gold Tier","High Probability"
8751,"High Spend","Occasional Buyer","Platinum Tier","High Probability"
8752,"High Spend","Frequent Buyer","Platinum Tier","High Probability"
8753,"High Spend","Frequent Buyer","Platinum Tier","High Probability"
8754,"High Spend","New Customer","Gold Tier","High Probability"
8755,"High Spend","Frequent Buyer","Platinum Tier","Low Probability"
8756,"High Spend","Occasional Buyer","Bronze Tier","High Probability"
8757,"High Spend","Occasional Buyer","Gold Tier","High Probability"
8758,"High Spend","Occasional Buyer","Gold Tier","High Probability"
8759,"High Spend","Frequent Buyer","Bronze Tier","Low Probability"
8760,"High Spend","Occasional Buyer","Silver Tier","High Probability"
8761,"High Spend","Frequent Buyer","Platinum Tier","High Probability"
8762,"High Spend","Frequent Buyer","Bronze Tier","High Probability"
8763,"High Spend","Frequent Buyer","Bronze Tier","High Probability"
8764,"High Spend","Occasional Buyer","Bronze Tier","High Probability"
8765,"High Spend","Frequent Buyer","Gold Tier","High Probability"
8766,"High Spend","Occasional Buyer","Bronze Tier","High Probability"
8767,"Low Spend","Frequent Buyer","Gold Tier","High Probability"
8768,"High Spend","Occasional Buyer","Gold Tier","High Probability"
8769,"Medium Spend","Frequent Buyer","Platinum Tier","High Probability"
8770,"High Spend","Occasional Buyer","Gold Tier","High Probability"
8771,"High Spend","Frequent Buyer","Platinum Tier","High Probability"
8772,"High Spend","Occasional Buyer","Gold Tier","High Probability"
8773,"High Spend","Occasional Buyer","Platinum Tier","High Probability"
8774,"High Spend","Frequent Buyer","Gold Tier","High Probability"
8775,"High Spend","Frequent Buyer","Bronze Tier","Low Probability"
8776,"Medium Spend","Frequent Buyer","Silver Tier","High Probability"
8777,"High Spend","Frequent Buyer","Platinum Tier","High Probability"
8778,"Medium Spend","Occasional Buyer","Platinum Tier","High Probability"
8779,"Medium Spend","Occasional Buyer","Gold Tier","High Probability"
8780,"Medium Spend","Occasional Buyer","Gold Tier","High Probability"
8781,"Low Spend","Occasional Buyer","Platinum Tier","High Probability"
8782,"High Spend","Frequent Buyer","Silver Tier","High Probability"
8783,"High Spend","Frequent Buyer","Gold Tier","High Probability"
8784,"Medium Spend","Occasional Buyer","Platinum Tier","High Probability"
8785,"High Spend","Frequent Buyer","Gold Tier","High Probability"
8786,"Medium Spend","Frequent Buyer","Platinum Tier","High Probability"
8787,"High Spend","Occasional Buyer","Gold Tier","High Probability"
8788,"High Spend","Occasional Buyer","Silver Tier","High Probability"
8789,"Low Spend","Frequent Buyer","Gold Tier","High Probability"
8790,"High Spend","Frequent Buyer","Silver Tier","High Probability"
8791,"High Spend","Frequent Buyer","Platinum Tier","High Probability"
8792,"High Spend","Frequent Buyer","Platinum Tier","High Probability"
8793,"High Spend","Occasional Buyer","Bronze Tier","High Probability"
8794,"High Spend","Occasional Buyer","Gold Tier","High Probability"
8795,"High Spend","Frequent Buyer","Silver Tier","High Probability"
8796,"Medium Spend","New Customer","Platinum Tier","High Probability"
8797,"Medium Spend","New Customer","Platinum Tier","High Probability"
8798,"High Spend","Frequent Buyer","Bronze Tier","High Probability"
8799,"Medium Spend","Occasional Buyer","Platinum Tier","High Probability"
8800,"Medium Spend","Frequent Buyer","Gold Tier","High Probability"
8801,"High Spend","Occasional Buyer","Platinum Tier","High Probability"
8802,"High Spend","Frequent Buyer","Silver Tier","High Probability"
8803,"High Spend","New Customer","Bronze Tier","High Probability"
8804,"High Spend","Frequent Buyer","Platinum Tier","High Probability"
8805,"High Spend","Occasional Buyer","Platinum Tier","High Probability"
8806,"Medium Spend","Occasional Buyer","Gold Tier","High Probability"
8807,"High Spend","Frequent Buyer","Platinum Tier","High Probability"
8808,"High Spend","Frequent Buyer","Platinum Tier","High Probability"
8809,"High Spend","Frequent Buyer","Gold Tier","High Probability"
8810,"Medium Spend","New Customer","Platinum Tier","Low Probability"
8811,"High Spend","Frequent Buyer","Gold Tier","High Probability"
8812,"Medium Spend","Occasional Buyer","Gold Tier","High Probability"
8813,"High Spend","Frequent Buyer","Silver Tier","High Probability"
8814,"High Spend","Frequent Buyer","Platinum Tier","High Probability"
8815,"Medium Spend","Frequent Buyer","Platinum Tier","High Probability"
8816,"High Spend","Occasional Buyer","Gold Tier","High Probability"
8817,"High Spend","Occasional Buyer","Bronze Tier","High Probability"
8818,"Medium Spend","Frequent Buyer","Bronze Tier","High Probability"
8819,"Medium Spend","Occasional Buyer","Platinum Tier","High Probability"
8820,"Low Spend","Frequent Buyer","Silver Tier","High Probability"
8821,"High Spend","Occasional Buyer","Gold Tier","High Probability"
8822,"High Spend","Frequent Buyer","Gold Tier","High Probability"
8823,"High Spend","Occasional Buyer","Platinum Tier","High Probability"
8824,"Medium Spend","Frequent Buyer","Silver Tier","High Probability"
8825,"Medium Spend","Frequent Buyer","Bronze Tier","High Probability"
8826,"High Spend","Frequent Buyer","Platinum Tier","High Probability"
8827,"High Spend","Frequent Buyer","Gold Tier","High Probability"
8828,"High Spend","Frequent Buyer","Gold Tier","High Probability"
8829,"High Spend","Occasional Buyer","Bronze Tier","High Probability"
8830,"High Spend","New Customer","Gold Tier","High Probability"
8831,"Medium Spend","Occasional Buyer","Bronze Tier","Low Probability"
8832,"High Spend","Occasional Buyer","Platinum Tier","High Probability"
8833,"High Spend","Frequent Buyer","Platinum Tier","High Probability"
8834,"Medium Spend","Frequent Buyer","Silver Tier","High Probability"
8835,"High Spend","Occasional Buyer","Bronze Tier","High Probability"
8836,"High Spend","Frequent Buyer","Bronze Tier","High Probability"
8837,"High Spend","Occasional Buyer","Gold Tier","High Probability"
8838,"High Spend","New Customer","Bronze Tier","High Probability"
8839,"High Spend","Frequent Buyer","Bronze Tier","Low Probability"
8840,"High Spend","Frequent Buyer","Silver Tier","High Probability"
8841,"High Spend","Occasional Buyer","Gold Tier","High Probability"
8842,"High Spend","Frequent Buyer","Silver Tier","High Probability"
8843,"Low Spend","Frequent Buyer","Gold Tier","High Probability"
8844,"High Spend","New Customer","Bronze Tier","High Probability"
8845,"High Spend","Frequent Buyer","Platinum Tier","High Probability"
8846,"High Spend","Occasional Buyer","Gold Tier","High Probability"
8847,"High Spend","Occasional Buyer","Gold Tier","High Probability"
8848,"Low Spend","Occasional Buyer","Gold Tier","High Probability"
8849,"Medium Spend","New Customer","Silver Tier","High Probability"
8850,"High Spend","Occasional Buyer","Gold Tier","High Probability"
8851,"High Spend","Frequent Buyer","Silver Tier","High Probability"
8852,"Medium Spend","Occasional Buyer","Platinum Tier","High Probability"
8853,"Medium Spend","Occasional Buyer","Silver Tier","Low Probability"
8854,"High Spend","Frequent Buyer","Gold Tier","High Probability"
8855,"Low Spend","Frequent Buyer","Platinum Tier","High Probability"
8856,"High Spend","Frequent Buyer","Platinum Tier","High Probability"
8857,"Medium Spend","New Customer","Silver Tier","High Probability"
8858,"High Spend","Occasional Buyer","Bronze Tier","High Probability"
8859,"Medium Spend","Frequent Buyer","Platinum Tier","High Probability"
8860,"High Spend","Frequent Buyer","Bronze Tier","High Probability"
8861,"High Spend","Frequent Buyer","Silver Tier","High Probability"
8862,"Medium Spend","Frequent Buyer","Platinum Tier","High Probability"
8863,"High Spend","Frequent Buyer","Bronze Tier","Low Probability"
8864,"High Spend","Frequent Buyer","Bronze Tier","High Probability"
8865,"Medium Spend","Frequent Buyer","Platinum Tier","High Probability"
8866,"High Spend","Frequent Buyer","Gold Tier","High Probability"
8867,"High Spend","Occasional Buyer","Gold Tier","High Probability"
8868,"High Spend","New Customer","Gold Tier","High Probability"
8869,"Medium Spend","Frequent Buyer","Silver Tier","High Probability"
8870,"High Spend","Frequent Buyer","Bronze Tier","High Probability"
8871,"Medium Spend","Frequent Buyer","Platinum Tier","High Probability"
8872,"High Spend","Frequent Buyer","Gold Tier","High Probability"
8873,"High Spend","Occasional Buyer","Silver Tier","High Probability"
8874,"High Spend","New Customer","Platinum Tier","High Probability"
8875,"High Spend","Frequent Buyer","Platinum Tier","High Probability"
8876,"Medium Spend","Frequent Buyer","Platinum Tier","High Probability"
8877,"High Spend","Frequent Buyer","Platinum Tier","High Probability"
8878,"Medium Spend","Occasional Buyer","Gold Tier","Low Probability"
8879,"High Spend","Frequent Buyer","Bronze Tier","High Probability"
8880,"High Spend","Frequent Buyer","Gold Tier","High Probability"
8881,"High Spend","Frequent Buyer","Gold Tier","High Probability"
8882,"Medium Spend","Frequent Buyer","Gold Tier","High Probability"
8883,"High Spend","Occasional Buyer","Silver Tier","High Probability"
8884,"High Spend","Frequent Buyer","Silver Tier","High Probability"
8885,"High Spend","Frequent Buyer","Gold Tier","High Probability"
8886,"High Spend","Frequent Buyer","Gold Tier","High Probability"
8887,"Medium Spend","Frequent Buyer","Silver Tier","High Probability"
8888,"High Spend","Frequent Buyer","Gold Tier","High Probability"
8889,"High Spend","Occasional Buyer","Gold Tier","Low Probability"
8890,"Medium Spend","Occasional Buyer","Gold Tier","High Probability"
8891,"Medium Spend","Frequent Buyer","Silver Tier","High Probability"
8892,"High Spend","Frequent Buyer","Gold Tier","High Probability"
8893,"High Spend","Frequent Buyer","Silver Tier","High Probability"
8894,"Medium Spend","Frequent Buyer","Platinum Tier","High Probability"
8895,"Medium Spend","New Customer","Bronze Tier","High Probability"
8896,"High Spend","Occasional Buyer","Silver Tier","High Probability"
8897,"High Spend","New Customer","Platinum Tier","High Probability"
8898,"High Spend","Frequent Buyer","Silver Tier","High Probability"
8899,"High Spend","Occasional Buyer","Gold Tier","High Probability"
8900,"Medium Spend","Frequent Buyer","Silver Tier","High Probability"
8901,"High Spend","Frequent Buyer","Gold Tier","High Probability"
8902,"Medium Spend","New Customer","Gold Tier","High Probability"
8903,"High Spend","Frequent Buyer","Bronze Tier","High Probability"
8904,"Medium Spend","Frequent Buyer","Silver Tier","High Probability"
8905,"High Spend","Frequent Buyer","Gold Tier","High Probability"
8906,"High Spend","Occasional Buyer","Gold Tier","High Probability"
8907,"High Spend","Frequent Buyer","Silver Tier","High Probability"
8908,"High Spend","Frequent Buyer","Gold Tier","High Probability"
8909,"High Spend","Frequent Buyer","Platinum Tier","High Probability"
8910,"High Spend","Occasional Buyer","Platinum Tier","High Probability"
8911,"High Spend","Occasional Buyer","Bronze Tier","Low Probability"
8912,"Medium Spend","Occasional Buyer","Bronze Tier","High Probability"
8913,"High Spend","Occasional Buyer","Gold Tier","High Probability"
8914,"Medium Spend","New Customer","Gold Tier","Low Probability"
8915,"High Spend","New Customer","Gold Tier","High Probability"
8916,"Medium Spend","Frequent Buyer","Bronze Tier","High Probability"
8917,"High Spend","Frequent Buyer","Silver Tier","High Probability"
8918,"High Spend","Frequent Buyer","Gold Tier","High Probability"
8919,"Medium Spend","Frequent Buyer","Bronze Tier","Low Probability"
8920,"High Spend","Occasional Buyer","Platinum Tier","High Probability"
8921,"High Spend","Occasional Buyer","Gold Tier","High Probability"
8922,"Medium Spend","Frequent Buyer","Silver Tier","High Probability"
8923,"High Spend","Frequent Buyer","Bronze Tier","High Probability"
8924,"High Spend","Occasional Buyer","Bronze Tier","High Probability"
8925,"Medium Spend","Frequent Buyer","Silver Tier","High Probability"
8926,"High Spend","Occasional Buyer","Gold Tier","High Probability"
8927,"High Spend","Occasional Buyer","Gold Tier","High Probability"
8928,"Medium Spend","Occasional Buyer","Platinum Tier","High Probability"
8929,"High Spend","Occasional Buyer","Bronze Tier","High Probability"
8930,"High Spend","New Customer","Platinum Tier","High Probability"
8931,"High Spend","Frequent Buyer","Gold Tier","High Probability"
8932,"High Spend","Frequent Buyer","Bronze Tier","High Probability"
8933,"High Spend","Frequent Buyer","Platinum Tier","High Probability"
8934,"High Spend","Frequent Buyer","Gold Tier","High Probability"
8935,"High Spend","New Customer","Silver Tier","High Probability"
8936,"Medium Spend","Frequent Buyer","Bronze Tier","High Probability"
8937,"High Spend","Frequent Buyer","Gold Tier","High Probability"
8938,"High Spend","Occasional Buyer","Silver Tier","High Probability"
8939,"Medium Spend","Frequent Buyer","Platinum Tier","High Probability"
8940,"High Spend","Frequent Buyer","Platinum Tier","High Probability"
8941,"High Spend","Occasional Buyer","Silver Tier","High Probability"
8942,"High Spend","Frequent Buyer","Silver Tier","High Probability"
8943,"High Spend","Occasional Buyer","Gold Tier","High Probability"
8944,"Medium Spend","Frequent Buyer","Silver Tier","Low Probability"
8945,"High Spend","Frequent Buyer","Silver Tier","High Probability"
8946,"High Spend","Frequent Buyer","Bronze Tier","High Probability"
8947,"High Spend","Frequent Buyer","Silver Tier","High Probability"
8948,"Low Spend","Occasional Buyer","Silver Tier","High Probability"
8949,"High Spend","Frequent Buyer","Gold Tier","High Probability"
8950,"High Spend","Occasional Buyer","Silver Tier","High Probability"
8951,"Low Spend","Frequent Buyer","Gold Tier","High Probability"
8952,"High Spend","Frequent Buyer","Gold Tier","High Probability"
8953,"High Spend","Frequent Buyer","Gold Tier","High Probability"
8954,"High Spend","Frequent Buyer","Platinum Tier","High Probability"
8955,"High Spend","Occasional Buyer","Bronze Tier","High Probability"
8956,"High Spend","Frequent Buyer","Platinum Tier","High Probability"
8957,"High Spend","Frequent Buyer","Bronze Tier","High Probability"
8958,"High Spend","Frequent Buyer","Platinum Tier","High Probability"
8959,"High Spend","Occasional Buyer","Platinum Tier","High Probability"
8960,"High Spend","Frequent Buyer","Gold Tier","High Probability"
8961,"High Spend","Frequent Buyer","Bronze Tier","High Probability"
8962,"High Spend","Frequent Buyer","Platinum Tier","High Probability"
8963,"High Spend","Occasional Buyer","Gold Tier","Low Probability"
8964,"Medium Spend","Frequent Buyer","Platinum Tier","High Probability"
8965,"High Spend","Frequent Buyer","Gold Tier","High Probability"
8966,"High Spend","Frequent Buyer","Silver Tier","High Probability"
8967,"High Spend","Frequent Buyer","Gold Tier","Low Probability"
8968,"Medium Spend","Occasional Buyer","Silver Tier","High Probability"
8969,"High Spend","Frequent Buyer","Platinum Tier","High Probability"
8970,"Medium Spend","Frequent Buyer","Platinum Tier","High Probability"
8971,"High Spend","Frequent Buyer","Bronze Tier","High Probability"
8972,"High Spend","Frequent Buyer","Gold Tier","High Probability"
8973,"High Spend","Frequent Buyer","Gold Tier","High Probability"
8974,"Medium Spend","New Customer","Gold Tier","Low Probability"
8975,"Medium Spend","Frequent Buyer","Gold Tier","High Probability"
8976,"High Spend","Occasional Buyer","Gold Tier","High Probability"
8977,"High Spend","Frequent Buyer","Silver Tier","High Probability"
8978,"High Spend","Frequent Buyer","Platinum Tier","High Probability"
8979,"High Spend","Occasional Buyer","Silver Tier","Low Probability"
8980,"High Spend","Occasional Buyer","Silver Tier","High Probability"
8981,"Low Spend","Occasional Buyer","Gold Tier","High Probability"
8982,"High Spend","Frequent Buyer","Silver Tier","High Probability"
8983,"High Spend","Frequent Buyer","Platinum Tier","High Probability"
8984,"High Spend","Frequent Buyer","Gold Tier","High Probability"
8985,"High Spend","Occasional Buyer","Platinum Tier","High Probability"
8986,"High Spend","Occasional Buyer","Platinum Tier","High Probability"
8987,"High Spend","Frequent Buyer","Platinum Tier","High Probability"
8988,"High Spend","Occasional Buyer","Platinum Tier","High Probability"
8989,"Low Spend","Frequent Buyer","Gold Tier","Low Probability"
8990,"High Spend","New Customer","Bronze Tier","High Probability"
8991,"High Spend","Frequent Buyer","Gold Tier","High Probability"
8992,"High Spend","Occasional Buyer","Gold Tier","High Probability"
8993,"High Spend","Frequent Buyer","Bronze Tier","High Probability"
8994,"Medium Spend","Occasional Buyer","Silver Tier","High Probability"
8995,"High Spend","New Customer","Gold Tier","High Probability"
8996,"Medium Spend","Frequent Buyer","Platinum Tier","High Probability"
8997,"High Spend","New Customer","Bronze Tier","High Probability"
8998,"Medium Spend","Frequent Buyer","Platinum Tier","High Probability"
8999,"Medium Spend","Frequent Buyer","Gold Tier","High Probability"
9000,"High Spend","Frequent Buyer","Silver Tier","High Probability"
9001,"High Spend","Frequent Buyer","Gold Tier","High Probability"
9002,"High Spend","Frequent Buyer","Platinum Tier","High Probability"
9003,"High Spend","Frequent Buyer","Gold Tier","High Probability"
9004,"Medium Spend","New Customer","Platinum Tier","Low Probability"
9005,"Low Spend","Occasional Buyer","Gold Tier","Low Probability"
9006,"High Spend","Occasional Buyer","Gold Tier","High Probability"
9007,"High Spend","Occasional Buyer","Bronze Tier","High Probability"
9008,"High Spend","Frequent Buyer","Platinum Tier","High Probability"
9009,"Medium Spend","Frequent Buyer","Silver Tier","Low Probability"
9010,"High Spend","Occasional Buyer","Silver Tier","High Probability"
9011,"High Spend","Frequent Buyer","Gold Tier","High Probability"
9012,"High Spend","Frequent Buyer","Gold Tier","High Probability"
9013,"Medium Spend","Frequent Buyer","Bronze Tier","High Probability"
9014,"High Spend","Occasional Buyer","Platinum Tier","High Probability"
9015,"High Spend","Occasional Buyer","Bronze Tier","High Probability"
9016,"High Spend","Occasional Buyer","Bronze Tier","High Probability"
9017,"High Spend","New Customer","Gold Tier","High Probability"
9018,"High Spend","Frequent Buyer","Platinum Tier","High Probability"
9019,"High Spend","New Customer","Gold Tier","High Probability"
9020,"High Spend","Occasional Buyer","Silver Tier","High Probability"
9021,"High Spend","Frequent Buyer","Gold Tier","High Probability"
9022,"High Spend","Frequent Buyer","Platinum Tier","High Probability"
9023,"High Spend","Frequent Buyer","Silver Tier","High Probability"
9024,"High Spend","Occasional Buyer","Platinum Tier","High Probability"
9025,"High Spend","New Customer","Gold Tier","High Probability"
9026,"Medium Spend","Occasional Buyer","Gold Tier","Low Probability"
9027,"High Spend","Occasional Buyer","Platinum Tier","High Probability"
9028,"Medium Spend","Frequent Buyer","Platinum Tier","High Probability"
9029,"High Spend","Occasional Buyer","Platinum Tier","High Probability"
9030,"Medium Spend","Frequent Buyer","Platinum Tier","High Probability"
9031,"High Spend","Frequent Buyer","Silver Tier","Low Probability"
9032,"Low Spend","Occasional Buyer","Bronze Tier","Low Probability"
9033,"High Spend","Frequent Buyer","Gold Tier","High Probability"
9034,"High Spend","Frequent Buyer","Platinum Tier","High Probability"
9035,"Medium Spend","Frequent Buyer","Silver Tier","High Probability"
9036,"Medium Spend","New Customer","Bronze Tier","High Probability"
9037,"High Spend","Frequent Buyer","Bronze Tier","High Probability"
9038,"High Spend","Occasional Buyer","Silver Tier","High Probability"
9039,"Medium Spend","Frequent Buyer","Gold Tier","High Probability"
9040,"Medium Spend","Frequent Buyer","Silver Tier","High Probability"
9041,"High Spend","Frequent Buyer","Gold Tier","High Probability"
9042,"High Spend","Frequent Buyer","Silver Tier","High Probability"
9043,"High Spend","Frequent Buyer","Platinum Tier","High Probability"
9044,"High Spend","Occasional Buyer","Platinum Tier","High Probability"
9045,"High Spend","Frequent Buyer","Gold Tier","High Probability"
9046,"High Spend","Frequent Buyer","Silver Tier","High Probability"
9047,"High Spend","Frequent Buyer","Platinum Tier","High Probability"
9048,"Medium Spend","Occasional Buyer","Silver Tier","High Probability"
9049,"Medium Spend","Frequent Buyer","Gold Tier","High Probability"
9050,"High Spend","Frequent Buyer","Silver Tier","High Probability"
9051,"High Spend","Frequent Buyer","Gold Tier","High Probability"
9052,"Medium Spend","Frequent Buyer","Gold Tier","High Probability"
9053,"High Spend","Occasional Buyer","Gold Tier","High Probability"
9054,"High Spend","Frequent Buyer","Platinum Tier","High Probability"
9055,"High Spend","Frequent Buyer","Gold Tier","High Probability"
9056,"High Spend","Frequent Buyer","Gold Tier","High Probability"
9057,"High Spend","New Customer","Bronze Tier","Low Probability"
9058,"Medium Spend","Frequent Buyer","Gold Tier","High Probability"
9059,"High Spend","Frequent Buyer","Silver Tier","Low Probability"
9060,"High Spend","Occasional Buyer","Platinum Tier","High Probability"
9061,"High Spend","Frequent Buyer","Gold Tier","High Probability"
9062,"High Spend","New Customer","Platinum Tier","High Probability"
9063,"High Spend","Occasional Buyer","Platinum Tier","High Probability"
9064,"High Spend","Frequent Buyer","Platinum Tier","High Probability"
9065,"High Spend","Frequent Buyer","Platinum Tier","High Probability"
9066,"High Spend","New Customer","Silver Tier","High Probability"
9067,"High Spend","Frequent Buyer","Silver Tier","High Probability"
9068,"High Spend","Occasional Buyer","Gold Tier","High Probability"
9069,"High Spend","Frequent Buyer","Silver Tier","High Probability"
9070,"High Spend","Occasional Buyer","Platinum Tier","High Probability"
9071,"Medium Spend","Frequent Buyer","Platinum Tier","High Probability"
9072,"High Spend","Frequent Buyer","Bronze Tier","High Probability"
9073,"High Spend","Frequent Buyer","Platinum Tier","High Probability"
9074,"High Spend","Frequent Buyer","Platinum Tier","High Probability"
9075,"High Spend","New Customer","Gold Tier","High Probability"
9076,"High Spend","New Customer","Gold Tier","High Probability"
9077,"Medium Spend","Frequent Buyer","Silver Tier","High Probability"
9078,"High Spend","Frequent Buyer","Gold Tier","Low Probability"
9079,"High Spend","New Customer","Silver Tier","Low Probability"
9080,"High Spend","Frequent Buyer","Platinum Tier","High Probability"
9081,"High Spend","Frequent Buyer","Bronze Tier","High Probability"
9082,"High Spend","Frequent Buyer","Gold Tier","High Probability"
9083,"High Spend","Frequent Buyer","Bronze Tier","High Probability"
9084,"High Spend","Occasional Buyer","Platinum Tier","High Probability"
9085,"High Spend","Frequent Buyer","Platinum Tier","High Probability"
9086,"High Spend","Frequent Buyer","Gold Tier","High Probability"
9087,"High Spend","Frequent Buyer","Bronze Tier","High Probability"
9088,"High Spend","Frequent Buyer","Platinum Tier","High Probability"
9089,"High Spend","Occasional Buyer","Bronze Tier","High Probability"
9090,"High Spend","Frequent Buyer","Gold Tier","High Probability"
9091,"High Spend","Frequent Buyer","Gold Tier","High Probability"
9092,"Medium Spend","Frequent Buyer","Platinum Tier","High Probability"
9093,"High Spend","Frequent Buyer","Gold Tier","High Probability"
9094,"Medium Spend","Frequent Buyer","Gold Tier","High Probability"
9095,"High Spend","Occasional Buyer","Gold Tier","High Probability"
9096,"High Spend","Occasional Buyer","Platinum Tier","High Probability"
9097,"Medium Spend","Frequent Buyer","Bronze Tier","High Probability"
9098,"Low Spend","Frequent Buyer","Platinum Tier","High Probability"
9099,"High Spend","Frequent Buyer","Silver Tier","High Probability"
9100,"High Spend","Frequent Buyer","Bronze Tier","Low Probability"
9101,"High Spend","Frequent Buyer","Gold Tier","High Probability"
9102,"High Spend","New Customer","Bronze Tier","Low Probability"
9103,"Medium Spend","Occasional Buyer","Platinum Tier","High Probability"
9104,"Low Spend","Frequent Buyer","Silver Tier","High Probability"
9105,"High Spend","Frequent Buyer","Gold Tier","High Probability"
9106,"Medium Spend","Frequent Buyer","Gold Tier","High Probability"
9107,"High Spend","Frequent Buyer","Silver Tier","High Probability"
9108,"High Spend","Frequent Buyer","Platinum Tier","High Probability"
9109,"High Spend","Occasional Buyer","Gold Tier","High Probability"
9110,"Medium Spend","Occasional Buyer","Gold Tier","High Probability"
9111,"High Spend","Occasional Buyer","Platinum Tier","High Probability"
9112,"High Spend","Frequent Buyer","Bronze Tier","High Probability"
9113,"High Spend","Occasional Buyer","Platinum Tier","High Probability"
9114,"High Spend","Frequent Buyer","Platinum Tier","High Probability"
9115,"High Spend","Frequent Buyer","Bronze Tier","High Probability"
9116,"Medium Spend","Occasional Buyer","Silver Tier","High Probability"
9117,"High Spend","Occasional Buyer","Gold Tier","High Probability"
9118,"High Spend","Frequent Buyer","Gold Tier","High Probability"
9119,"High Spend","New Customer","Platinum Tier","High Probability"
9120,"Medium Spend","Occasional Buyer","Platinum Tier","High Probability"
9121,"Medium Spend","Occasional Buyer","Platinum Tier","High Probability"
9122,"High Spend","Frequent Buyer","Platinum Tier","High Probability"
9123,"Medium Spend","Occasional Buyer","Silver Tier","High Probability"
9124,"High Spend","Frequent Buyer","Bronze Tier","High Probability"
9125,"High Spend","Frequent Buyer","Gold Tier","High Probability"
9126,"High Spend","Frequent Buyer","Platinum Tier","High Probability"
9127,"Medium Spend","Frequent Buyer","Gold Tier","High Probability"
9128,"High Spend","Occasional Buyer","Bronze Tier","High Probability"
9129,"High Spend","Occasional Buyer","Silver Tier","High Probability"
9130,"High Spend","Frequent Buyer","Platinum Tier","High Probability"
9131,"High Spend","Occasional Buyer","Bronze Tier","High Probability"
9132,"High Spend","Frequent Buyer","Silver Tier","Low Probability"
9133,"High Spend","Frequent Buyer","Platinum Tier","High Probability"
9134,"Medium Spend","New Customer","Gold Tier","Low Probability"
9135,"High Spend","Frequent Buyer","Platinum Tier","High Probability"
9136,"High Spend","Frequent Buyer","Platinum Tier","High Probability"
9137,"Medium Spend","Frequent Buyer","Gold Tier","High Probability"
9138,"High Spend","Frequent Buyer","Gold Tier","High Probability"
9139,"Medium Spend","Frequent Buyer","Gold Tier","High Probability"
9140,"Medium Spend","Occasional Buyer","Gold Tier","High Probability"
9141,"High Spend","Frequent Buyer","Silver Tier","High Probability"
9142,"High Spend","Occasional Buyer","Platinum Tier","High Probability"
9143,"Medium Spend","Frequent Buyer","Bronze Tier","High Probability"
9144,"High Spend","Frequent Buyer","Platinum Tier","High Probability"
9145,"Medium Spend","Frequent Buyer","Platinum Tier","High Probability"
9146,"Medium Spend","Frequent Buyer","Platinum Tier","High Probability"
9147,"Medium Spend","Occasional Buyer","Platinum Tier","High Probability"
9148,"Medium Spend","Occasional Buyer","Gold Tier","High Probability"
9149,"Medium Spend","Frequent Buyer","Silver Tier","High Probability"
9150,"High Spend","New Customer","Gold Tier","High Probability"
9151,"High Spend","Frequent Buyer","Gold Tier","High Probability"
9152,"High Spend","Occasional Buyer","Gold Tier","Low Probability"
9153,"High Spend","Frequent Buyer","Silver Tier","High Probability"
9154,"High Spend","Occasional Buyer","Gold Tier","Low Probability"
9155,"Medium Spend","Occasional Buyer","Platinum Tier","High Probability"
9156,"High Spend","Frequent Buyer","Silver Tier","High Probability"
9157,"Medium Spend","New Customer","Bronze Tier","Low Probability"
9158,"High Spend","Frequent Buyer","Gold Tier","High Probability"
9159,"High Spend","New Customer","Silver Tier","Low Probability"
9160,"High Spend","Frequent Buyer","Bronze Tier","High Probability"
9161,"High Spend","Frequent Buyer","Platinum Tier","High Probability"
9162,"High Spend","Occasional Buyer","Bronze Tier","Low Probability"
9163,"High Spend","Frequent Buyer","Gold Tier","High Probability"
9164,"Medium Spend","New Customer","Bronze Tier","Low Probability"
9165,"Medium Spend","Occasional Buyer","Gold Tier","High Probability"
9166,"High Spend","Frequent Buyer","Gold Tier","High Probability"
9167,"Medium Spend","Frequent Buyer","Gold Tier","High Probability"
9168,"Medium Spend","Occasional Buyer","Platinum Tier","High Probability"
9169,"High Spend","New Customer","Gold Tier","High Probability"
9170,"High Spend","Occasional Buyer","Silver Tier","High Probability"
9171,"High Spend","Frequent Buyer","Silver Tier","High Probability"
9172,"High Spend","Frequent Buyer","Silver Tier","Low Probability"
9173,"High Spend","Occasional Buyer","Gold Tier","High Probability"
9174,"High Spend","Frequent Buyer","Bronze Tier","Low Probability"
9175,"Medium Spend","Frequent Buyer","Bronze Tier","High Probability"
9176,"High Spend","Frequent Buyer","Bronze Tier","High Probability"
9177,"High Spend","Occasional Buyer","Silver Tier","High Probability"
9178,"High Spend","Occasional Buyer","Gold Tier","High Probability"
9179,"High Spend","Frequent Buyer","Bronze Tier","High Probability"
9180,"High Spend","Frequent Buyer","Silver Tier","High Probability"
9181,"High Spend","Frequent Buyer","Bronze Tier","High Probability"
9182,"High Spend","Frequent Buyer","Bronze Tier","High Probability"
9183,"High Spend","Frequent Buyer","Bronze Tier","High Probability"
9184,"High Spend","Frequent Buyer","Bronze Tier","High Probability"
9185,"Medium Spend","Frequent Buyer","Bronze Tier","High Probability"
9186,"Medium Spend","Frequent Buyer","Gold Tier","High Probability"
9187,"High Spend","Frequent Buyer","Silver Tier","High Probability"
9188,"High Spend","Frequent Buyer","Silver Tier","High Probability"
9189,"High Spend","Frequent Buyer","Platinum Tier","High Probability"
9190,"High Spend","Frequent Buyer","Platinum Tier","High Probability"
9191,"High Spend","Frequent Buyer","Gold Tier","High Probability"
9192,"High Spend","Occasional Buyer","Platinum Tier","High Probability"
9193,"Medium Spend","Frequent Buyer","Gold Tier","High Probability"
9194,"Medium Spend","Occasional Buyer","Bronze Tier","High Probability"
9195,"High Spend","Occasional Buyer","Gold Tier","Low Probability"
9196,"High Spend","Frequent Buyer","Gold Tier","High Probability"
9197,"High Spend","Occasional Buyer","Bronze Tier","High Probability"
9198,"High Spend","Occasional Buyer","Bronze Tier","High Probability"
9199,"High Spend","Frequent Buyer","Gold Tier","Low Probability"
9200,"Low Spend","Frequent Buyer","Platinum Tier","High Probability"
9201,"Low Spend","Frequent Buyer","Silver Tier","High Probability"
9202,"High Spend","Occasional Buyer","Gold Tier","High Probability"
9203,"Medium Spend","Frequent Buyer","Bronze Tier","High Probability"
9204,"High Spend","Frequent Buyer","Bronze Tier","High Probability"
9205,"High Spend","Frequent Buyer","Bronze Tier","Low Probability"
9206,"High Spend","Occasional Buyer","Platinum Tier","High Probability"
9207,"High Spend","Occasional Buyer","Silver Tier","High Probability"
9208,"High Spend","Frequent Buyer","Silver Tier","High Probability"
9209,"High Spend","Frequent Buyer","Bronze Tier","High Probability"
9210,"Medium Spend","Occasional Buyer","Gold Tier","High Probability"
9211,"High Spend","Frequent Buyer","Bronze Tier","High Probability"
9212,"High Spend","Frequent Buyer","Gold Tier","High Probability"
9213,"High Spend","Occasional Buyer","Bronze Tier","High Probability"
9214,"High Spend","Frequent Buyer","Gold Tier","High Probability"
9215,"Medium Spend","Frequent Buyer","Gold Tier","High Probability"
9216,"High Spend","Frequent Buyer","Bronze Tier","Low Probability"
9217,"High Spend","Frequent Buyer","Platinum Tier","High Probability"
9218,"High Spend","Occasional Buyer","Bronze Tier","High Probability"
9219,"High Spend","Frequent Buyer","Bronze Tier","High Probability"
9220,"High Spend","Frequent Buyer","Bronze Tier","High Probability"
9221,"Medium Spend","Frequent Buyer","Gold Tier","High Probability"
9222,"Medium Spend","Occasional Buyer","Gold Tier","High Probability"
9223,"High Spend","Occasional Buyer","Gold Tier","High Probability"
9224,"High Spend","Occasional Buyer","Platinum Tier","High Probability"
9225,"High Spend","Frequent Buyer","Gold Tier","High Probability"
9226,"High Spend","Frequent Buyer","Platinum Tier","High Probability"
9227,"High Spend","New Customer","Gold Tier","High Probability"
9228,"High Spend","Frequent Buyer","Platinum Tier","High Probability"
9229,"High Spend","Frequent Buyer","Silver Tier","High Probability"
9230,"High Spend","Occasional Buyer","Gold Tier","High Probability"
9231,"High Spend","Frequent Buyer","Silver Tier","High Probability"
9232,"High Spend","Frequent Buyer","Gold Tier","High Probability"
9233,"High Spend","Frequent Buyer","Gold Tier","High Probability"
9234,"High Spend","New Customer","Platinum Tier","High Probability"
9235,"High Spend","Frequent Buyer","Platinum Tier","High Probability"
9236,"Medium Spend","Frequent Buyer","Bronze Tier","High Probability"
9237,"Medium Spend","Frequent Buyer","Silver Tier","High Probability"
9238,"High Spend","Frequent Buyer","Bronze Tier","Low Probability"
9239,"High Spend","New Customer","Gold Tier","High Probability"
9240,"High Spend","Frequent Buyer","Gold Tier","High Probability"
9241,"High Spend","Frequent Buyer","Silver Tier","High Probability"
9242,"Medium Spend","Frequent Buyer","Platinum Tier","High Probability"
9243,"Medium Spend","Frequent Buyer","Gold Tier","High Probability"
9244,"High Spend","Occasional Buyer","Platinum Tier","High Probability"
9245,"High Spend","Occasional Buyer","Platinum Tier","High Probability"
9246,"High Spend","New Customer","Gold Tier","High Probability"
9247,"Medium Spend","Frequent Buyer","Platinum Tier","Low Probability"
9248,"High Spend","Occasional Buyer","Bronze Tier","High Probability"
9249,"High Spend","Occasional Buyer","Bronze Tier","High Probability"
9250,"Low Spend","Frequent Buyer","Platinum Tier","High Probability"
9251,"High Spend","Frequent Buyer","Bronze Tier","High Probability"
9252,"High Spend","Frequent Buyer","Gold Tier","High Probability"
9253,"High Spend","Occasional Buyer","Platinum Tier","High Probability"
9254,"High Spend","Frequent Buyer","Bronze Tier","High Probability"
9255,"Medium Spend","New Customer","Platinum Tier","High Probability"
9256,"Medium Spend","Occasional Buyer","Silver Tier","High Probability"
9257,"Medium Spend","Frequent Buyer","Bronze Tier","High Probability"
9258,"High Spend","New Customer","Platinum Tier","High Probability"
9259,"High Spend","Occasional Buyer","Gold Tier","High Probability"
9260,"High Spend","Occasional Buyer","Silver Tier","High Probability"
9261,"High Spend","Frequent Buyer","Silver Tier","High Probability"
9262,"High Spend","Occasional Buyer","Bronze Tier","High Probability"
9263,"High Spend","Occasional Buyer","Gold Tier","High Probability"
9264,"High Spend","Frequent Buyer","Platinum Tier","High Probability"
9265,"High Spend","Occasional Buyer","Bronze Tier","High Probability"
9266,"Medium Spend","New Customer","Gold Tier","Low Probability"
9267,"High Spend","Frequent Buyer","Silver Tier","Low Probability"
9268,"High Spend","Frequent Buyer","Platinum Tier","High Probability"
9269,"High Spend","Frequent Buyer","Silver Tier","High Probability"
9270,"Medium Spend","Frequent Buyer","Silver Tier","High Probability"
9271,"High Spend","Frequent Buyer","Platinum Tier","High Probability"
9272,"High Spend","Frequent Buyer","Platinum Tier","High Probability"
9273,"High Spend","New Customer","Silver Tier","High Probability"
9274,"Medium Spend","Frequent Buyer","Gold Tier","High Probability"
9275,"Medium Spend","Frequent Buyer","Platinum Tier","High Probability"
9276,"High Spend","New Customer","Bronze Tier","High Probability"
9277,"High Spend","Frequent Buyer","Platinum Tier","High Probability"
9278,"High Spend","New Customer","Silver Tier","High Probability"
9279,"High Spend","Occasional Buyer","Bronze Tier","High Probability"
9280,"Medium Spend","Frequent Buyer","Bronze Tier","High Probability"
9281,"High Spend","Frequent Buyer","Gold Tier","High Probability"
9282,"High Spend","Occasional Buyer","Platinum Tier","High Probability"
9283,"High Spend","New Customer","Gold Tier","High Probability"
9284,"High Spend","Frequent Buyer","Platinum Tier","High Probability"
9285,"High Spend","Occasional Buyer","Gold Tier","High Probability"
9286,"High Spend","Occasional Buyer","Silver Tier","High Probability"
9287,"High Spend","Frequent Buyer","Gold Tier","High Probability"
9288,"High Spend","Frequent Buyer","Platinum Tier","High Probability"
9289,"High Spend","Frequent Buyer","Bronze Tier","High Probability"
9290,"Medium Spend","Frequent Buyer","Silver Tier","High Probability"
9291,"High Spend","Frequent Buyer","Gold Tier","High Probability"
9292,"High Spend","Frequent Buyer","Platinum Tier","High Probability"
9293,"High Spend","Occasional Buyer","Silver Tier","High Probability"
9294,"High Spend","Frequent Buyer","Gold Tier","High Probability"
9295,"High Spend","Frequent Buyer","Platinum Tier","High Probability"
9296,"High Spend","Frequent Buyer","Platinum Tier","High Probability"
9297,"Medium Spend","New Customer","Platinum Tier","High Probability"
9298,"High Spend","Occasional Buyer","Platinum Tier","High Probability"
9299,"Medium Spend","Occasional Buyer","Silver Tier","High Probability"
9300,"High Spend","New Customer","Bronze Tier","Low Probability"
9301,"High Spend","Frequent Buyer","Bronze Tier","Low Probability"
9302,"Medium Spend","Occasional Buyer","Silver Tier","High Probability"
9303,"High Spend","Frequent Buyer","Silver Tier","High Probability"
9304,"High Spend","Frequent Buyer","Platinum Tier","High Probability"
9305,"High Spend","Frequent Buyer","Gold Tier","High Probability"
9306,"High Spend","Frequent Buyer","Bronze Tier","High Probability"
9307,"High Spend","Occasional Buyer","Gold Tier","High Probability"
9308,"High Spend","Frequent Buyer","Gold Tier","High Probability"
9309,"Medium Spend","Frequent Buyer","Gold Tier","High Probability"
9310,"High Spend","Occasional Buyer","Silver Tier","High Probability"
9311,"Medium Spend","Frequent Buyer","Gold Tier","High Probability"
9312,"Medium Spend","Frequent Buyer","Silver Tier","High Probability"
9313,"High Spend","Occasional Buyer","Bronze Tier","High Probability"
9314,"High Spend","Occasional Buyer","Platinum Tier","High Probability"
9315,"High Spend","Occasional Buyer","Gold Tier","High Probability"
9316,"High Spend","Frequent Buyer","Silver Tier","High Probability"
9317,"High Spend","New Customer","Gold Tier","Low Probability"
9318,"Low Spend","Frequent Buyer","Gold Tier","High Probability"
9319,"High Spend","Frequent Buyer","Platinum Tier","High Probability"
9320,"Medium Spend","New Customer","Silver Tier","High Probability"
9321,"High Spend","Occasional Buyer","Gold Tier","High Probability"
9322,"High Spend","Frequent Buyer","Bronze Tier","Low Probability"
9323,"High Spend","Frequent Buyer","Bronze Tier","High Probability"
9324,"High Spend","Occasional Buyer","Silver Tier","High Probability"
9325,"High Spend","Occasional Buyer","Gold Tier","High Probability"
9326,"Medium Spend","Occasional Buyer","Platinum Tier","High Probability"
9327,"High Spend","Frequent Buyer","Gold Tier","High Probability"
9328,"High Spend","Frequent Buyer","Gold Tier","High Probability"
9329,"High Spend","Frequent Buyer","Gold Tier","High Probability"
9330,"Medium Spend","Occasional Buyer","Platinum Tier","High Probability"
9331,"High Spend","New Customer","Silver Tier","High Probability"
9332,"Medium Spend","Occasional Buyer","Bronze Tier","High Probability"
9333,"Medium Spend","Frequent Buyer","Gold Tier","High Probability"
9334,"High Spend","New Customer","Gold Tier","High Probability"
9335,"High Spend","Frequent Buyer","Bronze Tier","High Probability"
9336,"Medium Spend","Frequent Buyer","Platinum Tier","High Probability"
9337,"High Spend","Occasional Buyer","Silver Tier","High Probability"
9338,"High Spend","Frequent Buyer","Silver Tier","High Probability"
9339,"High Spend","Frequent Buyer","Silver Tier","High Probability"
9340,"High Spend","Occasional Buyer","Bronze Tier","High Probability"
9341,"High Spend","Frequent Buyer","Gold Tier","Low Probability"
9342,"Low Spend","Occasional Buyer","Gold Tier","High Probability"
9343,"High Spend","Frequent Buyer","Platinum Tier","High Probability"
9344,"Medium Spend","Frequent Buyer","Platinum Tier","High Probability"
9345,"Medium Spend","New Customer","Gold Tier","High Probability"
9346,"High Spend","Frequent Buyer","Platinum Tier","High Probability"
9347,"Medium Spend","Frequent Buyer","Silver Tier","High Probability"
9348,"High Spend","Frequent Buyer","Platinum Tier","High Probability"
9349,"High Spend","Occasional Buyer","Platinum Tier","High Probability"
9350,"High Spend","Frequent Buyer","Bronze Tier","High Probability"
9351,"High Spend","Occasional Buyer","Platinum Tier","High Probability"
9352,"Medium Spend","Occasional Buyer","Platinum Tier","High Probability"
9353,"High Spend","Occasional Buyer","Silver Tier","High Probability"
9354,"High Spend","Occasional Buyer","Gold Tier","Low Probability"
9355,"High Spend","New Customer","Silver Tier","High Probability"
9356,"Medium Spend","Occasional Buyer","Platinum Tier","High Probability"
9357,"High Spend","Frequent Buyer","Platinum Tier","High Probability"
9358,"High Spend","Frequent Buyer","Gold Tier","High Probability"
9359,"Medium Spend","Occasional Buyer","Platinum Tier","High Probability"
9360,"Medium Spend","New Customer","Platinum Tier","Low Probability"
9361,"Medium Spend","Occasional Buyer","Gold Tier","High Probability"
9362,"High Spend","Frequent Buyer","Platinum Tier","High Probability"
9363,"High Spend","Frequent Buyer","Bronze Tier","High Probability"
9364,"High Spend","Frequent Buyer","Platinum Tier","High Probability"
9365,"High Spend","New Customer","Silver Tier","High Probability"
9366,"High Spend","New Customer","Bronze Tier","Low Probability"
9367,"High Spend","Frequent Buyer","Silver Tier","High Probability"
9368,"High Spend","Occasional Buyer","Bronze Tier","High Probability"
9369,"High Spend","Frequent Buyer","Bronze Tier","High Probability"
9370,"High Spend","Occasional Buyer","Bronze Tier","High Probability"
9371,"High Spend","Frequent Buyer","Platinum Tier","High Probability"
9372,"Low Spend","Frequent Buyer","Gold Tier","High Probability"
9373,"Medium Spend","Occasional Buyer","Bronze Tier","Low Probability"
9374,"Medium Spend","New Customer","Platinum Tier","High Probability"
9375,"High Spend","Frequent Buyer","Gold Tier","High Probability"
9376,"High Spend","Occasional Buyer","Platinum Tier","Low Probability"
9377,"High Spend","New Customer","Gold Tier","High Probability"
9378,"High Spend","Frequent Buyer","Gold Tier","High Probability"
9379,"Medium Spend","Occasional Buyer","Gold Tier","Low Probability"
9380,"High Spend","Frequent Buyer","Platinum Tier","High Probability"
9381,"High Spend","Frequent Buyer","Bronze Tier","High Probability"
9382,"High Spend","Frequent Buyer","Gold Tier","High Probability"
9383,"High Spend","Frequent Buyer","Platinum Tier","High Probability"
9384,"High Spend","Frequent Buyer","Bronze Tier","High Probability"
9385,"Medium Spend","Frequent Buyer","Gold Tier","High Probability"
9386,"Medium Spend","Frequent Buyer","Platinum Tier","High Probability"
9387,"High Spend","Occasional Buyer","Silver Tier","High Probability"
9388,"High Spend","Frequent Buyer","Gold Tier","High Probability"
9389,"Medium Spend","Frequent Buyer","Bronze Tier","High Probability"
9390,"Medium Spend","Frequent Buyer","Gold Tier","High Probability"
9391,"High Spend","Frequent Buyer","Gold Tier","High Probability"
9392,"High Spend","Frequent Buyer","Gold Tier","High Probability"
9393,"High Spend","Frequent Buyer","Gold Tier","High Probability"
9394,"High Spend","Frequent Buyer","Platinum Tier","High Probability"
9395,"Medium Spend","Frequent Buyer","Silver Tier","High Probability"
9396,"High Spend","Frequent Buyer","Bronze Tier","High Probability"
9397,"High Spend","Occasional Buyer","Gold Tier","High Probability"
9398,"High Spend","Frequent Buyer","Bronze Tier","High Probability"
9399,"High Spend","New Customer","Platinum Tier","High Probability"
9400,"High Spend","Frequent Buyer","Bronze Tier","High Probability"
9401,"High Spend","Occasional Buyer","Bronze Tier","High Probability"
9402,"Medium Spend","New Customer","Gold Tier","High Probability"
9403,"High Spend","Occasional Buyer","Silver Tier","High Probability"
9404,"High Spend","Frequent Buyer","Platinum Tier","High Probability"
9405,"High Spend","Frequent Buyer","Platinum Tier","High Probability"
9406,"Medium Spend","Frequent Buyer","Silver Tier","High Probability"
9407,"High Spend","Frequent Buyer","Gold Tier","High Probability"
9408,"High Spend","Occasional Buyer","Gold Tier","High Probability"
9409,"High Spend","New Customer","Bronze Tier","High Probability"
9410,"Medium Spend","Frequent Buyer","Platinum Tier","High Probability"
9411,"High Spend","Occasional Buyer","Bronze Tier","High Probability"
9412,"Medium Spend","Occasional Buyer","Gold Tier","High Probability"
9413,"High Spend","Frequent Buyer","Silver Tier","High Probability"
9414,"Medium Spend","Occasional Buyer","Platinum Tier","Low Probability"
9415,"High Spend","New Customer","Platinum Tier","High Probability"
9416,"High Spend","Occasional Buyer","Platinum Tier","High Probability"
9417,"High Spend","Frequent Buyer","Gold Tier","High Probability"
9418,"Medium Spend","Frequent Buyer","Platinum Tier","High Probability"
9419,"High Spend","Occasional Buyer","Gold Tier","High Probability"
9420,"High Spend","Frequent Buyer","Silver Tier","High Probability"
9421,"High Spend","Frequent Buyer","Bronze Tier","High Probability"
9422,"High Spend","Frequent Buyer","Bronze Tier","High Probability"
9423,"High Spend","Frequent Buyer","Platinum Tier","High Probability"
9424,"High Spend","Frequent Buyer","Silver Tier","High Probability"
9425,"High Spend","Frequent Buyer","Bronze Tier","High Probability"
9426,"Medium Spend","Frequent Buyer","Platinum Tier","High Probability"
9427,"High Spend","Frequent Buyer","Silver Tier","High Probability"
9428,"High Spend","Occasional Buyer","Gold Tier","High Probability"
9429,"High Spend","Frequent Buyer","Gold Tier","High Probability"
9430,"High Spend","Frequent Buyer","Gold Tier","High Probability"
9431,"High Spend","Frequent Buyer","Silver Tier","High Probability"
9432,"High Spend","Occasional Buyer","Platinum Tier","High Probability"
9433,"High Spend","Frequent Buyer","Bronze Tier","High Probability"
9434,"High Spend","Occasional Buyer","Platinum Tier","High Probability"
9435,"High Spend","Frequent Buyer","Silver Tier","High Probability"
9436,"Medium Spend","Occasional Buyer","Bronze Tier","High Probability"
9437,"Medium Spend","Frequent Buyer","Platinum Tier","High Probability"
9438,"High Spend","Occasional Buyer","Platinum Tier","High Probability"
9439,"Medium Spend","Occasional Buyer","Bronze Tier","High Probability"
9440,"High Spend","Frequent Buyer","Platinum Tier","High Probability"
9441,"High Spend","Frequent Buyer","Platinum Tier","High Probability"
9442,"High Spend","New Customer","Gold Tier","High Probability"
9443,"High Spend","Frequent Buyer","Bronze Tier","High Probability"
9444,"High Spend","Frequent Buyer","Silver Tier","High Probability"
9445,"High Spend","Frequent Buyer","Platinum Tier","High Probability"
9446,"High Spend","Frequent Buyer","Gold Tier","High Probability"
9447,"High Spend","Frequent Buyer","Gold Tier","High Probability"
9448,"High Spend","Occasional Buyer","Silver Tier","High Probability"
9449,"High Spend","New Customer","Bronze Tier","High Probability"
9450,"High Spend","Occasional Buyer","Silver Tier","High Probability"
9451,"High Spend","Frequent Buyer","Platinum Tier","High Probability"
9452,"Medium Spend","Frequent Buyer","Platinum Tier","High Probability"
9453,"Low Spend","Frequent Buyer","Silver Tier","Low Probability"
9454,"High Spend","Occasional Buyer","Silver Tier","High Probability"
9455,"High Spend","Frequent Buyer","Gold Tier","High Probability"
9456,"High Spend","Frequent Buyer","Platinum Tier","High Probability"
9457,"High Spend","Frequent Buyer","Gold Tier","High Probability"
9458,"High Spend","New Customer","Platinum Tier","High Probability"
9459,"High Spend","Occasional Buyer","Platinum Tier","High Probability"
9460,"High Spend","Frequent Buyer","Gold Tier","High Probability"
9461,"High Spend","Occasional Buyer","Platinum Tier","High Probability"
9462,"High Spend","Frequent Buyer","Gold Tier","High Probability"
9463,"Medium Spend","Frequent Buyer","Platinum Tier","High Probability"
9464,"High Spend","Frequent Buyer","Platinum Tier","High Probability"
9465,"High Spend","Occasional Buyer","Silver Tier","High Probability"
9466,"High Spend","Frequent Buyer","Bronze Tier","High Probability"
9467,"High Spend","New Customer","Platinum Tier","High Probability"
9468,"High Spend","Frequent Buyer","Platinum Tier","High Probability"
9469,"Medium Spend","Occasional Buyer","Silver Tier","High Probability"
9470,"Medium Spend","Frequent Buyer","Platinum Tier","High Probability"
9471,"High Spend","Occasional Buyer","Bronze Tier","High Probability"
9472,"High Spend","Frequent Buyer","Platinum Tier","High Probability"
9473,"Medium Spend","New Customer","Platinum Tier","Low Probability"
9474,"High Spend","Occasional Buyer","Gold Tier","High Probability"
9475,"High Spend","Frequent Buyer","Bronze Tier","High Probability"
9476,"Medium Spend","Occasional Buyer","Gold Tier","Low Probability"
9477,"High Spend","Frequent Buyer","Gold Tier","High Probability"
9478,"High Spend","Frequent Buyer","Platinum Tier","High Probability"
9479,"High Spend","Frequent Buyer","Platinum Tier","High Probability"
9480,"Low Spend","Occasional Buyer","Gold Tier","High Probability"
9481,"High Spend","Frequent Buyer","Platinum Tier","High Probability"
9482,"High Spend","Frequent Buyer","Platinum Tier","High Probability"
9483,"Medium Spend","Frequent Buyer","Platinum Tier","High Probability"
9484,"High Spend","Occasional Buyer","Bronze Tier","High Probability"
9485,"High Spend","Occasional Buyer","Bronze Tier","High Probability"
9486,"High Spend","Occasional Buyer","Platinum Tier","High Probability"
9487,"High Spend","New Customer","Silver Tier","High Probability"
9488,"High Spend","New Customer","Gold Tier","Low Probability"
9489,"Medium Spend","New Customer","Bronze Tier","Low Probability"
9490,"High Spend","Frequent Buyer","Gold Tier","High Probability"
9491,"High Spend","Occasional Buyer","Gold Tier","High Probability"
9492,"High Spend","Frequent Buyer","Bronze Tier","High Probability"
9493,"High Spend","Frequent Buyer","Gold Tier","High Probability"
9494,"High Spend","Frequent Buyer","Platinum Tier","High Probability"
9495,"High Spend","Frequent Buyer","Silver Tier","Low Probability"
9496,"High Spend","Frequent Buyer","Gold Tier","High Probability"
9497,"High Spend","Frequent Buyer","Platinum Tier","High Probability"
9498,"High Spend","Frequent Buyer","Platinum Tier","High Probability"
9499,"High Spend","Frequent Buyer","Silver Tier","High Probability"
9500,"High Spend","New Customer","Platinum Tier","High Probability"
9501,"High Spend","Frequent Buyer","Silver Tier","High Probability"
9502,"Medium Spend","Occasional Buyer","Bronze Tier","High Probability"
9503,"High Spend","Frequent Buyer","Gold Tier","High Probability"
9504,"High Spend","Occasional Buyer","Gold Tier","High Probability"
9505,"High Spend","Frequent Buyer","Platinum Tier","High Probability"
9506,"High Spend","Frequent Buyer","Gold Tier","High Probability"
9507,"High Spend","Frequent Buyer","Gold Tier","High Probability"
9508,"High Spend","Frequent Buyer","Platinum Tier","High Probability"
9509,"High Spend","Frequent Buyer","Platinum Tier","High Probability"
9510,"High Spend","New Customer","Gold Tier","High Probability"
9511,"High Spend","Frequent Buyer","Gold Tier","High Probability"
9512,"High Spend","Occasional Buyer","Bronze Tier","High Probability"
9513,"High Spend","Occasional Buyer","Silver Tier","High Probability"
9514,"Medium Spend","Frequent Buyer","Silver Tier","High Probability"
9515,"High Spend","Frequent Buyer","Gold Tier","High Probability"
9516,"High Spend","Frequent Buyer","Gold Tier","High Probability"
9517,"High Spend","Occasional Buyer","Bronze Tier","High Probability"
9518,"High Spend","Occasional Buyer","Platinum Tier","High Probability"
9519,"High Spend","Occasional Buyer","Platinum Tier","Low Probability"
9520,"High Spend","Frequent Buyer","Platinum Tier","High Probability"
9521,"High Spend","Frequent Buyer","Gold Tier","High Probability"
9522,"High Spend","Frequent Buyer","Bronze Tier","High Probability"
9523,"High Spend","Frequent Buyer","Gold Tier","High Probability"
9524,"High Spend","Frequent Buyer","Gold Tier","High Probability"
9525,"High Spend","Occasional Buyer","Gold Tier","High Probability"
9526,"Low Spend","New Customer","Bronze Tier","High Probability"
9527,"High Spend","Frequent Buyer","Silver Tier","High Probability"
9528,"High Spend","Occasional Buyer","Silver Tier","High Probability"
9529,"High Spend","Occasional Buyer","Platinum Tier","High Probability"
9530,"Medium Spend","Frequent Buyer","Gold Tier","High Probability"
9531,"High Spend","Frequent Buyer","Platinum Tier","High Probability"
9532,"High Spend","Occasional Buyer","Gold Tier","High Probability"
9533,"High Spend","Occasional Buyer","Bronze Tier","High Probability"
9534,"High Spend","Frequent Buyer","Gold Tier","High Probability"
9535,"High Spend","Frequent Buyer","Platinum Tier","High Probability"
9536,"High Spend","Frequent Buyer","Platinum Tier","High Probability"
9537,"High Spend","Occasional Buyer","Gold Tier","High Probability"
9538,"High Spend","Frequent Buyer","Platinum Tier","High Probability"
9539,"Medium Spend","Frequent Buyer","Silver Tier","High Probability"
9540,"High Spend","Frequent Buyer","Bronze Tier","High Probability"
9541,"Low Spend","Occasional Buyer","Bronze Tier","High Probability"
9542,"High Spend","Frequent Buyer","Platinum Tier","High Probability"
9543,"High Spend","Frequent Buyer","Bronze Tier","High Probability"
9544,"High Spend","Occasional Buyer","Bronze Tier","High Probability"
9545,"High Spend","Frequent Buyer","Bronze Tier","High Probability"
9546,"High Spend","Occasional Buyer","Gold Tier","High Probability"
9547,"High Spend","Frequent Buyer","Gold Tier","High Probability"
9548,"High Spend","Frequent Buyer","Gold Tier","High Probability"
9549,"High Spend","Frequent Buyer","Platinum Tier","High Probability"
9550,"High Spend","Frequent Buyer","Silver Tier","High Probability"
9551,"High Spend","Frequent Buyer","Bronze Tier","High Probability"
9552,"Low Spend","New Customer","Bronze Tier","Low Probability"
9553,"High Spend","Frequent Buyer","Gold Tier","High Probability"
9554,"High Spend","Frequent Buyer","Gold Tier","High Probability"
9555,"High Spend","Occasional Buyer","Platinum Tier","High Probability"
9556,"High Spend","Frequent Buyer","Platinum Tier","High Probability"
9557,"High Spend","Frequent Buyer","Platinum Tier","High Probability"
9558,"High Spend","Occasional Buyer","Bronze Tier","High Probability"
9559,"Medium Spend","Frequent Buyer","Bronze Tier","Low Probability"
9560,"High Spend","Frequent Buyer","Platinum Tier","High Probability"
9561,"High Spend","Occasional Buyer","Platinum Tier","High Probability"
9562,"High Spend","Occasional Buyer","Platinum Tier","High Probability"
9563,"High Spend","Occasional Buyer","Silver Tier","Low Probability"
9564,"High Spend","Frequent Buyer","Platinum Tier","High Probability"
9565,"High Spend","Occasional Buyer","Platinum Tier","High Probability"
9566,"High Spend","Frequent Buyer","Platinum Tier","High Probability"
9567,"High Spend","Occasional Buyer","Gold Tier","High Probability"
9568,"High Spend","Occasional Buyer","Platinum Tier","High Probability"
9569,"High Spend","Frequent Buyer","Platinum Tier","High Probability"
9570,"Medium Spend","Occasional Buyer","Platinum Tier","High Probability"
9571,"Medium Spend","Frequent Buyer","Platinum Tier","High Probability"
9572,"High Spend","Occasional Buyer","Gold Tier","High Probability"
9573,"High Spend","Frequent Buyer","Platinum Tier","High Probability"
9574,"Low Spend","New Customer","Gold Tier","High Probability"
9575,"High Spend","Frequent Buyer","Bronze Tier","High Probability"
9576,"High Spend","Occasional Buyer","Gold Tier","High Probability"
9577,"High Spend","Occasional Buyer","Gold Tier","High Probability"
9578,"High Spend","Frequent Buyer","Bronze Tier","High Probability"
9579,"High Spend","Occasional Buyer","Platinum Tier","High Probability"
9580,"Medium Spend","Frequent Buyer","Gold Tier","High Probability"
9581,"Medium Spend","Frequent Buyer","Silver Tier","High Probability"
9582,"High Spend","Occasional Buyer","Platinum Tier","High Probability"
9583,"High Spend","Occasional Buyer","Gold Tier","High Probability"
9584,"High Spend","Frequent Buyer","Gold Tier","High Probability"
9585,"High Spend","Frequent Buyer","Gold Tier","High Probability"
9586,"High Spend","Frequent Buyer","Platinum Tier","High Probability"
9587,"High Spend","Occasional Buyer","Silver Tier","High Probability"
9588,"High Spend","New Customer","Platinum Tier","High Probability"
9589,"Medium Spend","Occasional Buyer","Bronze Tier","High Probability"
9590,"High Spend","Frequent Buyer","Platinum Tier","High Probability"
9591,"High Spend","Frequent Buyer","Platinum Tier","High Probability"
9592,"High Spend","Occasional Buyer","Gold Tier","High Probability"
9593,"High Spend","Frequent Buyer","Bronze Tier","High Probability"
9594,"High Spend","Frequent Buyer","Platinum Tier","High Probability"
9595,"High Spend","Frequent Buyer","Platinum Tier","High Probability"
9596,"Medium Spend","Occasional Buyer","Bronze Tier","Low Probability"
9597,"High Spend","Frequent Buyer","Bronze Tier","High Probability"
9598,"High Spend","Frequent Buyer","Silver Tier","High Probability"
9599,"Medium Spend","Frequent Buyer","Bronze Tier","High Probability"
9600,"Medium Spend","Frequent Buyer","Gold Tier","High Probability"
9601,"High Spend","Occasional Buyer","Gold Tier","High Probability"
9602,"High Spend","Frequent Buyer","Silver Tier","High Probability"
9603,"High Spend","Occasional Buyer","Bronze Tier","Low Probability"
9604,"High Spend","Frequent Buyer","Platinum Tier","High Probability"
9605,"High Spend","Frequent Buyer","Platinum Tier","High Probability"
9606,"High Spend","Frequent Buyer","Platinum Tier","High Probability"
9607,"High Spend","Frequent Buyer","Platinum Tier","High Probability"
9608,"High Spend","Frequent Buyer","Platinum Tier","High Probability"
9609,"High Spend","Frequent Buyer","Platinum Tier","High Probability"
9610,"High Spend","New Customer","Gold Tier","High Probability"
9611,"Medium Spend","Frequent Buyer","Silver Tier","High Probability"
9612,"High Spend","Occasional Buyer","Gold Tier","High Probability"
9613,"High Spend","Frequent Buyer","Gold Tier","High Probability"
9614,"High Spend","Occasional Buyer","Gold Tier","High Probability"
9615,"Low Spend","Frequent Buyer","Platinum Tier","High Probability"
9616,"Medium Spend","Frequent Buyer","Silver Tier","High Probability"
9617,"Medium Spend","Frequent Buyer","Silver Tier","High Probability"
9618,"High Spend","Frequent Buyer","Gold Tier","High Probability"
9619,"High Spend","Frequent Buyer","Silver Tier","High Probability"
9620,"High Spend","Occasional Buyer","Platinum Tier","High Probability"
9621,"High Spend","Occasional Buyer","Silver Tier","Low Probability"
9622,"Medium Spend","Frequent Buyer","Gold Tier","High Probability"
9623,"Medium Spend","Frequent Buyer","Gold Tier","High Probability"
9624,"Low Spend","Occasional Buyer","Gold Tier","High Probability"
9625,"High Spend","Occasional Buyer","Bronze Tier","Low Probability"
9626,"High Spend","New Customer","Gold Tier","High Probability"
9627,"High Spend","Frequent Buyer","Gold Tier","High Probability"
9628,"High Spend","Frequent Buyer","Gold Tier","High Probability"
9629,"Low Spend","Frequent Buyer","Gold Tier","Low Probability"
9630,"Medium Spend","Frequent Buyer","Bronze Tier","High Probability"
9631,"High Spend","Frequent Buyer","Gold Tier","High Probability"
9632,"High Spend","New Customer","Bronze Tier","High Probability"
9633,"Medium Spend","Frequent Buyer","Gold Tier","High Probability"
9634,"Medium Spend","Frequent Buyer","Gold Tier","High Probability"
9635,"High Spend","Frequent Buyer","Bronze Tier","High Probability"
9636,"High Spend","Frequent Buyer","Bronze Tier","High Probability"
9637,"High Spend","Frequent Buyer","Silver Tier","High Probability"
9638,"High Spend","Occasional Buyer","Platinum Tier","High Probability"
9639,"Medium Spend","New Customer","Gold Tier","High Probability"
9640,"High Spend","Frequent Buyer","Platinum Tier","High Probability"
9641,"Medium Spend","Frequent Buyer","Platinum Tier","High Probability"
9642,"Medium Spend","Frequent Buyer","Platinum Tier","High Probability"
9643,"High Spend","New Customer","Platinum Tier","High Probability"
9644,"Medium Spend","Frequent Buyer","Bronze Tier","High Probability"
9645,"High Spend","New Customer","Gold Tier","High Probability"
9646,"High Spend","Frequent Buyer","Silver Tier","High Probability"
9647,"High Spend","Occasional Buyer","Gold Tier","Low Probability"
9648,"High Spend","Frequent Buyer","Platinum Tier","High Probability"
9649,"High Spend","Frequent Buyer","Platinum Tier","Low Probability"
9650,"Low Spend","Frequent Buyer","Silver Tier","High Probability"
9651,"High Spend","Frequent Buyer","Bronze Tier","High Probability"
9652,"High Spend","Occasional Buyer","Platinum Tier","High Probability"
9653,"Medium Spend","Occasional Buyer","Bronze Tier","High Probability"
9654,"High Spend","Occasional Buyer","Silver Tier","High Probability"
9655,"High Spend","Frequent Buyer","Silver Tier","High Probability"
9656,"Medium Spend","Frequent Buyer","Bronze Tier","High Probability"
9657,"High Spend","Frequent Buyer","Gold Tier","High Probability"
9658,"High Spend","Occasional Buyer","Gold Tier","High Probability"
9659,"Medium Spend","Occasional Buyer","Bronze Tier","High Probability"
9660,"Medium Spend","Frequent Buyer","Gold Tier","High Probability"
9661,"High Spend","Occasional Buyer","Gold Tier","High Probability"
9662,"High Spend","New Customer","Silver Tier","High Probability"
9663,"High Spend","Frequent Buyer","Gold Tier","High Probability"
9664,"High Spend","Occasional Buyer","Platinum Tier","Low Probability"
9665,"High Spend","New Customer","Platinum Tier","High Probability"
9666,"High Spend","Frequent Buyer","Platinum Tier","High Probability"
9667,"High Spend","Occasional Buyer","Gold Tier","Low Probability"
9668,"High Spend","Frequent Buyer","Gold Tier","High Probability"
9669,"High Spend","New Customer","Bronze Tier","High Probability"
9670,"High Spend","Frequent Buyer","Platinum Tier","High Probability"
9671,"High Spend","New Customer","Bronze Tier","High Probability"
9672,"Medium Spend","Frequent Buyer","Silver Tier","High Probability"
9673,"High Spend","Frequent Buyer","Gold Tier","High Probability"
9674,"High Spend","Frequent Buyer","Platinum Tier","High Probability"
9675,"High Spend","Frequent Buyer","Gold Tier","High Probability"
9676,"High Spend","New Customer","Bronze Tier","High Probability"
9677,"High Spend","Frequent Buyer","Bronze Tier","High Probability"
9678,"Medium Spend","New Customer","Gold Tier","Low Probability"
9679,"High Spend","Occasional Buyer","Silver Tier","High Probability"
9680,"High Spend","Occasional Buyer","Bronze Tier","High Probability"
9681,"High Spend","Occasional Buyer","Silver Tier","High Probability"
9682,"High Spend","Occasional Buyer","Platinum Tier","High Probability"
9683,"High Spend","Frequent Buyer","Silver Tier","High Probability"
9684,"High Spend","Occasional Buyer","Platinum Tier","High Probability"
9685,"Medium Spend","Occasional Buyer","Bronze Tier","High Probability"
9686,"Medium Spend","Occasional Buyer","Bronze Tier","High Probability"
9687,"High Spend","Frequent Buyer","Platinum Tier","High Probability"
9688,"Medium Spend","Occasional Buyer","Silver Tier","High Probability"
9689,"High Spend","New Customer","Platinum Tier","High Probability"
9690,"Low Spend","New Customer","Silver Tier","High Probability"
9691,"Medium Spend","New Customer","Gold Tier","Low Probability"
9692,"High Spend","Occasional Buyer","Gold Tier","High Probability"
9693,"High Spend","Frequent Buyer","Gold Tier","High Probability"
9694,"High Spend","Occasional Buyer","Gold Tier","High Probability"
9695,"High Spend","Frequent Buyer","Platinum Tier","High Probability"
9696,"Medium Spend","Frequent Buyer","Gold Tier","High Probability"
9697,"High Spend","New Customer","Silver Tier","High Probability"
9698,"Low Spend","Occasional Buyer","Platinum Tier","High Probability"
9699,"High Spend","Occasional Buyer","Silver Tier","High Probability"
9700,"High Spend","New Customer","Platinum Tier","High Probability"
9701,"High Spend","Frequent Buyer","Gold Tier","High Probability"
9702,"Medium Spend","Frequent Buyer","Bronze Tier","High Probability"
9703,"High Spend","Frequent Buyer","Platinum Tier","High Probability"
9704,"Medium Spend","Frequent Buyer","Bronze Tier","High Probability"
9705,"High Spend","Frequent Buyer","Bronze Tier","High Probability"
9706,"High Spend","Frequent Buyer","Platinum Tier","High Probability"
9707,"High Spend","Occasional Buyer","Platinum Tier","High Probability"
9708,"High Spend","Frequent Buyer","Gold Tier","High Probability"
9709,"High Spend","Frequent Buyer","Gold Tier","High Probability"
9710,"High Spend","Frequent Buyer","Silver Tier","High Probability"
9711,"High Spend","Occasional Buyer","Bronze Tier","High Probability"
9712,"High Spend","Occasional Buyer","Platinum Tier","High Probability"
9713,"High Spend","New Customer","Silver Tier","High Probability"
9714,"Low Spend","Frequent Buyer","Platinum Tier","High Probability"
9715,"High Spend","Frequent Buyer","Gold Tier","High Probability"
9716,"High Spend","Occasional Buyer","Bronze Tier","High Probability"
9717,"Medium Spend","Frequent Buyer","Gold Tier","High Probability"
9718,"High Spend","Frequent Buyer","Platinum Tier","High Probability"
9719,"High Spend","Frequent Buyer","Gold Tier","High Probability"
9720,"High Spend","New Customer","Platinum Tier","High Probability"
9721,"High Spend","Frequent Buyer","Gold Tier","High Probability"
9722,"High Spend","Frequent Buyer","Gold Tier","High Probability"
9723,"High Spend","Frequent Buyer","Bronze Tier","High Probability"
9724,"High Spend","Occasional Buyer","Bronze Tier","High Probability"
9725,"Medium Spend","Frequent Buyer","Platinum Tier","High Probability"
9726,"High Spend","Frequent Buyer","Platinum Tier","High Probability"
9727,"High Spend","Occasional Buyer","Bronze Tier","Low Probability"
9728,"Medium Spend","Frequent Buyer","Gold Tier","High Probability"
9729,"High Spend","Occasional Buyer","Platinum Tier","High Probability"
9730,"High Spend","Frequent Buyer","Bronze Tier","High Probability"
9731,"High Spend","Frequent Buyer","Gold Tier","High Probability"
9732,"High Spend","Frequent Buyer","Gold Tier","High Probability"
9733,"High Spend","Frequent Buyer","Silver Tier","High Probability"
9734,"High Spend","Occasional Buyer","Platinum Tier","High Probability"
9735,"Medium Spend","New Customer","Bronze Tier","Low Probability"
9736,"Medium Spend","Frequent Buyer","Gold Tier","High Probability"
9737,"High Spend","Frequent Buyer","Bronze Tier","High Probability"
9738,"High Spend","Frequent Buyer","Silver Tier","High Probability"
9739,"Medium Spend","Frequent Buyer","Platinum Tier","High Probability"
9740,"High Spend","Occasional Buyer","Bronze Tier","High Probability"
9741,"High Spend","Frequent Buyer","Silver Tier","High Probability"
9742,"High Spend","Occasional Buyer","Gold Tier","High Probability"
9743,"High Spend","Occasional Buyer","Gold Tier","High Probability"
9744,"High Spend","Frequent Buyer","Gold Tier","High Probability"
9745,"High Spend","Frequent Buyer","Platinum Tier","High Probability"
9746,"High Spend","Frequent Buyer","Gold Tier","High Probability"
9747,"High Spend","Frequent Buyer","Platinum Tier","High Probability"
9748,"High Spend","Frequent Buyer","Silver Tier","High Probability"
9749,"High Spend","Frequent Buyer","Gold Tier","High Probability"
9750,"Medium Spend","Occasional Buyer","Platinum Tier","Low Probability"
9751,"High Spend","Frequent Buyer","Silver Tier","High Probability"
9752,"High Spend","Frequent Buyer","Platinum Tier","Low Probability"
9753,"Medium Spend","Frequent Buyer","Bronze Tier","Low Probability"
9754,"Medium Spend","New Customer","Silver Tier","High Probability"
9755,"High Spend","Frequent Buyer","Bronze Tier","High Probability"
9756,"Low Spend","New Customer","Platinum Tier","High Probability"
9757,"High Spend","Frequent Buyer","Platinum Tier","High Probability"
9758,"High Spend","Frequent Buyer","Bronze Tier","High Probability"
9759,"Medium Spend","Frequent Buyer","Platinum Tier","High Probability"
9760,"High Spend","Occasional Buyer","Platinum Tier","High Probability"
9761,"High Spend","Frequent Buyer","Gold Tier","High Probability"
9762,"Low Spend","Frequent Buyer","Gold Tier","High Probability"
9763,"Medium Spend","Frequent Buyer","Silver Tier","High Probability"
9764,"High Spend","Occasional Buyer","Gold Tier","High Probability"
9765,"High Spend","Frequent Buyer","Gold Tier","High Probability"
9766,"High Spend","Frequent Buyer","Gold Tier","High Probability"
9767,"High Spend","Frequent Buyer","Platinum Tier","High Probability"
9768,"Medium Spend","Frequent Buyer","Gold Tier","High Probability"
9769,"Medium Spend","Frequent Buyer","Bronze Tier","High Probability"
9770,"Medium Spend","Occasional Buyer","Bronze Tier","High Probability"
9771,"High Spend","Frequent Buyer","Silver Tier","High Probability"
9772,"High Spend","Frequent Buyer","Platinum Tier","High Probability"
9773,"High Spend","Frequent Buyer","Platinum Tier","High Probability"
9774,"High Spend","Frequent Buyer","Silver Tier","High Probability"
9775,"High Spend","Occasional Buyer","Silver Tier","High Probability"
9776,"High Spend","Frequent Buyer","Bronze Tier","High Probability"
9777,"High Spend","Occasional Buyer","Platinum Tier","High Probability"
9778,"Medium Spend","Frequent Buyer","Platinum Tier","High Probability"
9779,"High Spend","Frequent Buyer","Gold Tier","High Probability"
9780,"High Spend","Frequent Buyer","Bronze Tier","High Probability"
9781,"High Spend","New Customer","Gold Tier","High Probability"
9782,"High Spend","Frequent Buyer","Silver Tier","High Probability"
9783,"High Spend","Occasional Buyer","Bronze Tier","High Probability"
9784,"High Spend","Frequent Buyer","Platinum Tier","High Probability"
9785,"High Spend","Frequent Buyer","Gold Tier","High Probability"
9786,"High Spend","Frequent Buyer","Silver Tier","High Probability"
9787,"Medium Spend","Occasional Buyer","Platinum Tier","High Probability"
9788,"High Spend","Frequent Buyer","Platinum Tier","High Probability"
9789,"High Spend","Frequent Buyer","Gold Tier","High Probability"
9790,"High Spend","Occasional Buyer","Silver Tier","High Probability"
9791,"High Spend","Frequent Buyer","Platinum Tier","High Probability"
9792,"High Spend","Frequent Buyer","Gold Tier","High Probability"
9793,"High Spend","Frequent Buyer","Gold Tier","High Probability"
9794,"High Spend","Frequent Buyer","Gold Tier","High Probability"
9795,"Low Spend","Occasional Buyer","Silver Tier","High Probability"
9796,"High Spend","Frequent Buyer","Platinum Tier","High Probability"
9797,"High Spend","Occasional Buyer","Gold Tier","High Probability"
9798,"High Spend","Frequent Buyer","Platinum Tier","High Probability"
9799,"Medium Spend","Occasional Buyer","Platinum Tier","High Probability"
9800,"High Spend","Frequent Buyer","Gold Tier","High Probability"
9801,"High Spend","New Customer","Bronze Tier","Low Probability"
9802,"High Spend","Frequent Buyer","Bronze Tier","High Probability"
9803,"High Spend","Frequent Buyer","Gold Tier","High Probability"
9804,"High Spend","New Customer","Bronze Tier","Low Probability"
9805,"High Spend","Occasional Buyer","Silver Tier","High Probability"
9806,"High Spend","Occasional Buyer","Bronze Tier","High Probability"
9807,"Medium Spend","Occasional Buyer","Platinum Tier","High Probability"
9808,"High Spend","Occasional Buyer","Platinum Tier","High Probability"
9809,"High Spend","Frequent Buyer","Gold Tier","High Probability"
9810,"High Spend","New Customer","Platinum Tier","High Probability"
9811,"High Spend","Frequent Buyer","Platinum Tier","High Probability"
9812,"High Spend","Frequent Buyer","Gold Tier","High Probability"
9813,"High Spend","Frequent Buyer","Gold Tier","High Probability"
9814,"High Spend","Frequent Buyer","Bronze Tier","High Probability"
9815,"Medium Spend","Occasional Buyer","Silver Tier","High Probability"
9816,"High Spend","Frequent Buyer","Bronze Tier","High Probability"
9817,"Medium Spend","Occasional Buyer","Platinum Tier","Low Probability"
9818,"Medium Spend","Frequent Buyer","Gold Tier","High Probability"
9819,"High Spend","Occasional Buyer","Bronze Tier","High Probability"
9820,"Medium Spend","New Customer","Bronze Tier","Low Probability"
9821,"Medium Spend","Occasional Buyer","Bronze Tier","High Probability"
9822,"High Spend","Frequent Buyer","Gold Tier","High Probability"
9823,"High Spend","Frequent Buyer","Gold Tier","High Probability"
9824,"Medium Spend","Frequent Buyer","Gold Tier","Low Probability"
9825,"Medium Spend","Frequent Buyer","Platinum Tier","Low Probability"
9826,"Medium Spend","Frequent Buyer","Silver Tier","High Probability"
9827,"High Spend","Occasional Buyer","Gold Tier","High Probability"
9828,"High Spend","Occasional Buyer","Platinum Tier","High Probability"
9829,"High Spend","Frequent Buyer","Silver Tier","High Probability"
9830,"Medium Spend","Frequent Buyer","Gold Tier","High Probability"
9831,"High Spend","Occasional Buyer","Gold Tier","High Probability"
9832,"High Spend","Frequent Buyer","Gold Tier","Low Probability"
9833,"High Spend","Frequent Buyer","Gold Tier","High Probability"
9834,"High Spend","Frequent Buyer","Silver Tier","High Probability"
9835,"High Spend","Frequent Buyer","Gold Tier","High Probability"
9836,"Medium Spend","Frequent Buyer","Silver Tier","High Probability"
9837,"High Spend","Frequent Buyer","Bronze Tier","High Probability"
9838,"Medium Spend","Frequent Buyer","Silver Tier","High Probability"
9839,"High Spend","Frequent Buyer","Gold Tier","High Probability"
9840,"High Spend","Frequent Buyer","Gold Tier","High Probability"
9841,"High Spend","Frequent Buyer","Platinum Tier","High Probability"
9842,"High Spend","New Customer","Gold Tier","High Probability"
9843,"Medium Spend","Occasional Buyer","Bronze Tier","High Probability"
9844,"High Spend","Frequent Buyer","Platinum Tier","High Probability"
9845,"Medium Spend","Occasional Buyer","Silver Tier","High Probability"
9846,"High Spend","Frequent Buyer","Gold Tier","High Probability"
9847,"High Spend","Occasional Buyer","Platinum Tier","High Probability"
9848,"High Spend","Frequent Buyer","Platinum Tier","High Probability"
9849,"Low Spend","Frequent Buyer","Gold Tier","High Probability"
9850,"Medium Spend","Frequent Buyer","Gold Tier","High Probability"
9851,"High Spend","Occasional Buyer","Platinum Tier","High Probability"
9852,"High Spend","Occasional Buyer","Platinum Tier","High Probability"
9853,"High Spend","New Customer","Platinum Tier","High Probability"
9854,"High Spend","Frequent Buyer","Platinum Tier","High Probability"
9855,"High Spend","Frequent Buyer","Platinum Tier","High Probability"
9856,"Medium Spend","Frequent Buyer","Platinum Tier","High Probability"
9857,"High Spend","Frequent Buyer","Platinum Tier","High Probability"
9858,"High Spend","Frequent Buyer","Bronze Tier","High Probability"
9859,"Medium Spend","Occasional Buyer","Silver Tier","High Probability"
9860,"High Spend","Frequent Buyer","Platinum Tier","High Probability"
9861,"Medium Spend","Frequent Buyer","Gold Tier","High Probability"
9862,"High Spend","Frequent Buyer","Platinum Tier","High Probability"
9863,"Medium Spend","Frequent Buyer","Silver Tier","High Probability"
9864,"Medium Spend","Occasional Buyer","Platinum Tier","High Probability"
9865,"High Spend","Frequent Buyer","Silver Tier","High Probability"
9866,"High Spend","Frequent Buyer","Platinum Tier","High Probability"
9867,"High Spend","Frequent Buyer","Silver Tier","High Probability"
9868,"High Spend","Frequent Buyer","Platinum Tier","High Probability"
9869,"Medium Spend","Occasional Buyer","Silver Tier","High Probability"
9870,"High Spend","New Customer","Bronze Tier","Low Probability"
9871,"Low Spend","Frequent Buyer","Bronze Tier","Low Probability"
9872,"High Spend","Frequent Buyer","Gold Tier","High Probability"
9873,"High Spend","Occasional Buyer","Platinum Tier","High Probability"
9874,"High Spend","Occasional Buyer","Bronze Tier","High Probability"
9875,"High Spend","Frequent Buyer","Gold Tier","High Probability"
9876,"Medium Spend","Frequent Buyer","Gold Tier","High Probability"
9877,"High Spend","Occasional Buyer","Platinum Tier","High Probability"
9878,"High Spend","Frequent Buyer","Platinum Tier","High Probability"
9879,"High Spend","Frequent Buyer","Gold Tier","High Probability"
9880,"Medium Spend","Occasional Buyer","Platinum Tier","High Probability"
9881,"High Spend","New Customer","Bronze Tier","High Probability"
9882,"Medium Spend","Frequent Buyer","Silver Tier","High Probability"
9883,"High Spend","Frequent Buyer","Gold Tier","High Probability"
9884,"High Spend","New Customer","Gold Tier","High Probability"
9885,"Medium Spend","Frequent Buyer","Gold Tier","Low Probability"
9886,"High Spend","Frequent Buyer","Gold Tier","High Probability"
9887,"High Spend","Occasional Buyer","Gold Tier","High Probability"
9888,"High Spend","Frequent Buyer","Gold Tier","High Probability"
9889,"Medium Spend","Frequent Buyer","Platinum Tier","High Probability"
9890,"High Spend","Occasional Buyer","Bronze Tier","High Probability"
9891,"High Spend","Frequent Buyer","Platinum Tier","High Probability"
9892,"High Spend","Frequent Buyer","Silver Tier","High Probability"
9893,"Low Spend","Frequent Buyer","Gold Tier","High Probability"
9894,"Low Spend","Frequent Buyer","Platinum Tier","Low Probability"
9895,"High Spend","Occasional Buyer","Gold Tier","High Probability"
9896,"High Spend","Frequent Buyer","Silver Tier","High Probability"
9897,"Low Spend","Frequent Buyer","Bronze Tier","Low Probability"
9898,"High Spend","Frequent Buyer","Bronze Tier","High Probability"
9899,"Medium Spend","Frequent Buyer","Platinum Tier","High Probability"
9900,"High Spend","Frequent Buyer","Platinum Tier","High Probability"
9901,"High Spend","Frequent Buyer","Gold Tier","High Probability"
9902,"Medium Spend","Frequent Buyer","Platinum Tier","High Probability"
9903,"Medium Spend","Frequent Buyer","Bronze Tier","High Probability"
9904,"Low Spend","Frequent Buyer","Platinum Tier","High Probability"
9905,"Medium Spend","Frequent Buyer","Silver Tier","High Probability"
9906,"Low Spend","Occasional Buyer","Gold Tier","High Probability"
9907,"High Spend","Occasional Buyer","Silver Tier","High Probability"
9908,"High Spend","Occasional Buyer","Platinum Tier","High Probability"
9909,"High Spend","Frequent Buyer","Bronze Tier","High Probability"
9910,"High Spend","Frequent Buyer","Bronze Tier","High Probability"
9911,"High Spend","Occasional Buyer","Gold Tier","High Probability"
9912,"High Spend","Occasional Buyer","Platinum Tier","High Probability"
9913,"Low Spend","Occasional Buyer","Bronze Tier","High Probability"
9914,"High Spend","Occasional Buyer","Platinum Tier","High Probability"
9915,"Medium Spend","Frequent Buyer","Platinum Tier","High Probability"
9916,"High Spend","Occasional Buyer","Gold Tier","High Probability"
9917,"High Spend","Occasional Buyer","Bronze Tier","High Probability"
9918,"High Spend","Occasional Buyer","Silver Tier","High Probability"
9919,"High Spend","Frequent Buyer","Bronze Tier","High Probability"
9920,"High Spend","Frequent Buyer","Silver Tier","High Probability"
9921,"High Spend","Occasional Buyer","Platinum Tier","High Probability"
9922,"High Spend","New Customer","Silver Tier","High Probability"
9923,"High Spend","Occasional Buyer","Platinum Tier","High Probability"
9924,"Low Spend","Occasional Buyer","Platinum Tier","High Probability"
9925,"Medium Spend","Occasional Buyer","Gold Tier","High Probability"
9926,"High Spend","Frequent Buyer","Bronze Tier","High Probability"
9927,"High Spend","Occasional Buyer","Bronze Tier","High Probability"
9928,"High Spend","New Customer","Gold Tier","High Probability"
9929,"High Spend","Frequent Buyer","Silver Tier","High Probability"
9930,"High Spend","Frequent Buyer","Gold Tier","High Probability"
9931,"Medium Spend","New Customer","Gold Tier","Low Probability"
9932,"High Spend","Frequent Buyer","Bronze Tier","Low Probability"
9933,"High Spend","Frequent Buyer","Silver Tier","High Probability"
9934,"High Spend","Frequent Buyer","Platinum Tier","High Probability"
9935,"Low Spend","Frequent Buyer","Platinum Tier","High Probability"
9936,"High Spend","New Customer","Gold Tier","High Probability"
9937,"High Spend","Frequent Buyer","Silver Tier","High Probability"
9938,"Low Spend","Frequent Buyer","Platinum Tier","Low Probability"
9939,"High Spend","Frequent Buyer","Platinum Tier","High Probability"
9940,"Medium Spend","Occasional Buyer","Gold Tier","High Probability"
9941,"High Spend","Occasional Buyer","Platinum Tier","High Probability"
9942,"High Spend","Occasional Buyer","Silver Tier","High Probability"
9943,"High Spend","Occasional Buyer","Platinum Tier","High Probability"
9944,"High Spend","Occasional Buyer","Platinum Tier","High Probability"
9945,"High Spend","Occasional Buyer","Platinum Tier","High Probability"
9946,"High Spend","Occasional Buyer","Bronze Tier","High Probability"
9947,"Medium Spend","Frequent Buyer","Bronze Tier","High Probability"
9948,"High Spend","Frequent Buyer","Silver Tier","High Probability"
9949,"High Spend","New Customer","Silver Tier","High Probability"
9950,"Medium Spend","Occasional Buyer","Gold Tier","High Probability"
9951,"High Spend","Frequent Buyer","Silver Tier","High Probability"
9952,"High Spend","Frequent Buyer","Platinum Tier","High Probability"
9953,"High Spend","New Customer","Platinum Tier","High Probability"
9954,"High Spend","Frequent Buyer","Gold Tier","High Probability"
9955,"High Spend","Frequent Buyer","Gold Tier","High Probability"
9956,"Low Spend","Occasional Buyer","Platinum Tier","High Probability"
9957,"High Spend","Frequent Buyer","Gold Tier","High Probability"
9958,"High Spend","Occasional Buyer","Gold Tier","High Probability"
9959,"Low Spend","Frequent Buyer","Gold Tier","High Probability"
9960,"High Spend","Occasional Buyer","Gold Tier","High Probability"
9961,"High Spend","Frequent Buyer","Platinum Tier","High Probability"
9962,"High Spend","Occasional Buyer","Bronze Tier","High Probability"
9963,"Medium Spend","Frequent Buyer","Gold Tier","High Probability"
9964,"High Spend","Frequent Buyer","Gold Tier","High Probability"
9965,"High Spend","Frequent Buyer","Platinum Tier","High Probability"
9966,"High Spend","New Customer","Platinum Tier","High Probability"
9967,"High Spend","Frequent Buyer","Gold Tier","High Probability"
9968,"High Spend","Frequent Buyer","Bronze Tier","High Probability"
9969,"High Spend","Frequent Buyer","Silver Tier","High Probability"
9970,"High Spend","Frequent Buyer","Platinum Tier","High Probability"
9971,"High Spend","Occasional Buyer","Silver Tier","High Probability"
9972,"High Spend","Frequent Buyer","Gold Tier","High Probability"
9973,"High Spend","Occasional Buyer","Platinum Tier","High Probability"
9974,"High Spend","Frequent Buyer","Bronze Tier","High Probability"
9975,"High Spend","Frequent Buyer","Bronze Tier","High Probability"
9976,"High Spend","New Customer","Silver Tier","High Probability"
9977,"Medium Spend","Occasional Buyer","Bronze Tier","Low Probability"
9978,"High Spend","New Customer","Gold Tier","Low Probability"
9979,"High Spend","New Customer","Gold Tier","High Probability"
9980,"High Spend","Frequent Buyer","Platinum Tier","High Probability"
9981,"High Spend","Frequent Buyer","Platinum Tier","High Probability"
9982,"High Spend","Frequent Buyer","Gold Tier","High Probability"
9983,"Medium Spend","New Customer","Silver Tier","High Probability"
9984,"Medium Spend","Occasional Buyer","Platinum Tier","Low Probability"
9985,"Medium Spend","Frequent Buyer","Platinum Tier","High Probability"
9986,"Medium Spend","Frequent Buyer","Gold Tier","High Probability"
9987,"Medium Spend","Frequent Buyer","Bronze Tier","High Probability"
9988,"High Spend","Occasional Buyer","Bronze Tier","High Probability"
9989,"High Spend","Occasional Buyer","Bronze Tier","High Probability"
9990,"High Spend","Frequent Buyer","Gold Tier","High Probability"
9991,"High Spend","New Customer","Silver Tier","High Probability"
9992,"High Spend","Occasional Buyer","Gold Tier","High Probability"
9993,"Medium Spend","Frequent Buyer","Platinum Tier","High Probability"
9994,"High Spend","Frequent Buyer","Platinum Tier","High Probability"
9995,"High Spend","Occasional Buyer","Platinum Tier","High Probability"
9996,"High Spend","Frequent Buyer","Platinum Tier","High Probability"
9997,"Medium Spend","New Customer","Bronze Tier","Low Probability"
9998,"Medium Spend","Frequent Buyer","Gold Tier","High Probability"
9999,"High Spend","Frequent Buyer","Silver Tier","High Probability"
10000,"High Spend","Frequent Buyer","Platinum Tier","High Probability"
10001,"High Spend","Frequent Buyer","Platinum Tier","High Probability"
10002,"High Spend","Frequent Buyer","Gold Tier","High Probability"
10003,"Medium Spend","Frequent Buyer","Gold Tier","High Probability"
10004,"High Spend","Frequent Buyer","Platinum Tier","High Probability"
10005,"Medium Spend","Frequent Buyer","Silver Tier","High Probability"
10006,"Medium Spend","Frequent Buyer","Platinum Tier","High Probability"
10007,"Medium Spend","Frequent Buyer","Bronze Tier","High Probability"
10008,"High Spend","Frequent Buyer","Gold Tier","High Probability"
10009,"Medium Spend","Occasional Buyer","Silver Tier","High Probability"
10010,"High Spend","Frequent Buyer","Platinum Tier","High Probability"
10011,"High Spend","Frequent Buyer","Gold Tier","High Probability"
10012,"High Spend","Occasional Buyer","Platinum Tier","High Probability"
10013,"High Spend","Frequent Buyer","Gold Tier","High Probability"
10014,"Medium Spend","New Customer","Bronze Tier","Low Probability"
10015,"High Spend","Occasional Buyer","Platinum Tier","High Probability"
10016,"High Spend","Frequent Buyer","Silver Tier","High Probability"
10017,"Medium Spend","Frequent Buyer","Bronze Tier","High Probability"
10018,"High Spend","Frequent Buyer","Gold Tier","High Probability"
10019,"Medium Spend","New Customer","Gold Tier","High Probability"
10020,"High Spend","Frequent Buyer","Gold Tier","High Probability"
10021,"High Spend","Frequent Buyer","Silver Tier","High Probability"
10022,"High Spend","Occasional Buyer","Bronze Tier","High Probability"
10023,"High Spend","Frequent Buyer","Bronze Tier","High Probability"
10024,"High Spend","Frequent Buyer","Gold Tier","High Probability"
10025,"High Spend","Frequent Buyer","Platinum Tier","High Probability"
10026,"High Spend","Occasional Buyer","Gold Tier","High Probability"
10027,"High Spend","Occasional Buyer","Bronze Tier","High Probability"
10028,"High Spend","Frequent Buyer","Gold Tier","High Probability"
10029,"High Spend","Frequent Buyer","Silver Tier","High Probability"
10030,"High Spend","New Customer","Silver Tier","High Probability"
10031,"Medium Spend","Occasional Buyer","Platinum Tier","High Probability"
10032,"High Spend","Frequent Buyer","Platinum Tier","High Probability"
10033,"High Spend","Occasional Buyer","Gold Tier","High Probability"
10034,"High Spend","Occasional Buyer","Gold Tier","High Probability"
10035,"Medium Spend","Frequent Buyer","Bronze Tier","Low Probability"
10036,"High Spend","Frequent Buyer","Gold Tier","High Probability"
10037,"High Spend","Occasional Buyer","Platinum Tier","High Probability"
10038,"Medium Spend","Frequent Buyer","Platinum Tier","High Probability"
10039,"High Spend","Occasional Buyer","Bronze Tier","High Probability"
10040,"High Spend","Frequent Buyer","Silver Tier","High Probability"
10041,"Medium Spend","Frequent Buyer","Platinum Tier","High Probability"
10042,"High Spend","Frequent Buyer","Gold Tier","High Probability"
10043,"High Spend","Frequent Buyer","Bronze Tier","High Probability"
10044,"High Spend","Frequent Buyer","Bronze Tier","High Probability"
10045,"High Spend","Frequent Buyer","Gold Tier","High Probability"
10046,"High Spend","Frequent Buyer","Gold Tier","High Probability"
10047,"High Spend","Occasional Buyer","Platinum Tier","High Probability"
10048,"High Spend","Frequent Buyer","Gold Tier","High Probability"
10049,"High Spend","Frequent Buyer","Platinum Tier","High Probability"
10050,"High Spend","Frequent Buyer","Gold Tier","Low Probability"
10051,"Low Spend","New Customer","Gold Tier","High Probability"
10052,"High Spend","Frequent Buyer","Silver Tier","High Probability"
10053,"Medium Spend","New Customer","Bronze Tier","High Probability"
10054,"High Spend","Occasional Buyer","Gold Tier","High Probability"
10055,"High Spend","Frequent Buyer","Gold Tier","High Probability"
10056,"High Spend","Frequent Buyer","Silver Tier","High Probability"
10057,"High Spend","Occasional Buyer","Bronze Tier","High Probability"
10058,"High Spend","Frequent Buyer","Bronze Tier","High Probability"
10059,"Low Spend","Occasional Buyer","Bronze Tier","High Probability"
10060,"High Spend","New Customer","Gold Tier","High Probability"
10061,"High Spend","Frequent Buyer","Gold Tier","High Probability"
10062,"High Spend","Frequent Buyer","Silver Tier","High Probability"
10063,"Medium Spend","New Customer","Gold Tier","High Probability"
10064,"High Spend","New Customer","Gold Tier","High Probability"
10065,"High Spend","Frequent Buyer","Gold Tier","High Probability"
10066,"High Spend","Occasional Buyer","Platinum Tier","High Probability"
10067,"Medium Spend","Frequent Buyer","Platinum Tier","High Probability"
10068,"High Spend","Frequent Buyer","Gold Tier","Low Probability"
10069,"Medium Spend","Occasional Buyer","Platinum Tier","Low Probability"
10070,"Low Spend","Occasional Buyer","Gold Tier","High Probability"
10071,"Medium Spend","Frequent Buyer","Gold Tier","High Probability"
10072,"High Spend","Frequent Buyer","Silver Tier","High Probability"
10073,"Medium Spend","Frequent Buyer","Gold Tier","High Probability"
10074,"High Spend","Frequent Buyer","Silver Tier","High Probability"
10075,"Medium Spend","Frequent Buyer","Platinum Tier","High Probability"
10076,"High Spend","New Customer","Bronze Tier","High Probability"
10077,"High Spend","Occasional Buyer","Gold Tier","High Probability"
10078,"Medium Spend","Frequent Buyer","Silver Tier","High Probability"
10079,"High Spend","Frequent Buyer","Platinum Tier","High Probability"
10080,"High Spend","Frequent Buyer","Bronze Tier","High Probability"
10081,"High Spend","Frequent Buyer","Platinum Tier","High Probability"
10082,"High Spend","Frequent Buyer","Platinum Tier","High Probability"
10083,"High Spend","Occasional Buyer","Silver Tier","High Probability"
10084,"High Spend","Frequent Buyer","Silver Tier","High Probability"
10085,"High Spend","Frequent Buyer","Silver Tier","High Probability"
10086,"High Spend","Occasional Buyer","Platinum Tier","High Probability"
10087,"High Spend","Frequent Buyer","Bronze Tier","High Probability"
10088,"High Spend","Frequent Buyer","Silver Tier","High Probability"
10089,"Medium Spend","Frequent Buyer","Silver Tier","High Probability"
10090,"Low Spend","Occasional Buyer","Platinum Tier","High Probability"
10091,"High Spend","Frequent Buyer","Gold Tier","Low Probability"
10092,"High Spend","Frequent Buyer","Bronze Tier","High Probability"
10093,"High Spend","Frequent Buyer","Platinum Tier","High Probability"
10094,"High Spend","Frequent Buyer","Platinum Tier","High Probability"
10095,"High Spend","Occasional Buyer","Silver Tier","High Probability"
10096,"High Spend","Frequent Buyer","Platinum Tier","High Probability"
10097,"Medium Spend","Frequent Buyer","Platinum Tier","High Probability"
10098,"High Spend","Frequent Buyer","Platinum Tier","High Probability"
10099,"High Spend","Frequent Buyer","Gold Tier","High Probability"
10100,"High Spend","Frequent Buyer","Platinum Tier","High Probability"
10101,"High Spend","Frequent Buyer","Bronze Tier","High Probability"
10102,"Medium Spend","Frequent Buyer","Bronze Tier","High Probability"
10103,"High Spend","Frequent Buyer","Gold Tier","High Probability"
10104,"Medium Spend","Occasional Buyer","Silver Tier","Low Probability"
10105,"Medium Spend","Occasional Buyer","Gold Tier","High Probability"
10106,"High Spend","Occasional Buyer","Platinum Tier","High Probability"
10107,"Medium Spend","Occasional Buyer","Platinum Tier","Low Probability"
10108,"High Spend","Frequent Buyer","Gold Tier","High Probability"
10109,"High Spend","Frequent Buyer","Platinum Tier","High Probability"
10110,"Medium Spend","Frequent Buyer","Gold Tier","High Probability"
10111,"Low Spend","Occasional Buyer","Gold Tier","High Probability"
10112,"High Spend","Frequent Buyer","Gold Tier","High Probability"
10113,"Low Spend","Frequent Buyer","Silver Tier","Low Probability"
10114,"High Spend","Occasional Buyer","Platinum Tier","High Probability"
10115,"High Spend","Occasional Buyer","Gold Tier","High Probability"
10116,"High Spend","Frequent Buyer","Bronze Tier","High Probability"
10117,"High Spend","Frequent Buyer","Platinum Tier","High Probability"
10118,"High Spend","Occasional Buyer","Gold Tier","High Probability"
10119,"High Spend","Frequent Buyer","Gold Tier","High Probability"
10120,"High Spend","New Customer","Platinum Tier","High Probability"
10121,"High Spend","Frequent Buyer","Silver Tier","High Probability"
10122,"Medium Spend","Occasional Buyer","Silver Tier","High Probability"
10123,"High Spend","Occasional Buyer","Platinum Tier","Low Probability"
10124,"High Spend","Frequent Buyer","Platinum Tier","High Probability"
10125,"Medium Spend","Occasional Buyer","Platinum Tier","High Probability"
10126,"Medium Spend","Frequent Buyer","Gold Tier","High Probability"
10127,"High Spend","New Customer","Gold Tier","High Probability"
10128,"High Spend","Frequent Buyer","Bronze Tier","High Probability"
10129,"High Spend","Frequent Buyer","Gold Tier","High Probability"
10130,"High Spend","Frequent Buyer","Platinum Tier","High Probability"
10131,"High Spend","Occasional Buyer","Bronze Tier","High Probability"
10132,"High Spend","Frequent Buyer","Bronze Tier","High Probability"
10133,"High Spend","Occasional Buyer","Gold Tier","High Probability"
10134,"High Spend","Occasional Buyer","Bronze Tier","High Probability"
10135,"Medium Spend","Frequent Buyer","Silver Tier","High Probability"
10136,"High Spend","Occasional Buyer","Bronze Tier","Low Probability"
10137,"High Spend","Occasional Buyer","Gold Tier","High Probability"
10138,"High Spend","Frequent Buyer","Platinum Tier","High Probability"
10139,"High Spend","Frequent Buyer","Gold Tier","High Probability"
10140,"Medium Spend","Frequent Buyer","Platinum Tier","High Probability"
10141,"High Spend","Frequent Buyer","Platinum Tier","High Probability"
10142,"Medium Spend","Frequent Buyer","Gold Tier","High Probability"
10143,"High Spend","Occasional Buyer","Gold Tier","High Probability"
10144,"High Spend","New Customer","Gold Tier","High Probability"
10145,"High Spend","Frequent Buyer","Platinum Tier","High Probability"
10146,"High Spend","Frequent Buyer","Gold Tier","High Probability"
10147,"High Spend","Occasional Buyer","Platinum Tier","High Probability"
10148,"High Spend","Frequent Buyer","Bronze Tier","High Probability"
10149,"High Spend","Frequent Buyer","Gold Tier","High Probability"
10150,"High Spend","Frequent Buyer","Silver Tier","High Probability"
10151,"High Spend","Occasional Buyer","Platinum Tier","High Probability"
10152,"Low Spend","New Customer","Bronze Tier","High Probability"
10153,"High Spend","Occasional Buyer","Bronze Tier","High Probability"
10154,"High Spend","Frequent Buyer","Platinum Tier","High Probability"
10155,"High Spend","Frequent Buyer","Gold Tier","High Probability"
10156,"High Spend","Occasional Buyer","Platinum Tier","High Probability"
10157,"High Spend","Frequent Buyer","Gold Tier","High Probability"
10158,"High Spend","New Customer","Silver Tier","High Probability"
10159,"High Spend","Occasional Buyer","Gold Tier","High Probability"
10160,"High Spend","Occasional Buyer","Bronze Tier","High Probability"
10161,"High Spend","Occasional Buyer","Gold Tier","Low Probability"
10162,"High Spend","Occasional Buyer","Platinum Tier","High Probability"
10163,"High Spend","Frequent Buyer","Silver Tier","High Probability"
10164,"High Spend","Frequent Buyer","Platinum Tier","High Probability"
10165,"Medium Spend","Frequent Buyer","Silver Tier","High Probability"
10166,"High Spend","Frequent Buyer","Silver Tier","High Probability"
10167,"High Spend","Occasional Buyer","Platinum Tier","High Probability"
10168,"High Spend","Occasional Buyer","Platinum Tier","High Probability"
10169,"High Spend","Occasional Buyer","Platinum Tier","High Probability"
10170,"High Spend","Frequent Buyer","Gold Tier","High Probability"
10171,"High Spend","Occasional Buyer","Platinum Tier","High Probability"
10172,"High Spend","Occasional Buyer","Gold Tier","High Probability"
10173,"High Spend","Frequent Buyer","Gold Tier","High Probability"
10174,"High Spend","Occasional Buyer","Bronze Tier","High Probability"
10175,"High Spend","Frequent Buyer","Gold Tier","High Probability"
10176,"High Spend","Frequent Buyer","Platinum Tier","High Probability"
10177,"High Spend","Occasional Buyer","Silver Tier","High Probability"
10178,"High Spend","Frequent Buyer","Silver Tier","High Probability"
10179,"High Spend","Occasional Buyer","Platinum Tier","High Probability"
10180,"High Spend","Frequent Buyer","Gold Tier","High Probability"
10181,"High Spend","Frequent Buyer","Bronze Tier","High Probability"
10182,"High Spend","Occasional Buyer","Platinum Tier","High Probability"
10183,"High Spend","Frequent Buyer","Gold Tier","High Probability"
10184,"High Spend","Occasional Buyer","Silver Tier","Low Probability"
10185,"High Spend","Frequent Buyer","Gold Tier","High Probability"
10186,"High Spend","Occasional Buyer","Gold Tier","High Probability"
10187,"Medium Spend","Frequent Buyer","Gold Tier","Low Probability"
10188,"High Spend","Frequent Buyer","Platinum Tier","High Probability"
10189,"Medium Spend","Frequent Buyer","Platinum Tier","High Probability"
10190,"High Spend","Occasional Buyer","Gold Tier","High Probability"
10191,"Medium Spend","Occasional Buyer","Silver Tier","High Probability"
10192,"High Spend","Frequent Buyer","Gold Tier","High Probability"
10193,"Medium Spend","Occasional Buyer","Gold Tier","High Probability"
10194,"High Spend","New Customer","Bronze Tier","High Probability"
10195,"High Spend","Occasional Buyer","Bronze Tier","Low Probability"
10196,"High Spend","Frequent Buyer","Platinum Tier","High Probability"
10197,"High Spend","Frequent Buyer","Bronze Tier","High Probability"
10198,"High Spend","Frequent Buyer","Platinum Tier","High Probability"
10199,"High Spend","Occasional Buyer","Platinum Tier","High Probability"
10200,"Medium Spend","Frequent Buyer","Platinum Tier","High Probability"
10201,"High Spend","Frequent Buyer","Bronze Tier","High Probability"
10202,"High Spend","Frequent Buyer","Platinum Tier","Low Probability"
10203,"High Spend","Occasional Buyer","Silver Tier","High Probability"
10204,"High Spend","Frequent Buyer","Silver Tier","High Probability"
10205,"High Spend","Occasional Buyer","Bronze Tier","High Probability"
10206,"Medium Spend","Frequent Buyer","Gold Tier","High Probability"
10207,"High Spend","Frequent Buyer","Silver Tier","High Probability"
10208,"High Spend","Frequent Buyer","Platinum Tier","High Probability"
10209,"Medium Spend","Frequent Buyer","Gold Tier","High Probability"
10210,"Medium Spend","New Customer","Bronze Tier","Low Probability"
10211,"High Spend","Frequent Buyer","Gold Tier","High Probability"
10212,"High Spend","New Customer","Bronze Tier","High Probability"
10213,"High Spend","Frequent Buyer","Bronze Tier","High Probability"
10214,"High Spend","Frequent Buyer","Silver Tier","High Probability"
10215,"High Spend","Occasional Buyer","Bronze Tier","Low Probability"
10216,"High Spend","Frequent Buyer","Gold Tier","High Probability"
10217,"High Spend","Frequent Buyer","Bronze Tier","High Probability"
10218,"High Spend","Frequent Buyer","Bronze Tier","High Probability"
10219,"Medium Spend","Frequent Buyer","Platinum Tier","High Probability"
10220,"High Spend","Occasional Buyer","Gold Tier","High Probability"
10221,"High Spend","Frequent Buyer","Bronze Tier","High Probability"
10222,"High Spend","Frequent Buyer","Gold Tier","High Probability"
10223,"High Spend","Frequent Buyer","Silver Tier","High Probability"
10224,"Medium Spend","Occasional Buyer","Platinum Tier","High Probability"
10225,"Medium Spend","Frequent Buyer","Gold Tier","High Probability"
10226,"High Spend","Frequent Buyer","Silver Tier","High Probability"
10227,"High Spend","New Customer","Platinum Tier","High Probability"
10228,"High Spend","Frequent Buyer","Silver Tier","High Probability"
10229,"High Spend","Occasional Buyer","Gold Tier","High Probability"
10230,"High Spend","Frequent Buyer","Bronze Tier","High Probability"
10231,"Medium Spend","Occasional Buyer","Platinum Tier","High Probability"
10232,"High Spend","Frequent Buyer","Silver Tier","High Probability"
10233,"High Spend","Frequent Buyer","Gold Tier","High Probability"
10234,"High Spend","Frequent Buyer","Gold Tier","High Probability"
10235,"High Spend","New Customer","Gold Tier","High Probability"
10236,"High Spend","Frequent Buyer","Silver Tier","High Probability"
10237,"Medium Spend","Frequent Buyer","Platinum Tier","High Probability"
10238,"Medium Spend","Frequent Buyer","Platinum Tier","High Probability"
10239,"High Spend","Frequent Buyer","Gold Tier","High Probability"
10240,"Medium Spend","Frequent Buyer","Platinum Tier","High Probability"
10241,"High Spend","Frequent Buyer","Silver Tier","High Probability"
10242,"Medium Spend","Frequent Buyer","Gold Tier","High Probability"
10243,"High Spend","Occasional Buyer","Gold Tier","High Probability"
10244,"Medium Spend","Occasional Buyer","Platinum Tier","High Probability"
10245,"High Spend","Frequent Buyer","Silver Tier","High Probability"
10246,"High Spend","Frequent Buyer","Gold Tier","High Probability"
10247,"High Spend","Occasional Buyer","Gold Tier","High Probability"
10248,"High Spend","Occasional Buyer","Gold Tier","Low Probability"
10249,"High Spend","Occasional Buyer","Bronze Tier","High Probability"
10250,"High Spend","Frequent Buyer","Gold Tier","High Probability"
10251,"High Spend","Frequent Buyer","Silver Tier","High Probability"
10252,"High Spend","Occasional Buyer","Platinum Tier","High Probability"
10253,"High Spend","Occasional Buyer","Platinum Tier","High Probability"
10254,"High Spend","Occasional Buyer","Platinum Tier","High Probability"
10255,"High Spend","Occasional Buyer","Platinum Tier","High Probability"
10256,"High Spend","Frequent Buyer","Gold Tier","High Probability"
10257,"High Spend","Occasional Buyer","Gold Tier","High Probability"
10258,"High Spend","Occasional Buyer","Gold Tier","High Probability"
10259,"High Spend","Occasional Buyer","Gold Tier","High Probability"
10260,"High Spend","Frequent Buyer","Platinum Tier","High Probability"
10261,"High Spend","Frequent Buyer","Gold Tier","Low Probability"
10262,"High Spend","Occasional Buyer","Bronze Tier","High Probability"
10263,"Medium Spend","Frequent Buyer","Bronze Tier","Low Probability"
10264,"High Spend","Frequent Buyer","Platinum Tier","High Probability"
10265,"High Spend","Frequent Buyer","Gold Tier","High Probability"
10266,"High Spend","Occasional Buyer","Silver Tier","High Probability"
10267,"High Spend","Frequent Buyer","Gold Tier","High Probability"
10268,"High Spend","Occasional Buyer","Platinum Tier","High Probability"
10269,"High Spend","Frequent Buyer","Platinum Tier","High Probability"
10270,"High Spend","Frequent Buyer","Platinum Tier","High Probability"
10271,"High Spend","Occasional Buyer","Platinum Tier","High Probability"
10272,"High Spend","New Customer","Platinum Tier","High Probability"
10273,"High Spend","Frequent Buyer","Bronze Tier","High Probability"
10274,"High Spend","Frequent Buyer","Bronze Tier","High Probability"
10275,"High Spend","Frequent Buyer","Silver Tier","High Probability"
10276,"High Spend","Frequent Buyer","Silver Tier","High Probability"
10277,"High Spend","Frequent Buyer","Platinum Tier","High Probability"
10278,"Medium Spend","Occasional Buyer","Silver Tier","High Probability"
10279,"High Spend","Occasional Buyer","Platinum Tier","Low Probability"
10280,"High Spend","New Customer","Platinum Tier","High Probability"
10281,"Medium Spend","Occasional Buyer","Gold Tier","High Probability"
10282,"High Spend","Frequent Buyer","Silver Tier","High Probability"
10283,"High Spend","Frequent Buyer","Bronze Tier","High Probability"
10284,"High Spend","New Customer","Platinum Tier","High Probability"
10285,"High Spend","Frequent Buyer","Silver Tier","High Probability"
10286,"High Spend","Occasional Buyer","Silver Tier","High Probability"
10287,"Medium Spend","Frequent Buyer","Gold Tier","High Probability"
10288,"High Spend","Frequent Buyer","Silver Tier","High Probability"
10289,"High Spend","Occasional Buyer","Gold Tier","High Probability"
10290,"High Spend","Frequent Buyer","Platinum Tier","High Probability"
10291,"High Spend","Occasional Buyer","Gold Tier","Low Probability"
10292,"High Spend","Occasional Buyer","Gold Tier","High Probability"
10293,"High Spend","Frequent Buyer","Gold Tier","High Probability"
10294,"Medium Spend","Occasional Buyer","Platinum Tier","High Probability"
10295,"High Spend","Frequent Buyer","Gold Tier","High Probability"
10296,"Medium Spend","Frequent Buyer","Bronze Tier","High Probability"
10297,"High Spend","Occasional Buyer","Platinum Tier","High Probability"
10298,"High Spend","Frequent Buyer","Gold Tier","High Probability"
10299,"High Spend","Frequent Buyer","Platinum Tier","High Probability"
10300,"High Spend","New Customer","Silver Tier","High Probability"
10301,"Medium Spend","New Customer","Silver Tier","Low Probability"
10302,"High Spend","Frequent Buyer","Platinum Tier","High Probability"
10303,"High Spend","Frequent Buyer","Platinum Tier","High Probability"
10304,"High Spend","Frequent Buyer","Gold Tier","High Probability"
10305,"High Spend","New Customer","Gold Tier","High Probability"
10306,"High Spend","Frequent Buyer","Platinum Tier","High Probability"
10307,"High Spend","Occasional Buyer","Gold Tier","High Probability"
10308,"High Spend","Frequent Buyer","Gold Tier","High Probability"
10309,"High Spend","Occasional Buyer","Silver Tier","High Probability"
10310,"High Spend","Frequent Buyer","Platinum Tier","High Probability"
10311,"High Spend","Frequent Buyer","Bronze Tier","High Probability"
10312,"High Spend","Frequent Buyer","Gold Tier","High Probability"
10313,"High Spend","Occasional Buyer","Platinum Tier","High Probability"
10314,"High Spend","Occasional Buyer","Bronze Tier","High Probability"
10315,"High Spend","Frequent Buyer","Platinum Tier","High Probability"
10316,"High Spend","Frequent Buyer","Bronze Tier","High Probability"
10317,"Medium Spend","New Customer","Gold Tier","High Probability"
10318,"High Spend","Frequent Buyer","Gold Tier","High Probability"
10319,"High Spend","New Customer","Bronze Tier","Low Probability"
10320,"High Spend","Frequent Buyer","Gold Tier","High Probability"
10321,"Medium Spend","Occasional Buyer","Bronze Tier","Low Probability"
10322,"High Spend","Frequent Buyer","Gold Tier","Low Probability"
10323,"High Spend","Frequent Buyer","Platinum Tier","High Probability"
10324,"High Spend","New Customer","Silver Tier","High Probability"
10325,"High Spend","Occasional Buyer","Gold Tier","High Probability"
10326,"Medium Spend","Frequent Buyer","Gold Tier","High Probability"
10327,"High Spend","Occasional Buyer","Gold Tier","High Probability"
10328,"High Spend","Frequent Buyer","Silver Tier","High Probability"
10329,"High Spend","Frequent Buyer","Gold Tier","High Probability"
10330,"High Spend","Frequent Buyer","Gold Tier","High Probability"
10331,"High Spend","Frequent Buyer","Platinum Tier","High Probability"
10332,"High Spend","Frequent Buyer","Bronze Tier","High Probability"
10333,"High Spend","Occasional Buyer","Platinum Tier","High Probability"
10334,"High Spend","Frequent Buyer","Silver Tier","High Probability"
10335,"High Spend","Occasional Buyer","Bronze Tier","High Probability"
10336,"High Spend","Frequent Buyer","Platinum Tier","High Probability"
10337,"High Spend","Frequent Buyer","Platinum Tier","High Probability"
10338,"High Spend","Frequent Buyer","Gold Tier","High Probability"
10339,"High Spend","Frequent Buyer","Platinum Tier","High Probability"
10340,"High Spend","New Customer","Bronze Tier","High Probability"
10341,"High Spend","Frequent Buyer","Gold Tier","High Probability"
10342,"High Spend","Frequent Buyer","Silver Tier","High Probability"
10343,"High Spend","Frequent Buyer","Platinum Tier","High Probability"
10344,"High Spend","Occasional Buyer","Bronze Tier","High Probability"
10345,"High Spend","New Customer","Bronze Tier","Low Probability"
10346,"High Spend","Frequent Buyer","Gold Tier","High Probability"
10347,"High Spend","Frequent Buyer","Platinum Tier","High Probability"
10348,"High Spend","Occasional Buyer","Platinum Tier","High Probability"
10349,"High Spend","Frequent Buyer","Silver Tier","Low Probability"
10350,"Medium Spend","Frequent Buyer","Platinum Tier","High Probability"
10351,"High Spend","New Customer","Platinum Tier","High Probability"
10352,"Medium Spend","New Customer","Bronze Tier","Low Probability"
10353,"High Spend","Occasional Buyer","Gold Tier","High Probability"
10354,"High Spend","Frequent Buyer","Silver Tier","High Probability"
10355,"High Spend","Occasional Buyer","Bronze Tier","High Probability"
10356,"High Spend","Frequent Buyer","Silver Tier","High Probability"
10357,"Medium Spend","Frequent Buyer","Bronze Tier","High Probability"
10358,"Medium Spend","Frequent Buyer","Silver Tier","High Probability"
10359,"High Spend","Frequent Buyer","Bronze Tier","High Probability"
10360,"High Spend","Frequent Buyer","Silver Tier","High Probability"
10361,"Medium Spend","Frequent Buyer","Gold Tier","High Probability"
10362,"Medium Spend","Frequent Buyer","Silver Tier","High Probability"
10363,"High Spend","Occasional Buyer","Platinum Tier","High Probability"
10364,"Medium Spend","New Customer","Gold Tier","High Probability"
10365,"High Spend","Frequent Buyer","Gold Tier","High Probability"
10366,"High Spend","Frequent Buyer","Platinum Tier","High Probability"
10367,"High Spend","Occasional Buyer","Gold Tier","High Probability"
10368,"Low Spend","Frequent Buyer","Bronze Tier","High Probability"
10369,"Medium Spend","Frequent Buyer","Bronze Tier","High Probability"
10370,"High Spend","Occasional Buyer","Silver Tier","High Probability"
10371,"High Spend","Occasional Buyer","Silver Tier","High Probability"
10372,"High Spend","Frequent Buyer","Gold Tier","High Probability"
10373,"High Spend","Occasional Buyer","Platinum Tier","High Probability"
10374,"Medium Spend","Frequent Buyer","Gold Tier","Low Probability"
10375,"High Spend","Frequent Buyer","Platinum Tier","High Probability"
10376,"High Spend","Frequent Buyer","Gold Tier","High Probability"
10377,"Medium Spend","Frequent Buyer","Silver Tier","High Probability"
10378,"High Spend","Frequent Buyer","Gold Tier","High Probability"
10379,"High Spend","Frequent Buyer","Platinum Tier","High Probability"
10380,"High Spend","Occasional Buyer","Silver Tier","Low Probability"
10381,"High Spend","Frequent Buyer","Platinum Tier","High Probability"
10382,"High Spend","Occasional Buyer","Silver Tier","High Probability"
10383,"High Spend","Frequent Buyer","Silver Tier","High Probability"
10384,"High Spend","Frequent Buyer","Bronze Tier","High Probability"
10385,"High Spend","Frequent Buyer","Silver Tier","High Probability"
10386,"High Spend","Frequent Buyer","Bronze Tier","High Probability"
10387,"High Spend","Occasional Buyer","Bronze Tier","High Probability"
10388,"Medium Spend","Frequent Buyer","Gold Tier","High Probability"
10389,"High Spend","Frequent Buyer","Bronze Tier","High Probability"
10390,"Medium Spend","Frequent Buyer","Gold Tier","High Probability"
10391,"High Spend","Frequent Buyer","Silver Tier","High Probability"
10392,"Low Spend","Frequent Buyer","Silver Tier","High Probability"
10393,"High Spend","Frequent Buyer","Gold Tier","High Probability"
10394,"High Spend","Frequent Buyer","Gold Tier","High Probability"
10395,"High Spend","Frequent Buyer","Gold Tier","High Probability"
10396,"High Spend","Occasional Buyer","Platinum Tier","High Probability"
10397,"High Spend","Frequent Buyer","Gold Tier","High Probability"
10398,"Medium Spend","New Customer","Platinum Tier","High Probability"
10399,"High Spend","New Customer","Platinum Tier","High Probability"
10400,"Medium Spend","Frequent Buyer","Platinum Tier","High Probability"
10401,"High Spend","Frequent Buyer","Silver Tier","High Probability"
10402,"High Spend","New Customer","Silver Tier","High Probability"
10403,"High Spend","Frequent Buyer","Platinum Tier","High Probability"
10404,"High Spend","Frequent Buyer","Bronze Tier","High Probability"
10405,"High Spend","Occasional Buyer","Gold Tier","High Probability"
10406,"High Spend","Frequent Buyer","Platinum Tier","High Probability"
10407,"High Spend","New Customer","Silver Tier","High Probability"
10408,"High Spend","Frequent Buyer","Platinum Tier","High Probability"
10409,"High Spend","Frequent Buyer","Silver Tier","High Probability"
10410,"Medium Spend","Frequent Buyer","Silver Tier","High Probability"
10411,"Medium Spend","Frequent Buyer","Gold Tier","High Probability"
10412,"Medium Spend","Frequent Buyer","Platinum Tier","High Probability"
10413,"High Spend","Occasional Buyer","Gold Tier","High Probability"
10414,"High Spend","Frequent Buyer","Platinum Tier","High Probability"
10415,"High Spend","New Customer","Platinum Tier","High Probability"
10416,"High Spend","Occasional Buyer","Gold Tier","High Probability"
10417,"High Spend","Frequent Buyer","Gold Tier","High Probability"
10418,"High Spend","Frequent Buyer","Silver Tier","High Probability"
10419,"High Spend","Frequent Buyer","Gold Tier","High Probability"
10420,"Medium Spend","Frequent Buyer","Platinum Tier","High Probability"
10421,"High Spend","Frequent Buyer","Bronze Tier","High Probability"
10422,"High Spend","Occasional Buyer","Gold Tier","High Probability"
10423,"Medium Spend","Frequent Buyer","Bronze Tier","High Probability"
10424,"High Spend","New Customer","Silver Tier","High Probability"
10425,"Medium Spend","Occasional Buyer","Platinum Tier","High Probability"
10426,"High Spend","Frequent Buyer","Gold Tier","High Probability"
10427,"High Spend","Occasional Buyer","Silver Tier","High Probability"
10428,"High Spend","Frequent Buyer","Gold Tier","High Probability"
10429,"High Spend","Frequent Buyer","Platinum Tier","High Probability"
10430,"High Spend","Frequent Buyer","Bronze Tier","High Probability"
10431,"High Spend","Occasional Buyer","Platinum Tier","High Probability"
10432,"High Spend","Frequent Buyer","Bronze Tier","High Probability"
10433,"High Spend","Occasional Buyer","Platinum Tier","High Probability"
10434,"High Spend","Occasional Buyer","Platinum Tier","High Probability"
10435,"High Spend","Frequent Buyer","Platinum Tier","High Probability"
10436,"High Spend","Occasional Buyer","Gold Tier","High Probability"
10437,"High Spend","Frequent Buyer","Gold Tier","High Probability"
10438,"Medium Spend","Occasional Buyer","Platinum Tier","High Probability"
10439,"High Spend","Frequent Buyer","Gold Tier","High Probability"
10440,"High Spend","Occasional Buyer","Bronze Tier","High Probability"
10441,"High Spend","Frequent Buyer","Platinum Tier","High Probability"
10442,"High Spend","Frequent Buyer","Gold Tier","High Probability"
10443,"Low Spend","Frequent Buyer","Platinum Tier","High Probability"
10444,"High Spend","New Customer","Bronze Tier","Low Probability"
10445,"High Spend","Frequent Buyer","Platinum Tier","High Probability"
10446,"High Spend","Frequent Buyer","Gold Tier","High Probability"
10447,"High Spend","Occasional Buyer","Bronze Tier","High Probability"
10448,"Medium Spend","Occasional Buyer","Gold Tier","High Probability"
10449,"High Spend","Frequent Buyer","Bronze Tier","High Probability"
10450,"Medium Spend","Frequent Buyer","Platinum Tier","High Probability"
10451,"High Spend","Frequent Buyer","Gold Tier","High Probability"
10452,"Medium Spend","Frequent Buyer","Platinum Tier","High Probability"
10453,"High Spend","Frequent Buyer","Bronze Tier","High Probability"
10454,"High Spend","Occasional Buyer","Silver Tier","High Probability"
10455,"High Spend","Occasional Buyer","Bronze Tier","Low Probability"
10456,"High Spend","Frequent Buyer","Platinum Tier","High Probability"
10457,"Medium Spend","New Customer","Platinum Tier","High Probability"
10458,"High Spend","Frequent Buyer","Silver Tier","High Probability"
10459,"High Spend","Frequent Buyer","Platinum Tier","High Probability"
10460,"Medium Spend","Frequent Buyer","Silver Tier","High Probability"
10461,"High Spend","Frequent Buyer","Gold Tier","High Probability"
10462,"High Spend","Frequent Buyer","Bronze Tier","High Probability"
10463,"High Spend","Occasional Buyer","Gold Tier","High Probability"
10464,"Medium Spend","Frequent Buyer","Gold Tier","High Probability"
10465,"Low Spend","Frequent Buyer","Platinum Tier","High Probability"
10466,"High Spend","Frequent Buyer","Platinum Tier","High Probability"
10467,"High Spend","Frequent Buyer","Silver Tier","High Probability"
10468,"High Spend","Frequent Buyer","Bronze Tier","High Probability"
10469,"High Spend","Occasional Buyer","Silver Tier","High Probability"
10470,"High Spend","Frequent Buyer","Gold Tier","High Probability"
10471,"High Spend","Frequent Buyer","Gold Tier","High Probability"
10472,"High Spend","Frequent Buyer","Silver Tier","High Probability"
10473,"High Spend","Frequent Buyer","Gold Tier","High Probability"
10474,"High Spend","Occasional Buyer","Bronze Tier","High Probability"
10475,"High Spend","Frequent Buyer","Silver Tier","High Probability"
10476,"Medium Spend","Frequent Buyer","Platinum Tier","High Probability"
10477,"Medium Spend","Frequent Buyer","Bronze Tier","Low Probability"
10478,"High Spend","Occasional Buyer","Bronze Tier","High Probability"
10479,"High Spend","New Customer","Bronze Tier","High Probability"
10480,"High Spend","Frequent Buyer","Silver Tier","High Probability"
10481,"High Spend","Frequent Buyer","Bronze Tier","High Probability"
10482,"High Spend","Occasional Buyer","Gold Tier","High Probability"
10483,"High Spend","Occasional Buyer","Silver Tier","High Probability"
10484,"High Spend","Frequent Buyer","Bronze Tier","High Probability"
10485,"Medium Spend","Occasional Buyer","Silver Tier","Low Probability"
10486,"High Spend","Occasional Buyer","Bronze Tier","Low Probability"
10487,"High Spend","Occasional Buyer","Silver Tier","High Probability"
10488,"Medium Spend","Frequent Buyer","Gold Tier","High Probability"
10489,"Medium Spend","Frequent Buyer","Platinum Tier","High Probability"
10490,"High Spend","Frequent Buyer","Bronze Tier","High Probability"
10491,"High Spend","Occasional Buyer","Bronze Tier","High Probability"
10492,"High Spend","Frequent Buyer","Gold Tier","High Probability"
10493,"Medium Spend","Frequent Buyer","Platinum Tier","High Probability"
10494,"Medium Spend","Frequent Buyer","Gold Tier","High Probability"
10495,"High Spend","Occasional Buyer","Platinum Tier","High Probability"
10496,"Medium Spend","New Customer","Gold Tier","High Probability"
10497,"High Spend","Frequent Buyer","Gold Tier","High Probability"
10498,"Medium Spend","Frequent Buyer","Platinum Tier","High Probability"
10499,"High Spend","New Customer","Gold Tier","High Probability"
10500,"High Spend","Frequent Buyer","Platinum Tier","High Probability"
10501,"High Spend","Frequent Buyer","Silver Tier","High Probability"
10502,"Medium Spend","New Customer","Bronze Tier","High Probability"
10503,"Medium Spend","Occasional Buyer","Gold Tier","High Probability"
10504,"Medium Spend","Frequent Buyer","Platinum Tier","High Probability"
10505,"High Spend","Frequent Buyer","Gold Tier","High Probability"
10506,"High Spend","Occasional Buyer","Platinum Tier","High Probability"
10507,"Low Spend","Occasional Buyer","Platinum Tier","High Probability"
10508,"High Spend","Frequent Buyer","Gold Tier","High Probability"
10509,"High Spend","Frequent Buyer","Bronze Tier","High Probability"
10510,"Medium Spend","Frequent Buyer","Platinum Tier","High Probability"
10511,"High Spend","Frequent Buyer","Gold Tier","High Probability"
10512,"Medium Spend","Occasional Buyer","Gold Tier","High Probability"
10513,"High Spend","Frequent Buyer","Platinum Tier","High Probability"
10514,"High Spend","New Customer","Platinum Tier","High Probability"
10515,"High Spend","Frequent Buyer","Gold Tier","High Probability"
10516,"High Spend","Frequent Buyer","Gold Tier","Low Probability"
10517,"High Spend","Frequent Buyer","Bronze Tier","High Probability"
10518,"High Spend","Frequent Buyer","Bronze Tier","High Probability"
10519,"High Spend","New Customer","Silver Tier","High Probability"
10520,"Low Spend","New Customer","Platinum Tier","High Probability"
10521,"High Spend","Frequent Buyer","Platinum Tier","High Probability"
10522,"High Spend","Occasional Buyer","Platinum Tier","High Probability"
10523,"High Spend","Frequent Buyer","Platinum Tier","High Probability"
10524,"High Spend","Frequent Buyer","Silver Tier","High Probability"
10525,"Medium Spend","Frequent Buyer","Platinum Tier","High Probability"
10526,"High Spend","Frequent Buyer","Gold Tier","High Probability"
10527,"Medium Spend","Frequent Buyer","Gold Tier","High Probability"
10528,"High Spend","Frequent Buyer","Gold Tier","High Probability"
10529,"High Spend","Frequent Buyer","Platinum Tier","Low Probability"
10530,"High Spend","Frequent Buyer","Platinum Tier","High Probability"
10531,"High Spend","New Customer","Gold Tier","Low Probability"
10532,"High Spend","Occasional Buyer","Gold Tier","High Probability"
10533,"High Spend","Occasional Buyer","Bronze Tier","High Probability"
10534,"High Spend","New Customer","Gold Tier","High Probability"
10535,"Medium Spend","Frequent Buyer","Gold Tier","High Probability"
10536,"High Spend","Occasional Buyer","Bronze Tier","High Probability"
10537,"High Spend","Frequent Buyer","Gold Tier","Low Probability"
10538,"High Spend","Occasional Buyer","Bronze Tier","High Probability"
10539,"High Spend","Occasional Buyer","Silver Tier","High Probability"
10540,"High Spend","Frequent Buyer","Gold Tier","High Probability"
10541,"High Spend","Occasional Buyer","Gold Tier","High Probability"
10542,"High Spend","Frequent Buyer","Gold Tier","High Probability"
10543,"High Spend","Frequent Buyer","Bronze Tier","High Probability"
10544,"High Spend","Occasional Buyer","Bronze Tier","High Probability"
10545,"High Spend","Frequent Buyer","Platinum Tier","High Probability"
10546,"High Spend","Frequent Buyer","Gold Tier","High Probability"
10547,"Medium Spend","Occasional Buyer","Platinum Tier","High Probability"
10548,"High Spend","New Customer","Silver Tier","High Probability"
10549,"High Spend","Occasional Buyer","Bronze Tier","High Probability"
10550,"Medium Spend","Frequent Buyer","Platinum Tier","High Probability"
10551,"High Spend","Occasional Buyer","Platinum Tier","High Probability"
10552,"Medium Spend","Frequent Buyer","Silver Tier","High Probability"
10553,"High Spend","Occasional Buyer","Platinum Tier","High Probability"
10554,"High Spend","Frequent Buyer","Silver Tier","High Probability"
10555,"High Spend","Frequent Buyer","Gold Tier","High Probability"
10556,"High Spend","Frequent Buyer","Silver Tier","High Probability"
10557,"High Spend","New Customer","Platinum Tier","High Probability"
10558,"Medium Spend","Frequent Buyer","Silver Tier","High Probability"
10559,"High Spend","Frequent Buyer","Platinum Tier","High Probability"
10560,"High Spend","Frequent Buyer","Gold Tier","High Probability"
10561,"High Spend","Frequent Buyer","Silver Tier","High Probability"
10562,"High Spend","Frequent Buyer","Platinum Tier","High Probability"
10563,"High Spend","Frequent Buyer","Silver Tier","High Probability"
10564,"High Spend","Frequent Buyer","Platinum Tier","High Probability"
10565,"High Spend","Frequent Buyer","Bronze Tier","High Probability"
10566,"Medium Spend","Occasional Buyer","Bronze Tier","High Probability"
10567,"High Spend","Occasional Buyer","Gold Tier","High Probability"
10568,"High Spend","Occasional Buyer","Platinum Tier","High Probability"
10569,"High Spend","Frequent Buyer","Gold Tier","High Probability"
10570,"High Spend","Frequent Buyer","Gold Tier","High Probability"
10571,"High Spend","Occasional Buyer","Gold Tier","Low Probability"
10572,"High Spend","Frequent Buyer","Silver Tier","High Probability"
10573,"High Spend","Occasional Buyer","Platinum Tier","High Probability"
10574,"High Spend","Occasional Buyer","Silver Tier","High Probability"
10575,"Low Spend","Frequent Buyer","Gold Tier","High Probability"
10576,"High Spend","Frequent Buyer","Platinum Tier","High Probability"
10577,"High Spend","New Customer","Bronze Tier","High Probability"
10578,"High Spend","Frequent Buyer","Platinum Tier","High Probability"
10579,"Medium Spend","New Customer","Gold Tier","High Probability"
10580,"High Spend","Frequent Buyer","Gold Tier","High Probability"
10581,"High Spend","Frequent Buyer","Gold Tier","High Probability"
10582,"High Spend","Occasional Buyer","Gold Tier","High Probability"
10583,"High Spend","New Customer","Gold Tier","High Probability"
10584,"High Spend","Occasional Buyer","Platinum Tier","High Probability"
10585,"High Spend","Frequent Buyer","Gold Tier","High Probability"
10586,"Medium Spend","Frequent Buyer","Silver Tier","High Probability"
10587,"Medium Spend","Frequent Buyer","Gold Tier","High Probability"
10588,"Medium Spend","Frequent Buyer","Platinum Tier","High Probability"
10589,"High Spend","Occasional Buyer","Silver Tier","High Probability"
10590,"High Spend","Frequent Buyer","Gold Tier","High Probability"
10591,"Medium Spend","Frequent Buyer","Platinum Tier","High Probability"
10592,"High Spend","Occasional Buyer","Silver Tier","High Probability"
10593,"High Spend","Occasional Buyer","Gold Tier","High Probability"
10594,"High Spend","Frequent Buyer","Platinum Tier","High Probability"
10595,"High Spend","Frequent Buyer","Gold Tier","High Probability"
10596,"High Spend","Frequent Buyer","Silver Tier","High Probability"
10597,"Low Spend","Frequent Buyer","Silver Tier","High Probability"
10598,"High Spend","Frequent Buyer","Bronze Tier","High Probability"
10599,"Medium Spend","Occasional Buyer","Platinum Tier","Low Probability"
10600,"High Spend","Frequent Buyer","Platinum Tier","High Probability"
10601,"Medium Spend","New Customer","Platinum Tier","High Probability"
10602,"Medium Spend","Occasional Buyer","Bronze Tier","Low Probability"
10603,"Low Spend","Frequent Buyer","Silver Tier","High Probability"
10604,"High Spend","Frequent Buyer","Bronze Tier","High Probability"
10605,"High Spend","Frequent Buyer","Gold Tier","High Probability"
10606,"Medium Spend","Occasional Buyer","Gold Tier","High Probability"
10607,"High Spend","Frequent Buyer","Platinum Tier","High Probability"
10608,"High Spend","Frequent Buyer","Gold Tier","High Probability"
10609,"Medium Spend","Occasional Buyer","Gold Tier","High Probability"
10610,"Medium Spend","Occasional Buyer","Gold Tier","High Probability"
10611,"High Spend","Frequent Buyer","Silver Tier","High Probability"
10612,"High Spend","Occasional Buyer","Silver Tier","High Probability"
10613,"High Spend","Frequent Buyer","Platinum Tier","High Probability"
10614,"High Spend","Occasional Buyer","Gold Tier","High Probability"
10615,"High Spend","Frequent Buyer","Bronze Tier","Low Probability"
10616,"High Spend","Occasional Buyer","Silver Tier","High Probability"
10617,"Medium Spend","Frequent Buyer","Gold Tier","High Probability"
10618,"High Spend","Frequent Buyer","Platinum Tier","High Probability"
10619,"High Spend","Occasional Buyer","Platinum Tier","High Probability"
10620,"High Spend","Occasional Buyer","Gold Tier","High Probability"
10621,"Medium Spend","Frequent Buyer","Bronze Tier","High Probability"
10622,"High Spend","Occasional Buyer","Gold Tier","Low Probability"
10623,"High Spend","Frequent Buyer","Bronze Tier","High Probability"
10624,"High Spend","Frequent Buyer","Platinum Tier","High Probability"
10625,"Medium Spend","Frequent Buyer","Gold Tier","High Probability"
10626,"High Spend","Frequent Buyer","Bronze Tier","Low Probability"
10627,"High Spend","New Customer","Gold Tier","High Probability"
10628,"Medium Spend","Frequent Buyer","Silver Tier","High Probability"
10629,"High Spend","Occasional Buyer","Bronze Tier","High Probability"
10630,"High Spend","Frequent Buyer","Platinum Tier","High Probability"
10631,"High Spend","Frequent Buyer","Gold Tier","High Probability"
10632,"High Spend","Frequent Buyer","Silver Tier","High Probability"
10633,"Medium Spend","Frequent Buyer","Platinum Tier","High Probability"
10634,"Medium Spend","Occasional Buyer","Platinum Tier","High Probability"
10635,"High Spend","Occasional Buyer","Platinum Tier","Low Probability"
10636,"High Spend","Frequent Buyer","Platinum Tier","High Probability"
10637,"High Spend","Frequent Buyer","Platinum Tier","High Probability"
10638,"Low Spend","Frequent Buyer","Gold Tier","High Probability"
10639,"High Spend","Frequent Buyer","Silver Tier","High Probability"
10640,"High Spend","Frequent Buyer","Silver Tier","High Probability"
10641,"High Spend","Frequent Buyer","Silver Tier","High Probability"
10642,"High Spend","Occasional Buyer","Bronze Tier","Low Probability"
10643,"High Spend","Occasional Buyer","Bronze Tier","High Probability"
10644,"Medium Spend","Frequent Buyer","Gold Tier","High Probability"
10645,"High Spend","Occasional Buyer","Silver Tier","High Probability"
10646,"High Spend","New Customer","Gold Tier","High Probability"
10647,"High Spend","Frequent Buyer","Silver Tier","High Probability"
10648,"High Spend","Occasional Buyer","Bronze Tier","Low Probability"
10649,"High Spend","New Customer","Bronze Tier","High Probability"
10650,"High Spend","Occasional Buyer","Gold Tier","High Probability"
10651,"High Spend","Occasional Buyer","Platinum Tier","High Probability"
10652,"High Spend","Frequent Buyer","Platinum Tier","High Probability"
10653,"High Spend","Frequent Buyer","Platinum Tier","High Probability"
10654,"High Spend","Frequent Buyer","Bronze Tier","High Probability"
10655,"High Spend","Frequent Buyer","Platinum Tier","High Probability"
10656,"High Spend","Frequent Buyer","Silver Tier","High Probability"
10657,"Low Spend","Frequent Buyer","Platinum Tier","High Probability"
10658,"Medium Spend","Frequent Buyer","Silver Tier","High Probability"
10659,"High Spend","Frequent Buyer","Gold Tier","High Probability"
10660,"High Spend","Frequent Buyer","Gold Tier","High Probability"
10661,"High Spend","Occasional Buyer","Silver Tier","High Probability"
10662,"High Spend","Frequent Buyer","Gold Tier","High Probability"
10663,"High Spend","Occasional Buyer","Silver Tier","High Probability"
10664,"High Spend","Occasional Buyer","Bronze Tier","Low Probability"
10665,"High Spend","Frequent Buyer","Platinum Tier","High Probability"
10666,"High Spend","New Customer","Silver Tier","Low Probability"
10667,"Medium Spend","Frequent Buyer","Bronze Tier","Low Probability"
10668,"High Spend","Frequent Buyer","Platinum Tier","High Probability"
10669,"High Spend","Frequent Buyer","Platinum Tier","High Probability"
10670,"Medium Spend","Frequent Buyer","Gold Tier","High Probability"
10671,"High Spend","Occasional Buyer","Platinum Tier","High Probability"
10672,"Medium Spend","Occasional Buyer","Platinum Tier","High Probability"
10673,"High Spend","Frequent Buyer","Bronze Tier","High Probability"
10674,"High Spend","Occasional Buyer","Silver Tier","Low Probability"
10675,"High Spend","Frequent Buyer","Gold Tier","High Probability"
10676,"High Spend","Frequent Buyer","Platinum Tier","High Probability"
10677,"High Spend","Frequent Buyer","Gold Tier","High Probability"
10678,"Medium Spend","Occasional Buyer","Bronze Tier","High Probability"
10679,"Medium Spend","Frequent Buyer","Platinum Tier","High Probability"
10680,"Low Spend","Frequent Buyer","Bronze Tier","Low Probability"
10681,"High Spend","Frequent Buyer","Silver Tier","High Probability"
10682,"Medium Spend","Frequent Buyer","Gold Tier","Low Probability"
10683,"High Spend","Frequent Buyer","Silver Tier","High Probability"
10684,"High Spend","New Customer","Bronze Tier","High Probability"
10685,"High Spend","Occasional Buyer","Bronze Tier","Low Probability"
10686,"High Spend","Frequent Buyer","Gold Tier","High Probability"
10687,"Medium Spend","New Customer","Bronze Tier","Low Probability"
10688,"High Spend","Occasional Buyer","Platinum Tier","High Probability"
10689,"High Spend","Frequent Buyer","Bronze Tier","High Probability"
10690,"High Spend","Frequent Buyer","Gold Tier","High Probability"
10691,"High Spend","Frequent Buyer","Platinum Tier","High Probability"
10692,"High Spend","Occasional Buyer","Platinum Tier","High Probability"
10693,"High Spend","Occasional Buyer","Gold Tier","High Probability"
10694,"High Spend","Frequent Buyer","Platinum Tier","High Probability"
10695,"Low Spend","New Customer","Silver Tier","High Probability"
10696,"High Spend","Frequent Buyer","Platinum Tier","High Probability"
10697,"High Spend","Occasional Buyer","Platinum Tier","High Probability"
10698,"Medium Spend","Frequent Buyer","Platinum Tier","High Probability"
10699,"High Spend","Frequent Buyer","Gold Tier","High Probability"
10700,"High Spend","Frequent Buyer","Gold Tier","High Probability"
10701,"High Spend","Occasional Buyer","Platinum Tier","High Probability"
10702,"Medium Spend","Occasional Buyer","Gold Tier","High Probability"
10703,"High Spend","Frequent Buyer","Bronze Tier","High Probability"
10704,"Medium Spend","New Customer","Silver Tier","High Probability"
10705,"High Spend","Frequent Buyer","Gold Tier","High Probability"
10706,"Medium Spend","New Customer","Bronze Tier","High Probability"
10707,"Medium Spend","New Customer","Platinum Tier","High Probability"
10708,"High Spend","Occasional Buyer","Bronze Tier","High Probability"
10709,"High Spend","Occasional Buyer","Bronze Tier","Low Probability"
10710,"High Spend","New Customer","Bronze Tier","Low Probability"
10711,"Medium Spend","Frequent Buyer","Platinum Tier","High Probability"
10712,"Medium Spend","Frequent Buyer","Silver Tier","High Probability"
10713,"High Spend","Frequent Buyer","Platinum Tier","High Probability"
10714,"High Spend","Frequent Buyer","Silver Tier","High Probability"
10715,"High Spend","Frequent Buyer","Platinum Tier","High Probability"
10716,"High Spend","Occasional Buyer","Platinum Tier","Low Probability"
10717,"High Spend","Frequent Buyer","Gold Tier","High Probability"
10718,"High Spend","Frequent Buyer","Silver Tier","High Probability"
10719,"High Spend","Frequent Buyer","Platinum Tier","High Probability"
10720,"High Spend","Occasional Buyer","Silver Tier","High Probability"
10721,"High Spend","Frequent Buyer","Gold Tier","High Probability"
10722,"High Spend","Frequent Buyer","Bronze Tier","High Probability"
10723,"High Spend","Occasional Buyer","Gold Tier","High Probability"
10724,"High Spend","Frequent Buyer","Silver Tier","High Probability"
10725,"High Spend","Frequent Buyer","Silver Tier","High Probability"
10726,"Medium Spend","Frequent Buyer","Gold Tier","High Probability"
10727,"High Spend","Frequent Buyer","Silver Tier","High Probability"
10728,"High Spend","Occasional Buyer","Gold Tier","High Probability"
10729,"High Spend","Occasional Buyer","Silver Tier","High Probability"
10730,"Medium Spend","Occasional Buyer","Platinum Tier","High Probability"
10731,"High Spend","Frequent Buyer","Silver Tier","High Probability"
10732,"High Spend","Frequent Buyer","Platinum Tier","High Probability"
10733,"High Spend","Frequent Buyer","Gold Tier","High Probability"
10734,"High Spend","Occasional Buyer","Bronze Tier","High Probability"
10735,"High Spend","Frequent Buyer","Bronze Tier","High Probability"
10736,"High Spend","Occasional Buyer","Silver Tier","High Probability"
10737,"High Spend","New Customer","Gold Tier","High Probability"
10738,"Medium Spend","Frequent Buyer","Gold Tier","High Probability"
10739,"High Spend","Frequent Buyer","Gold Tier","High Probability"
10740,"High Spend","Frequent Buyer","Silver Tier","High Probability"
10741,"High Spend","Occasional Buyer","Platinum Tier","High Probability"
10742,"Medium Spend","New Customer","Silver Tier","High Probability"
10743,"Medium Spend","Frequent Buyer","Gold Tier","High Probability"
10744,"Medium Spend","Frequent Buyer","Platinum Tier","Low Probability"
10745,"High Spend","Frequent Buyer","Platinum Tier","High Probability"
10746,"Medium Spend","Frequent Buyer","Platinum Tier","High Probability"
10747,"Low Spend","Frequent Buyer","Silver Tier","High Probability"
10748,"High Spend","Occasional Buyer","Gold Tier","High Probability"
10749,"High Spend","Frequent Buyer","Gold Tier","High Probability"
10750,"Medium Spend","Occasional Buyer","Platinum Tier","High Probability"
10751,"Medium Spend","Occasional Buyer","Silver Tier","Low Probability"
10752,"Medium Spend","Frequent Buyer","Gold Tier","High Probability"
10753,"High Spend","Occasional Buyer","Silver Tier","High Probability"
10754,"Medium Spend","Frequent Buyer","Gold Tier","High Probability"
10755,"High Spend","Frequent Buyer","Gold Tier","High Probability"
10756,"Medium Spend","Occasional Buyer","Gold Tier","High Probability"
10757,"Medium Spend","Frequent Buyer","Bronze Tier","High Probability"
10758,"High Spend","Frequent Buyer","Bronze Tier","High Probability"
10759,"Medium Spend","Frequent Buyer","Platinum Tier","High Probability"
10760,"Medium Spend","Frequent Buyer","Silver Tier","High Probability"
10761,"High Spend","Frequent Buyer","Silver Tier","High Probability"
10762,"High Spend","Frequent Buyer","Gold Tier","High Probability"
10763,"High Spend","Frequent Buyer","Bronze Tier","High Probability"
10764,"Medium Spend","Frequent Buyer","Platinum Tier","High Probability"
10765,"High Spend","Frequent Buyer","Gold Tier","High Probability"
10766,"High Spend","Frequent Buyer","Silver Tier","High Probability"
10767,"High Spend","Frequent Buyer","Silver Tier","High Probability"
10768,"High Spend","Frequent Buyer","Gold Tier","High Probability"
10769,"High Spend","Frequent Buyer","Platinum Tier","High Probability"
10770,"Medium Spend","Occasional Buyer","Bronze Tier","High Probability"
10771,"Medium Spend","Frequent Buyer","Gold Tier","High Probability"
10772,"Medium Spend","Occasional Buyer","Bronze Tier","Low Probability"
10773,"High Spend","Occasional Buyer","Bronze Tier","High Probability"
10774,"High Spend","Occasional Buyer","Platinum Tier","High Probability"
10775,"High Spend","Frequent Buyer","Platinum Tier","High Probability"
10776,"High Spend","Occasional Buyer","Platinum Tier","High Probability"
10777,"High Spend","New Customer","Gold Tier","High Probability"
10778,"High Spend","Frequent Buyer","Bronze Tier","High Probability"
10779,"High Spend","Frequent Buyer","Silver Tier","High Probability"
10780,"High Spend","Occasional Buyer","Gold Tier","High Probability"
10781,"High Spend","Frequent Buyer","Bronze Tier","High Probability"
10782,"High Spend","Occasional Buyer","Gold Tier","High Probability"
10783,"High Spend","Frequent Buyer","Gold Tier","High Probability"
10784,"High Spend","Frequent Buyer","Silver Tier","High Probability"
10785,"High Spend","Occasional Buyer","Gold Tier","High Probability"
10786,"High Spend","Occasional Buyer","Platinum Tier","High Probability"
10787,"High Spend","Frequent Buyer","Silver Tier","High Probability"
10788,"Medium Spend","Frequent Buyer","Platinum Tier","Low Probability"
10789,"High Spend","Frequent Buyer","Gold Tier","High Probability"
10790,"Medium Spend","Occasional Buyer","Gold Tier","High Probability"
10791,"High Spend","New Customer","Platinum Tier","High Probability"
10792,"High Spend","Occasional Buyer","Silver Tier","High Probability"
10793,"High Spend","Frequent Buyer","Gold Tier","High Probability"
10794,"Medium Spend","Frequent Buyer","Platinum Tier","High Probability"
10795,"High Spend","New Customer","Bronze Tier","High Probability"
10796,"High Spend","Frequent Buyer","Gold Tier","High Probability"
10797,"High Spend","Occasional Buyer","Platinum Tier","High Probability"
10798,"Medium Spend","Frequent Buyer","Platinum Tier","High Probability"
10799,"Medium Spend","Occasional Buyer","Bronze Tier","High Probability"
10800,"High Spend","Occasional Buyer","Silver Tier","High Probability"
10801,"Low Spend","New Customer","Gold Tier","High Probability"
10802,"High Spend","Frequent Buyer","Bronze Tier","High Probability"
10803,"High Spend","New Customer","Gold Tier","High Probability"
10804,"Medium Spend","Frequent Buyer","Gold Tier","High Probability"
10805,"High Spend","Occasional Buyer","Platinum Tier","High Probability"
10806,"High Spend","Occasional Buyer","Silver Tier","High Probability"
10807,"High Spend","Frequent Buyer","Silver Tier","High Probability"
10808,"High Spend","Frequent Buyer","Gold Tier","High Probability"
10809,"High Spend","Frequent Buyer","Silver Tier","High Probability"
10810,"High Spend","Occasional Buyer","Platinum Tier","High Probability"
10811,"High Spend","Frequent Buyer","Platinum Tier","High Probability"
10812,"High Spend","Frequent Buyer","Silver Tier","High Probability"
10813,"High Spend","Occasional Buyer","Platinum Tier","High Probability"
10814,"High Spend","Frequent Buyer","Bronze Tier","High Probability"
10815,"High Spend","Occasional Buyer","Bronze Tier","Low Probability"
10816,"High Spend","Frequent Buyer","Bronze Tier","High Probability"
10817,"Medium Spend","Occasional Buyer","Gold Tier","High Probability"
10818,"High Spend","Frequent Buyer","Bronze Tier","High Probability"
10819,"High Spend","Occasional Buyer","Platinum Tier","High Probability"
10820,"High Spend","Frequent Buyer","Gold Tier","High Probability"
10821,"Medium Spend","Occasional Buyer","Gold Tier","High Probability"
10822,"High Spend","Frequent Buyer","Gold Tier","High Probability"
10823,"Medium Spend","Frequent Buyer","Bronze Tier","High Probability"
10824,"Medium Spend","Occasional Buyer","Gold Tier","High Probability"
10825,"High Spend","New Customer","Silver Tier","High Probability"
10826,"High Spend","Frequent Buyer","Gold Tier","High Probability"
10827,"Medium Spend","Occasional Buyer","Bronze Tier","Low Probability"
10828,"High Spend","Frequent Buyer","Bronze Tier","High Probability"
10829,"High Spend","Frequent Buyer","Platinum Tier","High Probability"
10830,"High Spend","Frequent Buyer","Platinum Tier","High Probability"
10831,"High Spend","Occasional Buyer","Silver Tier","High Probability"
10832,"Medium Spend","Frequent Buyer","Gold Tier","High Probability"
10833,"High Spend","New Customer","Bronze Tier","High Probability"
10834,"High Spend","Frequent Buyer","Gold Tier","High Probability"
10835,"High Spend","New Customer","Platinum Tier","Low Probability"
10836,"High Spend","Occasional Buyer","Bronze Tier","High Probability"
10837,"High Spend","Frequent Buyer","Platinum Tier","High Probability"
10838,"High Spend","Frequent Buyer","Gold Tier","High Probability"
10839,"High Spend","Occasional Buyer","Gold Tier","High Probability"
10840,"High Spend","Occasional Buyer","Bronze Tier","High Probability"
10841,"High Spend","Occasional Buyer","Bronze Tier","High Probability"
10842,"High Spend","Frequent Buyer","Gold Tier","Low Probability"
10843,"High Spend","Frequent Buyer","Platinum Tier","High Probability"
10844,"High Spend","Occasional Buyer","Platinum Tier","High Probability"
10845,"High Spend","Frequent Buyer","Silver Tier","High Probability"
10846,"Low Spend","Frequent Buyer","Silver Tier","High Probability"
10847,"High Spend","Occasional Buyer","Platinum Tier","High Probability"
10848,"High Spend","Occasional Buyer","Gold Tier","High Probability"
10849,"Medium Spend","Occasional Buyer","Gold Tier","High Probability"
10850,"High Spend","Frequent Buyer","Bronze Tier","High Probability"
10851,"High Spend","Frequent Buyer","Platinum Tier","High Probability"
10852,"High Spend","Occasional Buyer","Gold Tier","High Probability"
10853,"High Spend","Frequent Buyer","Bronze Tier","High Probability"
10854,"High Spend","Frequent Buyer","Bronze Tier","High Probability"
10855,"High Spend","New Customer","Gold Tier","High Probability"
10856,"Low Spend","Frequent Buyer","Gold Tier","High Probability"
10857,"Medium Spend","Frequent Buyer","Bronze Tier","High Probability"
10858,"Medium Spend","Occasional Buyer","Platinum Tier","High Probability"
10859,"High Spend","Frequent Buyer","Bronze Tier","High Probability"
10860,"High Spend","Frequent Buyer","Platinum Tier","High Probability"
10861,"High Spend","Frequent Buyer","Silver Tier","High Probability"
10862,"High Spend","Occasional Buyer","Platinum Tier","High Probability"
10863,"High Spend","New Customer","Gold Tier","High Probability"
10864,"Medium Spend","Occasional Buyer","Platinum Tier","Low Probability"
10865,"High Spend","Frequent Buyer","Gold Tier","High Probability"
10866,"High Spend","Occasional Buyer","Bronze Tier","Low Probability"
10867,"High Spend","Occasional Buyer","Platinum Tier","High Probability"
10868,"High Spend","Occasional Buyer","Silver Tier","High Probability"
10869,"High Spend","Occasional Buyer","Silver Tier","High Probability"
10870,"Medium Spend","New Customer","Platinum Tier","High Probability"
10871,"High Spend","Frequent Buyer","Platinum Tier","High Probability"
10872,"High Spend","Frequent Buyer","Platinum Tier","High Probability"
10873,"High Spend","Occasional Buyer","Silver Tier","High Probability"
10874,"High Spend","Frequent Buyer","Silver Tier","High Probability"
10875,"High Spend","Frequent Buyer","Platinum Tier","High Probability"
10876,"Medium Spend","Frequent Buyer","Platinum Tier","High Probability"
10877,"High Spend","Occasional Buyer","Platinum Tier","High Probability"
10878,"High Spend","New Customer","Gold Tier","Low Probability"
10879,"Low Spend","Frequent Buyer","Bronze Tier","High Probability"
10880,"Medium Spend","Frequent Buyer","Gold Tier","High Probability"
10881,"High Spend","Occasional Buyer","Gold Tier","High Probability"
10882,"High Spend","Frequent Buyer","Gold Tier","Low Probability"
10883,"High Spend","Frequent Buyer","Silver Tier","High Probability"
10884,"High Spend","Frequent Buyer","Bronze Tier","High Probability"
10885,"High Spend","Occasional Buyer","Platinum Tier","High Probability"
10886,"High Spend","Frequent Buyer","Gold Tier","High Probability"
10887,"High Spend","Frequent Buyer","Silver Tier","High Probability"
10888,"High Spend","Frequent Buyer","Gold Tier","High Probability"
10889,"Medium Spend","Frequent Buyer","Bronze Tier","Low Probability"
10890,"High Spend","New Customer","Platinum Tier","High Probability"
10891,"High Spend","Occasional Buyer","Gold Tier","High Probability"
10892,"Medium Spend","New Customer","Platinum Tier","High Probability"
10893,"High Spend","Frequent Buyer","Gold Tier","High Probability"
10894,"High Spend","Frequent Buyer","Platinum Tier","High Probability"
10895,"High Spend","Occasional Buyer","Platinum Tier","High Probability"
10896,"High Spend","New Customer","Platinum Tier","High Probability"
10897,"High Spend","New Customer","Gold Tier","High Probability"
10898,"High Spend","Frequent Buyer","Silver Tier","High Probability"
10899,"High Spend","Occasional Buyer","Silver Tier","High Probability"
10900,"High Spend","Frequent Buyer","Platinum Tier","High Probability"
10901,"Medium Spend","Occasional Buyer","Platinum Tier","High Probability"
10902,"High Spend","Frequent Buyer","Gold Tier","High Probability"
10903,"High Spend","Occasional Buyer","Platinum Tier","High Probability"
10904,"High Spend","Frequent Buyer","Bronze Tier","Low Probability"
10905,"High Spend","Occasional Buyer","Gold Tier","High Probability"
10906,"High Spend","Occasional Buyer","Gold Tier","High Probability"
10907,"Medium Spend","Frequent Buyer","Gold Tier","High Probability"
10908,"High Spend","Occasional Buyer","Platinum Tier","High Probability"
10909,"High Spend","Frequent Buyer","Platinum Tier","High Probability"
10910,"High Spend","Occasional Buyer","Bronze Tier","Low Probability"
10911,"Medium Spend","Frequent Buyer","Platinum Tier","High Probability"
10912,"High Spend","Frequent Buyer","Silver Tier","High Probability"
10913,"Medium Spend","Frequent Buyer","Bronze Tier","Low Probability"
10914,"High Spend","Occasional Buyer","Silver Tier","High Probability"
10915,"High Spend","Occasional Buyer","Gold Tier","High Probability"
10916,"High Spend","Frequent Buyer","Gold Tier","High Probability"
10917,"High Spend","Frequent Buyer","Gold Tier","High Probability"
10918,"High Spend","Frequent Buyer","Gold Tier","High Probability"
10919,"High Spend","Frequent Buyer","Gold Tier","High Probability"
10920,"Medium Spend","Occasional Buyer","Gold Tier","High Probability"
10921,"Low Spend","Frequent Buyer","Bronze Tier","Low Probability"
10922,"High Spend","New Customer","Silver Tier","High Probability"
10923,"High Spend","Frequent Buyer","Silver Tier","High Probability"
10924,"High Spend","Frequent Buyer","Bronze Tier","High Probability"
10925,"High Spend","New Customer","Gold Tier","High Probability"
10926,"High Spend","New Customer","Gold Tier","High Probability"
10927,"High Spend","Occasional Buyer","Bronze Tier","High Probability"
10928,"High Spend","Occasional Buyer","Gold Tier","High Probability"
10929,"High Spend","Frequent Buyer","Bronze Tier","High Probability"
10930,"High Spend","Frequent Buyer","Gold Tier","High Probability"
10931,"High Spend","Frequent Buyer","Platinum Tier","High Probability"
10932,"High Spend","Frequent Buyer","Silver Tier","High Probability"
10933,"Medium Spend","Frequent Buyer","Silver Tier","High Probability"
10934,"High Spend","Frequent Buyer","Gold Tier","High Probability"
10935,"High Spend","New Customer","Silver Tier","High Probability"
10936,"High Spend","Occasional Buyer","Bronze Tier","High Probability"
10937,"High Spend","New Customer","Gold Tier","High Probability"
10938,"High Spend","Frequent Buyer","Silver Tier","High Probability"
10939,"High Spend","Occasional Buyer","Gold Tier","High Probability"
10940,"High Spend","Frequent Buyer","Gold Tier","High Probability"
10941,"High Spend","New Customer","Bronze Tier","High Probability"
10942,"Medium Spend","Frequent Buyer","Bronze Tier","Low Probability"
10943,"Medium Spend","Frequent Buyer","Gold Tier","Low Probability"
10944,"High Spend","New Customer","Platinum Tier","High Probability"
10945,"High Spend","Occasional Buyer","Platinum Tier","High Probability"
10946,"High Spend","New Customer","Platinum Tier","High Probability"
10947,"High Spend","Frequent Buyer","Silver Tier","High Probability"
10948,"High Spend","Occasional Buyer","Gold Tier","High Probability"
10949,"High Spend","Frequent Buyer","Platinum Tier","High Probability"
10950,"High Spend","New Customer","Platinum Tier","Low Probability"
10951,"High Spend","New Customer","Platinum Tier","High Probability"
10952,"High Spend","Frequent Buyer","Platinum Tier","High Probability"
10953,"Medium Spend","Frequent Buyer","Bronze Tier","High Probability"
10954,"High Spend","Frequent Buyer","Platinum Tier","High Probability"
10955,"Low Spend","Frequent Buyer","Gold Tier","High Probability"
10956,"High Spend","New Customer","Silver Tier","High Probability"
10957,"High Spend","Frequent Buyer","Bronze Tier","Low Probability"
10958,"High Spend","New Customer","Gold Tier","High Probability"
10959,"High Spend","New Customer","Bronze Tier","Low Probability"
10960,"High Spend","Frequent Buyer","Silver Tier","High Probability"
10961,"High Spend","Frequent Buyer","Bronze Tier","High Probability"
10962,"High Spend","Frequent Buyer","Bronze Tier","High Probability"
10963,"High Spend","Frequent Buyer","Bronze Tier","Low Probability"
10964,"Low Spend","Frequent Buyer","Platinum Tier","High Probability"
10965,"High Spend","Frequent Buyer","Silver Tier","High Probability"
10966,"High Spend","Frequent Buyer","Bronze Tier","High Probability"
10967,"High Spend","Occasional Buyer","Platinum Tier","High Probability"
10968,"High Spend","New Customer","Gold Tier","High Probability"
10969,"Medium Spend","Frequent Buyer","Gold Tier","High Probability"
10970,"High Spend","Frequent Buyer","Silver Tier","High Probability"
10971,"High Spend","Frequent Buyer","Silver Tier","High Probability"
10972,"High Spend","Frequent Buyer","Gold Tier","High Probability"
10973,"High Spend","Frequent Buyer","Silver Tier","High Probability"
10974,"High Spend","Frequent Buyer","Gold Tier","High Probability"
10975,"High Spend","Frequent Buyer","Gold Tier","High Probability"
10976,"High Spend","Frequent Buyer","Silver Tier","Low Probability"
10977,"Medium Spend","New Customer","Silver Tier","High Probability"
10978,"High Spend","Frequent Buyer","Silver Tier","High Probability"
10979,"High Spend","Frequent Buyer","Platinum Tier","High Probability"
10980,"High Spend","Occasional Buyer","Bronze Tier","High Probability"
10981,"High Spend","Occasional Buyer","Gold Tier","High Probability"
10982,"High Spend","Frequent Buyer","Bronze Tier","High Probability"
10983,"High Spend","Frequent Buyer","Bronze Tier","High Probability"
10984,"High Spend","Occasional Buyer","Gold Tier","High Probability"
10985,"High Spend","New Customer","Platinum Tier","High Probability"
10986,"High Spend","Frequent Buyer","Silver Tier","High Probability"
10987,"High Spend","New Customer","Gold Tier","Low Probability"
10988,"High Spend","Frequent Buyer","Platinum Tier","High Probability"
10989,"High Spend","Frequent Buyer","Platinum Tier","High Probability"
10990,"High Spend","Occasional Buyer","Gold Tier","High Probability"
10991,"Medium Spend","Frequent Buyer","Bronze Tier","Low Probability"
10992,"High Spend","Occasional Buyer","Silver Tier","High Probability"
10993,"High Spend","Occasional Buyer","Platinum Tier","High Probability"
10994,"High Spend","New Customer","Gold Tier","High Probability"
10995,"High Spend","Occasional Buyer","Platinum Tier","High Probability"
10996,"High Spend","Frequent Buyer","Silver Tier","High Probability"
10997,"High Spend","Frequent Buyer","Gold Tier","High Probability"
10998,"Medium Spend","Frequent Buyer","Bronze Tier","High Probability"
10999,"High Spend","New Customer","Silver Tier","High Probability"
11000,"Medium Spend","Frequent Buyer","Platinum Tier","Low Probability"
11001,"High Spend","Frequent Buyer","Platinum Tier","High Probability"
11002,"Medium Spend","New Customer","Silver Tier","Low Probability"
11003,"Low Spend","Frequent Buyer","Bronze Tier","High Probability"
11004,"Medium Spend","Frequent Buyer","Silver Tier","High Probability"
11005,"High Spend","Frequent Buyer","Gold Tier","High Probability"
11006,"Medium Spend","Frequent Buyer","Bronze Tier","High Probability"
11007,"Medium Spend","Frequent Buyer","Platinum Tier","High Probability"
11008,"High Spend","New Customer","Silver Tier","High Probability"
11009,"High Spend","Frequent Buyer","Silver Tier","High Probability"
11010,"High Spend","Frequent Buyer","Gold Tier","High Probability"
11011,"High Spend","Occasional Buyer","Bronze Tier","High Probability"
11012,"High Spend","Frequent Buyer","Silver Tier","High Probability"
11013,"High Spend","Occasional Buyer","Gold Tier","High Probability"
11014,"High Spend","Frequent Buyer","Gold Tier","High Probability"
11015,"High Spend","Frequent Buyer","Platinum Tier","High Probability"
11016,"High Spend","Frequent Buyer","Bronze Tier","High Probability"
11017,"Medium Spend","Occasional Buyer","Silver Tier","High Probability"
11018,"High Spend","Frequent Buyer","Platinum Tier","High Probability"
11019,"High Spend","Occasional Buyer","Bronze Tier","Low Probability"
11020,"Medium Spend","Frequent Buyer","Platinum Tier","High Probability"
11021,"Medium Spend","New Customer","Silver Tier","Low Probability"
11022,"Medium Spend","Frequent Buyer","Platinum Tier","Low Probability"
11023,"High Spend","Frequent Buyer","Gold Tier","High Probability"
11024,"High Spend","Occasional Buyer","Platinum Tier","High Probability"
11025,"High Spend","Frequent Buyer","Platinum Tier","High Probability"
11026,"High Spend","Occasional Buyer","Silver Tier","High Probability"
11027,"Medium Spend","Frequent Buyer","Gold Tier","High Probability"
11028,"High Spend","New Customer","Platinum Tier","High Probability"
11029,"Medium Spend","Frequent Buyer","Bronze Tier","High Probability"
11030,"High Spend","Frequent Buyer","Bronze Tier","High Probability"
11031,"High Spend","Frequent Buyer","Gold Tier","High Probability"
11032,"High Spend","Frequent Buyer","Bronze Tier","High Probability"
11033,"High Spend","Frequent Buyer","Platinum Tier","High Probability"
11034,"High Spend","Frequent Buyer","Platinum Tier","High Probability"
11035,"High Spend","Frequent Buyer","Platinum Tier","High Probability"
11036,"High Spend","Frequent Buyer","Platinum Tier","High Probability"
11037,"High Spend","Frequent Buyer","Platinum Tier","High Probability"
11038,"High Spend","Frequent Buyer","Bronze Tier","High Probability"
11039,"High Spend","New Customer","Gold Tier","High Probability"
11040,"High Spend","Frequent Buyer","Bronze Tier","High Probability"
11041,"High Spend","Frequent Buyer","Bronze Tier","High Probability"
11042,"High Spend","Frequent Buyer","Bronze Tier","High Probability"
11043,"Low Spend","Occasional Buyer","Gold Tier","High Probability"
11044,"Medium Spend","Frequent Buyer","Gold Tier","High Probability"
11045,"High Spend","Frequent Buyer","Bronze Tier","High Probability"
11046,"Medium Spend","Frequent Buyer","Gold Tier","High Probability"
11047,"Medium Spend","Frequent Buyer","Gold Tier","High Probability"
11048,"Medium Spend","Frequent Buyer","Platinum Tier","High Probability"
11049,"High Spend","Frequent Buyer","Bronze Tier","High Probability"
11050,"High Spend","Occasional Buyer","Bronze Tier","High Probability"
11051,"High Spend","Frequent Buyer","Gold Tier","High Probability"
11052,"Medium Spend","Frequent Buyer","Gold Tier","Low Probability"
11053,"High Spend","New Customer","Platinum Tier","High Probability"
11054,"High Spend","Frequent Buyer","Silver Tier","High Probability"
11055,"Medium Spend","Frequent Buyer","Bronze Tier","Low Probability"
11056,"Medium Spend","Frequent Buyer","Gold Tier","High Probability"
11057,"High Spend","Frequent Buyer","Silver Tier","High Probability"
11058,"High Spend","Frequent Buyer","Bronze Tier","High Probability"
11059,"High Spend","Frequent Buyer","Silver Tier","High Probability"
11060,"High Spend","Frequent Buyer","Gold Tier","High Probability"
11061,"High Spend","New Customer","Platinum Tier","High Probability"
11062,"Medium Spend","Frequent Buyer","Bronze Tier","High Probability"
11063,"Medium Spend","Occasional Buyer","Bronze Tier","High Probability"
11064,"High Spend","Occasional Buyer","Gold Tier","High Probability"
11065,"High Spend","Occasional Buyer","Gold Tier","High Probability"
11066,"High Spend","Frequent Buyer","Gold Tier","High Probability"
11067,"High Spend","Frequent Buyer","Bronze Tier","High Probability"
11068,"High Spend","New Customer","Gold Tier","High Probability"
11069,"High Spend","Frequent Buyer","Gold Tier","High Probability"
11070,"Medium Spend","Frequent Buyer","Bronze Tier","High Probability"
11071,"Medium Spend","Frequent Buyer","Bronze Tier","Low Probability"
11072,"High Spend","Occasional Buyer","Silver Tier","High Probability"
11073,"Medium Spend","Frequent Buyer","Platinum Tier","High Probability"
11074,"Low Spend","Frequent Buyer","Gold Tier","High Probability"
11075,"High Spend","Frequent Buyer","Gold Tier","High Probability"
11076,"High Spend","Frequent Buyer","Silver Tier","High Probability"
11077,"Medium Spend","Occasional Buyer","Bronze Tier","High Probability"
11078,"High Spend","Occasional Buyer","Bronze Tier","High Probability"
11079,"Medium Spend","Occasional Buyer","Bronze Tier","High Probability"
11080,"High Spend","Occasional Buyer","Gold Tier","High Probability"
11081,"High Spend","New Customer","Gold Tier","High Probability"
11082,"High Spend","Frequent Buyer","Gold Tier","High Probability"
11083,"Low Spend","Frequent Buyer","Gold Tier","High Probability"
11084,"High Spend","Frequent Buyer","Platinum Tier","High Probability"
11085,"Medium Spend","Frequent Buyer","Gold Tier","High Probability"
11086,"High Spend","Occasional Buyer","Platinum Tier","High Probability"
11087,"High Spend","Occasional Buyer","Platinum Tier","High Probability"
11088,"High Spend","New Customer","Gold Tier","High Probability"
11089,"Medium Spend","New Customer","Gold Tier","Low Probability"
11090,"High Spend","Frequent Buyer","Gold Tier","High Probability"
11091,"High Spend","Frequent Buyer","Gold Tier","High Probability"
11092,"High Spend","Frequent Buyer","Silver Tier","High Probability"
11093,"High Spend","Frequent Buyer","Gold Tier","High Probability"
11094,"High Spend","Occasional Buyer","Bronze Tier","High Probability"
11095,"High Spend","Frequent Buyer","Bronze Tier","Low Probability"
11096,"High Spend","Frequent Buyer","Silver Tier","High Probability"
11097,"High Spend","Frequent Buyer","Silver Tier","High Probability"
11098,"High Spend","New Customer","Platinum Tier","High Probability"
11099,"High Spend","Occasional Buyer","Silver Tier","High Probability"
11100,"High Spend","Occasional Buyer","Bronze Tier","High Probability"
11101,"High Spend","Frequent Buyer","Bronze Tier","High Probability"
11102,"Medium Spend","Frequent Buyer","Platinum Tier","High Probability"
11103,"Medium Spend","Occasional Buyer","Gold Tier","High Probability"
11104,"High Spend","New Customer","Bronze Tier","High Probability"
11105,"High Spend","Occasional Buyer","Platinum Tier","High Probability"
11106,"High Spend","Frequent Buyer","Silver Tier","High Probability"
11107,"Medium Spend","Frequent Buyer","Silver Tier","High Probability"
11108,"Medium Spend","New Customer","Bronze Tier","High Probability"
11109,"High Spend","Frequent Buyer","Gold Tier","High Probability"
11110,"High Spend","Frequent Buyer","Silver Tier","High Probability"
11111,"High Spend","Frequent Buyer","Silver Tier","High Probability"
11112,"High Spend","Frequent Buyer","Gold Tier","High Probability"
11113,"High Spend","Frequent Buyer","Silver Tier","High Probability"
11114,"Medium Spend","Occasional Buyer","Silver Tier","High Probability"
11115,"High Spend","Frequent Buyer","Bronze Tier","High Probability"
11116,"High Spend","Occasional Buyer","Silver Tier","High Probability"
11117,"High Spend","Frequent Buyer","Gold Tier","High Probability"
11118,"High Spend","Frequent Buyer","Bronze Tier","High Probability"
11119,"Medium Spend","Occasional Buyer","Gold Tier","High Probability"
11120,"High Spend","Frequent Buyer","Silver Tier","High Probability"
11121,"High Spend","Frequent Buyer","Gold Tier","High Probability"
11122,"Medium Spend","Frequent Buyer","Bronze Tier","High Probability"
11123,"High Spend","Occasional Buyer","Bronze Tier","High Probability"
11124,"High Spend","New Customer","Gold Tier","High Probability"
11125,"High Spend","Frequent Buyer","Silver Tier","Low Probability"
11126,"High Spend","Frequent Buyer","Silver Tier","High Probability"
11127,"High Spend","Frequent Buyer","Bronze Tier","High Probability"
11128,"High Spend","Frequent Buyer","Bronze Tier","High Probability"
11129,"Low Spend","Frequent Buyer","Silver Tier","High Probability"
11130,"Medium Spend","Frequent Buyer","Silver Tier","High Probability"
11131,"Medium Spend","Occasional Buyer","Silver Tier","High Probability"
11132,"High Spend","Occasional Buyer","Gold Tier","High Probability"
11133,"High Spend","Frequent Buyer","Bronze Tier","High Probability"
11134,"High Spend","New Customer","Platinum Tier","High Probability"
11135,"High Spend","Frequent Buyer","Gold Tier","High Probability"
11136,"High Spend","Frequent Buyer","Platinum Tier","High Probability"
11137,"High Spend","Occasional Buyer","Silver Tier","High Probability"
11138,"High Spend","Frequent Buyer","Platinum Tier","High Probability"
11139,"High Spend","Occasional Buyer","Silver Tier","High Probability"
11140,"High Spend","Occasional Buyer","Silver Tier","High Probability"
11141,"High Spend","Frequent Buyer","Silver Tier","High Probability"
11142,"High Spend","Frequent Buyer","Gold Tier","High Probability"
11143,"Low Spend","Occasional Buyer","Gold Tier","High Probability"
11144,"High Spend","Occasional Buyer","Gold Tier","High Probability"
11145,"High Spend","Frequent Buyer","Gold Tier","High Probability"
11146,"Medium Spend","Frequent Buyer","Bronze Tier","High Probability"
11147,"Medium Spend","Occasional Buyer","Silver Tier","High Probability"
11148,"High Spend","Frequent Buyer","Gold Tier","High Probability"
11149,"High Spend","Frequent Buyer","Platinum Tier","High Probability"
11150,"High Spend","Frequent Buyer","Platinum Tier","Low Probability"
11151,"High Spend","Occasional Buyer","Silver Tier","High Probability"
11152,"High Spend","Frequent Buyer","Silver Tier","High Probability"
11153,"Medium Spend","Occasional Buyer","Gold Tier","High Probability"
11154,"Medium Spend","Frequent Buyer","Platinum Tier","High Probability"
11155,"High Spend","Occasional Buyer","Bronze Tier","High Probability"
11156,"High Spend","Frequent Buyer","Gold Tier","High Probability"
11157,"High Spend","Frequent Buyer","Bronze Tier","High Probability"
11158,"High Spend","Frequent Buyer","Gold Tier","High Probability"
11159,"Medium Spend","New Customer","Silver Tier","High Probability"
11160,"Low Spend","Occasional Buyer","Bronze Tier","High Probability"
11161,"Medium Spend","Occasional Buyer","Gold Tier","High Probability"
11162,"High Spend","Occasional Buyer","Gold Tier","High Probability"
11163,"High Spend","Occasional Buyer","Gold Tier","High Probability"
11164,"High Spend","Occasional Buyer","Gold Tier","High Probability"
11165,"High Spend","Frequent Buyer","Platinum Tier","High Probability"
11166,"High Spend","Occasional Buyer","Silver Tier","High Probability"
11167,"High Spend","Frequent Buyer","Bronze Tier","High Probability"
11168,"High Spend","Frequent Buyer","Platinum Tier","High Probability"
11169,"High Spend","Frequent Buyer","Bronze Tier","High Probability"
11170,"Medium Spend","Frequent Buyer","Gold Tier","High Probability"
11171,"High Spend","Frequent Buyer","Bronze Tier","High Probability"
11172,"High Spend","Frequent Buyer","Bronze Tier","High Probability"
11173,"High Spend","Occasional Buyer","Platinum Tier","High Probability"
11174,"High Spend","Occasional Buyer","Platinum Tier","High Probability"
11175,"High Spend","Occasional Buyer","Silver Tier","High Probability"
11176,"Low Spend","Frequent Buyer","Gold Tier","High Probability"
11177,"Medium Spend","Occasional Buyer","Gold Tier","High Probability"
11178,"High Spend","Frequent Buyer","Platinum Tier","High Probability"
11179,"High Spend","Occasional Buyer","Bronze Tier","High Probability"
11180,"Medium Spend","Occasional Buyer","Silver Tier","High Probability"
11181,"High Spend","Frequent Buyer","Gold Tier","High Probability"
11182,"High Spend","Occasional Buyer","Gold Tier","High Probability"
11183,"High Spend","New Customer","Silver Tier","High Probability"
11184,"High Spend","Frequent Buyer","Silver Tier","High Probability"
11185,"High Spend","Frequent Buyer","Silver Tier","High Probability"
11186,"High Spend","New Customer","Bronze Tier","High Probability"
11187,"High Spend","Occasional Buyer","Bronze Tier","High Probability"
11188,"High Spend","Frequent Buyer","Bronze Tier","High Probability"
11189,"Medium Spend","Occasional Buyer","Gold Tier","High Probability"
11190,"High Spend","Frequent Buyer","Gold Tier","High Probability"
11191,"High Spend","Occasional Buyer","Gold Tier","High Probability"
11192,"High Spend","Frequent Buyer","Gold Tier","High Probability"
11193,"High Spend","Occasional Buyer","Silver Tier","High Probability"
11194,"High Spend","Occasional Buyer","Bronze Tier","High Probability"
11195,"Low Spend","Occasional Buyer","Gold Tier","High Probability"
11196,"High Spend","New Customer","Bronze Tier","Low Probability"
11197,"High Spend","Frequent Buyer","Platinum Tier","High Probability"
11198,"High Spend","Occasional Buyer","Platinum Tier","High Probability"
11199,"Medium Spend","Frequent Buyer","Silver Tier","High Probability"
11200,"High Spend","Frequent Buyer","Gold Tier","High Probability"
11201,"High Spend","Occasional Buyer","Gold Tier","High Probability"
11202,"Medium Spend","Frequent Buyer","Platinum Tier","High Probability"
11203,"High Spend","Occasional Buyer","Platinum Tier","High Probability"
11204,"High Spend","Occasional Buyer","Gold Tier","High Probability"
11205,"High Spend","Frequent Buyer","Gold Tier","High Probability"
11206,"High Spend","Frequent Buyer","Bronze Tier","Low Probability"
11207,"High Spend","Occasional Buyer","Platinum Tier","High Probability"
11208,"Low Spend","Frequent Buyer","Gold Tier","High Probability"
11209,"High Spend","Occasional Buyer","Silver Tier","High Probability"
11210,"High Spend","Frequent Buyer","Gold Tier","High Probability"
11211,"High Spend","Frequent Buyer","Silver Tier","High Probability"
11212,"High Spend","New Customer","Silver Tier","Low Probability"
11213,"High Spend","Frequent Buyer","Gold Tier","High Probability"
11214,"Medium Spend","Frequent Buyer","Platinum Tier","Low Probability"
11215,"High Spend","Occasional Buyer","Bronze Tier","High Probability"
11216,"High Spend","New Customer","Platinum Tier","High Probability"
11217,"Medium Spend","Occasional Buyer","Silver Tier","High Probability"
11218,"Low Spend","Occasional Buyer","Platinum Tier","High Probability"
11219,"High Spend","Occasional Buyer","Bronze Tier","Low Probability"
11220,"High Spend","Frequent Buyer","Gold Tier","High Probability"
11221,"High Spend","Occasional Buyer","Platinum Tier","High Probability"
11222,"High Spend","Frequent Buyer","Gold Tier","High Probability"
11223,"High Spend","Occasional Buyer","Bronze Tier","Low Probability"
11224,"High Spend","Occasional Buyer","Platinum Tier","High Probability"
11225,"High Spend","Frequent Buyer","Bronze Tier","High Probability"
11226,"High Spend","Occasional Buyer","Gold Tier","High Probability"
11227,"High Spend","New Customer","Gold Tier","High Probability"
11228,"High Spend","Frequent Buyer","Silver Tier","High Probability"
11229,"High Spend","Frequent Buyer","Silver Tier","High Probability"
11230,"High Spend","Frequent Buyer","Platinum Tier","High Probability"
11231,"Medium Spend","Frequent Buyer","Platinum Tier","High Probability"
11232,"Medium Spend","Frequent Buyer","Platinum Tier","High Probability"
11233,"High Spend","New Customer","Bronze Tier","Low Probability"
11234,"High Spend","Occasional Buyer","Platinum Tier","High Probability"
11235,"High Spend","New Customer","Silver Tier","High Probability"
11236,"High Spend","Occasional Buyer","Platinum Tier","High Probability"
11237,"High Spend","Occasional Buyer","Platinum Tier","High Probability"
11238,"High Spend","Frequent Buyer","Silver Tier","High Probability"
11239,"High Spend","Occasional Buyer","Gold Tier","High Probability"
11240,"Medium Spend","Frequent Buyer","Silver Tier","High Probability"
11241,"High Spend","Occasional Buyer","Gold Tier","High Probability"
11242,"High Spend","New Customer","Bronze Tier","Low Probability"
11243,"High Spend","New Customer","Platinum Tier","High Probability"
11244,"High Spend","Frequent Buyer","Gold Tier","High Probability"
11245,"Medium Spend","Occasional Buyer","Platinum Tier","Low Probability"
11246,"High Spend","Occasional Buyer","Silver Tier","High Probability"
11247,"High Spend","Occasional Buyer","Silver Tier","High Probability"
11248,"High Spend","Frequent Buyer","Silver Tier","High Probability"
11249,"High Spend","Frequent Buyer","Gold Tier","High Probability"
11250,"Medium Spend","Frequent Buyer","Gold Tier","High Probability"
11251,"High Spend","Frequent Buyer","Silver Tier","High Probability"
11252,"High Spend","New Customer","Gold Tier","High Probability"
11253,"Medium Spend","Frequent Buyer","Platinum Tier","High Probability"
11254,"High Spend","Occasional Buyer","Gold Tier","High Probability"
11255,"High Spend","Frequent Buyer","Bronze Tier","High Probability"
11256,"High Spend","Occasional Buyer","Silver Tier","High Probability"
11257,"High Spend","Occasional Buyer","Gold Tier","High Probability"
11258,"High Spend","Occasional Buyer","Silver Tier","Low Probability"
11259,"Low Spend","Frequent Buyer","Platinum Tier","High Probability"
11260,"Medium Spend","Frequent Buyer","Gold Tier","High Probability"
11261,"High Spend","Frequent Buyer","Platinum Tier","High Probability"
11262,"Medium Spend","Frequent Buyer","Platinum Tier","High Probability"
11263,"High Spend","Frequent Buyer","Silver Tier","High Probability"
11264,"Medium Spend","Occasional Buyer","Silver Tier","High Probability"
11265,"High Spend","Frequent Buyer","Gold Tier","High Probability"
11266,"High Spend","Frequent Buyer","Silver Tier","High Probability"
11267,"High Spend","Frequent Buyer","Silver Tier","High Probability"
11268,"High Spend","Frequent Buyer","Silver Tier","High Probability"
11269,"High Spend","New Customer","Platinum Tier","High Probability"
11270,"High Spend","Frequent Buyer","Gold Tier","High Probability"
11271,"High Spend","Frequent Buyer","Platinum Tier","High Probability"
11272,"High Spend","Frequent Buyer","Bronze Tier","Low Probability"
11273,"Medium Spend","Frequent Buyer","Gold Tier","High Probability"
11274,"High Spend","Occasional Buyer","Silver Tier","High Probability"
11275,"High Spend","Frequent Buyer","Platinum Tier","High Probability"
11276,"High Spend","New Customer","Gold Tier","High Probability"
11277,"High Spend","New Customer","Platinum Tier","High Probability"
11278,"Medium Spend","Frequent Buyer","Bronze Tier","Low Probability"
11279,"Medium Spend","New Customer","Gold Tier","High Probability"
11280,"High Spend","Frequent Buyer","Platinum Tier","High Probability"
11281,"High Spend","Frequent Buyer","Gold Tier","High Probability"
11282,"Low Spend","Occasional Buyer","Silver Tier","High Probability"
11283,"High Spend","Frequent Buyer","Silver Tier","High Probability"
11284,"High Spend","Occasional Buyer","Gold Tier","Low Probability"
11285,"High Spend","Frequent Buyer","Gold Tier","High Probability"
11286,"Medium Spend","Frequent Buyer","Platinum Tier","High Probability"
11287,"Medium Spend","Frequent Buyer","Silver Tier","High Probability"
11288,"High Spend","New Customer","Gold Tier","Low Probability"
11289,"Medium Spend","Occasional Buyer","Silver Tier","Low Probability"
11290,"Medium Spend","Frequent Buyer","Platinum Tier","High Probability"
11291,"Medium Spend","Frequent Buyer","Gold Tier","High Probability"
11292,"High Spend","Occasional Buyer","Gold Tier","Low Probability"
11293,"High Spend","New Customer","Platinum Tier","High Probability"
11294,"High Spend","Frequent Buyer","Silver Tier","High Probability"
11295,"High Spend","Occasional Buyer","Gold Tier","High Probability"
11296,"Medium Spend","Frequent Buyer","Gold Tier","High Probability"
11297,"High Spend","Occasional Buyer","Platinum Tier","High Probability"
11298,"Medium Spend","Frequent Buyer","Platinum Tier","High Probability"
11299,"High Spend","Frequent Buyer","Gold Tier","High Probability"
11300,"Medium Spend","Occasional Buyer","Platinum Tier","High Probability"
11301,"High Spend","Frequent Buyer","Platinum Tier","High Probability"
11302,"Medium Spend","Frequent Buyer","Bronze Tier","High Probability"
11303,"High Spend","Occasional Buyer","Gold Tier","High Probability"
11304,"High Spend","Frequent Buyer","Platinum Tier","High Probability"
11305,"High Spend","Frequent Buyer","Platinum Tier","High Probability"
11306,"High Spend","New Customer","Gold Tier","High Probability"
11307,"Medium Spend","Frequent Buyer","Platinum Tier","High Probability"
11308,"Medium Spend","Frequent Buyer","Silver Tier","High Probability"
11309,"High Spend","Frequent Buyer","Gold Tier","High Probability"
11310,"High Spend","Occasional Buyer","Gold Tier","High Probability"
11311,"High Spend","New Customer","Platinum Tier","High Probability"
11312,"High Spend","Frequent Buyer","Bronze Tier","High Probability"
11313,"Low Spend","Occasional Buyer","Gold Tier","Low Probability"
11314,"High Spend","Occasional Buyer","Silver Tier","High Probability"
11315,"High Spend","Frequent Buyer","Silver Tier","High Probability"
11316,"High Spend","Frequent Buyer","Gold Tier","High Probability"
11317,"High Spend","Frequent Buyer","Bronze Tier","High Probability"
11318,"High Spend","Occasional Buyer","Gold Tier","High Probability"
11319,"High Spend","New Customer","Platinum Tier","High Probability"
11320,"High Spend","Occasional Buyer","Platinum Tier","High Probability"
11321,"High Spend","Frequent Buyer","Silver Tier","High Probability"
11322,"Medium Spend","Frequent Buyer","Gold Tier","High Probability"
11323,"High Spend","Frequent Buyer","Gold Tier","High Probability"
11324,"High Spend","Frequent Buyer","Platinum Tier","High Probability"
11325,"High Spend","Occasional Buyer","Gold Tier","High Probability"
11326,"High Spend","Frequent Buyer","Silver Tier","High Probability"
11327,"High Spend","Occasional Buyer","Platinum Tier","High Probability"
11328,"High Spend","Frequent Buyer","Platinum Tier","High Probability"
11329,"Low Spend","Frequent Buyer","Gold Tier","High Probability"
11330,"High Spend","New Customer","Bronze Tier","High Probability"
11331,"High Spend","Occasional Buyer","Platinum Tier","High Probability"
11332,"High Spend","Frequent Buyer","Bronze Tier","High Probability"
11333,"Medium Spend","Frequent Buyer","Platinum Tier","High Probability"
11334,"High Spend","Occasional Buyer","Gold Tier","High Probability"
11335,"High Spend","Occasional Buyer","Bronze Tier","High Probability"
11336,"High Spend","Frequent Buyer","Gold Tier","High Probability"
11337,"High Spend","Occasional Buyer","Platinum Tier","High Probability"
11338,"Medium Spend","Frequent Buyer","Bronze Tier","High Probability"
11339,"Medium Spend","Occasional Buyer","Gold Tier","High Probability"
11340,"High Spend","Occasional Buyer","Platinum Tier","High Probability"
11341,"High Spend","Frequent Buyer","Bronze Tier","High Probability"
11342,"High Spend","Frequent Buyer","Platinum Tier","High Probability"
11343,"High Spend","Frequent Buyer","Platinum Tier","High Probability"
11344,"Medium Spend","Occasional Buyer","Bronze Tier","High Probability"
11345,"High Spend","Frequent Buyer","Gold Tier","High Probability"
11346,"High Spend","New Customer","Platinum Tier","High Probability"
11347,"Medium Spend","Occasional Buyer","Gold Tier","High Probability"
11348,"High Spend","Occasional Buyer","Platinum Tier","High Probability"
11349,"High Spend","Frequent Buyer","Gold Tier","High Probability"
11350,"High Spend","Frequent Buyer","Silver Tier","High Probability"
11351,"High Spend","Occasional Buyer","Platinum Tier","High Probability"
11352,"Medium Spend","Frequent Buyer","Platinum Tier","High Probability"
11353,"High Spend","Frequent Buyer","Platinum Tier","High Probability"
11354,"Medium Spend","Frequent Buyer","Gold Tier","High Probability"
11355,"High Spend","New Customer","Silver Tier","High Probability"
11356,"High Spend","Frequent Buyer","Silver Tier","High Probability"
11357,"High Spend","New Customer","Gold Tier","High Probability"
11358,"High Spend","Frequent Buyer","Bronze Tier","High Probability"
11359,"High Spend","Frequent Buyer","Gold Tier","High Probability"
11360,"High Spend","Occasional Buyer","Gold Tier","High Probability"
11361,"High Spend","Occasional Buyer","Platinum Tier","High Probability"
11362,"Medium Spend","New Customer","Gold Tier","High Probability"
11363,"High Spend","Occasional Buyer","Gold Tier","High Probability"
11364,"High Spend","Frequent Buyer","Silver Tier","High Probability"
11365,"High Spend","Frequent Buyer","Bronze Tier","High Probability"
11366,"High Spend","Frequent Buyer","Gold Tier","High Probability"
11367,"High Spend","Frequent Buyer","Platinum Tier","High Probability"
11368,"Medium Spend","Occasional Buyer","Silver Tier","Low Probability"
11369,"Low Spend","Frequent Buyer","Platinum Tier","High Probability"
11370,"High Spend","Frequent Buyer","Silver Tier","High Probability"
11371,"Medium Spend","New Customer","Silver Tier","High Probability"
11372,"Medium Spend","Frequent Buyer","Silver Tier","High Probability"
11373,"High Spend","New Customer","Platinum Tier","High Probability"
11374,"High Spend","Occasional Buyer","Gold Tier","High Probability"
11375,"High Spend","Frequent Buyer","Gold Tier","High Probability"
11376,"High Spend","Frequent Buyer","Platinum Tier","High Probability"
11377,"High Spend","Occasional Buyer","Platinum Tier","High Probability"
11378,"High Spend","Frequent Buyer","Bronze Tier","High Probability"
11379,"High Spend","Frequent Buyer","Platinum Tier","High Probability"
11380,"High Spend","Occasional Buyer","Gold Tier","High Probability"
11381,"Medium Spend","Frequent Buyer","Gold Tier","Low Probability"
11382,"High Spend","Occasional Buyer","Bronze Tier","High Probability"
11383,"High Spend","Frequent Buyer","Platinum Tier","High Probability"
11384,"Medium Spend","Occasional Buyer","Gold Tier","High Probability"
11385,"High Spend","Occasional Buyer","Gold Tier","High Probability"
11386,"High Spend","Frequent Buyer","Platinum Tier","High Probability"
11387,"Medium Spend","Frequent Buyer","Silver Tier","High Probability"
11388,"Medium Spend","Frequent Buyer","Gold Tier","High Probability"
11389,"High Spend","Frequent Buyer","Platinum Tier","High Probability"
11390,"Medium Spend","New Customer","Bronze Tier","High Probability"
11391,"Low Spend","Frequent Buyer","Platinum Tier","High Probability"
11392,"High Spend","Frequent Buyer","Bronze Tier","High Probability"
11393,"High Spend","Frequent Buyer","Silver Tier","High Probability"
11394,"High Spend","Frequent Buyer","Gold Tier","High Probability"
11395,"High Spend","Frequent Buyer","Platinum Tier","High Probability"
11396,"High Spend","Frequent Buyer","Platinum Tier","High Probability"
11397,"High Spend","Occasional Buyer","Silver Tier","High Probability"
11398,"High Spend","Frequent Buyer","Bronze Tier","High Probability"
11399,"High Spend","Frequent Buyer","Bronze Tier","High Probability"
11400,"Medium Spend","New Customer","Bronze Tier","High Probability"
11401,"High Spend","Frequent Buyer","Silver Tier","High Probability"
11402,"Low Spend","Frequent Buyer","Bronze Tier","Low Probability"
11403,"High Spend","Frequent Buyer","Bronze Tier","High Probability"
11404,"Low Spend","Frequent Buyer","Bronze Tier","High Probability"
11405,"High Spend","Frequent Buyer","Gold Tier","High Probability"
11406,"High Spend","New Customer","Silver Tier","High Probability"
11407,"High Spend","Occasional Buyer","Bronze Tier","High Probability"
11408,"Medium Spend","Frequent Buyer","Platinum Tier","High Probability"
11409,"Medium Spend","Occasional Buyer","Platinum Tier","High Probability"
11410,"High Spend","Occasional Buyer","Silver Tier","High Probability"
11411,"Medium Spend","Frequent Buyer","Bronze Tier","High Probability"
11412,"High Spend","Occasional Buyer","Bronze Tier","Low Probability"
11413,"High Spend","Frequent Buyer","Gold Tier","High Probability"
11414,"High Spend","Frequent Buyer","Platinum Tier","High Probability"
11415,"High Spend","Frequent Buyer","Bronze Tier","High Probability"
11416,"High Spend","Frequent Buyer","Silver Tier","High Probability"
11417,"Medium Spend","Frequent Buyer","Gold Tier","High Probability"
11418,"High Spend","Occasional Buyer","Platinum Tier","High Probability"
11419,"High Spend","Occasional Buyer","Gold Tier","High Probability"
11420,"High Spend","Occasional Buyer","Platinum Tier","High Probability"
11421,"Medium Spend","New Customer","Platinum Tier","High Probability"
11422,"High Spend","Frequent Buyer","Bronze Tier","High Probability"
11423,"Medium Spend","Frequent Buyer","Bronze Tier","High Probability"
11424,"Medium Spend","Frequent Buyer","Platinum Tier","High Probability"
11425,"High Spend","Occasional Buyer","Bronze Tier","High Probability"
11426,"Medium Spend","Occasional Buyer","Platinum Tier","High Probability"
11427,"Medium Spend","Frequent Buyer","Gold Tier","High Probability"
11428,"High Spend","New Customer","Gold Tier","High Probability"
11429,"High Spend","Occasional Buyer","Silver Tier","High Probability"
11430,"High Spend","Occasional Buyer","Silver Tier","High Probability"
11431,"Medium Spend","Frequent Buyer","Gold Tier","High Probability"
11432,"High Spend","Frequent Buyer","Silver Tier","High Probability"
11433,"High Spend","Frequent Buyer","Gold Tier","High Probability"
11434,"Medium Spend","Occasional Buyer","Gold Tier","High Probability"
11435,"High Spend","Frequent Buyer","Silver Tier","High Probability"
11436,"High Spend","Occasional Buyer","Bronze Tier","High Probability"
11437,"Medium Spend","Frequent Buyer","Silver Tier","High Probability"
11438,"High Spend","Occasional Buyer","Platinum Tier","High Probability"
11439,"High Spend","Frequent Buyer","Gold Tier","High Probability"
11440,"High Spend","Frequent Buyer","Platinum Tier","High Probability"
11441,"High Spend","Frequent Buyer","Bronze Tier","High Probability"
11442,"Low Spend","New Customer","Platinum Tier","High Probability"
11443,"Medium Spend","Frequent Buyer","Platinum Tier","High Probability"
11444,"High Spend","Frequent Buyer","Gold Tier","High Probability"
11445,"High Spend","New Customer","Platinum Tier","High Probability"
11446,"High Spend","Frequent Buyer","Gold Tier","High Probability"
11447,"High Spend","Frequent Buyer","Platinum Tier","High Probability"
11448,"Low Spend","Frequent Buyer","Silver Tier","High Probability"
11449,"High Spend","Frequent Buyer","Silver Tier","High Probability"
11450,"High Spend","Frequent Buyer","Bronze Tier","High Probability"
11451,"High Spend","New Customer","Silver Tier","High Probability"
11452,"High Spend","Occasional Buyer","Gold Tier","High Probability"
11453,"Medium Spend","Frequent Buyer","Bronze Tier","High Probability"
11454,"High Spend","Frequent Buyer","Platinum Tier","High Probability"
11455,"High Spend","Frequent Buyer","Platinum Tier","High Probability"
11456,"Medium Spend","New Customer","Platinum Tier","High Probability"
11457,"High Spend","Occasional Buyer","Gold Tier","High Probability"
11458,"High Spend","Occasional Buyer","Gold Tier","High Probability"
11459,"High Spend","Occasional Buyer","Gold Tier","Low Probability"
11460,"Medium Spend","Occasional Buyer","Platinum Tier","High Probability"
11461,"Medium Spend","Frequent Buyer","Bronze Tier","Low Probability"
11462,"High Spend","Frequent Buyer","Bronze Tier","High Probability"
11463,"Medium Spend","Frequent Buyer","Platinum Tier","High Probability"
11464,"High Spend","Frequent Buyer","Gold Tier","High Probability"
11465,"High Spend","Frequent Buyer","Silver Tier","High Probability"
11466,"High Spend","Frequent Buyer","Platinum Tier","High Probability"
11467,"High Spend","Frequent Buyer","Silver Tier","High Probability"
11468,"High Spend","Occasional Buyer","Bronze Tier","High Probability"
11469,"High Spend","Frequent Buyer","Bronze Tier","High Probability"
11470,"High Spend","Frequent Buyer","Bronze Tier","High Probability"
11471,"High Spend","Frequent Buyer","Silver Tier","High Probability"
11472,"High Spend","Frequent Buyer","Platinum Tier","High Probability"
11473,"High Spend","Frequent Buyer","Gold Tier","High Probability"
11474,"Medium Spend","Frequent Buyer","Gold Tier","High Probability"
11475,"High Spend","Occasional Buyer","Platinum Tier","High Probability"
11476,"High Spend","Frequent Buyer","Platinum Tier","High Probability"
11477,"High Spend","Frequent Buyer","Platinum Tier","High Probability"
11478,"High Spend","Occasional Buyer","Silver Tier","High Probability"
11479,"High Spend","Frequent Buyer","Platinum Tier","High Probability"
11480,"High Spend","Occasional Buyer","Bronze Tier","High Probability"
11481,"High Spend","Frequent Buyer","Gold Tier","High Probability"
11482,"Medium Spend","Frequent Buyer","Bronze Tier","High Probability"
11483,"High Spend","New Customer","Bronze Tier","High Probability"
11484,"Medium Spend","Frequent Buyer","Silver Tier","High Probability"
11485,"High Spend","Frequent Buyer","Bronze Tier","High Probability"
11486,"High Spend","Frequent Buyer","Platinum Tier","High Probability"
11487,"High Spend","Occasional Buyer","Gold Tier","High Probability"
11488,"Medium Spend","Occasional Buyer","Silver Tier","High Probability"
11489,"High Spend","Frequent Buyer","Gold Tier","High Probability"
11490,"High Spend","Frequent Buyer","Silver Tier","High Probability"
11491,"High Spend","Occasional Buyer","Gold Tier","High Probability"
11492,"Low Spend","Frequent Buyer","Platinum Tier","Low Probability"
11493,"High Spend","Frequent Buyer","Bronze Tier","High Probability"
11494,"Low Spend","Frequent Buyer","Gold Tier","High Probability"
11495,"High Spend","Occasional Buyer","Silver Tier","High Probability"
11496,"High Spend","Frequent Buyer","Platinum Tier","High Probability"
11497,"High Spend","Frequent Buyer","Platinum Tier","High Probability"
11498,"Medium Spend","Occasional Buyer","Silver Tier","High Probability"
11499,"High Spend","Occasional Buyer","Gold Tier","High Probability"
11500,"High Spend","Frequent Buyer","Gold Tier","High Probability"
11501,"Medium Spend","Occasional Buyer","Gold Tier","High Probability"
11502,"Medium Spend","Frequent Buyer","Platinum Tier","Low Probability"
11503,"Medium Spend","Frequent Buyer","Gold Tier","High Probability"
11504,"Medium Spend","Frequent Buyer","Silver Tier","High Probability"
11505,"Low Spend","Occasional Buyer","Bronze Tier","High Probability"
11506,"Medium Spend","Occasional Buyer","Gold Tier","High Probability"
11507,"High Spend","Frequent Buyer","Silver Tier","High Probability"
11508,"High Spend","Occasional Buyer","Bronze Tier","High Probability"
11509,"High Spend","Occasional Buyer","Silver Tier","High Probability"
11510,"Medium Spend","Frequent Buyer","Platinum Tier","High Probability"
11511,"High Spend","Frequent Buyer","Platinum Tier","High Probability"
11512,"High Spend","Frequent Buyer","Platinum Tier","High Probability"
11513,"High Spend","Occasional Buyer","Platinum Tier","High Probability"
11514,"High Spend","Frequent Buyer","Bronze Tier","High Probability"
11515,"High Spend","Frequent Buyer","Gold Tier","High Probability"
11516,"High Spend","Frequent Buyer","Platinum Tier","High Probability"
11517,"High Spend","New Customer","Platinum Tier","High Probability"
11518,"High Spend","Occasional Buyer","Bronze Tier","High Probability"
11519,"High Spend","Occasional Buyer","Silver Tier","High Probability"
11520,"High Spend","Frequent Buyer","Platinum Tier","High Probability"
11521,"High Spend","Frequent Buyer","Silver Tier","High Probability"
11522,"High Spend","Frequent Buyer","Silver Tier","High Probability"
11523,"High Spend","Frequent Buyer","Platinum Tier","High Probability"
11524,"High Spend","New Customer","Gold Tier","High Probability"
11525,"Medium Spend","Frequent Buyer","Platinum Tier","High Probability"
11526,"High Spend","New Customer","Bronze Tier","High Probability"
11527,"High Spend","New Customer","Platinum Tier","High Probability"
11528,"High Spend","Occasional Buyer","Silver Tier","High Probability"
11529,"High Spend","New Customer","Silver Tier","High Probability"
11530,"High Spend","Occasional Buyer","Platinum Tier","High Probability"
11531,"High Spend","Frequent Buyer","Platinum Tier","High Probability"
11532,"High Spend","Occasional Buyer","Silver Tier","High Probability"
11533,"High Spend","Frequent Buyer","Gold Tier","High Probability"
11534,"High Spend","Frequent Buyer","Silver Tier","Low Probability"
11535,"High Spend","Frequent Buyer","Platinum Tier","High Probability"
11536,"High Spend","Frequent Buyer","Bronze Tier","High Probability"
11537,"High Spend","Frequent Buyer","Bronze Tier","High Probability"
11538,"Low Spend","Frequent Buyer","Gold Tier","High Probability"
11539,"Medium Spend","Occasional Buyer","Gold Tier","High Probability"
11540,"High Spend","Occasional Buyer","Platinum Tier","Low Probability"
11541,"High Spend","Frequent Buyer","Gold Tier","High Probability"
11542,"High Spend","Frequent Buyer","Silver Tier","High Probability"
11543,"High Spend","Frequent Buyer","Bronze Tier","High Probability"
11544,"High Spend","Frequent Buyer","Gold Tier","High Probability"
11545,"High Spend","Frequent Buyer","Bronze Tier","High Probability"
11546,"High Spend","New Customer","Silver Tier","Low Probability"
11547,"Medium Spend","Frequent Buyer","Platinum Tier","High Probability"
11548,"High Spend","Occasional Buyer","Silver Tier","High Probability"
11549,"Medium Spend","Occasional Buyer","Gold Tier","High Probability"
11550,"High Spend","Frequent Buyer","Platinum Tier","High Probability"
11551,"Medium Spend","Frequent Buyer","Platinum Tier","High Probability"
11552,"High Spend","New Customer","Bronze Tier","High Probability"
11553,"High Spend","Occasional Buyer","Gold Tier","High Probability"
11554,"High Spend","Frequent Buyer","Silver Tier","High Probability"
11555,"High Spend","Frequent Buyer","Bronze Tier","High Probability"
11556,"Medium Spend","Frequent Buyer","Bronze Tier","High Probability"
11557,"High Spend","Frequent Buyer","Bronze Tier","High Probability"
11558,"High Spend","Occasional Buyer","Gold Tier","High Probability"
11559,"High Spend","Frequent Buyer","Silver Tier","High Probability"
11560,"High Spend","Frequent Buyer","Silver Tier","High Probability"
11561,"High Spend","New Customer","Platinum Tier","High Probability"
11562,"High Spend","Frequent Buyer","Gold Tier","High Probability"
11563,"High Spend","Frequent Buyer","Platinum Tier","High Probability"
11564,"High Spend","Frequent Buyer","Platinum Tier","High Probability"
11565,"High Spend","Occasional Buyer","Gold Tier","High Probability"
11566,"High Spend","Frequent Buyer","Silver Tier","High Probability"
11567,"High Spend","Frequent Buyer","Platinum Tier","High Probability"
11568,"High Spend","Occasional Buyer","Platinum Tier","High Probability"
11569,"High Spend","Occasional Buyer","Platinum Tier","High Probability"
11570,"High Spend","Occasional Buyer","Gold Tier","High Probability"
11571,"High Spend","Frequent Buyer","Bronze Tier","High Probability"
11572,"High Spend","New Customer","Gold Tier","High Probability"
11573,"High Spend","Occasional Buyer","Platinum Tier","High Probability"
11574,"Low Spend","Frequent Buyer","Gold Tier","High Probability"
11575,"High Spend","Occasional Buyer","Platinum Tier","High Probability"
11576,"High Spend","New Customer","Bronze Tier","High Probability"
11577,"Low Spend","Frequent Buyer","Bronze Tier","High Probability"
11578,"High Spend","Frequent Buyer","Platinum Tier","High Probability"
11579,"High Spend","Frequent Buyer","Gold Tier","Low Probability"
11580,"High Spend","Frequent Buyer","Silver Tier","High Probability"
11581,"High Spend","Frequent Buyer","Silver Tier","High Probability"
11582,"High Spend","Frequent Buyer","Platinum Tier","High Probability"
11583,"High Spend","Frequent Buyer","Gold Tier","High Probability"
11584,"High Spend","Occasional Buyer","Silver Tier","High Probability"
11585,"High Spend","Occasional Buyer","Gold Tier","High Probability"
11586,"High Spend","Occasional Buyer","Gold Tier","Low Probability"
11587,"Medium Spend","Frequent Buyer","Platinum Tier","High Probability"
11588,"Medium Spend","Occasional Buyer","Platinum Tier","High Probability"
11589,"High Spend","Occasional Buyer","Platinum Tier","High Probability"
11590,"Low Spend","Occasional Buyer","Gold Tier","Low Probability"
11591,"High Spend","Occasional Buyer","Platinum Tier","High Probability"
11592,"High Spend","New Customer","Gold Tier","High Probability"
11593,"High Spend","Frequent Buyer","Silver Tier","High Probability"
11594,"High Spend","New Customer","Bronze Tier","Low Probability"
11595,"High Spend","Frequent Buyer","Gold Tier","High Probability"
11596,"High Spend","Frequent Buyer","Bronze Tier","Low Probability"
11597,"Medium Spend","Frequent Buyer","Silver Tier","High Probability"
11598,"High Spend","Occasional Buyer","Gold Tier","High Probability"
11599,"High Spend","Frequent Buyer","Platinum Tier","High Probability"
11600,"High Spend","Frequent Buyer","Gold Tier","High Probability"
11601,"High Spend","Frequent Buyer","Gold Tier","High Probability"
11602,"High Spend","Frequent Buyer","Platinum Tier","High Probability"
11603,"High Spend","Frequent Buyer","Gold Tier","High Probability"
11604,"Medium Spend","Frequent Buyer","Bronze Tier","High Probability"
11605,"Medium Spend","Occasional Buyer","Gold Tier","High Probability"
11606,"High Spend","Frequent Buyer","Platinum Tier","High Probability"
11607,"Medium Spend","Occasional Buyer","Bronze Tier","High Probability"
11608,"High Spend","Frequent Buyer","Platinum Tier","High Probability"
11609,"Medium Spend","Frequent Buyer","Silver Tier","High Probability"
11610,"Medium Spend","New Customer","Bronze Tier","High Probability"
11611,"High Spend","Occasional Buyer","Bronze Tier","Low Probability"
11612,"High Spend","Frequent Buyer","Silver Tier","High Probability"
11613,"High Spend","Frequent Buyer","Gold Tier","High Probability"
11614,"Medium Spend","Frequent Buyer","Platinum Tier","High Probability"
11615,"High Spend","Occasional Buyer","Bronze Tier","High Probability"
11616,"High Spend","Occasional Buyer","Platinum Tier","High Probability"
11617,"High Spend","Frequent Buyer","Bronze Tier","High Probability"
11618,"High Spend","Frequent Buyer","Silver Tier","High Probability"
11619,"Medium Spend","Occasional Buyer","Platinum Tier","High Probability"
11620,"High Spend","Frequent Buyer","Silver Tier","High Probability"
11621,"High Spend","Frequent Buyer","Gold Tier","High Probability"
11622,"High Spend","Frequent Buyer","Bronze Tier","High Probability"
11623,"Medium Spend","Frequent Buyer","Gold Tier","High Probability"
11624,"Medium Spend","Occasional Buyer","Gold Tier","High Probability"
11625,"High Spend","New Customer","Silver Tier","High Probability"
11626,"Medium Spend","Occasional Buyer","Platinum Tier","High Probability"
11627,"Medium Spend","Occasional Buyer","Bronze Tier","Low Probability"
11628,"High Spend","Occasional Buyer","Gold Tier","High Probability"
11629,"High Spend","Occasional Buyer","Gold Tier","Low Probability"
11630,"High Spend","Occasional Buyer","Platinum Tier","High Probability"
11631,"Medium Spend","Occasional Buyer","Bronze Tier","Low Probability"
11632,"High Spend","New Customer","Silver Tier","High Probability"
11633,"High Spend","Frequent Buyer","Platinum Tier","High Probability"
11634,"High Spend","Occasional Buyer","Bronze Tier","High Probability"
11635,"High Spend","Occasional Buyer","Silver Tier","High Probability"
11636,"High Spend","Occasional Buyer","Bronze Tier","High Probability"
11637,"High Spend","New Customer","Platinum Tier","High Probability"
11638,"High Spend","Frequent Buyer","Bronze Tier","High Probability"
11639,"High Spend","Frequent Buyer","Gold Tier","High Probability"
11640,"High Spend","Frequent Buyer","Bronze Tier","High Probability"
11641,"High Spend","New Customer","Gold Tier","High Probability"
11642,"Medium Spend","Frequent Buyer","Gold Tier","High Probability"
11643,"High Spend","Frequent Buyer","Platinum Tier","High Probability"
11644,"High Spend","New Customer","Silver Tier","High Probability"
11645,"High Spend","Frequent Buyer","Bronze Tier","High Probability"
11646,"Medium Spend","Occasional Buyer","Silver Tier","High Probability"
11647,"High Spend","Occasional Buyer","Bronze Tier","High Probability"
11648,"High Spend","Frequent Buyer","Platinum Tier","Low Probability"
11649,"High Spend","Occasional Buyer","Bronze Tier","High Probability"
11650,"Medium Spend","Occasional Buyer","Gold Tier","High Probability"
11651,"High Spend","Frequent Buyer","Bronze Tier","High Probability"
11652,"Medium Spend","Frequent Buyer","Platinum Tier","High Probability"
11653,"Low Spend","Frequent Buyer","Platinum Tier","Low Probability"
11654,"Medium Spend","Occasional Buyer","Gold Tier","High Probability"
11655,"High Spend","Occasional Buyer","Silver Tier","Low Probability"
11656,"High Spend","Frequent Buyer","Gold Tier","High Probability"
11657,"Medium Spend","Occasional Buyer","Gold Tier","High Probability"
11658,"High Spend","Frequent Buyer","Platinum Tier","High Probability"
11659,"Medium Spend","Occasional Buyer","Platinum Tier","High Probability"
11660,"High Spend","Frequent Buyer","Gold Tier","High Probability"
11661,"Medium Spend","Frequent Buyer","Platinum Tier","High Probability"
11662,"High Spend","Occasional Buyer","Silver Tier","Low Probability"
11663,"High Spend","Frequent Buyer","Platinum Tier","High Probability"
11664,"High Spend","Occasional Buyer","Bronze Tier","High Probability"
11665,"High Spend","Occasional Buyer","Bronze Tier","High Probability"
11666,"High Spend","Frequent Buyer","Bronze Tier","High Probability"
11667,"Medium Spend","New Customer","Gold Tier","High Probability"
11668,"High Spend","New Customer","Silver Tier","High Probability"
11669,"High Spend","Occasional Buyer","Silver Tier","High Probability"
11670,"High Spend","Occasional Buyer","Silver Tier","High Probability"
11671,"High Spend","Frequent Buyer","Platinum Tier","Low Probability"
11672,"High Spend","Frequent Buyer","Gold Tier","High Probability"
11673,"High Spend","Occasional Buyer","Platinum Tier","Low Probability"
11674,"High Spend","Frequent Buyer","Silver Tier","High Probability"
11675,"High Spend","Occasional Buyer","Gold Tier","High Probability"
11676,"High Spend","Frequent Buyer","Platinum Tier","High Probability"
11677,"High Spend","Occasional Buyer","Platinum Tier","High Probability"
11678,"High Spend","Occasional Buyer","Silver Tier","High Probability"
11679,"High Spend","Frequent Buyer","Platinum Tier","High Probability"
11680,"High Spend","Occasional Buyer","Gold Tier","High Probability"
11681,"High Spend","Frequent Buyer","Gold Tier","High Probability"
11682,"Medium Spend","Occasional Buyer","Gold Tier","High Probability"
11683,"High Spend","Frequent Buyer","Platinum Tier","High Probability"
11684,"High Spend","Occasional Buyer","Platinum Tier","High Probability"
11685,"Medium Spend","Frequent Buyer","Platinum Tier","High Probability"
11686,"High Spend","Frequent Buyer","Gold Tier","High Probability"
11687,"Medium Spend","Occasional Buyer","Platinum Tier","High Probability"
11688,"Medium Spend","Occasional Buyer","Platinum Tier","High Probability"
11689,"High Spend","Occasional Buyer","Bronze Tier","High Probability"
11690,"High Spend","Occasional Buyer","Platinum Tier","High Probability"
11691,"Medium Spend","Occasional Buyer","Platinum Tier","High Probability"
11692,"High Spend","Occasional Buyer","Silver Tier","High Probability"
11693,"High Spend","Frequent Buyer","Silver Tier","High Probability"
11694,"High Spend","Frequent Buyer","Silver Tier","High Probability"
11695,"Medium Spend","Frequent Buyer","Platinum Tier","High Probability"
11696,"High Spend","New Customer","Gold Tier","High Probability"
11697,"High Spend","Occasional Buyer","Gold Tier","High Probability"
11698,"High Spend","Frequent Buyer","Gold Tier","High Probability"
11699,"Medium Spend","Frequent Buyer","Silver Tier","High Probability"
11700,"High Spend","Frequent Buyer","Silver Tier","High Probability"
11701,"High Spend","Frequent Buyer","Gold Tier","High Probability"
11702,"High Spend","New Customer","Silver Tier","High Probability"
11703,"High Spend","New Customer","Platinum Tier","High Probability"
11704,"High Spend","Occasional Buyer","Platinum Tier","High Probability"
11705,"High Spend","Occasional Buyer","Bronze Tier","High Probability"
11706,"High Spend","Occasional Buyer","Silver Tier","High Probability"
11707,"Medium Spend","Frequent Buyer","Platinum Tier","High Probability"
11708,"High Spend","Frequent Buyer","Platinum Tier","High Probability"
11709,"High Spend","Frequent Buyer","Silver Tier","High Probability"
11710,"High Spend","New Customer","Platinum Tier","High Probability"
11711,"High Spend","Frequent Buyer","Bronze Tier","Low Probability"
11712,"High Spend","Frequent Buyer","Platinum Tier","High Probability"
11713,"Medium Spend","Frequent Buyer","Gold Tier","High Probability"
11714,"High Spend","Frequent Buyer","Bronze Tier","High Probability"
11715,"High Spend","Frequent Buyer","Platinum Tier","High Probability"
11716,"Medium Spend","Occasional Buyer","Bronze Tier","Low Probability"
11717,"High Spend","Occasional Buyer","Gold Tier","High Probability"
11718,"High Spend","Frequent Buyer","Platinum Tier","High Probability"
11719,"High Spend","Frequent Buyer","Platinum Tier","High Probability"
11720,"High Spend","Occasional Buyer","Platinum Tier","High Probability"
11721,"High Spend","Frequent Buyer","Platinum Tier","High Probability"
11722,"High Spend","Occasional Buyer","Platinum Tier","High Probability"
11723,"Medium Spend","Frequent Buyer","Platinum Tier","Low Probability"
11724,"High Spend","New Customer","Platinum Tier","High Probability"
11725,"Medium Spend","Occasional Buyer","Platinum Tier","High Probability"
11726,"High Spend","Occasional Buyer","Gold Tier","Low Probability"
11727,"High Spend","Frequent Buyer","Bronze Tier","High Probability"
11728,"High Spend","Occasional Buyer","Gold Tier","High Probability"
11729,"High Spend","New Customer","Gold Tier","High Probability"
11730,"High Spend","Frequent Buyer","Silver Tier","High Probability"
11731,"High Spend","Frequent Buyer","Silver Tier","High Probability"
11732,"High Spend","Occasional Buyer","Silver Tier","High Probability"
11733,"High Spend","Occasional Buyer","Gold Tier","High Probability"
11734,"Medium Spend","New Customer","Gold Tier","Low Probability"
11735,"High Spend","Frequent Buyer","Platinum Tier","High Probability"
11736,"Medium Spend","Occasional Buyer","Platinum Tier","High Probability"
11737,"High Spend","Occasional Buyer","Platinum Tier","High Probability"
11738,"High Spend","Frequent Buyer","Platinum Tier","High Probability"
11739,"High Spend","Frequent Buyer","Platinum Tier","High Probability"
11740,"Medium Spend","Frequent Buyer","Bronze Tier","Low Probability"
11741,"High Spend","Frequent Buyer","Gold Tier","High Probability"
11742,"High Spend","Frequent Buyer","Platinum Tier","High Probability"
11743,"High Spend","Frequent Buyer","Bronze Tier","High Probability"
11744,"High Spend","New Customer","Gold Tier","High Probability"
11745,"High Spend","Frequent Buyer","Silver Tier","High Probability"
11746,"High Spend","Frequent Buyer","Platinum Tier","High Probability"
11747,"High Spend","Occasional Buyer","Bronze Tier","High Probability"
11748,"High Spend","Occasional Buyer","Platinum Tier","Low Probability"
11749,"High Spend","Frequent Buyer","Gold Tier","High Probability"
11750,"High Spend","Occasional Buyer","Bronze Tier","High Probability"
11751,"Medium Spend","Frequent Buyer","Bronze Tier","High Probability"
11752,"High Spend","Occasional Buyer","Gold Tier","High Probability"
11753,"High Spend","Frequent Buyer","Gold Tier","High Probability"
11754,"High Spend","Frequent Buyer","Silver Tier","High Probability"
11755,"Medium Spend","Frequent Buyer","Silver Tier","High Probability"
11756,"High Spend","Occasional Buyer","Bronze Tier","High Probability"
11757,"High Spend","Frequent Buyer","Bronze Tier","High Probability"
11758,"High Spend","Frequent Buyer","Platinum Tier","High Probability"
11759,"High Spend","Frequent Buyer","Platinum Tier","High Probability"
11760,"High Spend","Frequent Buyer","Platinum Tier","High Probability"
11761,"High Spend","Occasional Buyer","Platinum Tier","High Probability"
11762,"High Spend","Frequent Buyer","Platinum Tier","High Probability"
11763,"High Spend","Frequent Buyer","Gold Tier","High Probability"
11764,"High Spend","Frequent Buyer","Silver Tier","High Probability"
11765,"High Spend","Frequent Buyer","Platinum Tier","High Probability"
11766,"High Spend","Frequent Buyer","Bronze Tier","High Probability"
11767,"High Spend","Occasional Buyer","Bronze Tier","Low Probability"
11768,"Low Spend","Frequent Buyer","Bronze Tier","High Probability"
11769,"High Spend","Frequent Buyer","Platinum Tier","High Probability"
11770,"High Spend","Frequent Buyer","Gold Tier","High Probability"
11771,"High Spend","New Customer","Silver Tier","High Probability"
11772,"High Spend","Frequent Buyer","Gold Tier","High Probability"
11773,"Medium Spend","Frequent Buyer","Platinum Tier","High Probability"
11774,"High Spend","Frequent Buyer","Gold Tier","High Probability"
11775,"High Spend","Occasional Buyer","Gold Tier","High Probability"
11776,"High Spend","Occasional Buyer","Bronze Tier","High Probability"
11777,"High Spend","Occasional Buyer","Platinum Tier","High Probability"
11778,"High Spend","Occasional Buyer","Platinum Tier","High Probability"
11779,"High Spend","Frequent Buyer","Platinum Tier","High Probability"
11780,"High Spend","Frequent Buyer","Silver Tier","High Probability"
11781,"Medium Spend","Frequent Buyer","Bronze Tier","High Probability"
11782,"High Spend","Frequent Buyer","Platinum Tier","High Probability"
11783,"High Spend","Frequent Buyer","Platinum Tier","High Probability"
11784,"Medium Spend","New Customer","Gold Tier","High Probability"
11785,"High Spend","Frequent Buyer","Gold Tier","High Probability"
11786,"Low Spend","New Customer","Bronze Tier","High Probability"
11787,"High Spend","Occasional Buyer","Bronze Tier","High Probability"
11788,"High Spend","Frequent Buyer","Gold Tier","High Probability"
11789,"High Spend","Frequent Buyer","Gold Tier","High Probability"
11790,"Medium Spend","Occasional Buyer","Gold Tier","High Probability"
11791,"High Spend","New Customer","Platinum Tier","High Probability"
11792,"Low Spend","Frequent Buyer","Bronze Tier","High Probability"
11793,"High Spend","Frequent Buyer","Bronze Tier","High Probability"
11794,"High Spend","Frequent Buyer","Bronze Tier","High Probability"
11795,"High Spend","Frequent Buyer","Bronze Tier","High Probability"
11796,"Low Spend","Frequent Buyer","Bronze Tier","Low Probability"
11797,"Medium Spend","Occasional Buyer","Platinum Tier","High Probability"
11798,"Low Spend","Occasional Buyer","Silver Tier","High Probability"
11799,"High Spend","Occasional Buyer","Gold Tier","High Probability"
11800,"High Spend","Frequent Buyer","Platinum Tier","High Probability"
11801,"Medium Spend","Frequent Buyer","Bronze Tier","Low Probability"
11802,"High Spend","Frequent Buyer","Platinum Tier","High Probability"
11803,"High Spend","Frequent Buyer","Bronze Tier","High Probability"
11804,"High Spend","New Customer","Silver Tier","High Probability"
11805,"High Spend","Frequent Buyer","Platinum Tier","Low Probability"
11806,"High Spend","Frequent Buyer","Bronze Tier","High Probability"
11807,"Low Spend","Occasional Buyer","Platinum Tier","High Probability"
11808,"High Spend","Frequent Buyer","Platinum Tier","High Probability"
11809,"High Spend","Occasional Buyer","Silver Tier","High Probability"
11810,"High Spend","New Customer","Platinum Tier","High Probability"
11811,"High Spend","Occasional Buyer","Platinum Tier","High Probability"
11812,"High Spend","Frequent Buyer","Silver Tier","High Probability"
11813,"High Spend","Frequent Buyer","Platinum Tier","High Probability"
11814,"High Spend","Frequent Buyer","Bronze Tier","High Probability"
11815,"Medium Spend","Occasional Buyer","Platinum Tier","High Probability"
11816,"Medium Spend","Frequent Buyer","Bronze Tier","High Probability"
11817,"High Spend","Frequent Buyer","Gold Tier","High Probability"
11818,"High Spend","Occasional Buyer","Platinum Tier","High Probability"
11819,"High Spend","New Customer","Platinum Tier","High Probability"
11820,"High Spend","New Customer","Silver Tier","High Probability"
11821,"Medium Spend","Frequent Buyer","Platinum Tier","High Probability"
11822,"High Spend","Frequent Buyer","Platinum Tier","High Probability"
11823,"Low Spend","Occasional Buyer","Bronze Tier","High Probability"
11824,"High Spend","Occasional Buyer","Silver Tier","High Probability"
11825,"High Spend","New Customer","Gold Tier","High Probability"
11826,"High Spend","New Customer","Platinum Tier","High Probability"
11827,"High Spend","New Customer","Silver Tier","High Probability"
11828,"High Spend","Frequent Buyer","Platinum Tier","High Probability"
11829,"High Spend","Occasional Buyer","Platinum Tier","High Probability"
11830,"Medium Spend","Frequent Buyer","Gold Tier","High Probability"
11831,"High Spend","Frequent Buyer","Silver Tier","High Probability"
11832,"Low Spend","Frequent Buyer","Platinum Tier","High Probability"
11833,"High Spend","Frequent Buyer","Bronze Tier","High Probability"
11834,"High Spend","Frequent Buyer","Platinum Tier","High Probability"
11835,"High Spend","Frequent Buyer","Gold Tier","High Probability"
11836,"High Spend","Frequent Buyer","Gold Tier","High Probability"
11837,"High Spend","Occasional Buyer","Gold Tier","High Probability"
11838,"High Spend","Occasional Buyer","Gold Tier","High Probability"
11839,"High Spend","Occasional Buyer","Silver Tier","Low Probability"
11840,"High Spend","Occasional Buyer","Gold Tier","High Probability"
11841,"High Spend","New Customer","Platinum Tier","Low Probability"
11842,"High Spend","Occasional Buyer","Gold Tier","High Probability"
11843,"High Spend","Occasional Buyer","Gold Tier","High Probability"
11844,"High Spend","Frequent Buyer","Gold Tier","High Probability"
11845,"High Spend","Frequent Buyer","Platinum Tier","High Probability"
11846,"High Spend","Frequent Buyer","Silver Tier","High Probability"
11847,"High Spend","Frequent Buyer","Silver Tier","Low Probability"
11848,"High Spend","Occasional Buyer","Gold Tier","High Probability"
11849,"Medium Spend","Frequent Buyer","Bronze Tier","High Probability"
11850,"High Spend","Frequent Buyer","Silver Tier","High Probability"
11851,"High Spend","Frequent Buyer","Platinum Tier","High Probability"
11852,"Medium Spend","Frequent Buyer","Silver Tier","High Probability"
11853,"High Spend","Frequent Buyer","Platinum Tier","High Probability"
11854,"Medium Spend","Frequent Buyer","Platinum Tier","High Probability"
11855,"Medium Spend","Occasional Buyer","Platinum Tier","High Probability"
11856,"High Spend","Occasional Buyer","Silver Tier","High Probability"
11857,"High Spend","New Customer","Gold Tier","Low Probability"
11858,"High Spend","Frequent Buyer","Silver Tier","High Probability"
11859,"High Spend","Occasional Buyer","Gold Tier","High Probability"
11860,"High Spend","Occasional Buyer","Platinum Tier","Low Probability"
11861,"Medium Spend","Frequent Buyer","Silver Tier","High Probability"
11862,"High Spend","Frequent Buyer","Bronze Tier","Low Probability"
11863,"High Spend","Frequent Buyer","Gold Tier","High Probability"
11864,"Medium Spend","Occasional Buyer","Platinum Tier","High Probability"
11865,"High Spend","Frequent Buyer","Silver Tier","High Probability"
11866,"Medium Spend","Frequent Buyer","Gold Tier","High Probability"
11867,"High Spend","Frequent Buyer","Bronze Tier","High Probability"
11868,"High Spend","Occasional Buyer","Platinum Tier","High Probability"
11869,"High Spend","Occasional Buyer","Gold Tier","High Probability"
11870,"High Spend","Frequent Buyer","Bronze Tier","High Probability"
11871,"High Spend","Frequent Buyer","Gold Tier","High Probability"
11872,"High Spend","Occasional Buyer","Bronze Tier","High Probability"
11873,"Medium Spend","New Customer","Gold Tier","Low Probability"
11874,"High Spend","Frequent Buyer","Gold Tier","High Probability"
11875,"High Spend","Frequent Buyer","Platinum Tier","High Probability"
11876,"Medium Spend","Occasional Buyer","Gold Tier","High Probability"
11877,"High Spend","Frequent Buyer","Gold Tier","High Probability"
11878,"High Spend","Frequent Buyer","Gold Tier","High Probability"
11879,"Medium Spend","Occasional Buyer","Gold Tier","High Probability"
11880,"High Spend","Frequent Buyer","Gold Tier","High Probability"
11881,"High Spend","Frequent Buyer","Bronze Tier","High Probability"
11882,"High Spend","Frequent Buyer","Silver Tier","High Probability"
11883,"Low Spend","Frequent Buyer","Silver Tier","High Probability"
11884,"High Spend","Frequent Buyer","Silver Tier","High Probability"
11885,"Medium Spend","New Customer","Bronze Tier","High Probability"
11886,"High Spend","Frequent Buyer","Platinum Tier","High Probability"
11887,"High Spend","Occasional Buyer","Gold Tier","High Probability"
11888,"Medium Spend","Occasional Buyer","Gold Tier","High Probability"
11889,"Medium Spend","Frequent Buyer","Gold Tier","High Probability"
11890,"Medium Spend","Occasional Buyer","Bronze Tier","High Probability"
11891,"High Spend","Frequent Buyer","Platinum Tier","High Probability"
11892,"Medium Spend","Frequent Buyer","Platinum Tier","High Probability"
11893,"High Spend","Frequent Buyer","Platinum Tier","High Probability"
11894,"High Spend","Frequent Buyer","Gold Tier","High Probability"
11895,"High Spend","Occasional Buyer","Silver Tier","High Probability"
11896,"Medium Spend","New Customer","Bronze Tier","Low Probability"
11897,"High Spend","Frequent Buyer","Platinum Tier","High Probability"
11898,"Medium Spend","Occasional Buyer","Silver Tier","High Probability"
11899,"High Spend","Frequent Buyer","Silver Tier","High Probability"
11900,"Medium Spend","Occasional Buyer","Platinum Tier","High Probability"
11901,"Medium Spend","Occasional Buyer","Gold Tier","High Probability"
11902,"High Spend","Occasional Buyer","Platinum Tier","High Probability"
11903,"High Spend","Occasional Buyer","Platinum Tier","High Probability"
11904,"High Spend","Frequent Buyer","Gold Tier","High Probability"
11905,"High Spend","Frequent Buyer","Platinum Tier","High Probability"
11906,"High Spend","Occasional Buyer","Gold Tier","High Probability"
11907,"High Spend","Frequent Buyer","Silver Tier","High Probability"
11908,"High Spend","Frequent Buyer","Platinum Tier","High Probability"
11909,"High Spend","Occasional Buyer","Platinum Tier","Low Probability"
11910,"Medium Spend","New Customer","Gold Tier","High Probability"
11911,"High Spend","Frequent Buyer","Gold Tier","High Probability"
11912,"High Spend","Occasional Buyer","Gold Tier","High Probability"
11913,"High Spend","Occasional Buyer","Platinum Tier","High Probability"
11914,"Medium Spend","Frequent Buyer","Bronze Tier","High Probability"
11915,"High Spend","Frequent Buyer","Bronze Tier","High Probability"
11916,"High Spend","Frequent Buyer","Platinum Tier","High Probability"
11917,"High Spend","Occasional Buyer","Platinum Tier","High Probability"
11918,"High Spend","Occasional Buyer","Gold Tier","High Probability"
11919,"High Spend","Frequent Buyer","Gold Tier","High Probability"
11920,"High Spend","New Customer","Platinum Tier","High Probability"
11921,"High Spend","Frequent Buyer","Gold Tier","High Probability"
11922,"High Spend","Occasional Buyer","Bronze Tier","High Probability"
11923,"Medium Spend","Frequent Buyer","Gold Tier","High Probability"
11924,"High Spend","Occasional Buyer","Silver Tier","High Probability"
11925,"High Spend","New Customer","Platinum Tier","High Probability"
11926,"High Spend","Frequent Buyer","Platinum Tier","High Probability"
11927,"Medium Spend","Frequent Buyer","Silver Tier","High Probability"
11928,"High Spend","Occasional Buyer","Platinum Tier","High Probability"
11929,"High Spend","Frequent Buyer","Silver Tier","High Probability"
11930,"Medium Spend","Occasional Buyer","Gold Tier","High Probability"
11931,"High Spend","Frequent Buyer","Gold Tier","High Probability"
11932,"High Spend","Frequent Buyer","Platinum Tier","High Probability"
11933,"High Spend","Occasional Buyer","Gold Tier","High Probability"
11934,"High Spend","Frequent Buyer","Gold Tier","High Probability"
11935,"Low Spend","Frequent Buyer","Gold Tier","High Probability"
11936,"Medium Spend","New Customer","Platinum Tier","High Probability"
11937,"Medium Spend","Frequent Buyer","Bronze Tier","High Probability"
11938,"Medium Spend","Occasional Buyer","Gold Tier","High Probability"
11939,"High Spend","Occasional Buyer","Platinum Tier","High Probability"
11940,"High Spend","Frequent Buyer","Platinum Tier","High Probability"
11941,"Medium Spend","Frequent Buyer","Gold Tier","High Probability"
11942,"High Spend","Frequent Buyer","Platinum Tier","High Probability"
11943,"High Spend","Frequent Buyer","Silver Tier","High Probability"
11944,"High Spend","Frequent Buyer","Platinum Tier","High Probability"
11945,"High Spend","Occasional Buyer","Gold Tier","High Probability"
11946,"High Spend","Frequent Buyer","Gold Tier","High Probability"
11947,"High Spend","Frequent Buyer","Gold Tier","High Probability"
11948,"High Spend","New Customer","Bronze Tier","Low Probability"
11949,"High Spend","Occasional Buyer","Platinum Tier","High Probability"
11950,"High Spend","Frequent Buyer","Platinum Tier","High Probability"
11951,"High Spend","Occasional Buyer","Platinum Tier","High Probability"
11952,"High Spend","Occasional Buyer","Bronze Tier","High Probability"
11953,"High Spend","Occasional Buyer","Silver Tier","High Probability"
11954,"Medium Spend","Frequent Buyer","Gold Tier","High Probability"
11955,"High Spend","Occasional Buyer","Platinum Tier","High Probability"
11956,"High Spend","Frequent Buyer","Bronze Tier","High Probability"
11957,"High Spend","Frequent Buyer","Platinum Tier","High Probability"
11958,"High Spend","Occasional Buyer","Platinum Tier","High Probability"
11959,"Medium Spend","Frequent Buyer","Gold Tier","High Probability"
11960,"Medium Spend","Occasional Buyer","Bronze Tier","High Probability"
11961,"Medium Spend","Occasional Buyer","Platinum Tier","High Probability"
11962,"Medium Spend","Occasional Buyer","Gold Tier","High Probability"
11963,"High Spend","New Customer","Silver Tier","High Probability"
11964,"Medium Spend","Frequent Buyer","Silver Tier","High Probability"
11965,"High Spend","Frequent Buyer","Silver Tier","High Probability"
11966,"High Spend","Frequent Buyer","Platinum Tier","High Probability"
11967,"High Spend","Frequent Buyer","Gold Tier","High Probability"
11968,"Medium Spend","Frequent Buyer","Gold Tier","High Probability"
11969,"High Spend","Frequent Buyer","Bronze Tier","High Probability"
11970,"Medium Spend","New Customer","Platinum Tier","High Probability"
11971,"High Spend","Occasional Buyer","Silver Tier","High Probability"
11972,"High Spend","Occasional Buyer","Gold Tier","High Probability"
11973,"High Spend","Occasional Buyer","Gold Tier","High Probability"
11974,"Medium Spend","Frequent Buyer","Silver Tier","High Probability"
11975,"High Spend","Frequent Buyer","Silver Tier","High Probability"
11976,"High Spend","New Customer","Gold Tier","High Probability"
11977,"Medium Spend","Occasional Buyer","Gold Tier","High Probability"
11978,"High Spend","Frequent Buyer","Platinum Tier","High Probability"
11979,"High Spend","Frequent Buyer","Bronze Tier","High Probability"
11980,"High Spend","Frequent Buyer","Gold Tier","High Probability"
11981,"High Spend","Occasional Buyer","Platinum Tier","High Probability"
11982,"Medium Spend","Occasional Buyer","Platinum Tier","High Probability"
11983,"Medium Spend","Frequent Buyer","Platinum Tier","High Probability"
11984,"High Spend","Frequent Buyer","Silver Tier","High Probability"
11985,"Medium Spend","Frequent Buyer","Gold Tier","Low Probability"
11986,"High Spend","Occasional Buyer","Gold Tier","High Probability"
11987,"Medium Spend","Occasional Buyer","Bronze Tier","Low Probability"
11988,"High Spend","Occasional Buyer","Bronze Tier","High Probability"
11989,"High Spend","Occasional Buyer","Platinum Tier","High Probability"
11990,"High Spend","Occasional Buyer","Silver Tier","High Probability"
11991,"High Spend","Occasional Buyer","Platinum Tier","High Probability"
11992,"High Spend","Occasional Buyer","Gold Tier","High Probability"
11993,"High Spend","Frequent Buyer","Silver Tier","High Probability"
11994,"High Spend","Occasional Buyer","Platinum Tier","High Probability"
11995,"High Spend","Occasional Buyer","Gold Tier","High Probability"
11996,"High Spend","Frequent Buyer","Platinum Tier","High Probability"
11997,"High Spend","Occasional Buyer","Gold Tier","High Probability"
11998,"High Spend","Frequent Buyer","Gold Tier","High Probability"
11999,"High Spend","Frequent Buyer","Gold Tier","High Probability"
12000,"Medium Spend","Occasional Buyer","Silver Tier","High Probability"
12001,"High Spend","New Customer","Silver Tier","High Probability"
12002,"High Spend","Occasional Buyer","Gold Tier","High Probability"
12003,"High Spend","Frequent Buyer","Platinum Tier","High Probability"
12004,"High Spend","Occasional Buyer","Gold Tier","High Probability"
12005,"High Spend","Frequent Buyer","Bronze Tier","High Probability"
12006,"High Spend","Frequent Buyer","Gold Tier","High Probability"
12007,"High Spend","Occasional Buyer","Gold Tier","High Probability"
12008,"High Spend","Frequent Buyer","Platinum Tier","High Probability"
12009,"Medium Spend","Frequent Buyer","Platinum Tier","High Probability"
12010,"High Spend","Occasional Buyer","Gold Tier","High Probability"
12011,"High Spend","Frequent Buyer","Gold Tier","High Probability"
12012,"High Spend","Frequent Buyer","Gold Tier","High Probability"
12013,"Medium Spend","Occasional Buyer","Gold Tier","High Probability"
12014,"Medium Spend","Frequent Buyer","Silver Tier","High Probability"
12015,"Medium Spend","Frequent Buyer","Platinum Tier","High Probability"
12016,"High Spend","New Customer","Platinum Tier","High Probability"
12017,"High Spend","Frequent Buyer","Gold Tier","High Probability"
12018,"Medium Spend","Occasional Buyer","Platinum Tier","High Probability"
12019,"Medium Spend","New Customer","Gold Tier","Low Probability"
12020,"High Spend","Frequent Buyer","Gold Tier","High Probability"
12021,"High Spend","Frequent Buyer","Bronze Tier","High Probability"
12022,"High Spend","Occasional Buyer","Bronze Tier","High Probability"
12023,"High Spend","Frequent Buyer","Gold Tier","High Probability"
12024,"Medium Spend","New Customer","Bronze Tier","High Probability"
12025,"High Spend","Occasional Buyer","Gold Tier","High Probability"
12026,"High Spend","Occasional Buyer","Silver Tier","High Probability"
12027,"High Spend","Frequent Buyer","Bronze Tier","High Probability"
12028,"High Spend","New Customer","Silver Tier","High Probability"
12029,"High Spend","Frequent Buyer","Bronze Tier","High Probability"
12030,"High Spend","Frequent Buyer","Gold Tier","High Probability"
12031,"High Spend","Occasional Buyer","Platinum Tier","Low Probability"
12032,"Medium Spend","New Customer","Silver Tier","High Probability"
12033,"High Spend","Frequent Buyer","Platinum Tier","High Probability"
12034,"High Spend","Frequent Buyer","Silver Tier","High Probability"
12035,"High Spend","Frequent Buyer","Bronze Tier","High Probability"
12036,"High Spend","Frequent Buyer","Platinum Tier","High Probability"
12037,"High Spend","Frequent Buyer","Bronze Tier","High Probability"
12038,"Medium Spend","Frequent Buyer","Silver Tier","High Probability"
12039,"Medium Spend","Frequent Buyer","Bronze Tier","High Probability"
12040,"High Spend","Frequent Buyer","Platinum Tier","High Probability"
12041,"High Spend","Frequent Buyer","Silver Tier","High Probability"
12042,"Low Spend","Frequent Buyer","Platinum Tier","High Probability"
12043,"High Spend","Occasional Buyer","Bronze Tier","High Probability"
12044,"High Spend","Occasional Buyer","Bronze Tier","High Probability"
12045,"High Spend","Frequent Buyer","Bronze Tier","High Probability"
12046,"High Spend","Frequent Buyer","Bronze Tier","High Probability"
12047,"Medium Spend","Frequent Buyer","Platinum Tier","High Probability"
12048,"High Spend","Frequent Buyer","Bronze Tier","Low Probability"
12049,"High Spend","Frequent Buyer","Bronze Tier","High Probability"
12050,"Low Spend","Frequent Buyer","Platinum Tier","High Probability"
12051,"High Spend","Frequent Buyer","Silver Tier","High Probability"
12052,"Medium Spend","Frequent Buyer","Silver Tier","High Probability"
12053,"High Spend","Frequent Buyer","Platinum Tier","High Probability"
12054,"High Spend","Frequent Buyer","Gold Tier","Low Probability"
12055,"High Spend","Frequent Buyer","Bronze Tier","High Probability"
12056,"High Spend","Occasional Buyer","Gold Tier","High Probability"
12057,"High Spend","Occasional Buyer","Silver Tier","High Probability"
12058,"High Spend","Frequent Buyer","Platinum Tier","High Probability"
12059,"Medium Spend","Occasional Buyer","Platinum Tier","High Probability"
12060,"Medium Spend","Frequent Buyer","Silver Tier","High Probability"
12061,"Low Spend","Frequent Buyer","Bronze Tier","High Probability"
12062,"High Spend","Frequent Buyer","Bronze Tier","High Probability"
12063,"High Spend","Frequent Buyer","Gold Tier","High Probability"
12064,"High Spend","Frequent Buyer","Gold Tier","High Probability"
12065,"High Spend","Frequent Buyer","Bronze Tier","High Probability"
12066,"Medium Spend","Frequent Buyer","Bronze Tier","High Probability"
12067,"High Spend","Frequent Buyer","Platinum Tier","High Probability"
12068,"High Spend","New Customer","Platinum Tier","High Probability"
12069,"High Spend","New Customer","Bronze Tier","Low Probability"
12070,"High Spend","Frequent Buyer","Silver Tier","High Probability"
12071,"Medium Spend","New Customer","Gold Tier","Low Probability"
12072,"High Spend","Frequent Buyer","Platinum Tier","High Probability"
12073,"Medium Spend","Frequent Buyer","Gold Tier","High Probability"
12074,"Low Spend","Occasional Buyer","Gold Tier","High Probability"
12075,"High Spend","Occasional Buyer","Bronze Tier","High Probability"
12076,"Medium Spend","Occasional Buyer","Silver Tier","High Probability"
12077,"Low Spend","Frequent Buyer","Gold Tier","High Probability"
12078,"High Spend","Frequent Buyer","Platinum Tier","High Probability"
12079,"High Spend","Occasional Buyer","Silver Tier","High Probability"
12080,"High Spend","Frequent Buyer","Bronze Tier","High Probability"
12081,"Medium Spend","New Customer","Platinum Tier","High Probability"
12082,"High Spend","New Customer","Gold Tier","High Probability"
12083,"High Spend","Frequent Buyer","Silver Tier","High Probability"
12084,"High Spend","Frequent Buyer","Platinum Tier","High Probability"
12085,"High Spend","New Customer","Silver Tier","Low Probability"
12086,"Medium Spend","Frequent Buyer","Bronze Tier","High Probability"
12087,"High Spend","Frequent Buyer","Platinum Tier","High Probability"
12088,"High Spend","Frequent Buyer","Platinum Tier","High Probability"
12089,"High Spend","Frequent Buyer","Bronze Tier","High Probability"
12090,"Medium Spend","Frequent Buyer","Gold Tier","High Probability"
12091,"Medium Spend","Frequent Buyer","Bronze Tier","Low Probability"
12092,"High Spend","Frequent Buyer","Gold Tier","High Probability"
12093,"High Spend","Frequent Buyer","Gold Tier","High Probability"
12094,"High Spend","Frequent Buyer","Gold Tier","High Probability"
12095,"High Spend","Frequent Buyer","Gold Tier","High Probability"
12096,"High Spend","Occasional Buyer","Platinum Tier","High Probability"
12097,"Medium Spend","Occasional Buyer","Silver Tier","High Probability"
12098,"High Spend","Frequent Buyer","Gold Tier","High Probability"
12099,"High Spend","New Customer","Bronze Tier","High Probability"
12100,"High Spend","Frequent Buyer","Platinum Tier","High Probability"
12101,"Low Spend","Frequent Buyer","Silver Tier","High Probability"
12102,"Medium Spend","Frequent Buyer","Gold Tier","High Probability"
12103,"High Spend","New Customer","Gold Tier","High Probability"
12104,"High Spend","Frequent Buyer","Gold Tier","High Probability"
12105,"High Spend","Occasional Buyer","Gold Tier","High Probability"
12106,"High Spend","Frequent Buyer","Bronze Tier","High Probability"
12107,"High Spend","New Customer","Bronze Tier","High Probability"
12108,"High Spend","Frequent Buyer","Platinum Tier","High Probability"
12109,"High Spend","Occasional Buyer","Platinum Tier","Low Probability"
12110,"High Spend","Frequent Buyer","Gold Tier","High Probability"
12111,"High Spend","Frequent Buyer","Gold Tier","High Probability"
12112,"High Spend","Occasional Buyer","Gold Tier","High Probability"
12113,"High Spend","Occasional Buyer","Silver Tier","High Probability"
12114,"High Spend","Frequent Buyer","Platinum Tier","High Probability"
12115,"Medium Spend","Occasional Buyer","Bronze Tier","High Probability"
12116,"High Spend","Occasional Buyer","Bronze Tier","Low Probability"
12117,"High Spend","Occasional Buyer","Platinum Tier","Low Probability"
12118,"High Spend","Frequent Buyer","Bronze Tier","Low Probability"
12119,"High Spend","Occasional Buyer","Gold Tier","High Probability"
12120,"High Spend","New Customer","Gold Tier","High Probability"
12121,"High Spend","Occasional Buyer","Platinum Tier","High Probability"
12122,"High Spend","Occasional Buyer","Gold Tier","High Probability"
12123,"High Spend","Frequent Buyer","Bronze Tier","High Probability"
12124,"High Spend","Occasional Buyer","Gold Tier","High Probability"
12125,"High Spend","Occasional Buyer","Silver Tier","Low Probability"
12126,"Medium Spend","Occasional Buyer","Platinum Tier","High Probability"
12127,"High Spend","Occasional Buyer","Platinum Tier","High Probability"
12128,"High Spend","Frequent Buyer","Silver Tier","Low Probability"
12129,"High Spend","Frequent Buyer","Gold Tier","High Probability"
12130,"High Spend","Occasional Buyer","Silver Tier","High Probability"
12131,"Medium Spend","Occasional Buyer","Bronze Tier","High Probability"
12132,"High Spend","Frequent Buyer","Gold Tier","High Probability"
12133,"High Spend","New Customer","Bronze Tier","High Probability"
12134,"Low Spend","Frequent Buyer","Silver Tier","High Probability"
12135,"Medium Spend","Frequent Buyer","Platinum Tier","High Probability"
12136,"High Spend","Occasional Buyer","Gold Tier","High Probability"
12137,"High Spend","Frequent Buyer","Bronze Tier","High Probability"
12138,"Medium Spend","Frequent Buyer","Bronze Tier","High Probability"
12139,"High Spend","Occasional Buyer","Platinum Tier","High Probability"
12140,"High Spend","Frequent Buyer","Gold Tier","High Probability"
12141,"Medium Spend","New Customer","Bronze Tier","Low Probability"
12142,"High Spend","Frequent Buyer","Platinum Tier","High Probability"
12143,"High Spend","Occasional Buyer","Platinum Tier","High Probability"
12144,"Medium Spend","Occasional Buyer","Platinum Tier","High Probability"
12145,"High Spend","Occasional Buyer","Gold Tier","High Probability"
12146,"High Spend","Frequent Buyer","Bronze Tier","Low Probability"
12147,"High Spend","Frequent Buyer","Platinum Tier","High Probability"
12148,"High Spend","Frequent Buyer","Bronze Tier","High Probability"
12149,"High Spend","New Customer","Bronze Tier","High Probability"
12150,"High Spend","Frequent Buyer","Platinum Tier","High Probability"
12151,"High Spend","Frequent Buyer","Silver Tier","High Probability"
12152,"High Spend","Occasional Buyer","Platinum Tier","High Probability"
12153,"High Spend","Frequent Buyer","Bronze Tier","High Probability"
12154,"High Spend","Frequent Buyer","Silver Tier","High Probability"
12155,"High Spend","Frequent Buyer","Gold Tier","High Probability"
12156,"Low Spend","Occasional Buyer","Gold Tier","High Probability"
12157,"High Spend","Occasional Buyer","Silver Tier","High Probability"
12158,"Medium Spend","Occasional Buyer","Platinum Tier","High Probability"
12159,"High Spend","Occasional Buyer","Gold Tier","High Probability"
12160,"High Spend","Frequent Buyer","Silver Tier","High Probability"
12161,"High Spend","Occasional Buyer","Gold Tier","High Probability"
12162,"High Spend","Frequent Buyer","Gold Tier","High Probability"
12163,"High Spend","Occasional Buyer","Bronze Tier","High Probability"
12164,"Medium Spend","Occasional Buyer","Gold Tier","High Probability"
12165,"High Spend","Frequent Buyer","Gold Tier","High Probability"
12166,"High Spend","New Customer","Platinum Tier","High Probability"
12167,"High Spend","New Customer","Gold Tier","High Probability"
12168,"High Spend","Frequent Buyer","Silver Tier","High Probability"
12169,"High Spend","Occasional Buyer","Platinum Tier","High Probability"
12170,"Medium Spend","New Customer","Silver Tier","Low Probability"
12171,"High Spend","Occasional Buyer","Platinum Tier","Low Probability"
12172,"High Spend","Occasional Buyer","Platinum Tier","High Probability"
12173,"Medium Spend","Frequent Buyer","Silver Tier","High Probability"
12174,"High Spend","Frequent Buyer","Gold Tier","High Probability"
12175,"High Spend","Frequent Buyer","Gold Tier","High Probability"
12176,"Low Spend","Occasional Buyer","Silver Tier","High Probability"
12177,"High Spend","Occasional Buyer","Bronze Tier","High Probability"
12178,"High Spend","Frequent Buyer","Gold Tier","High Probability"
12179,"High Spend","Occasional Buyer","Platinum Tier","High Probability"
12180,"High Spend","Frequent Buyer","Platinum Tier","High Probability"
12181,"High Spend","Frequent Buyer","Bronze Tier","High Probability"
12182,"Medium Spend","Occasional Buyer","Bronze Tier","High Probability"
12183,"High Spend","Frequent Buyer","Silver Tier","High Probability"
12184,"High Spend","Frequent Buyer","Gold Tier","High Probability"
12185,"High Spend","Occasional Buyer","Silver Tier","High Probability"
12186,"High Spend","Occasional Buyer","Bronze Tier","High Probability"
12187,"High Spend","Frequent Buyer","Platinum Tier","High Probability"
12188,"High Spend","Frequent Buyer","Gold Tier","High Probability"
12189,"High Spend","Frequent Buyer","Gold Tier","High Probability"
12190,"Medium Spend","Frequent Buyer","Bronze Tier","Low Probability"
12191,"High Spend","Occasional Buyer","Gold Tier","High Probability"
12192,"Medium Spend","Frequent Buyer","Platinum Tier","High Probability"
12193,"Medium Spend","New Customer","Gold Tier","High Probability"
12194,"High Spend","New Customer","Platinum Tier","High Probability"
12195,"High Spend","Frequent Buyer","Silver Tier","High Probability"
12196,"High Spend","Occasional Buyer","Gold Tier","High Probability"
12197,"High Spend","Frequent Buyer","Silver Tier","High Probability"
12198,"Medium Spend","New Customer","Silver Tier","High Probability"
12199,"High Spend","Frequent Buyer","Gold Tier","High Probability"
12200,"High Spend","Occasional Buyer","Bronze Tier","High Probability"
12201,"High Spend","New Customer","Gold Tier","High Probability"
12202,"Medium Spend","Frequent Buyer","Silver Tier","High Probability"
12203,"Medium Spend","Occasional Buyer","Gold Tier","High Probability"
12204,"High Spend","Occasional Buyer","Gold Tier","High Probability"
12205,"High Spend","Frequent Buyer","Platinum Tier","High Probability"
12206,"Medium Spend","Occasional Buyer","Silver Tier","High Probability"
12207,"High Spend","Occasional Buyer","Bronze Tier","High Probability"
12208,"High Spend","Frequent Buyer","Gold Tier","High Probability"
12209,"High Spend","New Customer","Gold Tier","High Probability"
12210,"High Spend","Frequent Buyer","Platinum Tier","High Probability"
12211,"High Spend","Occasional Buyer","Platinum Tier","High Probability"
12212,"High Spend","Frequent Buyer","Gold Tier","High Probability"
12213,"High Spend","Occasional Buyer","Silver Tier","High Probability"
12214,"Medium Spend","Frequent Buyer","Platinum Tier","High Probability"
12215,"High Spend","New Customer","Bronze Tier","High Probability"
12216,"High Spend","Occasional Buyer","Silver Tier","High Probability"
12217,"High Spend","Frequent Buyer","Bronze Tier","High Probability"
12218,"High Spend","Frequent Buyer","Gold Tier","High Probability"
12219,"High Spend","Frequent Buyer","Platinum Tier","High Probability"
12220,"High Spend","Frequent Buyer","Platinum Tier","High Probability"
12221,"High Spend","Occasional Buyer","Bronze Tier","Low Probability"
12222,"High Spend","Frequent Buyer","Bronze Tier","High Probability"
12223,"High Spend","Occasional Buyer","Platinum Tier","High Probability"
12224,"High Spend","Frequent Buyer","Platinum Tier","High Probability"
12225,"High Spend","Occasional Buyer","Gold Tier","High Probability"
12226,"Low Spend","Frequent Buyer","Silver Tier","High Probability"
12227,"High Spend","Frequent Buyer","Silver Tier","High Probability"
12228,"High Spend","Frequent Buyer","Platinum Tier","High Probability"
12229,"High Spend","Occasional Buyer","Gold Tier","High Probability"
12230,"High Spend","Frequent Buyer","Gold Tier","High Probability"
12231,"High Spend","Frequent Buyer","Gold Tier","High Probability"
12232,"High Spend","Frequent Buyer","Gold Tier","High Probability"
12233,"High Spend","Frequent Buyer","Gold Tier","High Probability"
12234,"High Spend","Frequent Buyer","Gold Tier","High Probability"
12235,"High Spend","Frequent Buyer","Platinum Tier","High Probability"
12236,"High Spend","New Customer","Silver Tier","High Probability"
12237,"Medium Spend","Frequent Buyer","Platinum Tier","High Probability"
12238,"Medium Spend","Occasional Buyer","Gold Tier","High Probability"
12239,"High Spend","New Customer","Gold Tier","High Probability"
12240,"High Spend","Frequent Buyer","Gold Tier","High Probability"
12241,"High Spend","Occasional Buyer","Platinum Tier","High Probability"
12242,"Medium Spend","Occasional Buyer","Gold Tier","High Probability"
12243,"High Spend","Frequent Buyer","Silver Tier","High Probability"
12244,"High Spend","Frequent Buyer","Platinum Tier","High Probability"
12245,"High Spend","Frequent Buyer","Platinum Tier","High Probability"
12246,"High Spend","Occasional Buyer","Gold Tier","High Probability"
12247,"High Spend","Frequent Buyer","Gold Tier","High Probability"
12248,"High Spend","Frequent Buyer","Silver Tier","High Probability"
12249,"High Spend","Frequent Buyer","Platinum Tier","High Probability"
12250,"High Spend","Frequent Buyer","Silver Tier","High Probability"
12251,"High Spend","Occasional Buyer","Silver Tier","High Probability"
12252,"High Spend","Frequent Buyer","Bronze Tier","High Probability"
12253,"Low Spend","Occasional Buyer","Silver Tier","High Probability"
12254,"High Spend","Occasional Buyer","Platinum Tier","Low Probability"
12255,"Medium Spend","Frequent Buyer","Platinum Tier","High Probability"
12256,"Low Spend","Frequent Buyer","Bronze Tier","High Probability"
12257,"High Spend","Frequent Buyer","Silver Tier","Low Probability"
12258,"Medium Spend","Frequent Buyer","Platinum Tier","High Probability"
12259,"High Spend","Frequent Buyer","Gold Tier","High Probability"
12260,"High Spend","Frequent Buyer","Bronze Tier","High Probability"
12261,"High Spend","Occasional Buyer","Bronze Tier","High Probability"
12262,"High Spend","Frequent Buyer","Bronze Tier","High Probability"
12263,"High Spend","Occasional Buyer","Silver Tier","High Probability"
12264,"High Spend","Frequent Buyer","Gold Tier","High Probability"
12265,"High Spend","Frequent Buyer","Silver Tier","High Probability"
12266,"High Spend","Frequent Buyer","Platinum Tier","High Probability"
12267,"Medium Spend","Frequent Buyer","Silver Tier","High Probability"
12268,"High Spend","Frequent Buyer","Gold Tier","High Probability"
12269,"High Spend","Occasional Buyer","Platinum Tier","Low Probability"
12270,"High Spend","New Customer","Platinum Tier","Low Probability"
12271,"Low Spend","New Customer","Gold Tier","High Probability"
12272,"High Spend","New Customer","Bronze Tier","High Probability"
12273,"Medium Spend","Frequent Buyer","Platinum Tier","High Probability"
12274,"High Spend","Frequent Buyer","Platinum Tier","High Probability"
12275,"High Spend","Occasional Buyer","Silver Tier","High Probability"
12276,"High Spend","Frequent Buyer","Silver Tier","High Probability"
12277,"High Spend","Frequent Buyer","Platinum Tier","High Probability"
12278,"Medium Spend","Frequent Buyer","Gold Tier","High Probability"
12279,"High Spend","Frequent Buyer","Bronze Tier","High Probability"
12280,"Medium Spend","Frequent Buyer","Bronze Tier","High Probability"
12281,"High Spend","Occasional Buyer","Gold Tier","High Probability"
12282,"High Spend","Frequent Buyer","Silver Tier","Low Probability"
12283,"High Spend","Frequent Buyer","Platinum Tier","High Probability"
12284,"High Spend","Frequent Buyer","Platinum Tier","High Probability"
12285,"Low Spend","Frequent Buyer","Gold Tier","High Probability"
12286,"Medium Spend","Occasional Buyer","Gold Tier","High Probability"
12287,"High Spend","Occasional Buyer","Platinum Tier","High Probability"
12288,"High Spend","Occasional Buyer","Silver Tier","High Probability"
12289,"High Spend","Frequent Buyer","Platinum Tier","High Probability"
12290,"High Spend","Frequent Buyer","Silver Tier","High Probability"
12291,"High Spend","Frequent Buyer","Bronze Tier","High Probability"
12292,"Medium Spend","Frequent Buyer","Bronze Tier","High Probability"
12293,"High Spend","New Customer","Gold Tier","Low Probability"
12294,"High Spend","Frequent Buyer","Gold Tier","High Probability"
12295,"High Spend","Frequent Buyer","Platinum Tier","High Probability"
12296,"High Spend","Frequent Buyer","Platinum Tier","High Probability"
12297,"Low Spend","Occasional Buyer","Platinum Tier","High Probability"
12298,"Medium Spend","Occasional Buyer","Bronze Tier","Low Probability"
12299,"Medium Spend","Frequent Buyer","Platinum Tier","High Probability"
12300,"High Spend","Occasional Buyer","Gold Tier","High Probability"
12301,"Medium Spend","Frequent Buyer","Gold Tier","High Probability"
12302,"High Spend","Frequent Buyer","Gold Tier","High Probability"
12303,"Medium Spend","New Customer","Platinum Tier","High Probability"
12304,"High Spend","Frequent Buyer","Bronze Tier","High Probability"
12305,"High Spend","Frequent Buyer","Bronze Tier","High Probability"
12306,"High Spend","Frequent Buyer","Gold Tier","Low Probability"
12307,"High Spend","Frequent Buyer","Platinum Tier","High Probability"
12308,"High Spend","Frequent Buyer","Bronze Tier","High Probability"
12309,"High Spend","Frequent Buyer","Bronze Tier","High Probability"
12310,"High Spend","Frequent Buyer","Bronze Tier","High Probability"
12311,"Medium Spend","Frequent Buyer","Silver Tier","High Probability"
12312,"High Spend","Frequent Buyer","Gold Tier","High Probability"
12313,"High Spend","Occasional Buyer","Gold Tier","High Probability"
12314,"Low Spend","Occasional Buyer","Bronze Tier","Low Probability"
12315,"High Spend","Occasional Buyer","Bronze Tier","High Probability"
12316,"High Spend","New Customer","Gold Tier","High Probability"
12317,"High Spend","Occasional Buyer","Gold Tier","High Probability"
12318,"High Spend","Frequent Buyer","Silver Tier","High Probability"
12319,"Medium Spend","Frequent Buyer","Gold Tier","High Probability"
12320,"High Spend","New Customer","Bronze Tier","High Probability"
12321,"Medium Spend","Frequent Buyer","Bronze Tier","High Probability"
12322,"High Spend","Occasional Buyer","Gold Tier","High Probability"
12323,"High Spend","Frequent Buyer","Silver Tier","High Probability"
12324,"High Spend","New Customer","Silver Tier","High Probability"
12325,"Low Spend","Occasional Buyer","Bronze Tier","Low Probability"
12326,"High Spend","Occasional Buyer","Bronze Tier","High Probability"
12327,"Medium Spend","Occasional Buyer","Gold Tier","High Probability"
12328,"High Spend","Frequent Buyer","Silver Tier","High Probability"
12329,"Medium Spend","Frequent Buyer","Gold Tier","High Probability"
12330,"High Spend","Frequent Buyer","Platinum Tier","High Probability"
12331,"High Spend","Occasional Buyer","Bronze Tier","High Probability"
12332,"High Spend","New Customer","Bronze Tier","High Probability"
12333,"High Spend","Frequent Buyer","Silver Tier","High Probability"
12334,"High Spend","Frequent Buyer","Gold Tier","High Probability"
12335,"Medium Spend","Frequent Buyer","Platinum Tier","High Probability"
12336,"High Spend","Frequent Buyer","Bronze Tier","Low Probability"
12337,"High Spend","Frequent Buyer","Silver Tier","High Probability"
12338,"High Spend","New Customer","Gold Tier","High Probability"
12339,"Medium Spend","Frequent Buyer","Platinum Tier","High Probability"
12340,"High Spend","New Customer","Platinum Tier","High Probability"
12341,"Medium Spend","Frequent Buyer","Bronze Tier","High Probability"
12342,"Medium Spend","Occasional Buyer","Silver Tier","High Probability"
12343,"Medium Spend","Frequent Buyer","Bronze Tier","High Probability"
12344,"Medium Spend","Occasional Buyer","Silver Tier","Low Probability"
12345,"High Spend","Frequent Buyer","Platinum Tier","High Probability"
12346,"High Spend","Occasional Buyer","Platinum Tier","High Probability"
12347,"Low Spend","Occasional Buyer","Bronze Tier","Low Probability"
12348,"High Spend","Frequent Buyer","Silver Tier","High Probability"
12349,"High Spend","Occasional Buyer","Silver Tier","High Probability"
12350,"High Spend","Frequent Buyer","Platinum Tier","High Probability"
12351,"High Spend","Occasional Buyer","Gold Tier","High Probability"
12352,"High Spend","Occasional Buyer","Gold Tier","High Probability"
12353,"Low Spend","Occasional Buyer","Silver Tier","High Probability"
12354,"High Spend","Frequent Buyer","Silver Tier","High Probability"
12355,"High Spend","New Customer","Gold Tier","High Probability"
12356,"High Spend","Occasional Buyer","Platinum Tier","High Probability"
12357,"High Spend","Frequent Buyer","Platinum Tier","High Probability"
12358,"High Spend","Occasional Buyer","Bronze Tier","Low Probability"
12359,"Medium Spend","Frequent Buyer","Platinum Tier","High Probability"
12360,"Medium Spend","New Customer","Gold Tier","High Probability"
12361,"High Spend","Occasional Buyer","Bronze Tier","High Probability"
12362,"High Spend","Occasional Buyer","Platinum Tier","High Probability"
12363,"Medium Spend","Frequent Buyer","Silver Tier","High Probability"
12364,"High Spend","Frequent Buyer","Silver Tier","High Probability"
12365,"High Spend","Frequent Buyer","Gold Tier","High Probability"
12366,"High Spend","Occasional Buyer","Silver Tier","High Probability"
12367,"High Spend","Frequent Buyer","Silver Tier","High Probability"
12368,"Medium Spend","Occasional Buyer","Bronze Tier","Low Probability"
12369,"High Spend","Frequent Buyer","Silver Tier","High Probability"
12370,"Medium Spend","Frequent Buyer","Platinum Tier","High Probability"
12371,"High Spend","Frequent Buyer","Bronze Tier","High Probability"
12372,"High Spend","Frequent Buyer","Bronze Tier","High Probability"
12373,"High Spend","Frequent Buyer","Gold Tier","High Probability"
12374,"High Spend","Frequent Buyer","Platinum Tier","High Probability"
12375,"High Spend","Frequent Buyer","Gold Tier","High Probability"
12376,"High Spend","Frequent Buyer","Gold Tier","High Probability"
12377,"High Spend","Frequent Buyer","Bronze Tier","High Probability"
12378,"High Spend","Frequent Buyer","Bronze Tier","High Probability"
12379,"Medium Spend","Frequent Buyer","Platinum Tier","High Probability"
12380,"High Spend","Occasional Buyer","Bronze Tier","High Probability"
12381,"High Spend","Occasional Buyer","Platinum Tier","High Probability"
12382,"Medium Spend","Occasional Buyer","Platinum Tier","High Probability"
12383,"High Spend","Occasional Buyer","Silver Tier","High Probability"
12384,"High Spend","Frequent Buyer","Gold Tier","High Probability"
12385,"Medium Spend","New Customer","Silver Tier","High Probability"
12386,"High Spend","New Customer","Gold Tier","High Probability"
12387,"High Spend","Frequent Buyer","Silver Tier","High Probability"
12388,"Medium Spend","Frequent Buyer","Silver Tier","High Probability"
12389,"High Spend","Frequent Buyer","Bronze Tier","High Probability"
12390,"High Spend","Occasional Buyer","Bronze Tier","High Probability"
12391,"High Spend","Frequent Buyer","Gold Tier","High Probability"
12392,"High Spend","Occasional Buyer","Bronze Tier","High Probability"
12393,"High Spend","Frequent Buyer","Silver Tier","High Probability"
12394,"High Spend","Frequent Buyer","Gold Tier","High Probability"
12395,"Low Spend","Frequent Buyer","Bronze Tier","High Probability"
12396,"Medium Spend","Frequent Buyer","Silver Tier","High Probability"
12397,"High Spend","Frequent Buyer","Silver Tier","High Probability"
12398,"High Spend","Frequent Buyer","Gold Tier","High Probability"
12399,"High Spend","Frequent Buyer","Bronze Tier","High Probability"
12400,"High Spend","Occasional Buyer","Gold Tier","High Probability"
12401,"High Spend","Frequent Buyer","Gold Tier","High Probability"
12402,"High Spend","Frequent Buyer","Silver Tier","High Probability"
12403,"High Spend","Occasional Buyer","Bronze Tier","Low Probability"
12404,"High Spend","Frequent Buyer","Gold Tier","High Probability"
12405,"High Spend","New Customer","Bronze Tier","High Probability"
12406,"Medium Spend","Frequent Buyer","Platinum Tier","High Probability"
12407,"High Spend","Frequent Buyer","Bronze Tier","High Probability"
12408,"Low Spend","Frequent Buyer","Gold Tier","High Probability"
12409,"High Spend","Frequent Buyer","Gold Tier","High Probability"
12410,"High Spend","Frequent Buyer","Platinum Tier","High Probability"
12411,"High Spend","Frequent Buyer","Platinum Tier","High Probability"
12412,"Medium Spend","Frequent Buyer","Platinum Tier","High Probability"
12413,"High Spend","Frequent Buyer","Platinum Tier","High Probability"
12414,"Medium Spend","Frequent Buyer","Gold Tier","High Probability"
12415,"High Spend","Frequent Buyer","Bronze Tier","High Probability"
12416,"High Spend","Frequent Buyer","Silver Tier","High Probability"
12417,"Medium Spend","Frequent Buyer","Silver Tier","High Probability"
12418,"Medium Spend","Frequent Buyer","Bronze Tier","High Probability"
12419,"High Spend","Occasional Buyer","Gold Tier","High Probability"
12420,"High Spend","Frequent Buyer","Silver Tier","High Probability"
12421,"High Spend","Frequent Buyer","Silver Tier","High Probability"
12422,"High Spend","Frequent Buyer","Bronze Tier","High Probability"
12423,"High Spend","Occasional Buyer","Bronze Tier","High Probability"
12424,"Medium Spend","New Customer","Platinum Tier","Low Probability"
12425,"High Spend","Frequent Buyer","Gold Tier","High Probability"
12426,"High Spend","Frequent Buyer","Platinum Tier","High Probability"
12427,"High Spend","New Customer","Silver Tier","High Probability"
12428,"Medium Spend","Frequent Buyer","Bronze Tier","High Probability"
12429,"High Spend","Frequent Buyer","Silver Tier","High Probability"
12430,"Medium Spend","Frequent Buyer","Platinum Tier","High Probability"
12431,"High Spend","Occasional Buyer","Gold Tier","High Probability"
12432,"High Spend","Frequent Buyer","Bronze Tier","High Probability"
12433,"High Spend","Frequent Buyer","Gold Tier","Low Probability"
12434,"Medium Spend","Frequent Buyer","Bronze Tier","Low Probability"
12435,"Medium Spend","Frequent Buyer","Gold Tier","High Probability"
12436,"High Spend","Occasional Buyer","Silver Tier","High Probability"
12437,"High Spend","Occasional Buyer","Bronze Tier","High Probability"
12438,"High Spend","Frequent Buyer","Gold Tier","High Probability"
12439,"Medium Spend","Occasional Buyer","Gold Tier","High Probability"
12440,"High Spend","Occasional Buyer","Platinum Tier","High Probability"
12441,"High Spend","New Customer","Silver Tier","High Probability"
12442,"High Spend","Occasional Buyer","Gold Tier","High Probability"
12443,"High Spend","Occasional Buyer","Gold Tier","High Probability"
12444,"High Spend","Occasional Buyer","Platinum Tier","High Probability"
12445,"High Spend","Occasional Buyer","Gold Tier","High Probability"
12446,"High Spend","Frequent Buyer","Bronze Tier","High Probability"
12447,"High Spend","Occasional Buyer","Gold Tier","Low Probability"
12448,"High Spend","Frequent Buyer","Platinum Tier","High Probability"
12449,"High Spend","Frequent Buyer","Platinum Tier","Low Probability"
12450,"High Spend","Frequent Buyer","Silver Tier","High Probability"
12451,"High Spend","Occasional Buyer","Silver Tier","High Probability"
12452,"High Spend","Occasional Buyer","Bronze Tier","High Probability"
12453,"Medium Spend","Occasional Buyer","Platinum Tier","High Probability"
12454,"Medium Spend","Frequent Buyer","Platinum Tier","High Probability"
12455,"High Spend","Frequent Buyer","Silver Tier","High Probability"
12456,"Medium Spend","Occasional Buyer","Bronze Tier","High Probability"
12457,"High Spend","Frequent Buyer","Gold Tier","High Probability"
12458,"High Spend","Occasional Buyer","Platinum Tier","High Probability"
12459,"High Spend","Frequent Buyer","Gold Tier","High Probability"
12460,"Medium Spend","Frequent Buyer","Platinum Tier","High Probability"
12461,"High Spend","Occasional Buyer","Bronze Tier","Low Probability"
12462,"High Spend","Frequent Buyer","Bronze Tier","High Probability"
12463,"High Spend","Frequent Buyer","Gold Tier","High Probability"
12464,"High Spend","Frequent Buyer","Platinum Tier","High Probability"
12465,"High Spend","Frequent Buyer","Platinum Tier","High Probability"
12466,"High Spend","Frequent Buyer","Bronze Tier","High Probability"
12467,"High Spend","Occasional Buyer","Silver Tier","High Probability"
12468,"High Spend","Frequent Buyer","Silver Tier","High Probability"
12469,"High Spend","Frequent Buyer","Platinum Tier","High Probability"
12470,"High Spend","Occasional Buyer","Platinum Tier","High Probability"
12471,"Medium Spend","Frequent Buyer","Silver Tier","High Probability"
12472,"High Spend","Frequent Buyer","Bronze Tier","High Probability"
12473,"High Spend","Frequent Buyer","Gold Tier","High Probability"
12474,"High Spend","New Customer","Gold Tier","High Probability"
12475,"High Spend","Occasional Buyer","Gold Tier","High Probability"
12476,"High Spend","Frequent Buyer","Gold Tier","High Probability"
12477,"High Spend","Frequent Buyer","Gold Tier","High Probability"
12478,"High Spend","Occasional Buyer","Bronze Tier","High Probability"
12479,"High Spend","Frequent Buyer","Platinum Tier","High Probability"
12480,"High Spend","Occasional Buyer","Gold Tier","High Probability"
12481,"High Spend","Occasional Buyer","Gold Tier","High Probability"
12482,"High Spend","Frequent Buyer","Silver Tier","High Probability"
12483,"High Spend","New Customer","Gold Tier","High Probability"
12484,"Medium Spend","Occasional Buyer","Gold Tier","High Probability"
12485,"High Spend","Frequent Buyer","Platinum Tier","High Probability"
12486,"Medium Spend","Frequent Buyer","Platinum Tier","High Probability"
12487,"High Spend","Frequent Buyer","Gold Tier","High Probability"
12488,"High Spend","Frequent Buyer","Bronze Tier","High Probability"
12489,"Medium Spend","Frequent Buyer","Silver Tier","High Probability"
12490,"High Spend","Frequent Buyer","Gold Tier","High Probability"
12491,"High Spend","Frequent Buyer","Gold Tier","High Probability"
12492,"High Spend","Frequent Buyer","Platinum Tier","High Probability"
12493,"Medium Spend","Frequent Buyer","Bronze Tier","High Probability"
12494,"High Spend","Frequent Buyer","Platinum Tier","High Probability"
12495,"High Spend","New Customer","Bronze Tier","Low Probability"
12496,"Medium Spend","Frequent Buyer","Silver Tier","High Probability"
12497,"High Spend","Frequent Buyer","Gold Tier","High Probability"
12498,"High Spend","Frequent Buyer","Platinum Tier","High Probability"
12499,"Medium Spend","Frequent Buyer","Platinum Tier","High Probability"
12500,"High Spend","Occasional Buyer","Gold Tier","High Probability"
12501,"High Spend","Frequent Buyer","Platinum Tier","High Probability"
12502,"Medium Spend","Frequent Buyer","Gold Tier","High Probability"
12503,"High Spend","Frequent Buyer","Silver Tier","High Probability"
12504,"High Spend","Frequent Buyer","Bronze Tier","High Probability"
12505,"High Spend","Occasional Buyer","Platinum Tier","Low Probability"
12506,"High Spend","New Customer","Silver Tier","High Probability"
12507,"High Spend","Frequent Buyer","Gold Tier","High Probability"
12508,"High Spend","New Customer","Gold Tier","High Probability"
12509,"Medium Spend","Occasional Buyer","Bronze Tier","High Probability"
12510,"High Spend","Occasional Buyer","Silver Tier","High Probability"
12511,"High Spend","Occasional Buyer","Bronze Tier","Low Probability"
12512,"High Spend","Occasional Buyer","Platinum Tier","High Probability"
12513,"High Spend","New Customer","Gold Tier","High Probability"
12514,"High Spend","Occasional Buyer","Bronze Tier","High Probability"
12515,"Low Spend","Frequent Buyer","Gold Tier","High Probability"
12516,"High Spend","Occasional Buyer","Bronze Tier","High Probability"
12517,"High Spend","Occasional Buyer","Bronze Tier","High Probability"
12518,"Medium Spend","Frequent Buyer","Platinum Tier","High Probability"
12519,"High Spend","Frequent Buyer","Platinum Tier","High Probability"
12520,"Low Spend","Frequent Buyer","Silver Tier","High Probability"
12521,"Low Spend","New Customer","Gold Tier","High Probability"
12522,"High Spend","Frequent Buyer","Gold Tier","High Probability"
12523,"Medium Spend","Frequent Buyer","Platinum Tier","High Probability"
12524,"High Spend","Occasional Buyer","Platinum Tier","High Probability"
12525,"High Spend","Frequent Buyer","Bronze Tier","High Probability"
12526,"High Spend","Frequent Buyer","Gold Tier","High Probability"
12527,"Medium Spend","Frequent Buyer","Silver Tier","High Probability"
12528,"High Spend","New Customer","Silver Tier","High Probability"
12529,"High Spend","Frequent Buyer","Platinum Tier","Low Probability"
12530,"High Spend","Occasional Buyer","Gold Tier","Low Probability"
12531,"Medium Spend","Frequent Buyer","Silver Tier","High Probability"
12532,"High Spend","New Customer","Gold Tier","High Probability"
12533,"High Spend","Frequent Buyer","Platinum Tier","Low Probability"
12534,"High Spend","Frequent Buyer","Bronze Tier","High Probability"
12535,"High Spend","Frequent Buyer","Platinum Tier","High Probability"
12536,"High Spend","Frequent Buyer","Silver Tier","High Probability"
12537,"High Spend","Occasional Buyer","Gold Tier","High Probability"
12538,"Medium Spend","Occasional Buyer","Silver Tier","High Probability"
12539,"Medium Spend","New Customer","Gold Tier","High Probability"
12540,"High Spend","Frequent Buyer","Gold Tier","High Probability"
12541,"High Spend","Occasional Buyer","Silver Tier","High Probability"
12542,"Medium Spend","Occasional Buyer","Bronze Tier","High Probability"
12543,"High Spend","Occasional Buyer","Gold Tier","High Probability"
12544,"High Spend","Frequent Buyer","Platinum Tier","High Probability"
12545,"High Spend","Occasional Buyer","Silver Tier","High Probability"
12546,"Medium Spend","Frequent Buyer","Silver Tier","High Probability"
12547,"High Spend","Frequent Buyer","Bronze Tier","High Probability"
12548,"High Spend","Frequent Buyer","Silver Tier","High Probability"
12549,"High Spend","Frequent Buyer","Bronze Tier","High Probability"
12550,"High Spend","Frequent Buyer","Bronze Tier","High Probability"
12551,"High Spend","Frequent Buyer","Bronze Tier","High Probability"
12552,"High Spend","Occasional Buyer","Gold Tier","High Probability"
12553,"High Spend","New Customer","Silver Tier","High Probability"
12554,"Low Spend","Frequent Buyer","Bronze Tier","High Probability"
12555,"High Spend","Frequent Buyer","Gold Tier","High Probability"
12556,"Medium Spend","Frequent Buyer","Platinum Tier","High Probability"
12557,"Medium Spend","Frequent Buyer","Bronze Tier","High Probability"
12558,"High Spend","New Customer","Platinum Tier","High Probability"
12559,"Medium Spend","Frequent Buyer","Platinum Tier","High Probability"
12560,"High Spend","New Customer","Gold Tier","High Probability"
12561,"Medium Spend","Occasional Buyer","Bronze Tier","Low Probability"
12562,"High Spend","Occasional Buyer","Silver Tier","High Probability"
12563,"Medium Spend","Occasional Buyer","Bronze Tier","High Probability"
12564,"High Spend","Frequent Buyer","Platinum Tier","High Probability"
12565,"Medium Spend","Occasional Buyer","Platinum Tier","High Probability"
12566,"High Spend","New Customer","Gold Tier","High Probability"
12567,"High Spend","Frequent Buyer","Bronze Tier","High Probability"
12568,"High Spend","Frequent Buyer","Gold Tier","High Probability"
12569,"High Spend","Frequent Buyer","Silver Tier","High Probability"
12570,"Medium Spend","Occasional Buyer","Gold Tier","High Probability"
12571,"Medium Spend","New Customer","Platinum Tier","Low Probability"
12572,"High Spend","Frequent Buyer","Platinum Tier","High Probability"
12573,"Medium Spend","Frequent Buyer","Gold Tier","High Probability"
12574,"High Spend","Frequent Buyer","Gold Tier","High Probability"
12575,"High Spend","Occasional Buyer","Platinum Tier","High Probability"
12576,"High Spend","Frequent Buyer","Silver Tier","High Probability"
12577,"High Spend","Frequent Buyer","Silver Tier","High Probability"
12578,"High Spend","Frequent Buyer","Platinum Tier","High Probability"
12579,"High Spend","Frequent Buyer","Gold Tier","Low Probability"
12580,"High Spend","Frequent Buyer","Platinum Tier","High Probability"
12581,"High Spend","New Customer","Silver Tier","Low Probability"
12582,"High Spend","Occasional Buyer","Gold Tier","High Probability"
12583,"High Spend","Frequent Buyer","Silver Tier","High Probability"
12584,"High Spend","Frequent Buyer","Silver Tier","High Probability"
12585,"High Spend","Frequent Buyer","Gold Tier","High Probability"
12586,"Medium Spend","Frequent Buyer","Gold Tier","High Probability"
12587,"High Spend","Frequent Buyer","Gold Tier","High Probability"
12588,"High Spend","Occasional Buyer","Gold Tier","High Probability"
12589,"High Spend","Occasional Buyer","Silver Tier","High Probability"
12590,"High Spend","Frequent Buyer","Platinum Tier","High Probability"
12591,"High Spend","Frequent Buyer","Gold Tier","High Probability"
12592,"Medium Spend","Frequent Buyer","Gold Tier","High Probability"
12593,"High Spend","Occasional Buyer","Bronze Tier","Low Probability"
12594,"High Spend","Occasional Buyer","Platinum Tier","High Probability"
12595,"High Spend","Frequent Buyer","Bronze Tier","High Probability"
12596,"High Spend","Frequent Buyer","Platinum Tier","High Probability"
12597,"High Spend","Occasional Buyer","Silver Tier","Low Probability"
12598,"High Spend","Occasional Buyer","Gold Tier","High Probability"
12599,"High Spend","Frequent Buyer","Bronze Tier","High Probability"
12600,"Medium Spend","Frequent Buyer","Gold Tier","High Probability"
12601,"High Spend","Frequent Buyer","Silver Tier","High Probability"
12602,"High Spend","Frequent Buyer","Silver Tier","High Probability"
12603,"High Spend","Frequent Buyer","Gold Tier","High Probability"
12604,"High Spend","New Customer","Platinum Tier","High Probability"
12605,"High Spend","Frequent Buyer","Gold Tier","High Probability"
12606,"High Spend","Frequent Buyer","Bronze Tier","High Probability"
12607,"High Spend","Occasional Buyer","Platinum Tier","High Probability"
12608,"High Spend","Frequent Buyer","Silver Tier","High Probability"
12609,"High Spend","New Customer","Bronze Tier","High Probability"
12610,"High Spend","Occasional Buyer","Gold Tier","High Probability"
12611,"High Spend","Occasional Buyer","Platinum Tier","High Probability"
12612,"Medium Spend","Frequent Buyer","Silver Tier","High Probability"
12613,"Medium Spend","Frequent Buyer","Gold Tier","High Probability"
12614,"High Spend","Occasional Buyer","Platinum Tier","High Probability"
12615,"High Spend","Occasional Buyer","Platinum Tier","High Probability"
12616,"Medium Spend","Frequent Buyer","Gold Tier","High Probability"
12617,"High Spend","Frequent Buyer","Silver Tier","High Probability"
12618,"Medium Spend","Frequent Buyer","Bronze Tier","High Probability"
12619,"High Spend","Occasional Buyer","Gold Tier","High Probability"
12620,"High Spend","Frequent Buyer","Platinum Tier","High Probability"
12621,"High Spend","Frequent Buyer","Platinum Tier","High Probability"
12622,"High Spend","Occasional Buyer","Platinum Tier","High Probability"
12623,"High Spend","Frequent Buyer","Gold Tier","High Probability"
12624,"High Spend","Frequent Buyer","Platinum Tier","High Probability"
12625,"High Spend","Frequent Buyer","Silver Tier","High Probability"
12626,"High Spend","Occasional Buyer","Platinum Tier","High Probability"
12627,"High Spend","Frequent Buyer","Platinum Tier","High Probability"
12628,"High Spend","Occasional Buyer","Gold Tier","High Probability"
12629,"High Spend","New Customer","Bronze Tier","High Probability"
12630,"High Spend","New Customer","Silver Tier","High Probability"
12631,"High Spend","Frequent Buyer","Bronze Tier","High Probability"
12632,"High Spend","Frequent Buyer","Silver Tier","High Probability"
12633,"High Spend","Frequent Buyer","Gold Tier","High Probability"
12634,"High Spend","Occasional Buyer","Silver Tier","High Probability"
12635,"High Spend","New Customer","Bronze Tier","High Probability"
12636,"High Spend","Frequent Buyer","Gold Tier","High Probability"
12637,"High Spend","Frequent Buyer","Gold Tier","High Probability"
12638,"High Spend","Occasional Buyer","Silver Tier","Low Probability"
12639,"Medium Spend","Frequent Buyer","Bronze Tier","High Probability"
12640,"High Spend","Occasional Buyer","Bronze Tier","High Probability"
12641,"Low Spend","Occasional Buyer","Gold Tier","Low Probability"
12642,"Low Spend","Frequent Buyer","Bronze Tier","High Probability"
12643,"Medium Spend","Frequent Buyer","Platinum Tier","High Probability"
12644,"High Spend","Frequent Buyer","Gold Tier","High Probability"
12645,"High Spend","Frequent Buyer","Platinum Tier","High Probability"
12646,"High Spend","Frequent Buyer","Gold Tier","High Probability"
12647,"High Spend","Frequent Buyer","Gold Tier","High Probability"
12648,"High Spend","New Customer","Gold Tier","High Probability"
12649,"High Spend","Frequent Buyer","Bronze Tier","High Probability"
12650,"High Spend","Frequent Buyer","Platinum Tier","High Probability"
12651,"Medium Spend","Occasional Buyer","Silver Tier","Low Probability"
12652,"High Spend","Occasional Buyer","Silver Tier","High Probability"
12653,"Medium Spend","Frequent Buyer","Bronze Tier","High Probability"
12654,"High Spend","Frequent Buyer","Silver Tier","High Probability"
12655,"High Spend","Occasional Buyer","Gold Tier","High Probability"
12656,"High Spend","Occasional Buyer","Silver Tier","High Probability"
12657,"High Spend","Frequent Buyer","Platinum Tier","High Probability"
12658,"High Spend","Occasional Buyer","Platinum Tier","High Probability"
12659,"High Spend","Frequent Buyer","Silver Tier","High Probability"
12660,"Low Spend","Frequent Buyer","Platinum Tier","High Probability"
12661,"Medium Spend","New Customer","Gold Tier","Low Probability"
12662,"High Spend","Occasional Buyer","Silver Tier","High Probability"
12663,"Low Spend","Frequent Buyer","Bronze Tier","High Probability"
12664,"High Spend","Frequent Buyer","Bronze Tier","High Probability"
12665,"Medium Spend","Frequent Buyer","Platinum Tier","High Probability"
12666,"High Spend","Occasional Buyer","Silver Tier","High Probability"
12667,"Medium Spend","Frequent Buyer","Gold Tier","High Probability"
12668,"High Spend","Occasional Buyer","Platinum Tier","High Probability"
12669,"High Spend","Frequent Buyer","Platinum Tier","High Probability"
12670,"High Spend","Frequent Buyer","Platinum Tier","High Probability"
12671,"High Spend","Occasional Buyer","Gold Tier","High Probability"
12672,"High Spend","Occasional Buyer","Gold Tier","High Probability"
12673,"High Spend","Frequent Buyer","Platinum Tier","High Probability"
12674,"High Spend","Occasional Buyer","Bronze Tier","High Probability"
12675,"High Spend","Frequent Buyer","Gold Tier","High Probability"
12676,"High Spend","Frequent Buyer","Gold Tier","High Probability"
12677,"High Spend","Frequent Buyer","Platinum Tier","High Probability"
12678,"High Spend","Occasional Buyer","Platinum Tier","High Probability"
12679,"High Spend","Occasional Buyer","Platinum Tier","High Probability"
12680,"Medium Spend","Frequent Buyer","Platinum Tier","High Probability"
12681,"Medium Spend","Occasional Buyer","Platinum Tier","High Probability"
12682,"High Spend","Frequent Buyer","Bronze Tier","High Probability"
12683,"High Spend","Frequent Buyer","Bronze Tier","High Probability"
12684,"High Spend","Frequent Buyer","Bronze Tier","High Probability"
12685,"High Spend","Frequent Buyer","Silver Tier","High Probability"
12686,"High Spend","Frequent Buyer","Platinum Tier","High Probability"
12687,"High Spend","Frequent Buyer","Bronze Tier","High Probability"
12688,"High Spend","New Customer","Platinum Tier","High Probability"
12689,"High Spend","Occasional Buyer","Platinum Tier","High Probability"
12690,"High Spend","New Customer","Bronze Tier","High Probability"
12691,"High Spend","Frequent Buyer","Silver Tier","High Probability"
12692,"High Spend","Occasional Buyer","Gold Tier","Low Probability"
12693,"High Spend","Frequent Buyer","Gold Tier","High Probability"
12694,"High Spend","Frequent Buyer","Gold Tier","High Probability"
12695,"High Spend","Frequent Buyer","Silver Tier","High Probability"
12696,"Medium Spend","Frequent Buyer","Gold Tier","High Probability"
12697,"Low Spend","Frequent Buyer","Platinum Tier","High Probability"
12698,"High Spend","Frequent Buyer","Platinum Tier","High Probability"
12699,"High Spend","Frequent Buyer","Silver Tier","High Probability"
12700,"Low Spend","Occasional Buyer","Gold Tier","High Probability"
12701,"Medium Spend","Occasional Buyer","Platinum Tier","High Probability"
12702,"High Spend","Occasional Buyer","Platinum Tier","High Probability"
12703,"High Spend","Frequent Buyer","Gold Tier","High Probability"
12704,"Medium Spend","Frequent Buyer","Platinum Tier","High Probability"
12705,"Medium Spend","New Customer","Gold Tier","High Probability"
12706,"High Spend","Frequent Buyer","Gold Tier","High Probability"
12707,"High Spend","Frequent Buyer","Platinum Tier","High Probability"
12708,"Low Spend","Frequent Buyer","Gold Tier","High Probability"
12709,"High Spend","Occasional Buyer","Gold Tier","Low Probability"
12710,"High Spend","Frequent Buyer","Platinum Tier","High Probability"
12711,"Medium Spend","Frequent Buyer","Gold Tier","High Probability"
12712,"Medium Spend","Occasional Buyer","Gold Tier","High Probability"
12713,"High Spend","Frequent Buyer","Silver Tier","High Probability"
12714,"High Spend","Occasional Buyer","Bronze Tier","High Probability"
12715,"High Spend","Frequent Buyer","Gold Tier","High Probability"
12716,"High Spend","Frequent Buyer","Platinum Tier","High Probability"
12717,"High Spend","Frequent Buyer","Platinum Tier","High Probability"
12718,"High Spend","Frequent Buyer","Gold Tier","High Probability"
12719,"Medium Spend","Frequent Buyer","Platinum Tier","High Probability"
12720,"High Spend","Occasional Buyer","Platinum Tier","High Probability"
12721,"High Spend","Frequent Buyer","Platinum Tier","High Probability"
12722,"High Spend","Frequent Buyer","Silver Tier","High Probability"
12723,"High Spend","New Customer","Platinum Tier","Low Probability"
12724,"High Spend","Frequent Buyer","Bronze Tier","High Probability"
12725,"High Spend","Frequent Buyer","Silver Tier","High Probability"
12726,"High Spend","New Customer","Gold Tier","Low Probability"
12727,"High Spend","Frequent Buyer","Bronze Tier","High Probability"
12728,"High Spend","New Customer","Silver Tier","High Probability"
12729,"High Spend","Frequent Buyer","Gold Tier","High Probability"
12730,"High Spend","New Customer","Platinum Tier","High Probability"
12731,"High Spend","Frequent Buyer","Gold Tier","High Probability"
12732,"High Spend","Occasional Buyer","Bronze Tier","Low Probability"
12733,"High Spend","Occasional Buyer","Silver Tier","Low Probability"
12734,"High Spend","Frequent Buyer","Gold Tier","High Probability"
12735,"High Spend","Frequent Buyer","Bronze Tier","High Probability"
12736,"High Spend","Occasional Buyer","Bronze Tier","High Probability"
12737,"Medium Spend","Frequent Buyer","Silver Tier","High Probability"
12738,"Medium Spend","Frequent Buyer","Platinum Tier","High Probability"
12739,"High Spend","Frequent Buyer","Silver Tier","High Probability"
12740,"Medium Spend","Frequent Buyer","Gold Tier","High Probability"
12741,"High Spend","Frequent Buyer","Gold Tier","High Probability"
12742,"High Spend","Occasional Buyer","Platinum Tier","High Probability"
12743,"High Spend","Occasional Buyer","Platinum Tier","High Probability"
12744,"Low Spend","Frequent Buyer","Bronze Tier","High Probability"
12745,"Medium Spend","Occasional Buyer","Gold Tier","High Probability"
12746,"Medium Spend","Frequent Buyer","Silver Tier","High Probability"
12747,"Medium Spend","Frequent Buyer","Bronze Tier","High Probability"
12748,"High Spend","Occasional Buyer","Gold Tier","High Probability"
12749,"High Spend","Frequent Buyer","Gold Tier","High Probability"
12750,"High Spend","Occasional Buyer","Gold Tier","High Probability"
12751,"Medium Spend","New Customer","Platinum Tier","High Probability"
12752,"High Spend","Frequent Buyer","Bronze Tier","Low Probability"
12753,"High Spend","Frequent Buyer","Gold Tier","High Probability"
12754,"Medium Spend","Occasional Buyer","Platinum Tier","High Probability"
12755,"High Spend","Occasional Buyer","Platinum Tier","High Probability"
12756,"High Spend","Frequent Buyer","Gold Tier","High Probability"
12757,"Medium Spend","Frequent Buyer","Gold Tier","High Probability"
12758,"High Spend","Occasional Buyer","Gold Tier","High Probability"
12759,"High Spend","Occasional Buyer","Bronze Tier","Low Probability"
12760,"High Spend","Occasional Buyer","Bronze Tier","Low Probability"
12761,"High Spend","Frequent Buyer","Gold Tier","High Probability"
12762,"Medium Spend","Frequent Buyer","Platinum Tier","High Probability"
12763,"High Spend","Frequent Buyer","Gold Tier","High Probability"
12764,"High Spend","Frequent Buyer","Platinum Tier","High Probability"
12765,"High Spend","Frequent Buyer","Bronze Tier","High Probability"
12766,"High Spend","Frequent Buyer","Gold Tier","High Probability"
12767,"Medium Spend","Frequent Buyer","Platinum Tier","High Probability"
12768,"Medium Spend","Frequent Buyer","Gold Tier","High Probability"
12769,"High Spend","Occasional Buyer","Platinum Tier","High Probability"
12770,"Medium Spend","Frequent Buyer","Platinum Tier","High Probability"
12771,"Medium Spend","Frequent Buyer","Gold Tier","High Probability"
12772,"High Spend","Frequent Buyer","Gold Tier","High Probability"
12773,"Medium Spend","Frequent Buyer","Platinum Tier","High Probability"
12774,"High Spend","Occasional Buyer","Bronze Tier","Low Probability"
12775,"High Spend","Frequent Buyer","Gold Tier","High Probability"
12776,"Medium Spend","Frequent Buyer","Silver Tier","High Probability"
12777,"High Spend","Occasional Buyer","Bronze Tier","High Probability"
12778,"Low Spend","Frequent Buyer","Gold Tier","High Probability"
12779,"High Spend","Frequent Buyer","Platinum Tier","High Probability"
12780,"High Spend","New Customer","Gold Tier","High Probability"
12781,"High Spend","Frequent Buyer","Silver Tier","High Probability"
12782,"High Spend","Frequent Buyer","Bronze Tier","High Probability"
12783,"High Spend","New Customer","Platinum Tier","High Probability"
12784,"High Spend","Occasional Buyer","Bronze Tier","Low Probability"
12785,"High Spend","Occasional Buyer","Bronze Tier","High Probability"
12786,"Medium Spend","Frequent Buyer","Gold Tier","High Probability"
12787,"High Spend","Frequent Buyer","Silver Tier","High Probability"
12788,"Low Spend","Occasional Buyer","Platinum Tier","High Probability"
12789,"Medium Spend","New Customer","Platinum Tier","High Probability"
12790,"High Spend","New Customer","Silver Tier","High Probability"
12791,"Medium Spend","Occasional Buyer","Gold Tier","High Probability"
12792,"High Spend","Frequent Buyer","Platinum Tier","High Probability"
12793,"High Spend","Frequent Buyer","Platinum Tier","High Probability"
12794,"High Spend","New Customer","Platinum Tier","High Probability"
12795,"High Spend","Frequent Buyer","Gold Tier","High Probability"
12796,"High Spend","Frequent Buyer","Platinum Tier","High Probability"
12797,"High Spend","Frequent Buyer","Bronze Tier","Low Probability"
12798,"Medium Spend","Frequent Buyer","Platinum Tier","High Probability"
12799,"High Spend","Frequent Buyer","Silver Tier","High Probability"
12800,"High Spend","New Customer","Gold Tier","High Probability"
12801,"High Spend","New Customer","Silver Tier","High Probability"
12802,"High Spend","Frequent Buyer","Bronze Tier","High Probability"
12803,"High Spend","Frequent Buyer","Gold Tier","High Probability"
12804,"High Spend","Occasional Buyer","Platinum Tier","High Probability"
12805,"High Spend","Frequent Buyer","Gold Tier","High Probability"
12806,"High Spend","Frequent Buyer","Platinum Tier","High Probability"
12807,"High Spend","Occasional Buyer","Gold Tier","High Probability"
12808,"High Spend","New Customer","Bronze Tier","Low Probability"
12809,"High Spend","Frequent Buyer","Gold Tier","High Probability"
12810,"High Spend","Frequent Buyer","Platinum Tier","High Probability"
12811,"Medium Spend","Occasional Buyer","Gold Tier","High Probability"
12812,"High Spend","Frequent Buyer","Gold Tier","High Probability"
12813,"Medium Spend","Occasional Buyer","Gold Tier","Low Probability"
12814,"Medium Spend","Occasional Buyer","Silver Tier","High Probability"
12815,"High Spend","Frequent Buyer","Gold Tier","High Probability"
12816,"High Spend","Frequent Buyer","Platinum Tier","High Probability"
12817,"High Spend","New Customer","Bronze Tier","Low Probability"
12818,"High Spend","Frequent Buyer","Platinum Tier","High Probability"
12819,"High Spend","Frequent Buyer","Platinum Tier","High Probability"
12820,"High Spend","Frequent Buyer","Platinum Tier","High Probability"
12821,"High Spend","New Customer","Bronze Tier","High Probability"
12822,"High Spend","Frequent Buyer","Silver Tier","High Probability"
12823,"High Spend","Occasional Buyer","Platinum Tier","High Probability"
12824,"Medium Spend","Frequent Buyer","Silver Tier","High Probability"
12825,"High Spend","Occasional Buyer","Gold Tier","High Probability"
12826,"High Spend","Frequent Buyer","Platinum Tier","High Probability"
12827,"High Spend","Occasional Buyer","Bronze Tier","High Probability"
12828,"High Spend","Frequent Buyer","Platinum Tier","High Probability"
12829,"High Spend","New Customer","Platinum Tier","Low Probability"
12830,"High Spend","Frequent Buyer","Gold Tier","High Probability"
12831,"High Spend","Frequent Buyer","Bronze Tier","High Probability"
12832,"Medium Spend","Occasional Buyer","Gold Tier","High Probability"
12833,"High Spend","Frequent Buyer","Bronze Tier","High Probability"
12834,"High Spend","Frequent Buyer","Gold Tier","High Probability"
12835,"High Spend","Occasional Buyer","Platinum Tier","High Probability"
12836,"High Spend","Frequent Buyer","Gold Tier","High Probability"
12837,"High Spend","Frequent Buyer","Gold Tier","High Probability"
12838,"Low Spend","New Customer","Gold Tier","High Probability"
12839,"High Spend","Frequent Buyer","Silver Tier","High Probability"
12840,"High Spend","Frequent Buyer","Platinum Tier","High Probability"
12841,"High Spend","Frequent Buyer","Platinum Tier","High Probability"
12842,"High Spend","Occasional Buyer","Platinum Tier","High Probability"
12843,"High Spend","Frequent Buyer","Silver Tier","High Probability"
12844,"Medium Spend","Occasional Buyer","Gold Tier","Low Probability"
12845,"Medium Spend","New Customer","Bronze Tier","High Probability"
12846,"High Spend","Frequent Buyer","Bronze Tier","High Probability"
12847,"High Spend","New Customer","Platinum Tier","High Probability"
12848,"Medium Spend","Frequent Buyer","Platinum Tier","High Probability"
12849,"Medium Spend","Occasional Buyer","Gold Tier","High Probability"
12850,"Medium Spend","Frequent Buyer","Silver Tier","High Probability"
12851,"High Spend","Frequent Buyer","Silver Tier","High Probability"
12852,"High Spend","Frequent Buyer","Bronze Tier","High Probability"
12853,"High Spend","New Customer","Gold Tier","High Probability"
12854,"High Spend","New Customer","Silver Tier","High Probability"
12855,"High Spend","Frequent Buyer","Gold Tier","High Probability"
12856,"High Spend","Frequent Buyer","Gold Tier","High Probability"
12857,"Medium Spend","Frequent Buyer","Gold Tier","High Probability"
12858,"High Spend","Frequent Buyer","Platinum Tier","High Probability"
12859,"High Spend","Occasional Buyer","Gold Tier","High Probability"
12860,"Medium Spend","Frequent Buyer","Bronze Tier","High Probability"
12861,"High Spend","Frequent Buyer","Gold Tier","High Probability"
12862,"High Spend","Frequent Buyer","Bronze Tier","High Probability"
12863,"Low Spend","Frequent Buyer","Gold Tier","High Probability"
12864,"Medium Spend","Frequent Buyer","Platinum Tier","High Probability"
12865,"High Spend","Frequent Buyer","Bronze Tier","High Probability"
12866,"High Spend","Frequent Buyer","Platinum Tier","High Probability"
12867,"High Spend","Occasional Buyer","Silver Tier","High Probability"
12868,"Medium Spend","Frequent Buyer","Silver Tier","Low Probability"
12869,"High Spend","Frequent Buyer","Silver Tier","High Probability"
12870,"High Spend","New Customer","Silver Tier","Low Probability"
12871,"High Spend","Occasional Buyer","Platinum Tier","High Probability"
12872,"High Spend","Frequent Buyer","Platinum Tier","High Probability"
12873,"High Spend","New Customer","Gold Tier","Low Probability"
12874,"Medium Spend","Occasional Buyer","Platinum Tier","Low Probability"
12875,"Medium Spend","Frequent Buyer","Bronze Tier","High Probability"
12876,"Medium Spend","Frequent Buyer","Gold Tier","High Probability"
12877,"Medium Spend","Frequent Buyer","Silver Tier","High Probability"
12878,"Medium Spend","Frequent Buyer","Bronze Tier","High Probability"
12879,"High Spend","Frequent Buyer","Bronze Tier","High Probability"
12880,"High Spend","Frequent Buyer","Gold Tier","High Probability"
12881,"High Spend","Frequent Buyer","Gold Tier","High Probability"
12882,"High Spend","Frequent Buyer","Gold Tier","High Probability"
12883,"Medium Spend","Frequent Buyer","Platinum Tier","Low Probability"
12884,"High Spend","Occasional Buyer","Gold Tier","High Probability"
12885,"Medium Spend","Frequent Buyer","Gold Tier","High Probability"
12886,"High Spend","Occasional Buyer","Silver Tier","High Probability"
12887,"High Spend","Frequent Buyer","Bronze Tier","High Probability"
12888,"High Spend","Frequent Buyer","Bronze Tier","High Probability"
12889,"Medium Spend","Frequent Buyer","Silver Tier","High Probability"
12890,"High Spend","Frequent Buyer","Bronze Tier","High Probability"
12891,"Low Spend","Occasional Buyer","Silver Tier","High Probability"
12892,"High Spend","Occasional Buyer","Gold Tier","High Probability"
12893,"High Spend","Frequent Buyer","Gold Tier","High Probability"
12894,"High Spend","Frequent Buyer","Bronze Tier","High Probability"
12895,"Low Spend","Frequent Buyer","Silver Tier","High Probability"
12896,"High Spend","Occasional Buyer","Gold Tier","High Probability"
12897,"High Spend","Occasional Buyer","Platinum Tier","High Probability"
12898,"Medium Spend","Frequent Buyer","Gold Tier","High Probability"
12899,"High Spend","Occasional Buyer","Silver Tier","High Probability"
12900,"High Spend","Frequent Buyer","Gold Tier","High Probability"
12901,"High Spend","Occasional Buyer","Silver Tier","High Probability"
12902,"Medium Spend","Frequent Buyer","Gold Tier","High Probability"
12903,"Medium Spend","Frequent Buyer","Gold Tier","High Probability"
12904,"High Spend","Frequent Buyer","Silver Tier","High Probability"
12905,"Medium Spend","New Customer","Silver Tier","High Probability"
12906,"Medium Spend","Frequent Buyer","Platinum Tier","High Probability"
12907,"High Spend","Occasional Buyer","Platinum Tier","High Probability"
12908,"High Spend","Frequent Buyer","Platinum Tier","High Probability"
12909,"High Spend","Occasional Buyer","Gold Tier","High Probability"
12910,"High Spend","Occasional Buyer","Platinum Tier","High Probability"
12911,"High Spend","Occasional Buyer","Silver Tier","High Probability"
12912,"High Spend","New Customer","Platinum Tier","High Probability"
12913,"High Spend","Occasional Buyer","Silver Tier","High Probability"
12914,"Medium Spend","Frequent Buyer","Platinum Tier","High Probability"
12915,"Medium Spend","Frequent Buyer","Silver Tier","High Probability"
12916,"Medium Spend","Frequent Buyer","Silver Tier","High Probability"
12917,"High Spend","New Customer","Bronze Tier","High Probability"
12918,"High Spend","Occasional Buyer","Silver Tier","High Probability"
12919,"Medium Spend","New Customer","Bronze Tier","High Probability"
12920,"High Spend","Frequent Buyer","Gold Tier","High Probability"
12921,"Medium Spend","Frequent Buyer","Gold Tier","High Probability"
12922,"High Spend","Frequent Buyer","Silver Tier","High Probability"
12923,"High Spend","New Customer","Platinum Tier","High Probability"
12924,"High Spend","Occasional Buyer","Gold Tier","High Probability"
12925,"Low Spend","Frequent Buyer","Platinum Tier","High Probability"
12926,"High Spend","Frequent Buyer","Bronze Tier","Low Probability"
12927,"Low Spend","Occasional Buyer","Gold Tier","High Probability"
12928,"High Spend","Occasional Buyer","Silver Tier","High Probability"
12929,"High Spend","Occasional Buyer","Gold Tier","High Probability"
12930,"High Spend","Occasional Buyer","Bronze Tier","High Probability"
12931,"High Spend","Frequent Buyer","Platinum Tier","High Probability"
12932,"High Spend","Frequent Buyer","Gold Tier","High Probability"
12933,"High Spend","Frequent Buyer","Gold Tier","High Probability"
12934,"High Spend","Frequent Buyer","Silver Tier","High Probability"
12935,"High Spend","Occasional Buyer","Platinum Tier","High Probability"
12936,"High Spend","Occasional Buyer","Bronze Tier","High Probability"
12937,"High Spend","Frequent Buyer","Gold Tier","High Probability"
12938,"High Spend","Frequent Buyer","Bronze Tier","High Probability"
12939,"Medium Spend","Frequent Buyer","Bronze Tier","Low Probability"
12940,"Medium Spend","New Customer","Platinum Tier","High Probability"
12941,"High Spend","Frequent Buyer","Platinum Tier","High Probability"
12942,"Low Spend","Frequent Buyer","Platinum Tier","High Probability"
12943,"High Spend","New Customer","Gold Tier","High Probability"
12944,"High Spend","Occasional Buyer","Bronze Tier","High Probability"
12945,"High Spend","New Customer","Silver Tier","High Probability"
12946,"High Spend","Frequent Buyer","Platinum Tier","High Probability"
12947,"High Spend","Frequent Buyer","Platinum Tier","High Probability"
12948,"High Spend","Frequent Buyer","Platinum Tier","High Probability"
12949,"High Spend","Frequent Buyer","Silver Tier","High Probability"
12950,"High Spend","Occasional Buyer","Silver Tier","High Probability"
12951,"High Spend","New Customer","Gold Tier","High Probability"
12952,"High Spend","Occasional Buyer","Silver Tier","High Probability"
12953,"High Spend","Frequent Buyer","Silver Tier","High Probability"
12954,"High Spend","New Customer","Gold Tier","Low Probability"
12955,"Low Spend","Frequent Buyer","Bronze Tier","High Probability"
12956,"High Spend","Occasional Buyer","Platinum Tier","High Probability"
12957,"Medium Spend","Frequent Buyer","Platinum Tier","High Probability"
12958,"High Spend","Occasional Buyer","Bronze Tier","High Probability"
12959,"High Spend","Occasional Buyer","Platinum Tier","High Probability"
12960,"High Spend","Frequent Buyer","Silver Tier","High Probability"
12961,"High Spend","Frequent Buyer","Silver Tier","High Probability"
12962,"High Spend","New Customer","Platinum Tier","Low Probability"
12963,"High Spend","Frequent Buyer","Silver Tier","High Probability"
12964,"Medium Spend","Frequent Buyer","Silver Tier","High Probability"
12965,"High Spend","Occasional Buyer","Gold Tier","High Probability"
12966,"High Spend","Frequent Buyer","Platinum Tier","High Probability"
12967,"High Spend","Frequent Buyer","Gold Tier","High Probability"
12968,"Medium Spend","Frequent Buyer","Silver Tier","High Probability"
12969,"High Spend","Frequent Buyer","Bronze Tier","High Probability"
12970,"High Spend","New Customer","Bronze Tier","High Probability"
12971,"High Spend","Occasional Buyer","Gold Tier","High Probability"
12972,"High Spend","Occasional Buyer","Bronze Tier","High Probability"
12973,"High Spend","Frequent Buyer","Silver Tier","High Probability"
12974,"High Spend","Frequent Buyer","Silver Tier","High Probability"
12975,"High Spend","Occasional Buyer","Bronze Tier","High Probability"
12976,"High Spend","Occasional Buyer","Platinum Tier","High Probability"
12977,"High Spend","New Customer","Bronze Tier","High Probability"
12978,"High Spend","Occasional Buyer","Silver Tier","High Probability"
12979,"High Spend","Frequent Buyer","Gold Tier","High Probability"
12980,"Medium Spend","Frequent Buyer","Gold Tier","High Probability"
12981,"High Spend","Occasional Buyer","Platinum Tier","High Probability"
12982,"High Spend","Frequent Buyer","Bronze Tier","High Probability"
12983,"High Spend","Occasional Buyer","Bronze Tier","Low Probability"
12984,"High Spend","Occasional Buyer","Platinum Tier","High Probability"
12985,"High Spend","Frequent Buyer","Gold Tier","High Probability"
12986,"High Spend","Occasional Buyer","Silver Tier","High Probability"
12987,"Medium Spend","New Customer","Bronze Tier","High Probability"
12988,"Medium Spend","Frequent Buyer","Gold Tier","High Probability"
12989,"High Spend","Frequent Buyer","Gold Tier","High Probability"
12990,"High Spend","New Customer","Platinum Tier","Low Probability"
12991,"High Spend","Frequent Buyer","Gold Tier","High Probability"
12992,"High Spend","Occasional Buyer","Bronze Tier","High Probability"
12993,"High Spend","Frequent Buyer","Bronze Tier","High Probability"
12994,"Medium Spend","Frequent Buyer","Gold Tier","High Probability"
12995,"Medium Spend","Occasional Buyer","Platinum Tier","High Probability"
12996,"High Spend","Frequent Buyer","Platinum Tier","High Probability"
12997,"High Spend","Frequent Buyer","Silver Tier","High Probability"
12998,"Medium Spend","Frequent Buyer","Bronze Tier","Low Probability"
12999,"High Spend","Occasional Buyer","Platinum Tier","High Probability"
13000,"High Spend","Frequent Buyer","Platinum Tier","High Probability"
13001,"High Spend","New Customer","Silver Tier","High Probability"
13002,"High Spend","Occasional Buyer","Platinum Tier","High Probability"
13003,"Medium Spend","Frequent Buyer","Silver Tier","High Probability"
13004,"High Spend","Frequent Buyer","Bronze Tier","High Probability"
13005,"Medium Spend","Frequent Buyer","Gold Tier","High Probability"
13006,"Medium Spend","Frequent Buyer","Bronze Tier","High Probability"
13007,"High Spend","Frequent Buyer","Platinum Tier","High Probability"
13008,"High Spend","Occasional Buyer","Platinum Tier","High Probability"
13009,"Medium Spend","Frequent Buyer","Silver Tier","High Probability"
13010,"High Spend","Frequent Buyer","Gold Tier","High Probability"
13011,"High Spend","Frequent Buyer","Gold Tier","High Probability"
13012,"High Spend","New Customer","Gold Tier","High Probability"
13013,"High Spend","Occasional Buyer","Gold Tier","High Probability"
13014,"High Spend","Occasional Buyer","Gold Tier","High Probability"
13015,"High Spend","New Customer","Bronze Tier","High Probability"
13016,"High Spend","Occasional Buyer","Gold Tier","High Probability"
13017,"Medium Spend","Frequent Buyer","Platinum Tier","High Probability"
13018,"High Spend","Frequent Buyer","Bronze Tier","High Probability"
13019,"High Spend","New Customer","Platinum Tier","High Probability"
13020,"Medium Spend","Frequent Buyer","Gold Tier","High Probability"
13021,"High Spend","Frequent Buyer","Platinum Tier","High Probability"
13022,"Low Spend","Occasional Buyer","Gold Tier","High Probability"
13023,"High Spend","Frequent Buyer","Bronze Tier","High Probability"
13024,"High Spend","Frequent Buyer","Platinum Tier","High Probability"
13025,"High Spend","New Customer","Gold Tier","High Probability"
13026,"High Spend","Occasional Buyer","Gold Tier","High Probability"
13027,"High Spend","Frequent Buyer","Platinum Tier","High Probability"
13028,"High Spend","Occasional Buyer","Gold Tier","High Probability"
13029,"High Spend","Frequent Buyer","Silver Tier","High Probability"
13030,"Medium Spend","Frequent Buyer","Silver Tier","High Probability"
13031,"High Spend","Frequent Buyer","Platinum Tier","High Probability"
13032,"High Spend","Frequent Buyer","Gold Tier","High Probability"
13033,"High Spend","New Customer","Platinum Tier","High Probability"
13034,"High Spend","Frequent Buyer","Platinum Tier","High Probability"
13035,"High Spend","Occasional Buyer","Platinum Tier","High Probability"
13036,"Medium Spend","Frequent Buyer","Platinum Tier","High Probability"
13037,"High Spend","New Customer","Silver Tier","High Probability"
13038,"Medium Spend","Occasional Buyer","Gold Tier","High Probability"
13039,"Low Spend","Frequent Buyer","Platinum Tier","High Probability"
13040,"Medium Spend","Frequent Buyer","Gold Tier","High Probability"
13041,"High Spend","Frequent Buyer","Bronze Tier","High Probability"
13042,"High Spend","Occasional Buyer","Silver Tier","Low Probability"
13043,"Medium Spend","Frequent Buyer","Platinum Tier","High Probability"
13044,"Medium Spend","Frequent Buyer","Platinum Tier","High Probability"
13045,"High Spend","Occasional Buyer","Platinum Tier","High Probability"
13046,"High Spend","Frequent Buyer","Silver Tier","High Probability"
13047,"High Spend","Frequent Buyer","Silver Tier","High Probability"
13048,"High Spend","Occasional Buyer","Platinum Tier","High Probability"
13049,"High Spend","Frequent Buyer","Platinum Tier","High Probability"
13050,"High Spend","Frequent Buyer","Platinum Tier","High Probability"
13051,"High Spend","Occasional Buyer","Silver Tier","High Probability"
13052,"High Spend","Frequent Buyer","Silver Tier","High Probability"
13053,"High Spend","Frequent Buyer","Bronze Tier","High Probability"
13054,"High Spend","Occasional Buyer","Platinum Tier","High Probability"
13055,"High Spend","Frequent Buyer","Platinum Tier","High Probability"
13056,"Medium Spend","Frequent Buyer","Silver Tier","High Probability"
13057,"High Spend","New Customer","Silver Tier","High Probability"
13058,"High Spend","Occasional Buyer","Silver Tier","High Probability"
13059,"High Spend","Frequent Buyer","Gold Tier","High Probability"
13060,"High Spend","Frequent Buyer","Bronze Tier","High Probability"
13061,"High Spend","Frequent Buyer","Gold Tier","High Probability"
13062,"High Spend","New Customer","Gold Tier","High Probability"
13063,"High Spend","Frequent Buyer","Gold Tier","High Probability"
13064,"High Spend","Frequent Buyer","Platinum Tier","High Probability"
13065,"High Spend","Occasional Buyer","Silver Tier","High Probability"
13066,"High Spend","Occasional Buyer","Platinum Tier","Low Probability"
13067,"High Spend","New Customer","Silver Tier","Low Probability"
13068,"High Spend","Occasional Buyer","Platinum Tier","High Probability"
13069,"High Spend","New Customer","Gold Tier","High Probability"
13070,"High Spend","Frequent Buyer","Platinum Tier","High Probability"
13071,"High Spend","Frequent Buyer","Platinum Tier","High Probability"
13072,"High Spend","Occasional Buyer","Gold Tier","High Probability"
13073,"High Spend","Frequent Buyer","Platinum Tier","High Probability"
13074,"Medium Spend","Frequent Buyer","Gold Tier","High Probability"
13075,"High Spend","New Customer","Platinum Tier","High Probability"
13076,"High Spend","Frequent Buyer","Gold Tier","High Probability"
13077,"High Spend","Frequent Buyer","Platinum Tier","Low Probability"
13078,"High Spend","Occasional Buyer","Gold Tier","High Probability"
13079,"High Spend","Occasional Buyer","Bronze Tier","High Probability"
13080,"Medium Spend","Frequent Buyer","Platinum Tier","High Probability"
13081,"High Spend","Frequent Buyer","Silver Tier","High Probability"
13082,"Low Spend","Frequent Buyer","Platinum Tier","High Probability"
13083,"High Spend","Occasional Buyer","Platinum Tier","High Probability"
13084,"High Spend","Frequent Buyer","Gold Tier","High Probability"
13085,"High Spend","Frequent Buyer","Platinum Tier","High Probability"
13086,"Medium Spend","Frequent Buyer","Gold Tier","High Probability"
13087,"High Spend","Occasional Buyer","Platinum Tier","High Probability"
13088,"Medium Spend","Frequent Buyer","Platinum Tier","High Probability"
13089,"High Spend","Frequent Buyer","Gold Tier","High Probability"
13090,"High Spend","Occasional Buyer","Gold Tier","High Probability"
13091,"High Spend","New Customer","Platinum Tier","High Probability"
13092,"High Spend","Frequent Buyer","Gold Tier","High Probability"
13093,"High Spend","New Customer","Gold Tier","Low Probability"
13094,"High Spend","Occasional Buyer","Gold Tier","High Probability"
13095,"Medium Spend","Occasional Buyer","Bronze Tier","High Probability"
13096,"Low Spend","Frequent Buyer","Silver Tier","High Probability"
13097,"High Spend","Frequent Buyer","Gold Tier","High Probability"
13098,"High Spend","Occasional Buyer","Bronze Tier","High Probability"
13099,"High Spend","Frequent Buyer","Silver Tier","High Probability"
13100,"Medium Spend","Frequent Buyer","Platinum Tier","Low Probability"
13101,"High Spend","Frequent Buyer","Gold Tier","High Probability"
13102,"Medium Spend","Frequent Buyer","Platinum Tier","High Probability"
13103,"Medium Spend","Frequent Buyer","Silver Tier","High Probability"
13104,"High Spend","Frequent Buyer","Gold Tier","High Probability"
13105,"High Spend","Occasional Buyer","Gold Tier","High Probability"
13106,"High Spend","Occasional Buyer","Gold Tier","High Probability"
13107,"High Spend","New Customer","Gold Tier","High Probability"
13108,"Medium Spend","Frequent Buyer","Silver Tier","High Probability"
13109,"Medium Spend","Frequent Buyer","Bronze Tier","High Probability"
13110,"High Spend","Frequent Buyer","Gold Tier","High Probability"
13111,"Medium Spend","Occasional Buyer","Bronze Tier","High Probability"
13112,"High Spend","Frequent Buyer","Platinum Tier","High Probability"
13113,"High Spend","Occasional Buyer","Gold Tier","High Probability"
13114,"Medium Spend","Frequent Buyer","Platinum Tier","Low Probability"
13115,"High Spend","Frequent Buyer","Bronze Tier","High Probability"
13116,"High Spend","Frequent Buyer","Gold Tier","High Probability"
13117,"High Spend","Frequent Buyer","Gold Tier","High Probability"
13118,"High Spend","Frequent Buyer","Silver Tier","High Probability"
13119,"High Spend","Frequent Buyer","Platinum Tier","High Probability"
13120,"High Spend","Frequent Buyer","Bronze Tier","High Probability"
13121,"Low Spend","Frequent Buyer","Bronze Tier","High Probability"
13122,"High Spend","Frequent Buyer","Bronze Tier","High Probability"
13123,"Medium Spend","Frequent Buyer","Silver Tier","High Probability"
13124,"High Spend","Occasional Buyer","Gold Tier","High Probability"
13125,"Low Spend","Occasional Buyer","Gold Tier","High Probability"
13126,"High Spend","Frequent Buyer","Bronze Tier","High Probability"
13127,"High Spend","Occasional Buyer","Silver Tier","High Probability"
13128,"High Spend","Frequent Buyer","Bronze Tier","High Probability"
13129,"Medium Spend","New Customer","Platinum Tier","High Probability"
13130,"Medium Spend","Frequent Buyer","Silver Tier","High Probability"
13131,"High Spend","Occasional Buyer","Silver Tier","High Probability"
13132,"High Spend","New Customer","Silver Tier","High Probability"
13133,"High Spend","Frequent Buyer","Silver Tier","High Probability"
13134,"High Spend","Frequent Buyer","Silver Tier","High Probability"
13135,"Medium Spend","Frequent Buyer","Platinum Tier","High Probability"
13136,"High Spend","Frequent Buyer","Bronze Tier","High Probability"
13137,"High Spend","Occasional Buyer","Silver Tier","High Probability"
13138,"Medium Spend","Occasional Buyer","Bronze Tier","Low Probability"
13139,"High Spend","Frequent Buyer","Gold Tier","High Probability"
13140,"High Spend","Frequent Buyer","Gold Tier","Low Probability"
13141,"Low Spend","Occasional Buyer","Platinum Tier","High Probability"
13142,"Medium Spend","Frequent Buyer","Platinum Tier","High Probability"
13143,"High Spend","Frequent Buyer","Silver Tier","High Probability"
13144,"Medium Spend","Frequent Buyer","Platinum Tier","Low Probability"
13145,"High Spend","Occasional Buyer","Silver Tier","High Probability"
13146,"High Spend","Frequent Buyer","Bronze Tier","High Probability"
13147,"Medium Spend","Occasional Buyer","Gold Tier","High Probability"
13148,"High Spend","New Customer","Gold Tier","High Probability"
13149,"High Spend","New Customer","Platinum Tier","High Probability"
13150,"High Spend","Frequent Buyer","Silver Tier","High Probability"
13151,"High Spend","Frequent Buyer","Bronze Tier","High Probability"
13152,"Low Spend","Frequent Buyer","Silver Tier","High Probability"
13153,"High Spend","Occasional Buyer","Platinum Tier","High Probability"
13154,"High Spend","Frequent Buyer","Platinum Tier","High Probability"
13155,"High Spend","Occasional Buyer","Bronze Tier","High Probability"
13156,"High Spend","Occasional Buyer","Gold Tier","High Probability"
13157,"High Spend","Frequent Buyer","Gold Tier","High Probability"
13158,"High Spend","New Customer","Silver Tier","High Probability"
13159,"High Spend","Frequent Buyer","Platinum Tier","High Probability"
13160,"High Spend","Frequent Buyer","Silver Tier","High Probability"
13161,"High Spend","New Customer","Gold Tier","High Probability"
13162,"Medium Spend","Frequent Buyer","Platinum Tier","High Probability"
13163,"High Spend","Frequent Buyer","Platinum Tier","High Probability"
13164,"High Spend","Frequent Buyer","Gold Tier","High Probability"
13165,"High Spend","New Customer","Gold Tier","Low Probability"
13166,"High Spend","Occasional Buyer","Bronze Tier","High Probability"
13167,"High Spend","Frequent Buyer","Platinum Tier","High Probability"
13168,"High Spend","Frequent Buyer","Silver Tier","High Probability"
13169,"Low Spend","Frequent Buyer","Silver Tier","Low Probability"
13170,"High Spend","Occasional Buyer","Gold Tier","High Probability"
13171,"High Spend","Frequent Buyer","Silver Tier","High Probability"
13172,"Medium Spend","Occasional Buyer","Bronze Tier","Low Probability"
13173,"High Spend","Occasional Buyer","Platinum Tier","Low Probability"
13174,"High Spend","Occasional Buyer","Gold Tier","High Probability"
13175,"High Spend","Frequent Buyer","Silver Tier","High Probability"
13176,"High Spend","Occasional Buyer","Gold Tier","High Probability"
13177,"High Spend","Frequent Buyer","Bronze Tier","High Probability"
13178,"Medium Spend","Frequent Buyer","Silver Tier","High Probability"
13179,"High Spend","Frequent Buyer","Gold Tier","High Probability"
13180,"High Spend","Frequent Buyer","Bronze Tier","Low Probability"
13181,"High Spend","Frequent Buyer","Silver Tier","High Probability"
13182,"Medium Spend","Occasional Buyer","Platinum Tier","High Probability"
13183,"Medium Spend","Occasional Buyer","Platinum Tier","High Probability"
13184,"Medium Spend","Occasional Buyer","Silver Tier","High Probability"
13185,"High Spend","Frequent Buyer","Platinum Tier","High Probability"
13186,"Medium Spend","Frequent Buyer","Platinum Tier","High Probability"
13187,"High Spend","Frequent Buyer","Silver Tier","High Probability"
13188,"High Spend","Occasional Buyer","Gold Tier","High Probability"
13189,"Low Spend","Frequent Buyer","Platinum Tier","High Probability"
13190,"High Spend","New Customer","Platinum Tier","Low Probability"
13191,"Medium Spend","Frequent Buyer","Silver Tier","Low Probability"
13192,"High Spend","Frequent Buyer","Silver Tier","High Probability"
13193,"High Spend","Frequent Buyer","Silver Tier","High Probability"
13194,"High Spend","Frequent Buyer","Gold Tier","High Probability"
13195,"Low Spend","Frequent Buyer","Platinum Tier","High Probability"
13196,"High Spend","Occasional Buyer","Gold Tier","High Probability"
13197,"High Spend","Frequent Buyer","Platinum Tier","High Probability"
13198,"High Spend","Occasional Buyer","Gold Tier","High Probability"
13199,"Medium Spend","Frequent Buyer","Gold Tier","High Probability"
13200,"High Spend","Occasional Buyer","Silver Tier","High Probability"
13201,"High Spend","Frequent Buyer","Bronze Tier","High Probability"
13202,"High Spend","Occasional Buyer","Platinum Tier","High Probability"
13203,"High Spend","Frequent Buyer","Bronze Tier","High Probability"
13204,"High Spend","Frequent Buyer","Platinum Tier","High Probability"
13205,"High Spend","Frequent Buyer","Platinum Tier","High Probability"
13206,"Medium Spend","New Customer","Silver Tier","High Probability"
13207,"High Spend","Occasional Buyer","Platinum Tier","High Probability"
13208,"High Spend","Occasional Buyer","Bronze Tier","High Probability"
13209,"Medium Spend","Occasional Buyer","Platinum Tier","High Probability"
13210,"High Spend","Frequent Buyer","Platinum Tier","High Probability"
13211,"Medium Spend","Frequent Buyer","Platinum Tier","High Probability"
13212,"High Spend","Occasional Buyer","Gold Tier","Low Probability"
13213,"High Spend","Occasional Buyer","Bronze Tier","High Probability"
13214,"High Spend","Frequent Buyer","Platinum Tier","High Probability"
13215,"Low Spend","Frequent Buyer","Gold Tier","High Probability"
13216,"Low Spend","Frequent Buyer","Bronze Tier","Low Probability"
13217,"Medium Spend","New Customer","Bronze Tier","Low Probability"
13218,"High Spend","Frequent Buyer","Gold Tier","High Probability"
13219,"High Spend","Frequent Buyer","Bronze Tier","High Probability"
13220,"High Spend","Frequent Buyer","Gold Tier","High Probability"
13221,"High Spend","Occasional Buyer","Platinum Tier","High Probability"
13222,"High Spend","Frequent Buyer","Silver Tier","High Probability"
13223,"Medium Spend","New Customer","Gold Tier","High Probability"
13224,"High Spend","Frequent Buyer","Platinum Tier","High Probability"
13225,"High Spend","Frequent Buyer","Gold Tier","Low Probability"
13226,"High Spend","Frequent Buyer","Gold Tier","High Probability"
13227,"High Spend","Frequent Buyer","Gold Tier","High Probability"
13228,"High Spend","New Customer","Platinum Tier","High Probability"
13229,"High Spend","Frequent Buyer","Silver Tier","High Probability"
13230,"Medium Spend","Frequent Buyer","Bronze Tier","High Probability"
13231,"High Spend","Frequent Buyer","Bronze Tier","High Probability"
13232,"Medium Spend","Frequent Buyer","Bronze Tier","High Probability"
13233,"High Spend","Frequent Buyer","Silver Tier","High Probability"
13234,"Medium Spend","Frequent Buyer","Gold Tier","High Probability"
13235,"Medium Spend","Frequent Buyer","Gold Tier","High Probability"
13236,"High Spend","New Customer","Silver Tier","High Probability"
13237,"High Spend","Occasional Buyer","Silver Tier","Low Probability"
13238,"High Spend","Frequent Buyer","Gold Tier","High Probability"
13239,"Medium Spend","Frequent Buyer","Platinum Tier","High Probability"
13240,"High Spend","Occasional Buyer","Silver Tier","High Probability"
13241,"High Spend","Frequent Buyer","Bronze Tier","High Probability"
13242,"High Spend","Frequent Buyer","Silver Tier","High Probability"
13243,"Medium Spend","Occasional Buyer","Silver Tier","High Probability"
13244,"Medium Spend","Occasional Buyer","Platinum Tier","High Probability"
13245,"High Spend","Frequent Buyer","Platinum Tier","High Probability"
13246,"High Spend","Frequent Buyer","Gold Tier","High Probability"
13247,"High Spend","New Customer","Platinum Tier","High Probability"
13248,"High Spend","Frequent Buyer","Silver Tier","High Probability"
13249,"High Spend","Frequent Buyer","Platinum Tier","High Probability"
13250,"High Spend","Frequent Buyer","Platinum Tier","High Probability"
13251,"High Spend","Frequent Buyer","Platinum Tier","Low Probability"
13252,"High Spend","New Customer","Gold Tier","High Probability"
13253,"Medium Spend","New Customer","Platinum Tier","High Probability"
13254,"Medium Spend","Frequent Buyer","Silver Tier","High Probability"
13255,"High Spend","Occasional Buyer","Bronze Tier","High Probability"
13256,"High Spend","Occasional Buyer","Bronze Tier","High Probability"
13257,"High Spend","Frequent Buyer","Silver Tier","High Probability"
13258,"Medium Spend","Frequent Buyer","Bronze Tier","High Probability"
13259,"Medium Spend","Occasional Buyer","Bronze Tier","High Probability"
13260,"High Spend","Frequent Buyer","Silver Tier","High Probability"
13261,"High Spend","Frequent Buyer","Platinum Tier","High Probability"
13262,"High Spend","New Customer","Gold Tier","High Probability"
13263,"High Spend","New Customer","Gold Tier","High Probability"
13264,"High Spend","Frequent Buyer","Bronze Tier","High Probability"
13265,"High Spend","Frequent Buyer","Platinum Tier","High Probability"
13266,"Medium Spend","Frequent Buyer","Silver Tier","Low Probability"
13267,"High Spend","New Customer","Bronze Tier","High Probability"
13268,"Medium Spend","Frequent Buyer","Gold Tier","High Probability"
13269,"Medium Spend","New Customer","Bronze Tier","High Probability"
13270,"High Spend","Occasional Buyer","Gold Tier","High Probability"
13271,"High Spend","Frequent Buyer","Bronze Tier","Low Probability"
13272,"High Spend","Frequent Buyer","Silver Tier","High Probability"
13273,"High Spend","New Customer","Bronze Tier","High Probability"
13274,"Medium Spend","Frequent Buyer","Platinum Tier","High Probability"
13275,"Low Spend","Occasional Buyer","Bronze Tier","High Probability"
13276,"High Spend","Occasional Buyer","Bronze Tier","High Probability"
13277,"High Spend","Frequent Buyer","Gold Tier","High Probability"
13278,"High Spend","Frequent Buyer","Platinum Tier","High Probability"
13279,"High Spend","Frequent Buyer","Silver Tier","High Probability"
13280,"High Spend","Occasional Buyer","Platinum Tier","High Probability"
13281,"High Spend","Occasional Buyer","Silver Tier","Low Probability"
13282,"Low Spend","Frequent Buyer","Silver Tier","High Probability"
13283,"High Spend","Frequent Buyer","Gold Tier","High Probability"
13284,"High Spend","Frequent Buyer","Gold Tier","High Probability"
13285,"High Spend","Frequent Buyer","Platinum Tier","High Probability"
13286,"High Spend","Occasional Buyer","Platinum Tier","High Probability"
13287,"High Spend","Occasional Buyer","Gold Tier","High Probability"
13288,"Medium Spend","Occasional Buyer","Gold Tier","High Probability"
13289,"High Spend","Frequent Buyer","Bronze Tier","High Probability"
13290,"High Spend","Frequent Buyer","Gold Tier","High Probability"
13291,"High Spend","Frequent Buyer","Silver Tier","High Probability"
13292,"High Spend","Frequent Buyer","Platinum Tier","High Probability"
13293,"High Spend","Frequent Buyer","Bronze Tier","High Probability"
13294,"High Spend","Frequent Buyer","Platinum Tier","High Probability"
13295,"Low Spend","Frequent Buyer","Silver Tier","High Probability"
13296,"High Spend","Frequent Buyer","Gold Tier","High Probability"
13297,"High Spend","Frequent Buyer","Silver Tier","High Probability"
13298,"High Spend","Frequent Buyer","Gold Tier","High Probability"
13299,"Medium Spend","Frequent Buyer","Gold Tier","High Probability"
13300,"Medium Spend","Occasional Buyer","Silver Tier","High Probability"
13301,"High Spend","Occasional Buyer","Platinum Tier","High Probability"
13302,"High Spend","Frequent Buyer","Platinum Tier","High Probability"
13303,"Medium Spend","Frequent Buyer","Gold Tier","High Probability"
13304,"High Spend","Frequent Buyer","Gold Tier","High Probability"
13305,"High Spend","Occasional Buyer","Gold Tier","High Probability"
13306,"High Spend","Frequent Buyer","Silver Tier","High Probability"
13307,"High Spend","Frequent Buyer","Platinum Tier","High Probability"
13308,"High Spend","Frequent Buyer","Silver Tier","High Probability"
13309,"Medium Spend","Frequent Buyer","Gold Tier","High Probability"
13310,"High Spend","Occasional Buyer","Bronze Tier","High Probability"
13311,"Medium Spend","Frequent Buyer","Gold Tier","High Probability"
13312,"High Spend","Occasional Buyer","Silver Tier","High Probability"
13313,"High Spend","Occasional Buyer","Platinum Tier","High Probability"
13314,"Medium Spend","Occasional Buyer","Bronze Tier","High Probability"
13315,"High Spend","Frequent Buyer","Silver Tier","High Probability"
13316,"High Spend","Frequent Buyer","Gold Tier","High Probability"
13317,"Medium Spend","Occasional Buyer","Gold Tier","High Probability"
13318,"High Spend","Occasional Buyer","Gold Tier","High Probability"
13319,"High Spend","Frequent Buyer","Gold Tier","High Probability"
13320,"High Spend","Frequent Buyer","Gold Tier","High Probability"
13321,"High Spend","Frequent Buyer","Gold Tier","High Probability"
13322,"High Spend","Frequent Buyer","Silver Tier","High Probability"
13323,"Medium Spend","Occasional Buyer","Platinum Tier","High Probability"
13324,"Medium Spend","New Customer","Platinum Tier","High Probability"
13325,"High Spend","Frequent Buyer","Bronze Tier","High Probability"
13326,"High Spend","Frequent Buyer","Platinum Tier","High Probability"
13327,"Medium Spend","Frequent Buyer","Platinum Tier","High Probability"
13328,"High Spend","Occasional Buyer","Platinum Tier","Low Probability"
13329,"High Spend","Frequent Buyer","Silver Tier","High Probability"
13330,"High Spend","Frequent Buyer","Platinum Tier","High Probability"
13331,"High Spend","Frequent Buyer","Platinum Tier","High Probability"
13332,"High Spend","Occasional Buyer","Silver Tier","High Probability"
13333,"High Spend","Occasional Buyer","Platinum Tier","Low Probability"
13334,"High Spend","Frequent Buyer","Gold Tier","High Probability"
13335,"High Spend","Occasional Buyer","Bronze Tier","High Probability"
13336,"High Spend","Frequent Buyer","Silver Tier","High Probability"
13337,"Medium Spend","Occasional Buyer","Silver Tier","High Probability"
13338,"High Spend","Occasional Buyer","Gold Tier","High Probability"
13339,"High Spend","Frequent Buyer","Silver Tier","Low Probability"
13340,"High Spend","Frequent Buyer","Gold Tier","High Probability"
13341,"High Spend","Frequent Buyer","Gold Tier","High Probability"
13342,"High Spend","New Customer","Silver Tier","High Probability"
13343,"High Spend","Frequent Buyer","Platinum Tier","High Probability"
13344,"High Spend","Frequent Buyer","Platinum Tier","High Probability"
13345,"Medium Spend","Frequent Buyer","Bronze Tier","High Probability"
13346,"High Spend","New Customer","Gold Tier","High Probability"
13347,"High Spend","Frequent Buyer","Gold Tier","High Probability"
13348,"High Spend","Occasional Buyer","Platinum Tier","High Probability"
13349,"Medium Spend","Occasional Buyer","Gold Tier","High Probability"
13350,"High Spend","Occasional Buyer","Platinum Tier","High Probability"
13351,"High Spend","Frequent Buyer","Gold Tier","High Probability"
13352,"Medium Spend","Occasional Buyer","Platinum Tier","High Probability"
13353,"High Spend","Occasional Buyer","Platinum Tier","Low Probability"
13354,"High Spend","Frequent Buyer","Gold Tier","High Probability"
13355,"High Spend","Occasional Buyer","Gold Tier","High Probability"
13356,"High Spend","Occasional Buyer","Silver Tier","High Probability"
13357,"Medium Spend","Frequent Buyer","Silver Tier","High Probability"
13358,"High Spend","Frequent Buyer","Bronze Tier","High Probability"
13359,"Medium Spend","Occasional Buyer","Bronze Tier","High Probability"
13360,"High Spend","Frequent Buyer","Bronze Tier","High Probability"
13361,"High Spend","Occasional Buyer","Gold Tier","High Probability"
13362,"High Spend","Occasional Buyer","Gold Tier","Low Probability"
13363,"Medium Spend","Frequent Buyer","Platinum Tier","High Probability"
13364,"High Spend","Occasional Buyer","Bronze Tier","High Probability"
13365,"High Spend","Occasional Buyer","Bronze Tier","High Probability"
13366,"High Spend","Frequent Buyer","Silver Tier","High Probability"
13367,"High Spend","Occasional Buyer","Silver Tier","High Probability"
13368,"High Spend","Frequent Buyer","Bronze Tier","High Probability"
13369,"Low Spend","Frequent Buyer","Gold Tier","High Probability"
13370,"Medium Spend","Frequent Buyer","Silver Tier","High Probability"
13371,"Medium Spend","Frequent Buyer","Gold Tier","High Probability"
13372,"High Spend","Occasional Buyer","Silver Tier","High Probability"
13373,"High Spend","Frequent Buyer","Gold Tier","High Probability"
13374,"High Spend","Frequent Buyer","Silver Tier","High Probability"
13375,"High Spend","Frequent Buyer","Platinum Tier","High Probability"
13376,"High Spend","Frequent Buyer","Platinum Tier","High Probability"
13377,"High Spend","Occasional Buyer","Platinum Tier","High Probability"
13378,"High Spend","Occasional Buyer","Platinum Tier","High Probability"
13379,"High Spend","Frequent Buyer","Silver Tier","High Probability"
13380,"Medium Spend","Occasional Buyer","Bronze Tier","Low Probability"
13381,"High Spend","Occasional Buyer","Bronze Tier","High Probability"
13382,"Medium Spend","Occasional Buyer","Silver Tier","High Probability"
13383,"High Spend","Frequent Buyer","Silver Tier","High Probability"
13384,"High Spend","New Customer","Gold Tier","Low Probability"
13385,"Medium Spend","Occasional Buyer","Bronze Tier","Low Probability"
13386,"High Spend","Occasional Buyer","Platinum Tier","High Probability"
13387,"High Spend","Frequent Buyer","Platinum Tier","High Probability"
13388,"High Spend","Occasional Buyer","Gold Tier","High Probability"
13389,"High Spend","Frequent Buyer","Silver Tier","High Probability"
13390,"High Spend","Frequent Buyer","Platinum Tier","High Probability"
13391,"High Spend","Frequent Buyer","Silver Tier","High Probability"
13392,"High Spend","Frequent Buyer","Bronze Tier","High Probability"
13393,"High Spend","Frequent Buyer","Platinum Tier","High Probability"
13394,"High Spend","Frequent Buyer","Gold Tier","High Probability"
13395,"High Spend","Frequent Buyer","Gold Tier","High Probability"
13396,"Medium Spend","Occasional Buyer","Platinum Tier","High Probability"
13397,"High Spend","Frequent Buyer","Platinum Tier","High Probability"
13398,"High Spend","Frequent Buyer","Gold Tier","High Probability"
13399,"High Spend","New Customer","Silver Tier","High Probability"
13400,"High Spend","Occasional Buyer","Platinum Tier","High Probability"
13401,"Medium Spend","Occasional Buyer","Bronze Tier","Low Probability"
13402,"High Spend","Frequent Buyer","Gold Tier","High Probability"
13403,"Medium Spend","Occasional Buyer","Platinum Tier","High Probability"
13404,"High Spend","Occasional Buyer","Silver Tier","High Probability"
13405,"High Spend","Frequent Buyer","Gold Tier","High Probability"
13406,"Medium Spend","Frequent Buyer","Bronze Tier","High Probability"
13407,"High Spend","Occasional Buyer","Bronze Tier","High Probability"
13408,"High Spend","Frequent Buyer","Silver Tier","High Probability"
13409,"High Spend","Frequent Buyer","Platinum Tier","High Probability"
13410,"High Spend","Frequent Buyer","Platinum Tier","High Probability"
13411,"High Spend","Frequent Buyer","Platinum Tier","High Probability"
13412,"High Spend","Frequent Buyer","Gold Tier","High Probability"
13413,"Medium Spend","New Customer","Gold Tier","High Probability"
13414,"High Spend","Frequent Buyer","Platinum Tier","High Probability"
13415,"High Spend","Frequent Buyer","Platinum Tier","High Probability"
13416,"High Spend","New Customer","Silver Tier","High Probability"
13417,"High Spend","Frequent Buyer","Platinum Tier","High Probability"
13418,"High Spend","Occasional Buyer","Gold Tier","High Probability"
13419,"High Spend","Frequent Buyer","Gold Tier","High Probability"
13420,"High Spend","Frequent Buyer","Gold Tier","High Probability"
13421,"High Spend","Frequent Buyer","Silver Tier","High Probability"
13422,"High Spend","Frequent Buyer","Platinum Tier","High Probability"
13423,"High Spend","Occasional Buyer","Platinum Tier","Low Probability"
13424,"High Spend","Occasional Buyer","Platinum Tier","High Probability"
13425,"High Spend","Frequent Buyer","Gold Tier","High Probability"
13426,"High Spend","Frequent Buyer","Gold Tier","High Probability"
13427,"High Spend","Frequent Buyer","Platinum Tier","High Probability"
13428,"High Spend","Frequent Buyer","Silver Tier","High Probability"
13429,"High Spend","Occasional Buyer","Platinum Tier","High Probability"
13430,"High Spend","New Customer","Platinum Tier","High Probability"
13431,"Low Spend","Frequent Buyer","Silver Tier","High Probability"
13432,"Medium Spend","Occasional Buyer","Platinum Tier","High Probability"
13433,"Medium Spend","Frequent Buyer","Platinum Tier","High Probability"
13434,"High Spend","Frequent Buyer","Silver Tier","High Probability"
13435,"High Spend","Occasional Buyer","Platinum Tier","High Probability"
13436,"High Spend","Occasional Buyer","Bronze Tier","Low Probability"
13437,"High Spend","Frequent Buyer","Bronze Tier","High Probability"
13438,"High Spend","Frequent Buyer","Platinum Tier","High Probability"
13439,"High Spend","Frequent Buyer","Bronze Tier","High Probability"
13440,"Medium Spend","Frequent Buyer","Platinum Tier","High Probability"
13441,"High Spend","Occasional Buyer","Gold Tier","High Probability"
13442,"High Spend","Occasional Buyer","Platinum Tier","High Probability"
13443,"High Spend","Frequent Buyer","Gold Tier","High Probability"
13444,"High Spend","Occasional Buyer","Bronze Tier","High Probability"
13445,"Medium Spend","Occasional Buyer","Bronze Tier","Low Probability"
13446,"Medium Spend","Occasional Buyer","Platinum Tier","High Probability"
13447,"High Spend","Occasional Buyer","Gold Tier","High Probability"
13448,"High Spend","Frequent Buyer","Platinum Tier","High Probability"
13449,"Medium Spend","Frequent Buyer","Platinum Tier","High Probability"
13450,"High Spend","Frequent Buyer","Platinum Tier","High Probability"
13451,"Medium Spend","New Customer","Bronze Tier","Low Probability"
13452,"High Spend","Frequent Buyer","Silver Tier","High Probability"
13453,"High Spend","Frequent Buyer","Silver Tier","High Probability"
13454,"High Spend","Frequent Buyer","Bronze Tier","Low Probability"
13455,"High Spend","Frequent Buyer","Gold Tier","Low Probability"
13456,"High Spend","Frequent Buyer","Bronze Tier","High Probability"
13457,"Medium Spend","New Customer","Platinum Tier","High Probability"
13458,"Medium Spend","Frequent Buyer","Bronze Tier","High Probability"
13459,"High Spend","Occasional Buyer","Silver Tier","High Probability"
13460,"High Spend","Frequent Buyer","Bronze Tier","High Probability"
13461,"Medium Spend","Frequent Buyer","Silver Tier","High Probability"
13462,"Medium Spend","Frequent Buyer","Silver Tier","High Probability"
13463,"High Spend","Occasional Buyer","Platinum Tier","High Probability"
13464,"Medium Spend","Frequent Buyer","Bronze Tier","High Probability"
13465,"High Spend","Frequent Buyer","Platinum Tier","High Probability"
13466,"High Spend","Frequent Buyer","Bronze Tier","High Probability"
13467,"High Spend","Frequent Buyer","Gold Tier","High Probability"
13468,"High Spend","Frequent Buyer","Platinum Tier","High Probability"
13469,"High Spend","Occasional Buyer","Platinum Tier","Low Probability"
13470,"High Spend","Frequent Buyer","Bronze Tier","High Probability"
13471,"High Spend","Frequent Buyer","Bronze Tier","High Probability"
13472,"High Spend","Frequent Buyer","Silver Tier","High Probability"
13473,"High Spend","Frequent Buyer","Gold Tier","High Probability"
13474,"High Spend","Frequent Buyer","Silver Tier","High Probability"
13475,"Medium Spend","Frequent Buyer","Silver Tier","High Probability"
13476,"High Spend","Occasional Buyer","Gold Tier","High Probability"
13477,"High Spend","Frequent Buyer","Silver Tier","High Probability"
13478,"High Spend","Frequent Buyer","Platinum Tier","High Probability"
13479,"Low Spend","Frequent Buyer","Platinum Tier","High Probability"
13480,"High Spend","Occasional Buyer","Silver Tier","High Probability"
13481,"Medium Spend","Occasional Buyer","Silver Tier","High Probability"
13482,"Medium Spend","Frequent Buyer","Gold Tier","High Probability"
13483,"High Spend","Occasional Buyer","Platinum Tier","High Probability"
13484,"High Spend","Frequent Buyer","Silver Tier","High Probability"
13485,"High Spend","Frequent Buyer","Gold Tier","High Probability"
13486,"High Spend","Occasional Buyer","Silver Tier","High Probability"
13487,"High Spend","Frequent Buyer","Gold Tier","High Probability"
13488,"High Spend","Frequent Buyer","Gold Tier","High Probability"
13489,"High Spend","Occasional Buyer","Bronze Tier","High Probability"
13490,"Low Spend","Occasional Buyer","Bronze Tier","High Probability"
13491,"Medium Spend","Occasional Buyer","Gold Tier","High Probability"
13492,"Medium Spend","Frequent Buyer","Platinum Tier","High Probability"
13493,"High Spend","Frequent Buyer","Platinum Tier","High Probability"
13494,"High Spend","Occasional Buyer","Silver Tier","High Probability"
13495,"High Spend","Frequent Buyer","Gold Tier","High Probability"
13496,"High Spend","Frequent Buyer","Gold Tier","High Probability"
13497,"High Spend","New Customer","Gold Tier","High Probability"
13498,"High Spend","Frequent Buyer","Silver Tier","High Probability"
13499,"Medium Spend","Frequent Buyer","Gold Tier","High Probability"
13500,"High Spend","Occasional Buyer","Platinum Tier","High Probability"
13501,"High Spend","Frequent Buyer","Gold Tier","High Probability"
13502,"High Spend","Occasional Buyer","Gold Tier","High Probability"
13503,"High Spend","Occasional Buyer","Platinum Tier","High Probability"
13504,"Medium Spend","Frequent Buyer","Platinum Tier","High Probability"
13505,"High Spend","Occasional Buyer","Platinum Tier","High Probability"
13506,"High Spend","Frequent Buyer","Gold Tier","High Probability"
13507,"High Spend","New Customer","Platinum Tier","High Probability"
13508,"High Spend","Occasional Buyer","Platinum Tier","High Probability"
13509,"Medium Spend","Frequent Buyer","Silver Tier","High Probability"
13510,"High Spend","Frequent Buyer","Silver Tier","High Probability"
13511,"Low Spend","Frequent Buyer","Silver Tier","High Probability"
13512,"High Spend","Frequent Buyer","Silver Tier","High Probability"
13513,"High Spend","Frequent Buyer","Bronze Tier","High Probability"
13514,"High Spend","Frequent Buyer","Platinum Tier","High Probability"
13515,"Medium Spend","Frequent Buyer","Silver Tier","High Probability"
13516,"High Spend","Frequent Buyer","Bronze Tier","High Probability"
13517,"High Spend","Frequent Buyer","Bronze Tier","High Probability"
13518,"Medium Spend","Frequent Buyer","Gold Tier","High Probability"
13519,"Medium Spend","Frequent Buyer","Platinum Tier","High Probability"
13520,"High Spend","Frequent Buyer","Gold Tier","High Probability"
13521,"Medium Spend","Occasional Buyer","Platinum Tier","High Probability"
13522,"Medium Spend","Frequent Buyer","Bronze Tier","High Probability"
13523,"High Spend","Frequent Buyer","Platinum Tier","High Probability"
13524,"Medium Spend","Frequent Buyer","Silver Tier","Low Probability"
13525,"High Spend","Frequent Buyer","Bronze Tier","High Probability"
13526,"High Spend","Frequent Buyer","Platinum Tier","High Probability"
13527,"High Spend","Occasional Buyer","Bronze Tier","High Probability"
13528,"Medium Spend","Frequent Buyer","Silver Tier","High Probability"
13529,"High Spend","Frequent Buyer","Platinum Tier","High Probability"
13530,"High Spend","Occasional Buyer","Gold Tier","Low Probability"
13531,"High Spend","Frequent Buyer","Silver Tier","High Probability"
13532,"High Spend","Occasional Buyer","Gold Tier","Low Probability"
13533,"High Spend","Frequent Buyer","Platinum Tier","High Probability"
13534,"High Spend","Occasional Buyer","Platinum Tier","High Probability"
13535,"Medium Spend","Frequent Buyer","Platinum Tier","High Probability"
13536,"High Spend","Frequent Buyer","Gold Tier","High Probability"
13537,"High Spend","Frequent Buyer","Silver Tier","High Probability"
13538,"High Spend","Frequent Buyer","Platinum Tier","High Probability"
13539,"High Spend","Frequent Buyer","Bronze Tier","High Probability"
13540,"High Spend","Frequent Buyer","Bronze Tier","High Probability"
13541,"High Spend","Frequent Buyer","Gold Tier","Low Probability"
13542,"High Spend","Frequent Buyer","Gold Tier","High Probability"
13543,"High Spend","New Customer","Bronze Tier","Low Probability"
13544,"Medium Spend","New Customer","Gold Tier","High Probability"
13545,"High Spend","New Customer","Gold Tier","High Probability"
13546,"High Spend","Occasional Buyer","Gold Tier","Low Probability"
13547,"High Spend","Occasional Buyer","Bronze Tier","High Probability"
13548,"High Spend","Frequent Buyer","Platinum Tier","High Probability"
13549,"High Spend","Frequent Buyer","Bronze Tier","High Probability"
13550,"High Spend","Frequent Buyer","Gold Tier","High Probability"
13551,"High Spend","Occasional Buyer","Gold Tier","High Probability"
13552,"High Spend","Occasional Buyer","Platinum Tier","High Probability"
13553,"High Spend","Frequent Buyer","Gold Tier","High Probability"
13554,"Medium Spend","Frequent Buyer","Platinum Tier","High Probability"
13555,"Medium Spend","Frequent Buyer","Gold Tier","High Probability"
13556,"High Spend","Frequent Buyer","Platinum Tier","High Probability"
13557,"Medium Spend","Occasional Buyer","Silver Tier","High Probability"
13558,"High Spend","Frequent Buyer","Platinum Tier","High Probability"
13559,"High Spend","Frequent Buyer","Silver Tier","High Probability"
13560,"Medium Spend","Frequent Buyer","Silver Tier","High Probability"
13561,"High Spend","Frequent Buyer","Platinum Tier","High Probability"
13562,"High Spend","Frequent Buyer","Gold Tier","High Probability"
13563,"High Spend","Frequent Buyer","Bronze Tier","High Probability"
13564,"High Spend","Frequent Buyer","Silver Tier","High Probability"
13565,"Medium Spend","Occasional Buyer","Bronze Tier","High Probability"
13566,"High Spend","Frequent Buyer","Bronze Tier","High Probability"
13567,"High Spend","Frequent Buyer","Platinum Tier","High Probability"
13568,"Medium Spend","Frequent Buyer","Gold Tier","Low Probability"
13569,"High Spend","Occasional Buyer","Gold Tier","High Probability"
13570,"High Spend","Frequent Buyer","Gold Tier","High Probability"
13571,"High Spend","Frequent Buyer","Bronze Tier","High Probability"
13572,"High Spend","Occasional Buyer","Bronze Tier","High Probability"
13573,"High Spend","Frequent Buyer","Bronze Tier","High Probability"
13574,"High Spend","Frequent Buyer","Silver Tier","High Probability"
13575,"High Spend","Occasional Buyer","Platinum Tier","High Probability"
13576,"High Spend","Occasional Buyer","Silver Tier","High Probability"
13577,"High Spend","Frequent Buyer","Platinum Tier","High Probability"
13578,"High Spend","Frequent Buyer","Platinum Tier","High Probability"
13579,"High Spend","Frequent Buyer","Bronze Tier","High Probability"
13580,"High Spend","Occasional Buyer","Bronze Tier","High Probability"
13581,"High Spend","Frequent Buyer","Gold Tier","High Probability"
13582,"High Spend","New Customer","Silver Tier","High Probability"
13583,"High Spend","Frequent Buyer","Silver Tier","High Probability"
13584,"High Spend","Frequent Buyer","Gold Tier","High Probability"
13585,"Low Spend","Frequent Buyer","Bronze Tier","Low Probability"
13586,"High Spend","New Customer","Bronze Tier","High Probability"
13587,"High Spend","New Customer","Platinum Tier","High Probability"
13588,"High Spend","Frequent Buyer","Platinum Tier","High Probability"
13589,"High Spend","Frequent Buyer","Bronze Tier","High Probability"
13590,"Medium Spend","Occasional Buyer","Silver Tier","High Probability"
13591,"High Spend","Occasional Buyer","Silver Tier","Low Probability"
13592,"High Spend","Frequent Buyer","Silver Tier","High Probability"
13593,"High Spend","Occasional Buyer","Bronze Tier","High Probability"
13594,"Medium Spend","Occasional Buyer","Bronze Tier","High Probability"
13595,"High Spend","Occasional Buyer","Silver Tier","High Probability"
13596,"High Spend","Occasional Buyer","Gold Tier","High Probability"
13597,"High Spend","Frequent Buyer","Platinum Tier","High Probability"
13598,"High Spend","Frequent Buyer","Platinum Tier","High Probability"
13599,"Low Spend","Frequent Buyer","Bronze Tier","High Probability"
13600,"High Spend","Frequent Buyer","Platinum Tier","High Probability"
13601,"High Spend","Occasional Buyer","Gold Tier","High Probability"
13602,"High Spend","Occasional Buyer","Platinum Tier","High Probability"
13603,"High Spend","Frequent Buyer","Silver Tier","High Probability"
13604,"High Spend","New Customer","Bronze Tier","Low Probability"
13605,"High Spend","Occasional Buyer","Platinum Tier","High Probability"
13606,"High Spend","Frequent Buyer","Silver Tier","High Probability"
13607,"High Spend","Frequent Buyer","Platinum Tier","High Probability"
13608,"High Spend","Frequent Buyer","Gold Tier","High Probability"
13609,"High Spend","Frequent Buyer","Bronze Tier","High Probability"
13610,"High Spend","Occasional Buyer","Platinum Tier","High Probability"
13611,"High Spend","Occasional Buyer","Silver Tier","High Probability"
13612,"High Spend","Frequent Buyer","Gold Tier","High Probability"
13613,"High Spend","Frequent Buyer","Gold Tier","High Probability"
13614,"High Spend","Frequent Buyer","Bronze Tier","Low Probability"
13615,"High Spend","Frequent Buyer","Silver Tier","High Probability"
13616,"High Spend","Frequent Buyer","Bronze Tier","High Probability"
13617,"High Spend","Occasional Buyer","Gold Tier","High Probability"
13618,"High Spend","New Customer","Platinum Tier","High Probability"
13619,"High Spend","Occasional Buyer","Platinum Tier","High Probability"
13620,"High Spend","Frequent Buyer","Platinum Tier","High Probability"
13621,"High Spend","Frequent Buyer","Gold Tier","High Probability"
13622,"Medium Spend","Occasional Buyer","Bronze Tier","High Probability"
13623,"High Spend","Frequent Buyer","Platinum Tier","High Probability"
13624,"High Spend","Frequent Buyer","Silver Tier","High Probability"
13625,"High Spend","Occasional Buyer","Platinum Tier","High Probability"
13626,"High Spend","Frequent Buyer","Bronze Tier","High Probability"
13627,"High Spend","Frequent Buyer","Platinum Tier","High Probability"
13628,"High Spend","Occasional Buyer","Platinum Tier","High Probability"
13629,"Medium Spend","Occasional Buyer","Platinum Tier","High Probability"
13630,"High Spend","Frequent Buyer","Gold Tier","High Probability"
13631,"High Spend","Occasional Buyer","Platinum Tier","Low Probability"
13632,"High Spend","Occasional Buyer","Platinum Tier","High Probability"
13633,"High Spend","Frequent Buyer","Platinum Tier","High Probability"
13634,"Medium Spend","New Customer","Silver Tier","High Probability"
13635,"Medium Spend","Occasional Buyer","Gold Tier","High Probability"
13636,"High Spend","Frequent Buyer","Platinum Tier","High Probability"
13637,"High Spend","Frequent Buyer","Platinum Tier","High Probability"
13638,"Medium Spend","New Customer","Gold Tier","High Probability"
13639,"High Spend","Occasional Buyer","Bronze Tier","High Probability"
13640,"Medium Spend","Frequent Buyer","Platinum Tier","High Probability"
13641,"High Spend","Frequent Buyer","Bronze Tier","High Probability"
13642,"High Spend","Frequent Buyer","Bronze Tier","High Probability"
13643,"High Spend","Frequent Buyer","Bronze Tier","High Probability"
13644,"Medium Spend","Frequent Buyer","Bronze Tier","Low Probability"
13645,"High Spend","Frequent Buyer","Platinum Tier","High Probability"
13646,"High Spend","Frequent Buyer","Platinum Tier","High Probability"
13647,"High Spend","New Customer","Bronze Tier","High Probability"
13648,"High Spend","Occasional Buyer","Gold Tier","High Probability"
13649,"High Spend","New Customer","Gold Tier","High Probability"
13650,"Medium Spend","Frequent Buyer","Gold Tier","High Probability"
13651,"High Spend","Frequent Buyer","Gold Tier","High Probability"
13652,"High Spend","Occasional Buyer","Silver Tier","High Probability"
13653,"High Spend","Frequent Buyer","Silver Tier","High Probability"
13654,"High Spend","Frequent Buyer","Gold Tier","High Probability"
13655,"High Spend","Occasional Buyer","Gold Tier","High Probability"
13656,"High Spend","Occasional Buyer","Gold Tier","Low Probability"
13657,"High Spend","Occasional Buyer","Gold Tier","High Probability"
13658,"High Spend","Frequent Buyer","Gold Tier","High Probability"
13659,"High Spend","Frequent Buyer","Platinum Tier","High Probability"
13660,"High Spend","Frequent Buyer","Bronze Tier","High Probability"
13661,"High Spend","Frequent Buyer","Bronze Tier","High Probability"
13662,"High Spend","Occasional Buyer","Platinum Tier","High Probability"
13663,"High Spend","Occasional Buyer","Platinum Tier","High Probability"
13664,"Medium Spend","Occasional Buyer","Bronze Tier","High Probability"
13665,"High Spend","New Customer","Silver Tier","Low Probability"
13666,"High Spend","New Customer","Bronze Tier","High Probability"
13667,"High Spend","Frequent Buyer","Gold Tier","High Probability"
13668,"High Spend","Occasional Buyer","Platinum Tier","High Probability"
13669,"High Spend","New Customer","Gold Tier","High Probability"
13670,"High Spend","Frequent Buyer","Silver Tier","High Probability"
13671,"Medium Spend","New Customer","Bronze Tier","High Probability"
13672,"High Spend","Occasional Buyer","Gold Tier","High Probability"
13673,"High Spend","Frequent Buyer","Silver Tier","High Probability"
13674,"High Spend","Frequent Buyer","Gold Tier","High Probability"
13675,"High Spend","Occasional Buyer","Bronze Tier","High Probability"
13676,"High Spend","Frequent Buyer","Silver Tier","High Probability"
13677,"High Spend","New Customer","Platinum Tier","High Probability"
13678,"High Spend","Frequent Buyer","Bronze Tier","High Probability"
13679,"High Spend","Frequent Buyer","Gold Tier","High Probability"
13680,"Low Spend","Occasional Buyer","Gold Tier","High Probability"
13681,"High Spend","Occasional Buyer","Platinum Tier","High Probability"
13682,"Medium Spend","Frequent Buyer","Platinum Tier","High Probability"
13683,"High Spend","Occasional Buyer","Platinum Tier","High Probability"
13684,"High Spend","Frequent Buyer","Silver Tier","High Probability"
13685,"High Spend","Frequent Buyer","Silver Tier","High Probability"
13686,"High Spend","Occasional Buyer","Platinum Tier","High Probability"
13687,"High Spend","Frequent Buyer","Platinum Tier","High Probability"
13688,"High Spend","Frequent Buyer","Silver Tier","High Probability"
13689,"High Spend","Frequent Buyer","Gold Tier","High Probability"
13690,"High Spend","Frequent Buyer","Gold Tier","High Probability"
13691,"High Spend","Occasional Buyer","Platinum Tier","High Probability"
13692,"Medium Spend","Frequent Buyer","Gold Tier","High Probability"
13693,"High Spend","Frequent Buyer","Silver Tier","High Probability"
13694,"High Spend","Frequent Buyer","Silver Tier","High Probability"
13695,"High Spend","Frequent Buyer","Bronze Tier","High Probability"
13696,"High Spend","New Customer","Bronze Tier","High Probability"
13697,"Medium Spend","Frequent Buyer","Gold Tier","High Probability"
13698,"Medium Spend","New Customer","Gold Tier","High Probability"
13699,"High Spend","Frequent Buyer","Gold Tier","High Probability"
13700,"High Spend","Occasional Buyer","Silver Tier","High Probability"
13701,"High Spend","Frequent Buyer","Gold Tier","High Probability"
13702,"High Spend","New Customer","Silver Tier","High Probability"
13703,"High Spend","Frequent Buyer","Silver Tier","High Probability"
13704,"High Spend","Occasional Buyer","Platinum Tier","High Probability"
13705,"High Spend","Occasional Buyer","Bronze Tier","High Probability"
13706,"High Spend","Frequent Buyer","Bronze Tier","Low Probability"
13707,"High Spend","Frequent Buyer","Platinum Tier","High Probability"
13708,"High Spend","Frequent Buyer","Bronze Tier","High Probability"
13709,"High Spend","Frequent Buyer","Gold Tier","High Probability"
13710,"High Spend","Frequent Buyer","Gold Tier","Low Probability"
13711,"High Spend","Occasional Buyer","Gold Tier","High Probability"
13712,"Medium Spend","Occasional Buyer","Bronze Tier","High Probability"
13713,"High Spend","Frequent Buyer","Bronze Tier","High Probability"
13714,"High Spend","Frequent Buyer","Platinum Tier","High Probability"
13715,"Medium Spend","Frequent Buyer","Silver Tier","High Probability"
13716,"High Spend","Occasional Buyer","Gold Tier","High Probability"
13717,"High Spend","Occasional Buyer","Gold Tier","Low Probability"
13718,"Medium Spend","Frequent Buyer","Bronze Tier","High Probability"
13719,"Medium Spend","Occasional Buyer","Silver Tier","High Probability"
13720,"High Spend","Frequent Buyer","Gold Tier","High Probability"
13721,"High Spend","New Customer","Gold Tier","High Probability"
13722,"High Spend","Occasional Buyer","Platinum Tier","High Probability"
13723,"Medium Spend","Frequent Buyer","Bronze Tier","High Probability"
13724,"Medium Spend","New Customer","Bronze Tier","High Probability"
13725,"Medium Spend","Occasional Buyer","Silver Tier","Low Probability"
13726,"High Spend","Frequent Buyer","Silver Tier","High Probability"
13727,"High Spend","Occasional Buyer","Gold Tier","High Probability"
13728,"High Spend","Occasional Buyer","Gold Tier","High Probability"
13729,"High Spend","Frequent Buyer","Silver Tier","High Probability"
13730,"High Spend","Frequent Buyer","Silver Tier","High Probability"
13731,"High Spend","Occasional Buyer","Silver Tier","High Probability"
13732,"Medium Spend","Frequent Buyer","Bronze Tier","High Probability"
13733,"Medium Spend","Frequent Buyer","Bronze Tier","High Probability"
13734,"High Spend","Frequent Buyer","Platinum Tier","High Probability"
13735,"Low Spend","Frequent Buyer","Platinum Tier","High Probability"
13736,"High Spend","Frequent Buyer","Platinum Tier","High Probability"
13737,"High Spend","Frequent Buyer","Platinum Tier","High Probability"
13738,"High Spend","Frequent Buyer","Silver Tier","High Probability"
13739,"High Spend","Occasional Buyer","Silver Tier","High Probability"
13740,"High Spend","Frequent Buyer","Platinum Tier","High Probability"
13741,"Medium Spend","Frequent Buyer","Gold Tier","High Probability"
13742,"High Spend","Occasional Buyer","Platinum Tier","High Probability"
13743,"High Spend","Frequent Buyer","Silver Tier","High Probability"
13744,"High Spend","New Customer","Platinum Tier","High Probability"
13745,"High Spend","New Customer","Silver Tier","High Probability"
13746,"High Spend","Frequent Buyer","Silver Tier","High Probability"
13747,"Low Spend","Frequent Buyer","Bronze Tier","High Probability"
13748,"High Spend","Frequent Buyer","Platinum Tier","High Probability"
13749,"Medium Spend","Occasional Buyer","Silver Tier","High Probability"
13750,"High Spend","Occasional Buyer","Gold Tier","High Probability"
13751,"High Spend","Frequent Buyer","Bronze Tier","Low Probability"
13752,"Medium Spend","Frequent Buyer","Gold Tier","Low Probability"
13753,"High Spend","Frequent Buyer","Platinum Tier","High Probability"
13754,"High Spend","Frequent Buyer","Platinum Tier","High Probability"
13755,"High Spend","Frequent Buyer","Gold Tier","High Probability"
13756,"High Spend","New Customer","Bronze Tier","High Probability"
13757,"Medium Spend","Frequent Buyer","Platinum Tier","High Probability"
13758,"High Spend","Frequent Buyer","Silver Tier","High Probability"
13759,"Medium Spend","Frequent Buyer","Gold Tier","High Probability"
13760,"High Spend","New Customer","Platinum Tier","High Probability"
13761,"High Spend","Frequent Buyer","Bronze Tier","High Probability"
13762,"High Spend","Occasional Buyer","Silver Tier","High Probability"
13763,"Medium Spend","Occasional Buyer","Bronze Tier","Low Probability"
13764,"High Spend","Frequent Buyer","Platinum Tier","High Probability"
13765,"Medium Spend","Occasional Buyer","Bronze Tier","Low Probability"
13766,"High Spend","Frequent Buyer","Gold Tier","High Probability"
13767,"High Spend","Occasional Buyer","Gold Tier","High Probability"
13768,"High Spend","Frequent Buyer","Platinum Tier","High Probability"
13769,"High Spend","Occasional Buyer","Gold Tier","Low Probability"
13770,"High Spend","Frequent Buyer","Silver Tier","High Probability"
13771,"High Spend","New Customer","Silver Tier","High Probability"
13772,"High Spend","Frequent Buyer","Silver Tier","High Probability"
13773,"Low Spend","Frequent Buyer","Gold Tier","High Probability"
13774,"High Spend","Occasional Buyer","Silver Tier","High Probability"
13775,"Medium Spend","Frequent Buyer","Bronze Tier","High Probability"
13776,"High Spend","Occasional Buyer","Gold Tier","High Probability"
13777,"High Spend","Frequent Buyer","Bronze Tier","High Probability"
13778,"High Spend","New Customer","Gold Tier","High Probability"
13779,"High Spend","Frequent Buyer","Bronze Tier","High Probability"
13780,"High Spend","Frequent Buyer","Gold Tier","High Probability"
13781,"High Spend","Frequent Buyer","Bronze Tier","High Probability"
13782,"High Spend","Frequent Buyer","Bronze Tier","Low Probability"
13783,"High Spend","Frequent Buyer","Gold Tier","High Probability"
13784,"High Spend","Frequent Buyer","Bronze Tier","High Probability"
13785,"High Spend","Frequent Buyer","Silver Tier","High Probability"
13786,"Low Spend","Frequent Buyer","Bronze Tier","High Probability"
13787,"High Spend","Frequent Buyer","Platinum Tier","High Probability"
13788,"High Spend","Frequent Buyer","Silver Tier","High Probability"
13789,"High Spend","Frequent Buyer","Platinum Tier","High Probability"
13790,"High Spend","Frequent Buyer","Gold Tier","High Probability"
13791,"Medium Spend","New Customer","Gold Tier","High Probability"
13792,"Medium Spend","Frequent Buyer","Bronze Tier","Low Probability"
13793,"Medium Spend","Occasional Buyer","Platinum Tier","High Probability"
13794,"High Spend","Frequent Buyer","Silver Tier","High Probability"
13795,"High Spend","Frequent Buyer","Silver Tier","High Probability"
13796,"High Spend","Frequent Buyer","Gold Tier","High Probability"
13797,"High Spend","Frequent Buyer","Gold Tier","Low Probability"
13798,"High Spend","Occasional Buyer","Gold Tier","High Probability"
13799,"High Spend","Frequent Buyer","Gold Tier","High Probability"
13800,"High Spend","Occasional Buyer","Silver Tier","High Probability"
13801,"High Spend","Occasional Buyer","Silver Tier","High Probability"
13802,"High Spend","Frequent Buyer","Bronze Tier","High Probability"
13803,"High Spend","Occasional Buyer","Silver Tier","High Probability"
13804,"High Spend","Occasional Buyer","Bronze Tier","High Probability"
13805,"High Spend","New Customer","Bronze Tier","High Probability"
13806,"Medium Spend","Occasional Buyer","Gold Tier","High Probability"
13807,"Medium Spend","Frequent Buyer","Bronze Tier","High Probability"
13808,"High Spend","Frequent Buyer","Gold Tier","Low Probability"
13809,"High Spend","Frequent Buyer","Gold Tier","High Probability"
13810,"Low Spend","New Customer","Silver Tier","High Probability"
13811,"High Spend","New Customer","Platinum Tier","High Probability"
13812,"High Spend","Frequent Buyer","Gold Tier","High Probability"
13813,"High Spend","Occasional Buyer","Silver Tier","High Probability"
13814,"Low Spend","Frequent Buyer","Gold Tier","High Probability"
13815,"High Spend","Frequent Buyer","Platinum Tier","High Probability"
13816,"Medium Spend","New Customer","Gold Tier","Low Probability"
13817,"High Spend","Occasional Buyer","Gold Tier","High Probability"
13818,"Low Spend","Occasional Buyer","Gold Tier","High Probability"
13819,"High Spend","Frequent Buyer","Silver Tier","High Probability"
13820,"Low Spend","Frequent Buyer","Gold Tier","High Probability"
13821,"Medium Spend","Frequent Buyer","Gold Tier","High Probability"
13822,"High Spend","Frequent Buyer","Bronze Tier","High Probability"
13823,"Medium Spend","Frequent Buyer","Gold Tier","High Probability"
13824,"High Spend","New Customer","Silver Tier","High Probability"
13825,"High Spend","Frequent Buyer","Platinum Tier","High Probability"
13826,"High Spend","Frequent Buyer","Gold Tier","High Probability"
13827,"High Spend","Frequent Buyer","Gold Tier","Low Probability"
13828,"High Spend","Frequent Buyer","Bronze Tier","High Probability"
13829,"Medium Spend","Frequent Buyer","Silver Tier","High Probability"
13830,"High Spend","Frequent Buyer","Silver Tier","High Probability"
13831,"Medium Spend","Occasional Buyer","Gold Tier","High Probability"
13832,"High Spend","New Customer","Silver Tier","High Probability"
13833,"High Spend","Frequent Buyer","Platinum Tier","High Probability"
13834,"High Spend","New Customer","Silver Tier","High Probability"
13835,"High Spend","Frequent Buyer","Gold Tier","High Probability"
13836,"High Spend","Occasional Buyer","Bronze Tier","High Probability"
13837,"Medium Spend","Frequent Buyer","Platinum Tier","High Probability"
13838,"Low Spend","Frequent Buyer","Platinum Tier","Low Probability"
13839,"High Spend","New Customer","Silver Tier","High Probability"
13840,"High Spend","Occasional Buyer","Bronze Tier","High Probability"
13841,"High Spend","Occasional Buyer","Bronze Tier","High Probability"
13842,"Medium Spend","New Customer","Bronze Tier","Low Probability"
13843,"High Spend","New Customer","Gold Tier","High Probability"
13844,"High Spend","Frequent Buyer","Gold Tier","High Probability"
13845,"Low Spend","New Customer","Platinum Tier","Low Probability"
13846,"Medium Spend","Occasional Buyer","Platinum Tier","Low Probability"
13847,"High Spend","Occasional Buyer","Gold Tier","High Probability"
13848,"High Spend","Frequent Buyer","Silver Tier","Low Probability"
13849,"High Spend","Frequent Buyer","Bronze Tier","High Probability"
13850,"High Spend","Frequent Buyer","Silver Tier","High Probability"
13851,"Medium Spend","Occasional Buyer","Gold Tier","High Probability"
13852,"High Spend","Frequent Buyer","Gold Tier","High Probability"
13853,"High Spend","Frequent Buyer","Gold Tier","High Probability"
13854,"High Spend","Occasional Buyer","Silver Tier","High Probability"
13855,"High Spend","Occasional Buyer","Platinum Tier","High Probability"
13856,"High Spend","Occasional Buyer","Gold Tier","High Probability"
13857,"High Spend","Occasional Buyer","Platinum Tier","High Probability"
13858,"Medium Spend","Occasional Buyer","Silver Tier","Low Probability"
13859,"High Spend","Frequent Buyer","Platinum Tier","High Probability"
13860,"High Spend","Frequent Buyer","Bronze Tier","High Probability"
13861,"Medium Spend","Occasional Buyer","Gold Tier","High Probability"
13862,"High Spend","Frequent Buyer","Gold Tier","High Probability"
13863,"Medium Spend","Occasional Buyer","Gold Tier","Low Probability"
13864,"Low Spend","New Customer","Gold Tier","Low Probability"
13865,"High Spend","Frequent Buyer","Bronze Tier","High Probability"
13866,"High Spend","Occasional Buyer","Platinum Tier","High Probability"
13867,"High Spend","Frequent Buyer","Silver Tier","High Probability"
13868,"High Spend","Frequent Buyer","Platinum Tier","High Probability"
13869,"High Spend","Frequent Buyer","Gold Tier","High Probability"
13870,"Medium Spend","Occasional Buyer","Platinum Tier","High Probability"
13871,"Medium Spend","Frequent Buyer","Bronze Tier","High Probability"
13872,"High Spend","Frequent Buyer","Platinum Tier","High Probability"
13873,"High Spend","Frequent Buyer","Platinum Tier","High Probability"
13874,"High Spend","Occasional Buyer","Silver Tier","High Probability"
13875,"High Spend","Frequent Buyer","Silver Tier","High Probability"
13876,"High Spend","Frequent Buyer","Platinum Tier","High Probability"
13877,"High Spend","Frequent Buyer","Gold Tier","High Probability"
13878,"Medium Spend","Occasional Buyer","Bronze Tier","High Probability"
13879,"High Spend","Frequent Buyer","Bronze Tier","High Probability"
13880,"High Spend","Occasional Buyer","Gold Tier","High Probability"
13881,"High Spend","Frequent Buyer","Platinum Tier","High Probability"
13882,"Medium Spend","Frequent Buyer","Silver Tier","High Probability"
13883,"High Spend","Occasional Buyer","Silver Tier","High Probability"
13884,"Medium Spend","Frequent Buyer","Gold Tier","High Probability"
13885,"High Spend","New Customer","Platinum Tier","High Probability"
13886,"High Spend","Occasional Buyer","Bronze Tier","High Probability"
13887,"High Spend","Frequent Buyer","Gold Tier","High Probability"
13888,"High Spend","Occasional Buyer","Gold Tier","High Probability"
13889,"High Spend","Frequent Buyer","Gold Tier","High Probability"
13890,"High Spend","Occasional Buyer","Platinum Tier","High Probability"
13891,"Medium Spend","Occasional Buyer","Bronze Tier","Low Probability"
13892,"High Spend","Frequent Buyer","Gold Tier","High Probability"
13893,"High Spend","Occasional Buyer","Silver Tier","High Probability"
13894,"High Spend","Frequent Buyer","Platinum Tier","Low Probability"
13895,"High Spend","Frequent Buyer","Gold Tier","Low Probability"
13896,"High Spend","Frequent Buyer","Gold Tier","High Probability"
13897,"High Spend","Frequent Buyer","Gold Tier","High Probability"
13898,"High Spend","Frequent Buyer","Gold Tier","High Probability"
13899,"High Spend","Occasional Buyer","Gold Tier","High Probability"
13900,"High Spend","Frequent Buyer","Platinum Tier","High Probability"
13901,"Medium Spend","Frequent Buyer","Platinum Tier","High Probability"
13902,"High Spend","Frequent Buyer","Silver Tier","High Probability"
13903,"Medium Spend","Frequent Buyer","Silver Tier","High Probability"
13904,"High Spend","Frequent Buyer","Gold Tier","High Probability"
13905,"High Spend","Occasional Buyer","Platinum Tier","High Probability"
13906,"High Spend","Frequent Buyer","Bronze Tier","High Probability"
13907,"High Spend","Frequent Buyer","Bronze Tier","Low Probability"
13908,"High Spend","Frequent Buyer","Silver Tier","High Probability"
13909,"Medium Spend","Frequent Buyer","Gold Tier","High Probability"
13910,"Medium Spend","Occasional Buyer","Platinum Tier","Low Probability"
13911,"High Spend","Frequent Buyer","Gold Tier","High Probability"
13912,"Medium Spend","New Customer","Silver Tier","High Probability"
13913,"High Spend","Frequent Buyer","Platinum Tier","High Probability"
13914,"High Spend","New Customer","Platinum Tier","High Probability"
13915,"High Spend","Occasional Buyer","Platinum Tier","High Probability"
13916,"High Spend","Occasional Buyer","Platinum Tier","High Probability"
13917,"High Spend","Frequent Buyer","Gold Tier","High Probability"
13918,"High Spend","Frequent Buyer","Platinum Tier","High Probability"
13919,"High Spend","Frequent Buyer","Gold Tier","High Probability"
13920,"Medium Spend","Frequent Buyer","Silver Tier","High Probability"
13921,"High Spend","Occasional Buyer","Gold Tier","High Probability"
13922,"High Spend","Frequent Buyer","Platinum Tier","High Probability"
13923,"High Spend","Frequent Buyer","Silver Tier","High Probability"
13924,"High Spend","New Customer","Platinum Tier","High Probability"
13925,"Low Spend","Frequent Buyer","Gold Tier","High Probability"
13926,"High Spend","Frequent Buyer","Bronze Tier","High Probability"
13927,"High Spend","Occasional Buyer","Bronze Tier","High Probability"
13928,"Medium Spend","New Customer","Platinum Tier","Low Probability"
13929,"Low Spend","New Customer","Silver Tier","Low Probability"
13930,"High Spend","Occasional Buyer","Gold Tier","High Probability"
13931,"High Spend","Frequent Buyer","Platinum Tier","High Probability"
13932,"High Spend","Frequent Buyer","Bronze Tier","High Probability"
13933,"High Spend","Occasional Buyer","Bronze Tier","High Probability"
13934,"High Spend","Frequent Buyer","Platinum Tier","Low Probability"
13935,"High Spend","Frequent Buyer","Platinum Tier","High Probability"
13936,"High Spend","New Customer","Silver Tier","High Probability"
13937,"Medium Spend","Occasional Buyer","Platinum Tier","High Probability"
13938,"Medium Spend","New Customer","Silver Tier","Low Probability"
13939,"High Spend","Frequent Buyer","Platinum Tier","High Probability"
13940,"High Spend","Frequent Buyer","Bronze Tier","High Probability"
13941,"Medium Spend","Frequent Buyer","Gold Tier","High Probability"
13942,"Low Spend","Frequent Buyer","Platinum Tier","High Probability"
13943,"High Spend","Occasional Buyer","Gold Tier","High Probability"
13944,"High Spend","Occasional Buyer","Silver Tier","High Probability"
13945,"High Spend","Frequent Buyer","Gold Tier","High Probability"
13946,"High Spend","Occasional Buyer","Silver Tier","High Probability"
13947,"High Spend","Occasional Buyer","Platinum Tier","High Probability"
13948,"High Spend","Frequent Buyer","Gold Tier","High Probability"
13949,"High Spend","Frequent Buyer","Bronze Tier","High Probability"
13950,"High Spend","Occasional Buyer","Gold Tier","High Probability"
13951,"High Spend","Frequent Buyer","Platinum Tier","Low Probability"
13952,"Medium Spend","Frequent Buyer","Bronze Tier","High Probability"
13953,"High Spend","Frequent Buyer","Platinum Tier","High Probability"
13954,"High Spend","Frequent Buyer","Gold Tier","High Probability"
13955,"Medium Spend","Frequent Buyer","Platinum Tier","High Probability"
13956,"High Spend","Frequent Buyer","Gold Tier","High Probability"
13957,"High Spend","Frequent Buyer","Gold Tier","High Probability"
13958,"Medium Spend","Occasional Buyer","Gold Tier","High Probability"
13959,"High Spend","Frequent Buyer","Platinum Tier","High Probability"
13960,"High Spend","Frequent Buyer","Silver Tier","High Probability"
13961,"High Spend","Frequent Buyer","Bronze Tier","High Probability"
13962,"High Spend","New Customer","Bronze Tier","High Probability"
13963,"Low Spend","Frequent Buyer","Silver Tier","High Probability"
13964,"Medium Spend","Frequent Buyer","Gold Tier","High Probability"
13965,"High Spend","New Customer","Gold Tier","High Probability"
13966,"High Spend","Frequent Buyer","Platinum Tier","High Probability"
13967,"High Spend","Frequent Buyer","Gold Tier","High Probability"
13968,"High Spend","Occasional Buyer","Gold Tier","High Probability"
13969,"High Spend","New Customer","Platinum Tier","High Probability"
13970,"High Spend","Occasional Buyer","Gold Tier","High Probability"
13971,"High Spend","Occasional Buyer","Platinum Tier","High Probability"
13972,"High Spend","New Customer","Gold Tier","High Probability"
13973,"High Spend","Frequent Buyer","Bronze Tier","High Probability"
13974,"Low Spend","Occasional Buyer","Platinum Tier","High Probability"
13975,"High Spend","Occasional Buyer","Bronze Tier","High Probability"
13976,"Medium Spend","Occasional Buyer","Platinum Tier","High Probability"
13977,"High Spend","Frequent Buyer","Gold Tier","High Probability"
13978,"High Spend","Frequent Buyer","Bronze Tier","High Probability"
13979,"High Spend","Occasional Buyer","Gold Tier","High Probability"
13980,"Medium Spend","Frequent Buyer","Platinum Tier","High Probability"
13981,"Medium Spend","Occasional Buyer","Gold Tier","High Probability"
13982,"High Spend","Occasional Buyer","Platinum Tier","High Probability"
13983,"Medium Spend","Occasional Buyer","Gold Tier","High Probability"
13984,"High Spend","New Customer","Bronze Tier","Low Probability"
13985,"High Spend","Frequent Buyer","Bronze Tier","Low Probability"
13986,"High Spend","Occasional Buyer","Platinum Tier","High Probability"
13987,"Medium Spend","Occasional Buyer","Gold Tier","High Probability"
13988,"High Spend","Frequent Buyer","Platinum Tier","High Probability"
13989,"High Spend","Frequent Buyer","Gold Tier","High Probability"
13990,"High Spend","Frequent Buyer","Gold Tier","High Probability"
13991,"Medium Spend","Occasional Buyer","Silver Tier","High Probability"
13992,"High Spend","Occasional Buyer","Bronze Tier","High Probability"
13993,"High Spend","Occasional Buyer","Platinum Tier","High Probability"
13994,"Medium Spend","Occasional Buyer","Bronze Tier","Low Probability"
13995,"High Spend","Occasional Buyer","Platinum Tier","High Probability"
13996,"High Spend","Frequent Buyer","Bronze Tier","High Probability"
13997,"Medium Spend","Occasional Buyer","Platinum Tier","High Probability"
13998,"High Spend","Occasional Buyer","Gold Tier","High Probability"
13999,"High Spend","Occasional Buyer","Gold Tier","High Probability"
14000,"Low Spend","Frequent Buyer","Gold Tier","High Probability"
14001,"High Spend","New Customer","Gold Tier","High Probability"
14002,"High Spend","Frequent Buyer","Gold Tier","High Probability"
14003,"High Spend","Frequent Buyer","Platinum Tier","High Probability"
14004,"High Spend","Occasional Buyer","Bronze Tier","High Probability"
14005,"High Spend","Frequent Buyer","Gold Tier","High Probability"
14006,"Low Spend","Frequent Buyer","Gold Tier","High Probability"
14007,"Medium Spend","Frequent Buyer","Silver Tier","High Probability"
14008,"High Spend","Frequent Buyer","Platinum Tier","Low Probability"
14009,"High Spend","Occasional Buyer","Platinum Tier","High Probability"
14010,"Medium Spend","Frequent Buyer","Platinum Tier","High Probability"
14011,"High Spend","Frequent Buyer","Gold Tier","High Probability"
14012,"High Spend","Occasional Buyer","Bronze Tier","High Probability"
14013,"High Spend","Frequent Buyer","Gold Tier","High Probability"
14014,"High Spend","Frequent Buyer","Bronze Tier","High Probability"
14015,"High Spend","Occasional Buyer","Gold Tier","High Probability"
14016,"High Spend","Frequent Buyer","Bronze Tier","High Probability"
14017,"High Spend","Occasional Buyer","Platinum Tier","High Probability"
14018,"High Spend","Frequent Buyer","Bronze Tier","High Probability"
14019,"High Spend","New Customer","Gold Tier","High Probability"
14020,"Medium Spend","Frequent Buyer","Gold Tier","High Probability"
14021,"Medium Spend","Occasional Buyer","Gold Tier","High Probability"
14022,"Medium Spend","Occasional Buyer","Platinum Tier","High Probability"
14023,"Medium Spend","Frequent Buyer","Gold Tier","High Probability"
14024,"High Spend","Frequent Buyer","Silver Tier","High Probability"
14025,"High Spend","Occasional Buyer","Platinum Tier","High Probability"
14026,"High Spend","New Customer","Gold Tier","High Probability"
14027,"High Spend","Frequent Buyer","Gold Tier","High Probability"
14028,"High Spend","Frequent Buyer","Gold Tier","High Probability"
14029,"Medium Spend","Frequent Buyer","Gold Tier","High Probability"
14030,"High Spend","Frequent Buyer","Gold Tier","High Probability"
14031,"High Spend","Frequent Buyer","Gold Tier","High Probability"
14032,"High Spend","Occasional Buyer","Platinum Tier","High Probability"
14033,"High Spend","Frequent Buyer","Gold Tier","High Probability"
14034,"Medium Spend","Frequent Buyer","Bronze Tier","High Probability"
14035,"High Spend","Frequent Buyer","Bronze Tier","High Probability"
14036,"High Spend","Frequent Buyer","Bronze Tier","High Probability"
14037,"High Spend","Frequent Buyer","Platinum Tier","High Probability"
14038,"High Spend","New Customer","Gold Tier","High Probability"
14039,"Low Spend","Frequent Buyer","Gold Tier","High Probability"
14040,"High Spend","Frequent Buyer","Gold Tier","High Probability"
14041,"High Spend","Frequent Buyer","Gold Tier","High Probability"
14042,"High Spend","Frequent Buyer","Gold Tier","High Probability"
14043,"High Spend","Occasional Buyer","Platinum Tier","High Probability"
14044,"High Spend","New Customer","Silver Tier","High Probability"
14045,"High Spend","Frequent Buyer","Bronze Tier","High Probability"
14046,"High Spend","Frequent Buyer","Silver Tier","High Probability"
14047,"Medium Spend","Frequent Buyer","Platinum Tier","High Probability"
14048,"High Spend","Occasional Buyer","Silver Tier","High Probability"
14049,"High Spend","Frequent Buyer","Platinum Tier","High Probability"
14050,"High Spend","Occasional Buyer","Gold Tier","High Probability"
14051,"High Spend","Frequent Buyer","Platinum Tier","High Probability"
14052,"High Spend","Occasional Buyer","Platinum Tier","High Probability"
14053,"Medium Spend","Frequent Buyer","Platinum Tier","High Probability"
14054,"Medium Spend","New Customer","Bronze Tier","High Probability"
14055,"Medium Spend","Frequent Buyer","Silver Tier","High Probability"
14056,"High Spend","Frequent Buyer","Silver Tier","High Probability"
14057,"High Spend","Frequent Buyer","Gold Tier","High Probability"
14058,"High Spend","Occasional Buyer","Bronze Tier","Low Probability"
14059,"High Spend","Frequent Buyer","Platinum Tier","High Probability"
14060,"High Spend","Occasional Buyer","Gold Tier","High Probability"
14061,"High Spend","Frequent Buyer","Platinum Tier","High Probability"
14062,"Medium Spend","Occasional Buyer","Gold Tier","Low Probability"
14063,"High Spend","Occasional Buyer","Bronze Tier","Low Probability"
14064,"High Spend","Frequent Buyer","Bronze Tier","High Probability"
14065,"High Spend","Occasional Buyer","Bronze Tier","High Probability"
14066,"High Spend","Frequent Buyer","Gold Tier","High Probability"
14067,"High Spend","Frequent Buyer","Silver Tier","High Probability"
14068,"High Spend","Frequent Buyer","Bronze Tier","Low Probability"
14069,"High Spend","Frequent Buyer","Platinum Tier","High Probability"
14070,"High Spend","Occasional Buyer","Bronze Tier","High Probability"
14071,"Medium Spend","Frequent Buyer","Platinum Tier","High Probability"
14072,"High Spend","Frequent Buyer","Bronze Tier","High Probability"
14073,"High Spend","Frequent Buyer","Silver Tier","High Probability"
14074,"High Spend","Frequent Buyer","Platinum Tier","High Probability"
14075,"High Spend","Frequent Buyer","Bronze Tier","High Probability"
14076,"High Spend","Frequent Buyer","Silver Tier","High Probability"
14077,"High Spend","Frequent Buyer","Platinum Tier","High Probability"
14078,"High Spend","Frequent Buyer","Gold Tier","High Probability"
14079,"High Spend","Frequent Buyer","Silver Tier","High Probability"
14080,"High Spend","Occasional Buyer","Platinum Tier","High Probability"
14081,"High Spend","Frequent Buyer","Silver Tier","High Probability"
14082,"High Spend","Frequent Buyer","Platinum Tier","High Probability"
14083,"Medium Spend","Occasional Buyer","Platinum Tier","High Probability"
14084,"High Spend","Frequent Buyer","Bronze Tier","High Probability"
14085,"High Spend","Frequent Buyer","Platinum Tier","High Probability"
14086,"High Spend","Frequent Buyer","Silver Tier","High Probability"
14087,"Medium Spend","Frequent Buyer","Gold Tier","High Probability"
14088,"High Spend","Frequent Buyer","Gold Tier","High Probability"
14089,"High Spend","Frequent Buyer","Silver Tier","High Probability"
14090,"High Spend","New Customer","Bronze Tier","High Probability"
14091,"High Spend","Frequent Buyer","Platinum Tier","High Probability"
14092,"High Spend","Frequent Buyer","Bronze Tier","High Probability"
14093,"High Spend","Occasional Buyer","Platinum Tier","High Probability"
14094,"High Spend","Frequent Buyer","Gold Tier","High Probability"
14095,"Medium Spend","Frequent Buyer","Platinum Tier","High Probability"
14096,"Medium Spend","Frequent Buyer","Gold Tier","High Probability"
14097,"Medium Spend","Occasional Buyer","Silver Tier","High Probability"
14098,"High Spend","Frequent Buyer","Platinum Tier","High Probability"
14099,"Medium Spend","Frequent Buyer","Bronze Tier","High Probability"
14100,"Medium Spend","Occasional Buyer","Gold Tier","Low Probability"
14101,"High Spend","Occasional Buyer","Bronze Tier","High Probability"
14102,"High Spend","Frequent Buyer","Gold Tier","High Probability"
14103,"High Spend","Occasional Buyer","Gold Tier","High Probability"
14104,"High Spend","Frequent Buyer","Gold Tier","High Probability"
14105,"High Spend","Occasional Buyer","Platinum Tier","High Probability"
14106,"Medium Spend","Frequent Buyer","Gold Tier","High Probability"
14107,"High Spend","Occasional Buyer","Bronze Tier","High Probability"
14108,"Medium Spend","Occasional Buyer","Gold Tier","High Probability"
14109,"High Spend","Occasional Buyer","Gold Tier","High Probability"
14110,"High Spend","New Customer","Silver Tier","High Probability"
14111,"High Spend","Occasional Buyer","Bronze Tier","High Probability"
14112,"High Spend","Frequent Buyer","Gold Tier","High Probability"
14113,"High Spend","Occasional Buyer","Silver Tier","High Probability"
14114,"Medium Spend","Occasional Buyer","Gold Tier","Low Probability"
14115,"Low Spend","Frequent Buyer","Silver Tier","High Probability"
14116,"High Spend","Frequent Buyer","Gold Tier","High Probability"
14117,"Medium Spend","Occasional Buyer","Gold Tier","High Probability"
14118,"High Spend","Occasional Buyer","Bronze Tier","High Probability"
14119,"High Spend","Frequent Buyer","Bronze Tier","High Probability"
14120,"High Spend","Occasional Buyer","Gold Tier","High Probability"
14121,"High Spend","Occasional Buyer","Platinum Tier","High Probability"
14122,"Medium Spend","Frequent Buyer","Platinum Tier","High Probability"
14123,"Low Spend","Occasional Buyer","Platinum Tier","High Probability"
14124,"Medium Spend","Frequent Buyer","Silver Tier","High Probability"
14125,"High Spend","New Customer","Silver Tier","High Probability"
14126,"High Spend","Occasional Buyer","Platinum Tier","High Probability"
14127,"High Spend","Frequent Buyer","Gold Tier","High Probability"
14128,"High Spend","Frequent Buyer","Gold Tier","High Probability"
14129,"High Spend","Occasional Buyer","Gold Tier","High Probability"
14130,"High Spend","Frequent Buyer","Platinum Tier","High Probability"
14131,"Low Spend","Frequent Buyer","Platinum Tier","High Probability"
14132,"High Spend","New Customer","Silver Tier","High Probability"
14133,"Medium Spend","Frequent Buyer","Silver Tier","High Probability"
14134,"High Spend","Frequent Buyer","Silver Tier","High Probability"
14135,"Medium Spend","New Customer","Gold Tier","High Probability"
14136,"High Spend","Occasional Buyer","Silver Tier","High Probability"
14137,"High Spend","Frequent Buyer","Bronze Tier","High Probability"
14138,"Medium Spend","Occasional Buyer","Silver Tier","High Probability"
14139,"High Spend","Frequent Buyer","Silver Tier","High Probability"
14140,"Low Spend","New Customer","Gold Tier","Low Probability"
14141,"High Spend","New Customer","Silver Tier","High Probability"
14142,"High Spend","Frequent Buyer","Platinum Tier","High Probability"
14143,"High Spend","Frequent Buyer","Platinum Tier","High Probability"
14144,"High Spend","Occasional Buyer","Silver Tier","High Probability"
14145,"High Spend","Frequent Buyer","Bronze Tier","High Probability"
14146,"High Spend","Frequent Buyer","Gold Tier","High Probability"
14147,"High Spend","Frequent Buyer","Bronze Tier","High Probability"
14148,"High Spend","Occasional Buyer","Platinum Tier","High Probability"
14149,"High Spend","Occasional Buyer","Platinum Tier","High Probability"
14150,"Medium Spend","Frequent Buyer","Gold Tier","High Probability"
14151,"High Spend","New Customer","Gold Tier","High Probability"
14152,"Medium Spend","Frequent Buyer","Silver Tier","High Probability"
14153,"High Spend","New Customer","Platinum Tier","High Probability"
14154,"High Spend","Frequent Buyer","Platinum Tier","High Probability"
14155,"Medium Spend","Frequent Buyer","Silver Tier","High Probability"
14156,"High Spend","Frequent Buyer","Platinum Tier","High Probability"
14157,"High Spend","Frequent Buyer","Platinum Tier","High Probability"
14158,"High Spend","Frequent Buyer","Bronze Tier","High Probability"
14159,"Medium Spend","Frequent Buyer","Silver Tier","High Probability"
14160,"High Spend","Frequent Buyer","Platinum Tier","High Probability"
14161,"High Spend","Occasional Buyer","Bronze Tier","High Probability"
14162,"Medium Spend","Occasional Buyer","Bronze Tier","High Probability"
14163,"High Spend","Frequent Buyer","Gold Tier","High Probability"
14164,"High Spend","Occasional Buyer","Bronze Tier","High Probability"
14165,"High Spend","Frequent Buyer","Bronze Tier","High Probability"
14166,"High Spend","Frequent Buyer","Gold Tier","High Probability"
14167,"High Spend","Occasional Buyer","Platinum Tier","High Probability"
14168,"High Spend","New Customer","Bronze Tier","High Probability"
14169,"High Spend","Frequent Buyer","Bronze Tier","High Probability"
14170,"High Spend","Occasional Buyer","Silver Tier","High Probability"
14171,"High Spend","Occasional Buyer","Bronze Tier","High Probability"
14172,"High Spend","Frequent Buyer","Gold Tier","High Probability"
14173,"High Spend","Frequent Buyer","Silver Tier","High Probability"
14174,"High Spend","Occasional Buyer","Silver Tier","High Probability"
14175,"High Spend","Occasional Buyer","Silver Tier","High Probability"
14176,"High Spend","Occasional Buyer","Silver Tier","High Probability"
14177,"Low Spend","Frequent Buyer","Gold Tier","High Probability"
14178,"Medium Spend","Occasional Buyer","Bronze Tier","High Probability"
14179,"High Spend","Frequent Buyer","Gold Tier","High Probability"
14180,"High Spend","Frequent Buyer","Bronze Tier","High Probability"
14181,"High Spend","Frequent Buyer","Bronze Tier","High Probability"
14182,"Medium Spend","New Customer","Platinum Tier","High Probability"
14183,"Medium Spend","Frequent Buyer","Bronze Tier","High Probability"
14184,"High Spend","Occasional Buyer","Platinum Tier","High Probability"
14185,"High Spend","Occasional Buyer","Gold Tier","High Probability"
14186,"High Spend","Occasional Buyer","Silver Tier","High Probability"
14187,"High Spend","Occasional Buyer","Bronze Tier","High Probability"
14188,"High Spend","Frequent Buyer","Platinum Tier","High Probability"
14189,"High Spend","Frequent Buyer","Platinum Tier","High Probability"
14190,"High Spend","Frequent Buyer","Bronze Tier","High Probability"
14191,"Medium Spend","New Customer","Silver Tier","High Probability"
14192,"Medium Spend","Occasional Buyer","Gold Tier","High Probability"
14193,"High Spend","Frequent Buyer","Platinum Tier","High Probability"
14194,"High Spend","Occasional Buyer","Silver Tier","High Probability"
14195,"High Spend","Frequent Buyer","Platinum Tier","High Probability"
14196,"High Spend","Occasional Buyer","Silver Tier","Low Probability"
14197,"High Spend","Frequent Buyer","Silver Tier","High Probability"
14198,"High Spend","Frequent Buyer","Silver Tier","High Probability"
14199,"High Spend","Frequent Buyer","Platinum Tier","High Probability"
14200,"High Spend","Occasional Buyer","Silver Tier","High Probability"
14201,"High Spend","Frequent Buyer","Gold Tier","High Probability"
14202,"High Spend","Frequent Buyer","Platinum Tier","High Probability"
14203,"High Spend","Frequent Buyer","Platinum Tier","High Probability"
14204,"High Spend","Occasional Buyer","Bronze Tier","High Probability"
14205,"High Spend","Frequent Buyer","Platinum Tier","High Probability"
14206,"High Spend","Frequent Buyer","Gold Tier","High Probability"
14207,"High Spend","Occasional Buyer","Platinum Tier","High Probability"
14208,"Medium Spend","Frequent Buyer","Bronze Tier","High Probability"
14209,"High Spend","New Customer","Silver Tier","High Probability"
14210,"High Spend","Frequent Buyer","Bronze Tier","High Probability"
14211,"High Spend","Frequent Buyer","Platinum Tier","High Probability"
14212,"Low Spend","Frequent Buyer","Bronze Tier","High Probability"
14213,"High Spend","Frequent Buyer","Silver Tier","High Probability"
14214,"Medium Spend","Frequent Buyer","Gold Tier","High Probability"
14215,"High Spend","Frequent Buyer","Platinum Tier","High Probability"
14216,"High Spend","Frequent Buyer","Gold Tier","High Probability"
14217,"High Spend","Occasional Buyer","Platinum Tier","High Probability"
14218,"High Spend","Occasional Buyer","Bronze Tier","High Probability"
14219,"Medium Spend","Frequent Buyer","Bronze Tier","High Probability"
14220,"High Spend","Frequent Buyer","Gold Tier","High Probability"
14221,"High Spend","Occasional Buyer","Bronze Tier","Low Probability"
14222,"High Spend","Frequent Buyer","Bronze Tier","Low Probability"
14223,"High Spend","Frequent Buyer","Platinum Tier","High Probability"
14224,"Medium Spend","Frequent Buyer","Bronze Tier","High Probability"
14225,"High Spend","Occasional Buyer","Gold Tier","High Probability"
14226,"High Spend","Frequent Buyer","Silver Tier","High Probability"
14227,"High Spend","Frequent Buyer","Bronze Tier","High Probability"
14228,"High Spend","Frequent Buyer","Silver Tier","High Probability"
14229,"High Spend","Frequent Buyer","Bronze Tier","High Probability"
14230,"Medium Spend","Occasional Buyer","Gold Tier","High Probability"
14231,"Medium Spend","Frequent Buyer","Bronze Tier","High Probability"
14232,"High Spend","Frequent Buyer","Bronze Tier","High Probability"
14233,"High Spend","Frequent Buyer","Silver Tier","High Probability"
14234,"Medium Spend","Occasional Buyer","Gold Tier","High Probability"
14235,"Low Spend","Frequent Buyer","Silver Tier","High Probability"
14236,"High Spend","Frequent Buyer","Gold Tier","High Probability"
14237,"High Spend","Frequent Buyer","Platinum Tier","High Probability"
14238,"Medium Spend","Frequent Buyer","Bronze Tier","High Probability"
14239,"High Spend","Occasional Buyer","Bronze Tier","High Probability"
14240,"High Spend","Occasional Buyer","Silver Tier","Low Probability"
14241,"High Spend","Frequent Buyer","Platinum Tier","High Probability"
14242,"High Spend","Frequent Buyer","Platinum Tier","High Probability"
14243,"High Spend","Frequent Buyer","Platinum Tier","High Probability"
14244,"Medium Spend","New Customer","Bronze Tier","Low Probability"
14245,"Medium Spend","New Customer","Silver Tier","High Probability"
14246,"High Spend","Occasional Buyer","Bronze Tier","Low Probability"
14247,"High Spend","Occasional Buyer","Gold Tier","High Probability"
14248,"High Spend","Frequent Buyer","Gold Tier","High Probability"
14249,"Medium Spend","Occasional Buyer","Gold Tier","High Probability"
14250,"High Spend","Occasional Buyer","Platinum Tier","High Probability"
14251,"High Spend","Frequent Buyer","Bronze Tier","Low Probability"
14252,"High Spend","Frequent Buyer","Platinum Tier","High Probability"
14253,"High Spend","Occasional Buyer","Platinum Tier","High Probability"
14254,"Medium Spend","Frequent Buyer","Gold Tier","Low Probability"
14255,"High Spend","Frequent Buyer","Gold Tier","High Probability"
14256,"High Spend","Occasional Buyer","Gold Tier","High Probability"
14257,"High Spend","Frequent Buyer","Gold Tier","High Probability"
14258,"Medium Spend","Frequent Buyer","Gold Tier","High Probability"
14259,"High Spend","Frequent Buyer","Silver Tier","High Probability"
14260,"High Spend","New Customer","Gold Tier","High Probability"
14261,"Medium Spend","Frequent Buyer","Gold Tier","High Probability"
14262,"High Spend","Frequent Buyer","Bronze Tier","Low Probability"
14263,"Low Spend","Occasional Buyer","Silver Tier","High Probability"
14264,"High Spend","Frequent Buyer","Silver Tier","High Probability"
14265,"High Spend","Frequent Buyer","Silver Tier","High Probability"
14266,"High Spend","Frequent Buyer","Bronze Tier","High Probability"
14267,"Medium Spend","New Customer","Bronze Tier","Low Probability"
14268,"Medium Spend","Frequent Buyer","Gold Tier","High Probability"
14269,"High Spend","Frequent Buyer","Bronze Tier","High Probability"
14270,"Medium Spend","Frequent Buyer","Bronze Tier","High Probability"
14271,"Low Spend","Occasional Buyer","Platinum Tier","High Probability"
14272,"Medium Spend","Frequent Buyer","Platinum Tier","High Probability"
14273,"High Spend","Frequent Buyer","Silver Tier","High Probability"
14274,"High Spend","Occasional Buyer","Gold Tier","High Probability"
14275,"High Spend","Frequent Buyer","Silver Tier","High Probability"
14276,"High Spend","Frequent Buyer","Gold Tier","High Probability"
14277,"High Spend","Frequent Buyer","Silver Tier","High Probability"
14278,"High Spend","Frequent Buyer","Platinum Tier","High Probability"
14279,"Medium Spend","Occasional Buyer","Bronze Tier","High Probability"
14280,"High Spend","New Customer","Gold Tier","High Probability"
14281,"Medium Spend","Occasional Buyer","Gold Tier","High Probability"
14282,"High Spend","Occasional Buyer","Silver Tier","High Probability"
14283,"Medium Spend","Frequent Buyer","Gold Tier","High Probability"
14284,"High Spend","Frequent Buyer","Bronze Tier","High Probability"
14285,"High Spend","Frequent Buyer","Platinum Tier","High Probability"
14286,"High Spend","Frequent Buyer","Silver Tier","High Probability"
14287,"High Spend","Occasional Buyer","Platinum Tier","High Probability"
14288,"High Spend","Occasional Buyer","Silver Tier","High Probability"
14289,"High Spend","Frequent Buyer","Silver Tier","High Probability"
14290,"Medium Spend","Occasional Buyer","Silver Tier","High Probability"
14291,"High Spend","Occasional Buyer","Bronze Tier","High Probability"
14292,"Medium Spend","New Customer","Silver Tier","High Probability"
14293,"High Spend","Frequent Buyer","Platinum Tier","High Probability"
14294,"High Spend","Frequent Buyer","Gold Tier","High Probability"
14295,"High Spend","Occasional Buyer","Platinum Tier","High Probability"
14296,"High Spend","Frequent Buyer","Gold Tier","High Probability"
14297,"High Spend","Frequent Buyer","Silver Tier","High Probability"
14298,"High Spend","Frequent Buyer","Platinum Tier","High Probability"
14299,"High Spend","Occasional Buyer","Silver Tier","High Probability"
14300,"High Spend","Occasional Buyer","Silver Tier","High Probability"
14301,"High Spend","Occasional Buyer","Silver Tier","High Probability"
14302,"High Spend","Frequent Buyer","Gold Tier","High Probability"
14303,"High Spend","Occasional Buyer","Gold Tier","High Probability"
14304,"High Spend","Frequent Buyer","Platinum Tier","High Probability"
14305,"High Spend","Occasional Buyer","Gold Tier","High Probability"
14306,"High Spend","Frequent Buyer","Platinum Tier","High Probability"
14307,"High Spend","Frequent Buyer","Platinum Tier","Low Probability"
14308,"High Spend","Occasional Buyer","Bronze Tier","High Probability"
14309,"High Spend","Frequent Buyer","Silver Tier","High Probability"
14310,"High Spend","Frequent Buyer","Silver Tier","High Probability"
14311,"Medium Spend","Frequent Buyer","Gold Tier","High Probability"
14312,"High Spend","Occasional Buyer","Platinum Tier","High Probability"
14313,"High Spend","Frequent Buyer","Gold Tier","High Probability"
14314,"Medium Spend","Occasional Buyer","Platinum Tier","High Probability"
14315,"High Spend","Occasional Buyer","Gold Tier","High Probability"
14316,"High Spend","Frequent Buyer","Silver Tier","Low Probability"
14317,"High Spend","Frequent Buyer","Gold Tier","High Probability"
14318,"High Spend","Frequent Buyer","Platinum Tier","High Probability"
14319,"Low Spend","Frequent Buyer","Bronze Tier","High Probability"
14320,"Medium Spend","Frequent Buyer","Silver Tier","High Probability"
14321,"High Spend","Frequent Buyer","Bronze Tier","High Probability"
14322,"Medium Spend","Occasional Buyer","Platinum Tier","High Probability"
14323,"Medium Spend","Occasional Buyer","Silver Tier","High Probability"
14324,"High Spend","Occasional Buyer","Gold Tier","High Probability"
14325,"High Spend","Occasional Buyer","Platinum Tier","Low Probability"
14326,"High Spend","New Customer","Bronze Tier","High Probability"
14327,"Medium Spend","Occasional Buyer","Gold Tier","High Probability"
14328,"Medium Spend","Frequent Buyer","Silver Tier","High Probability"
14329,"High Spend","Frequent Buyer","Gold Tier","High Probability"
14330,"High Spend","Occasional Buyer","Gold Tier","High Probability"
14331,"High Spend","Occasional Buyer","Silver Tier","High Probability"
14332,"High Spend","Occasional Buyer","Bronze Tier","Low Probability"
14333,"High Spend","Frequent Buyer","Platinum Tier","High Probability"
14334,"High Spend","Occasional Buyer","Platinum Tier","High Probability"
14335,"High Spend","Frequent Buyer","Silver Tier","High Probability"
14336,"High Spend","Frequent Buyer","Gold Tier","High Probability"
14337,"High Spend","Frequent Buyer","Platinum Tier","High Probability"
14338,"High Spend","New Customer","Platinum Tier","Low Probability"
14339,"High Spend","Frequent Buyer","Platinum Tier","High Probability"
14340,"Medium Spend","Frequent Buyer","Platinum Tier","High Probability"
14341,"High Spend","Frequent Buyer","Silver Tier","High Probability"
14342,"Low Spend","New Customer","Platinum Tier","High Probability"
14343,"High Spend","Occasional Buyer","Platinum Tier","High Probability"
14344,"High Spend","Frequent Buyer","Gold Tier","High Probability"
14345,"Medium Spend","Occasional Buyer","Silver Tier","Low Probability"
14346,"High Spend","Occasional Buyer","Bronze Tier","High Probability"
14347,"Medium Spend","Frequent Buyer","Silver Tier","High Probability"
14348,"High Spend","Frequent Buyer","Gold Tier","High Probability"
14349,"High Spend","Occasional Buyer","Bronze Tier","High Probability"
14350,"High Spend","Frequent Buyer","Bronze Tier","High Probability"
14351,"High Spend","Frequent Buyer","Gold Tier","High Probability"
14352,"High Spend","Frequent Buyer","Gold Tier","High Probability"
14353,"Medium Spend","Occasional Buyer","Platinum Tier","High Probability"
14354,"High Spend","Frequent Buyer","Gold Tier","High Probability"
14355,"High Spend","Frequent Buyer","Gold Tier","High Probability"
14356,"High Spend","Frequent Buyer","Gold Tier","High Probability"
14357,"High Spend","Frequent Buyer","Platinum Tier","High Probability"
14358,"Medium Spend","Occasional Buyer","Gold Tier","Low Probability"
14359,"Medium Spend","Frequent Buyer","Bronze Tier","High Probability"
14360,"High Spend","Frequent Buyer","Platinum Tier","High Probability"
14361,"Medium Spend","New Customer","Gold Tier","High Probability"
14362,"High Spend","New Customer","Bronze Tier","High Probability"
14363,"High Spend","New Customer","Silver Tier","High Probability"
14364,"High Spend","Frequent Buyer","Bronze Tier","Low Probability"
14365,"Medium Spend","New Customer","Gold Tier","High Probability"
14366,"High Spend","Frequent Buyer","Platinum Tier","High Probability"
14367,"Low Spend","Frequent Buyer","Bronze Tier","Low Probability"
14368,"High Spend","Frequent Buyer","Bronze Tier","Low Probability"
14369,"High Spend","Frequent Buyer","Gold Tier","High Probability"
14370,"Medium Spend","Frequent Buyer","Bronze Tier","Low Probability"
14371,"Medium Spend","Occasional Buyer","Gold Tier","Low Probability"
14372,"Medium Spend","Occasional Buyer","Silver Tier","High Probability"
14373,"High Spend","Occasional Buyer","Silver Tier","High Probability"
14374,"High Spend","Occasional Buyer","Platinum Tier","High Probability"
14375,"High Spend","Occasional Buyer","Gold Tier","High Probability"
14376,"High Spend","Frequent Buyer","Platinum Tier","High Probability"
14377,"High Spend","Occasional Buyer","Bronze Tier","Low Probability"
14378,"Low Spend","New Customer","Gold Tier","High Probability"
14379,"Low Spend","Frequent Buyer","Platinum Tier","High Probability"
14380,"High Spend","Frequent Buyer","Silver Tier","High Probability"
14381,"Medium Spend","Occasional Buyer","Gold Tier","High Probability"
14382,"High Spend","Occasional Buyer","Platinum Tier","High Probability"
14383,"Medium Spend","Frequent Buyer","Platinum Tier","High Probability"
14384,"High Spend","Occasional Buyer","Gold Tier","High Probability"
14385,"High Spend","Frequent Buyer","Gold Tier","High Probability"
14386,"High Spend","Occasional Buyer","Silver Tier","High Probability"
14387,"High Spend","Frequent Buyer","Bronze Tier","High Probability"
14388,"High Spend","Frequent Buyer","Gold Tier","High Probability"
14389,"High Spend","Occasional Buyer","Gold Tier","Low Probability"
14390,"Medium Spend","Frequent Buyer","Bronze Tier","Low Probability"
14391,"High Spend","New Customer","Gold Tier","High Probability"
14392,"High Spend","Frequent Buyer","Gold Tier","High Probability"
14393,"High Spend","Frequent Buyer","Platinum Tier","High Probability"
14394,"High Spend","Frequent Buyer","Bronze Tier","High Probability"
14395,"High Spend","New Customer","Bronze Tier","Low Probability"
14396,"High Spend","Frequent Buyer","Platinum Tier","High Probability"
14397,"High Spend","Frequent Buyer","Bronze Tier","High Probability"
14398,"High Spend","Frequent Buyer","Silver Tier","High Probability"
14399,"High Spend","New Customer","Silver Tier","High Probability"
14400,"High Spend","Occasional Buyer","Silver Tier","High Probability"
14401,"High Spend","Frequent Buyer","Gold Tier","High Probability"
14402,"Medium Spend","Frequent Buyer","Platinum Tier","High Probability"
14403,"High Spend","Occasional Buyer","Silver Tier","High Probability"
14404,"High Spend","Frequent Buyer","Gold Tier","High Probability"
14405,"Medium Spend","Frequent Buyer","Platinum Tier","High Probability"
14406,"High Spend","Frequent Buyer","Gold Tier","High Probability"
14407,"High Spend","Frequent Buyer","Platinum Tier","High Probability"
14408,"High Spend","Frequent Buyer","Bronze Tier","High Probability"
14409,"High Spend","Occasional Buyer","Bronze Tier","High Probability"
14410,"High Spend","Frequent Buyer","Platinum Tier","Low Probability"
14411,"High Spend","Occasional Buyer","Platinum Tier","High Probability"
14412,"High Spend","Frequent Buyer","Gold Tier","High Probability"
14413,"Medium Spend","Occasional Buyer","Gold Tier","High Probability"
14414,"High Spend","Frequent Buyer","Platinum Tier","High Probability"
14415,"Medium Spend","Occasional Buyer","Platinum Tier","High Probability"
14416,"Medium Spend","Frequent Buyer","Silver Tier","High Probability"
14417,"High Spend","Frequent Buyer","Platinum Tier","High Probability"
14418,"High Spend","New Customer","Bronze Tier","Low Probability"
14419,"Medium Spend","Occasional Buyer","Silver Tier","High Probability"
14420,"High Spend","Frequent Buyer","Platinum Tier","High Probability"
14421,"High Spend","Occasional Buyer","Bronze Tier","High Probability"
14422,"Medium Spend","Occasional Buyer","Gold Tier","High Probability"
14423,"High Spend","Frequent Buyer","Platinum Tier","High Probability"
14424,"High Spend","Frequent Buyer","Platinum Tier","High Probability"
14425,"Medium Spend","Occasional Buyer","Silver Tier","High Probability"
14426,"High Spend","Frequent Buyer","Gold Tier","High Probability"
14427,"High Spend","Occasional Buyer","Gold Tier","High Probability"
14428,"Medium Spend","Occasional Buyer","Bronze Tier","High Probability"
14429,"High Spend","Frequent Buyer","Bronze Tier","High Probability"
14430,"High Spend","New Customer","Gold Tier","High Probability"
14431,"Medium Spend","Frequent Buyer","Platinum Tier","High Probability"
14432,"High Spend","Frequent Buyer","Bronze Tier","High Probability"
14433,"Medium Spend","Frequent Buyer","Platinum Tier","High Probability"
14434,"High Spend","Occasional Buyer","Silver Tier","High Probability"
14435,"Low Spend","New Customer","Platinum Tier","Low Probability"
14436,"High Spend","Occasional Buyer","Gold Tier","High Probability"
14437,"High Spend","Occasional Buyer","Platinum Tier","High Probability"
14438,"High Spend","Frequent Buyer","Platinum Tier","High Probability"
14439,"Medium Spend","Frequent Buyer","Platinum Tier","Low Probability"
14440,"High Spend","Occasional Buyer","Silver Tier","High Probability"
14441,"Medium Spend","Frequent Buyer","Silver Tier","High Probability"
14442,"High Spend","Frequent Buyer","Gold Tier","High Probability"
14443,"Medium Spend","Frequent Buyer","Silver Tier","High Probability"
14444,"High Spend","Occasional Buyer","Silver Tier","High Probability"
14445,"High Spend","Frequent Buyer","Platinum Tier","High Probability"
14446,"High Spend","Frequent Buyer","Gold Tier","High Probability"
14447,"High Spend","Frequent Buyer","Silver Tier","High Probability"
14448,"High Spend","Frequent Buyer","Bronze Tier","High Probability"
14449,"High Spend","Occasional Buyer","Platinum Tier","High Probability"
14450,"High Spend","Frequent Buyer","Bronze Tier","High Probability"
14451,"High Spend","New Customer","Platinum Tier","High Probability"
14452,"High Spend","Frequent Buyer","Silver Tier","High Probability"
14453,"High Spend","Frequent Buyer","Bronze Tier","Low Probability"
14454,"High Spend","Frequent Buyer","Platinum Tier","High Probability"
14455,"High Spend","Occasional Buyer","Platinum Tier","High Probability"
14456,"High Spend","Frequent Buyer","Silver Tier","High Probability"
14457,"Medium Spend","New Customer","Gold Tier","Low Probability"
14458,"High Spend","Frequent Buyer","Bronze Tier","High Probability"
14459,"High Spend","Frequent Buyer","Gold Tier","High Probability"
14460,"High Spend","Frequent Buyer","Silver Tier","High Probability"
14461,"High Spend","Frequent Buyer","Silver Tier","High Probability"
14462,"High Spend","Frequent Buyer","Silver Tier","High Probability"
14463,"High Spend","Frequent Buyer","Gold Tier","High Probability"
14464,"High Spend","Frequent Buyer","Bronze Tier","High Probability"
14465,"Medium Spend","Frequent Buyer","Bronze Tier","High Probability"
14466,"Medium Spend","Frequent Buyer","Gold Tier","High Probability"
14467,"High Spend","Frequent Buyer","Bronze Tier","High Probability"
14468,"High Spend","Frequent Buyer","Silver Tier","High Probability"
14469,"High Spend","Occasional Buyer","Platinum Tier","High Probability"
14470,"Medium Spend","Occasional Buyer","Silver Tier","High Probability"
14471,"Medium Spend","Frequent Buyer","Bronze Tier","Low Probability"
14472,"High Spend","Frequent Buyer","Gold Tier","High Probability"
14473,"High Spend","Occasional Buyer","Gold Tier","High Probability"
14474,"High Spend","New Customer","Platinum Tier","High Probability"
14475,"High Spend","Occasional Buyer","Platinum Tier","High Probability"
14476,"Low Spend","Frequent Buyer","Gold Tier","High Probability"
14477,"Low Spend","Frequent Buyer","Platinum Tier","Low Probability"
14478,"Medium Spend","Frequent Buyer","Silver Tier","High Probability"
14479,"High Spend","Frequent Buyer","Gold Tier","High Probability"
14480,"High Spend","New Customer","Gold Tier","High Probability"
14481,"High Spend","New Customer","Platinum Tier","High Probability"
14482,"Low Spend","Frequent Buyer","Bronze Tier","High Probability"
14483,"High Spend","Frequent Buyer","Gold Tier","High Probability"
14484,"High Spend","New Customer","Bronze Tier","Low Probability"
14485,"Medium Spend","Frequent Buyer","Bronze Tier","High Probability"
14486,"High Spend","Frequent Buyer","Gold Tier","High Probability"
14487,"Medium Spend","Occasional Buyer","Platinum Tier","High Probability"
14488,"Medium Spend","Frequent Buyer","Bronze Tier","High Probability"
14489,"High Spend","Frequent Buyer","Platinum Tier","High Probability"
14490,"High Spend","Frequent Buyer","Silver Tier","High Probability"
14491,"High Spend","Frequent Buyer","Bronze Tier","High Probability"
14492,"High Spend","New Customer","Gold Tier","High Probability"
14493,"High Spend","Frequent Buyer","Silver Tier","High Probability"
14494,"High Spend","New Customer","Platinum Tier","High Probability"
14495,"Medium Spend","Frequent Buyer","Silver Tier","High Probability"
14496,"Medium Spend","Frequent Buyer","Bronze Tier","High Probability"
14497,"High Spend","Frequent Buyer","Gold Tier","High Probability"
14498,"High Spend","Frequent Buyer","Gold Tier","High Probability"
14499,"High Spend","Frequent Buyer","Bronze Tier","Low Probability"
14500,"High Spend","Frequent Buyer","Platinum Tier","High Probability"
14501,"High Spend","Frequent Buyer","Platinum Tier","High Probability"
14502,"High Spend","Frequent Buyer","Platinum Tier","High Probability"
14503,"High Spend","Frequent Buyer","Bronze Tier","Low Probability"
14504,"High Spend","Frequent Buyer","Gold Tier","High Probability"
14505,"High Spend","Frequent Buyer","Gold Tier","High Probability"
14506,"High Spend","Frequent Buyer","Silver Tier","High Probability"
14507,"Low Spend","Occasional Buyer","Bronze Tier","High Probability"
14508,"High Spend","Occasional Buyer","Platinum Tier","High Probability"
14509,"High Spend","Frequent Buyer","Silver Tier","High Probability"
14510,"Medium Spend","Frequent Buyer","Bronze Tier","High Probability"
14511,"Medium Spend","Frequent Buyer","Bronze Tier","High Probability"
14512,"High Spend","New Customer","Gold Tier","High Probability"
14513,"High Spend","Occasional Buyer","Gold Tier","High Probability"
14514,"High Spend","Frequent Buyer","Platinum Tier","High Probability"
14515,"High Spend","Frequent Buyer","Silver Tier","High Probability"
14516,"High Spend","New Customer","Bronze Tier","High Probability"
14517,"High Spend","Frequent Buyer","Gold Tier","High Probability"
14518,"Medium Spend","Frequent Buyer","Bronze Tier","High Probability"
14519,"High Spend","Frequent Buyer","Platinum Tier","High Probability"
14520,"High Spend","Frequent Buyer","Silver Tier","High Probability"
14521,"High Spend","Frequent Buyer","Platinum Tier","High Probability"
14522,"Low Spend","Occasional Buyer","Platinum Tier","High Probability"
14523,"Medium Spend","New Customer","Gold Tier","Low Probability"
14524,"Medium Spend","Frequent Buyer","Gold Tier","High Probability"
14525,"High Spend","Frequent Buyer","Platinum Tier","High Probability"
14526,"High Spend","Frequent Buyer","Bronze Tier","High Probability"
14527,"Medium Spend","Frequent Buyer","Silver Tier","High Probability"
14528,"High Spend","Occasional Buyer","Platinum Tier","High Probability"
14529,"High Spend","Occasional Buyer","Gold Tier","High Probability"
14530,"High Spend","Frequent Buyer","Silver Tier","High Probability"
14531,"Medium Spend","Frequent Buyer","Gold Tier","High Probability"
14532,"High Spend","New Customer","Gold Tier","High Probability"
14533,"High Spend","Frequent Buyer","Gold Tier","High Probability"
14534,"High Spend","Occasional Buyer","Silver Tier","High Probability"
14535,"High Spend","Frequent Buyer","Bronze Tier","High Probability"
14536,"High Spend","New Customer","Gold Tier","High Probability"
14537,"High Spend","Occasional Buyer","Bronze Tier","High Probability"
14538,"High Spend","Frequent Buyer","Platinum Tier","High Probability"
14539,"High Spend","Frequent Buyer","Platinum Tier","High Probability"
14540,"Medium Spend","Frequent Buyer","Silver Tier","High Probability"
14541,"Medium Spend","Frequent Buyer","Gold Tier","High Probability"
14542,"High Spend","New Customer","Silver Tier","High Probability"
14543,"High Spend","Frequent Buyer","Platinum Tier","High Probability"
14544,"High Spend","Frequent Buyer","Silver Tier","High Probability"
14545,"High Spend","Frequent Buyer","Gold Tier","High Probability"
14546,"High Spend","Frequent Buyer","Platinum Tier","High Probability"
14547,"High Spend","Frequent Buyer","Platinum Tier","High Probability"
14548,"High Spend","Occasional Buyer","Gold Tier","High Probability"
14549,"High Spend","Frequent Buyer","Platinum Tier","High Probability"
14550,"High Spend","New Customer","Platinum Tier","High Probability"
14551,"High Spend","New Customer","Platinum Tier","High Probability"
14552,"High Spend","Frequent Buyer","Platinum Tier","High Probability"
14553,"Low Spend","Frequent Buyer","Gold Tier","High Probability"
14554,"High Spend","New Customer","Silver Tier","High Probability"
14555,"Medium Spend","Frequent Buyer","Bronze Tier","High Probability"
14556,"High Spend","Frequent Buyer","Platinum Tier","High Probability"
14557,"High Spend","Frequent Buyer","Platinum Tier","High Probability"
14558,"High Spend","New Customer","Gold Tier","Low Probability"
14559,"High Spend","Frequent Buyer","Gold Tier","High Probability"
14560,"High Spend","Frequent Buyer","Gold Tier","High Probability"
14561,"High Spend","Frequent Buyer","Platinum Tier","High Probability"
14562,"Medium Spend","Occasional Buyer","Silver Tier","Low Probability"
14563,"High Spend","Frequent Buyer","Silver Tier","High Probability"
14564,"High Spend","Frequent Buyer","Platinum Tier","High Probability"
14565,"High Spend","Occasional Buyer","Bronze Tier","Low Probability"
14566,"High Spend","Occasional Buyer","Gold Tier","High Probability"
14567,"High Spend","Frequent Buyer","Platinum Tier","High Probability"
14568,"High Spend","New Customer","Bronze Tier","High Probability"
14569,"High Spend","New Customer","Silver Tier","High Probability"
14570,"High Spend","Occasional Buyer","Gold Tier","High Probability"
14571,"High Spend","Frequent Buyer","Silver Tier","High Probability"
14572,"High Spend","New Customer","Bronze Tier","High Probability"
14573,"High Spend","Frequent Buyer","Platinum Tier","High Probability"
14574,"Medium Spend","Frequent Buyer","Gold Tier","High Probability"
14575,"High Spend","Frequent Buyer","Gold Tier","High Probability"
14576,"High Spend","Frequent Buyer","Platinum Tier","High Probability"
14577,"High Spend","Occasional Buyer","Platinum Tier","High Probability"
14578,"High Spend","New Customer","Gold Tier","High Probability"
14579,"High Spend","Frequent Buyer","Gold Tier","High Probability"
14580,"High Spend","Frequent Buyer","Bronze Tier","High Probability"
14581,"High Spend","Occasional Buyer","Bronze Tier","High Probability"
14582,"High Spend","Frequent Buyer","Silver Tier","High Probability"
14583,"High Spend","Occasional Buyer","Gold Tier","High Probability"
14584,"High Spend","Frequent Buyer","Silver Tier","High Probability"
14585,"High Spend","Frequent Buyer","Gold Tier","High Probability"
14586,"High Spend","Occasional Buyer","Platinum Tier","Low Probability"
14587,"High Spend","Occasional Buyer","Gold Tier","High Probability"
14588,"High Spend","Frequent Buyer","Gold Tier","High Probability"
14589,"Medium Spend","Occasional Buyer","Platinum Tier","High Probability"
14590,"High Spend","Occasional Buyer","Platinum Tier","High Probability"
14591,"High Spend","Frequent Buyer","Silver Tier","High Probability"
14592,"High Spend","Frequent Buyer","Gold Tier","High Probability"
14593,"High Spend","Frequent Buyer","Gold Tier","High Probability"
14594,"High Spend","Frequent Buyer","Gold Tier","High Probability"
14595,"High Spend","Frequent Buyer","Platinum Tier","High Probability"
14596,"High Spend","Occasional Buyer","Gold Tier","High Probability"
14597,"Medium Spend","Frequent Buyer","Silver Tier","High Probability"
14598,"High Spend","Frequent Buyer","Bronze Tier","Low Probability"
14599,"High Spend","Frequent Buyer","Gold Tier","High Probability"
14600,"Medium Spend","Frequent Buyer","Gold Tier","High Probability"
14601,"Medium Spend","Frequent Buyer","Platinum Tier","Low Probability"
14602,"High Spend","Occasional Buyer","Gold Tier","High Probability"
14603,"High Spend","Occasional Buyer","Platinum Tier","High Probability"
14604,"High Spend","Frequent Buyer","Bronze Tier","High Probability"
14605,"High Spend","Occasional Buyer","Platinum Tier","High Probability"
14606,"High Spend","Frequent Buyer","Platinum Tier","High Probability"
14607,"Medium Spend","Occasional Buyer","Bronze Tier","Low Probability"
14608,"Medium Spend","Frequent Buyer","Platinum Tier","High Probability"
14609,"High Spend","Frequent Buyer","Gold Tier","High Probability"
14610,"High Spend","Frequent Buyer","Platinum Tier","High Probability"
14611,"High Spend","Frequent Buyer","Silver Tier","High Probability"
14612,"Medium Spend","Frequent Buyer","Bronze Tier","High Probability"
14613,"Medium Spend","Occasional Buyer","Gold Tier","High Probability"
14614,"Medium Spend","Frequent Buyer","Gold Tier","Low Probability"
14615,"High Spend","Frequent Buyer","Gold Tier","High Probability"
14616,"High Spend","Occasional Buyer","Silver Tier","High Probability"
14617,"Medium Spend","New Customer","Silver Tier","High Probability"
14618,"Medium Spend","Occasional Buyer","Bronze Tier","High Probability"
14619,"Medium Spend","Frequent Buyer","Bronze Tier","High Probability"
14620,"High Spend","Frequent Buyer","Silver Tier","High Probability"
14621,"High Spend","Frequent Buyer","Platinum Tier","High Probability"
14622,"High Spend","Frequent Buyer","Bronze Tier","Low Probability"
14623,"High Spend","Frequent Buyer","Gold Tier","High Probability"
14624,"High Spend","Frequent Buyer","Silver Tier","High Probability"
14625,"High Spend","New Customer","Gold Tier","High Probability"
14626,"High Spend","Occasional Buyer","Gold Tier","High Probability"
14627,"High Spend","Occasional Buyer","Silver Tier","High Probability"
14628,"High Spend","Occasional Buyer","Platinum Tier","High Probability"
14629,"Medium Spend","Occasional Buyer","Platinum Tier","Low Probability"
14630,"High Spend","Occasional Buyer","Silver Tier","High Probability"
14631,"High Spend","Frequent Buyer","Bronze Tier","High Probability"
14632,"High Spend","Frequent Buyer","Gold Tier","High Probability"
14633,"High Spend","Frequent Buyer","Silver Tier","High Probability"
14634,"High Spend","Frequent Buyer","Gold Tier","High Probability"
14635,"High Spend","Occasional Buyer","Platinum Tier","High Probability"
14636,"High Spend","Frequent Buyer","Gold Tier","High Probability"
14637,"High Spend","New Customer","Platinum Tier","High Probability"
14638,"High Spend","Occasional Buyer","Platinum Tier","High Probability"
14639,"High Spend","Frequent Buyer","Silver Tier","High Probability"
14640,"High Spend","Frequent Buyer","Silver Tier","High Probability"
14641,"High Spend","Frequent Buyer","Bronze Tier","High Probability"
14642,"High Spend","Occasional Buyer","Platinum Tier","High Probability"
14643,"High Spend","Frequent Buyer","Platinum Tier","High Probability"
14644,"High Spend","Frequent Buyer","Platinum Tier","High Probability"
14645,"High Spend","Frequent Buyer","Gold Tier","High Probability"
14646,"High Spend","Frequent Buyer","Platinum Tier","High Probability"
14647,"High Spend","Frequent Buyer","Platinum Tier","High Probability"
14648,"Medium Spend","Frequent Buyer","Gold Tier","High Probability"
14649,"High Spend","Occasional Buyer","Silver Tier","High Probability"
14650,"Medium Spend","Frequent Buyer","Bronze Tier","High Probability"
14651,"Medium Spend","New Customer","Gold Tier","High Probability"
14652,"High Spend","Occasional Buyer","Platinum Tier","High Probability"
14653,"High Spend","Occasional Buyer","Gold Tier","High Probability"
14654,"Low Spend","New Customer","Gold Tier","High Probability"
14655,"High Spend","New Customer","Bronze Tier","High Probability"
14656,"High Spend","Frequent Buyer","Silver Tier","High Probability"
14657,"High Spend","Frequent Buyer","Silver Tier","High Probability"
14658,"High Spend","Frequent Buyer","Gold Tier","High Probability"
14659,"High Spend","Frequent Buyer","Gold Tier","High Probability"
14660,"High Spend","Frequent Buyer","Platinum Tier","High Probability"
14661,"High Spend","Frequent Buyer","Bronze Tier","High Probability"
14662,"Medium Spend","Occasional Buyer","Silver Tier","High Probability"
14663,"High Spend","Frequent Buyer","Bronze Tier","High Probability"
14664,"High Spend","Frequent Buyer","Silver Tier","High Probability"
14665,"High Spend","Occasional Buyer","Bronze Tier","Low Probability"
14666,"Medium Spend","Frequent Buyer","Platinum Tier","High Probability"
14667,"Medium Spend","Occasional Buyer","Platinum Tier","High Probability"
14668,"High Spend","New Customer","Silver Tier","High Probability"
14669,"High Spend","Frequent Buyer","Platinum Tier","High Probability"
14670,"High Spend","Occasional Buyer","Platinum Tier","High Probability"
14671,"Medium Spend","Occasional Buyer","Platinum Tier","High Probability"
14672,"High Spend","Frequent Buyer","Silver Tier","High Probability"
14673,"High Spend","New Customer","Silver Tier","High Probability"
14674,"Low Spend","Frequent Buyer","Gold Tier","High Probability"
14675,"High Spend","Frequent Buyer","Platinum Tier","High Probability"
14676,"High Spend","Frequent Buyer","Platinum Tier","High Probability"
14677,"Medium Spend","Frequent Buyer","Platinum Tier","Low Probability"
14678,"High Spend","Frequent Buyer","Silver Tier","High Probability"
14679,"High Spend","New Customer","Gold Tier","High Probability"
14680,"Medium Spend","Frequent Buyer","Bronze Tier","High Probability"
14681,"High Spend","Frequent Buyer","Gold Tier","High Probability"
14682,"High Spend","Occasional Buyer","Silver Tier","High Probability"
14683,"High Spend","Occasional Buyer","Silver Tier","High Probability"
14684,"High Spend","Occasional Buyer","Gold Tier","High Probability"
14685,"High Spend","Occasional Buyer","Bronze Tier","High Probability"
14686,"High Spend","New Customer","Platinum Tier","High Probability"
14687,"High Spend","Occasional Buyer","Gold Tier","High Probability"
14688,"High Spend","Frequent Buyer","Platinum Tier","High Probability"
14689,"Low Spend","Frequent Buyer","Gold Tier","High Probability"
14690,"High Spend","Frequent Buyer","Silver Tier","High Probability"
14691,"High Spend","Frequent Buyer","Gold Tier","High Probability"
14692,"High Spend","New Customer","Platinum Tier","High Probability"
14693,"High Spend","Frequent Buyer","Gold Tier","High Probability"
14694,"High Spend","Frequent Buyer","Silver Tier","High Probability"
14695,"High Spend","Occasional Buyer","Platinum Tier","High Probability"
14696,"High Spend","Frequent Buyer","Platinum Tier","High Probability"
14697,"High Spend","Frequent Buyer","Gold Tier","High Probability"
14698,"Medium Spend","Occasional Buyer","Gold Tier","High Probability"
14699,"High Spend","Occasional Buyer","Gold Tier","High Probability"
14700,"High Spend","Frequent Buyer","Silver Tier","High Probability"
14701,"Medium Spend","Occasional Buyer","Platinum Tier","High Probability"
14702,"High Spend","Frequent Buyer","Gold Tier","High Probability"
14703,"High Spend","Occasional Buyer","Platinum Tier","High Probability"
14704,"Medium Spend","Frequent Buyer","Bronze Tier","Low Probability"
14705,"High Spend","Frequent Buyer","Gold Tier","High Probability"
14706,"High Spend","Frequent Buyer","Gold Tier","High Probability"
14707,"High Spend","Frequent Buyer","Platinum Tier","High Probability"
14708,"High Spend","Occasional Buyer","Gold Tier","High Probability"
14709,"Low Spend","New Customer","Platinum Tier","High Probability"
14710,"High Spend","Frequent Buyer","Gold Tier","High Probability"
14711,"High Spend","Frequent Buyer","Gold Tier","High Probability"
14712,"High Spend","Frequent Buyer","Silver Tier","High Probability"
14713,"High Spend","Occasional Buyer","Silver Tier","High Probability"
14714,"High Spend","Frequent Buyer","Gold Tier","High Probability"
14715,"High Spend","Frequent Buyer","Bronze Tier","High Probability"
14716,"Medium Spend","Frequent Buyer","Gold Tier","High Probability"
14717,"High Spend","Frequent Buyer","Silver Tier","High Probability"
14718,"Medium Spend","Frequent Buyer","Bronze Tier","High Probability"
14719,"High Spend","New Customer","Bronze Tier","High Probability"
14720,"High Spend","Occasional Buyer","Silver Tier","High Probability"
14721,"High Spend","Frequent Buyer","Bronze Tier","Low Probability"
14722,"High Spend","Frequent Buyer","Platinum Tier","High Probability"
14723,"High Spend","Frequent Buyer","Bronze Tier","High Probability"
14724,"High Spend","Frequent Buyer","Gold Tier","High Probability"
14725,"High Spend","Frequent Buyer","Platinum Tier","High Probability"
14726,"High Spend","Frequent Buyer","Platinum Tier","High Probability"
14727,"High Spend","Occasional Buyer","Gold Tier","High Probability"
14728,"High Spend","Occasional Buyer","Gold Tier","High Probability"
14729,"Medium Spend","New Customer","Bronze Tier","Low Probability"
14730,"High Spend","New Customer","Platinum Tier","High Probability"
14731,"High Spend","Occasional Buyer","Gold Tier","High Probability"
14732,"High Spend","Frequent Buyer","Gold Tier","High Probability"
14733,"High Spend","Occasional Buyer","Silver Tier","High Probability"
14734,"High Spend","Frequent Buyer","Gold Tier","High Probability"
14735,"High Spend","Frequent Buyer","Gold Tier","High Probability"
14736,"Medium Spend","New Customer","Bronze Tier","High Probability"
14737,"High Spend","New Customer","Gold Tier","Low Probability"
14738,"High Spend","Occasional Buyer","Gold Tier","High Probability"
14739,"High Spend","Frequent Buyer","Silver Tier","High Probability"
14740,"High Spend","Frequent Buyer","Silver Tier","High Probability"
14741,"High Spend","Frequent Buyer","Platinum Tier","High Probability"
14742,"High Spend","Frequent Buyer","Platinum Tier","High Probability"
14743,"High Spend","Frequent Buyer","Gold Tier","High Probability"
14744,"High Spend","Frequent Buyer","Bronze Tier","High Probability"
14745,"Medium Spend","Frequent Buyer","Silver Tier","High Probability"
14746,"High Spend","Frequent Buyer","Gold Tier","High Probability"
14747,"High Spend","Frequent Buyer","Silver Tier","High Probability"
14748,"High Spend","Occasional Buyer","Gold Tier","High Probability"
14749,"Medium Spend","Frequent Buyer","Silver Tier","High Probability"
14750,"High Spend","Frequent Buyer","Silver Tier","High Probability"
14751,"High Spend","Frequent Buyer","Platinum Tier","High Probability"
14752,"High Spend","Frequent Buyer","Bronze Tier","High Probability"
14753,"High Spend","Frequent Buyer","Silver Tier","High Probability"
14754,"Medium Spend","Frequent Buyer","Gold Tier","High Probability"
14755,"High Spend","Frequent Buyer","Platinum Tier","High Probability"
14756,"High Spend","Frequent Buyer","Gold Tier","High Probability"
14757,"High Spend","Frequent Buyer","Bronze Tier","High Probability"
14758,"High Spend","Occasional Buyer","Gold Tier","High Probability"
14759,"Medium Spend","Frequent Buyer","Platinum Tier","High Probability"
14760,"High Spend","Frequent Buyer","Platinum Tier","High Probability"
14761,"Medium Spend","Occasional Buyer","Gold Tier","High Probability"
14762,"High Spend","Occasional Buyer","Platinum Tier","High Probability"
14763,"High Spend","Frequent Buyer","Gold Tier","High Probability"
14764,"High Spend","Frequent Buyer","Bronze Tier","High Probability"
14765,"High Spend","Frequent Buyer","Bronze Tier","High Probability"
14766,"High Spend","Occasional Buyer","Gold Tier","High Probability"
14767,"High Spend","Occasional Buyer","Gold Tier","High Probability"
14768,"Medium Spend","Occasional Buyer","Platinum Tier","High Probability"
14769,"High Spend","Frequent Buyer","Bronze Tier","High Probability"
14770,"High Spend","Frequent Buyer","Bronze Tier","High Probability"
14771,"High Spend","Frequent Buyer","Gold Tier","High Probability"
14772,"High Spend","Frequent Buyer","Silver Tier","High Probability"
14773,"Medium Spend","Frequent Buyer","Silver Tier","High Probability"
14774,"High Spend","Frequent Buyer","Bronze Tier","High Probability"
14775,"High Spend","Frequent Buyer","Gold Tier","High Probability"
14776,"High Spend","Frequent Buyer","Gold Tier","High Probability"
14777,"High Spend","Frequent Buyer","Gold Tier","High Probability"
14778,"Medium Spend","Occasional Buyer","Platinum Tier","Low Probability"
14779,"Medium Spend","Frequent Buyer","Bronze Tier","High Probability"
14780,"Medium Spend","Frequent Buyer","Gold Tier","High Probability"
14781,"Medium Spend","Frequent Buyer","Platinum Tier","High Probability"
14782,"Medium Spend","Occasional Buyer","Silver Tier","High Probability"
14783,"High Spend","Frequent Buyer","Silver Tier","High Probability"
14784,"High Spend","New Customer","Silver Tier","High Probability"
14785,"High Spend","Occasional Buyer","Gold Tier","High Probability"
14786,"Low Spend","Frequent Buyer","Bronze Tier","Low Probability"
14787,"High Spend","Frequent Buyer","Platinum Tier","High Probability"
14788,"High Spend","Frequent Buyer","Bronze Tier","High Probability"
14789,"High Spend","Frequent Buyer","Platinum Tier","High Probability"
14790,"High Spend","Frequent Buyer","Silver Tier","Low Probability"
14791,"High Spend","Frequent Buyer","Gold Tier","High Probability"
14792,"Medium Spend","New Customer","Platinum Tier","Low Probability"
14793,"High Spend","Occasional Buyer","Gold Tier","High Probability"
14794,"Medium Spend","Frequent Buyer","Silver Tier","High Probability"
14795,"High Spend","Frequent Buyer","Platinum Tier","High Probability"
14796,"High Spend","Frequent Buyer","Silver Tier","High Probability"
14797,"High Spend","Frequent Buyer","Bronze Tier","High Probability"
14798,"High Spend","Frequent Buyer","Silver Tier","High Probability"
14799,"Medium Spend","Frequent Buyer","Bronze Tier","High Probability"
14800,"High Spend","Frequent Buyer","Platinum Tier","High Probability"
14801,"High Spend","Frequent Buyer","Bronze Tier","High Probability"
14802,"High Spend","New Customer","Silver Tier","High Probability"
14803,"High Spend","Occasional Buyer","Gold Tier","High Probability"
14804,"High Spend","Frequent Buyer","Platinum Tier","High Probability"
14805,"Medium Spend","Frequent Buyer","Platinum Tier","High Probability"
14806,"Medium Spend","Occasional Buyer","Platinum Tier","High Probability"
14807,"High Spend","Frequent Buyer","Silver Tier","High Probability"
14808,"High Spend","New Customer","Bronze Tier","High Probability"
14809,"High Spend","Frequent Buyer","Gold Tier","High Probability"
14810,"High Spend","New Customer","Bronze Tier","High Probability"
14811,"Medium Spend","Frequent Buyer","Gold Tier","High Probability"
14812,"High Spend","Occasional Buyer","Bronze Tier","Low Probability"
14813,"Medium Spend","Frequent Buyer","Bronze Tier","Low Probability"
14814,"High Spend","Occasional Buyer","Platinum Tier","Low Probability"
14815,"Medium Spend","Occasional Buyer","Bronze Tier","Low Probability"
14816,"High Spend","Frequent Buyer","Bronze Tier","High Probability"
14817,"High Spend","Frequent Buyer","Platinum Tier","High Probability"
14818,"Medium Spend","Frequent Buyer","Bronze Tier","High Probability"
14819,"Medium Spend","Frequent Buyer","Silver Tier","High Probability"
14820,"High Spend","Frequent Buyer","Gold Tier","High Probability"
14821,"Medium Spend","Frequent Buyer","Platinum Tier","High Probability"
14822,"High Spend","New Customer","Gold Tier","High Probability"
14823,"High Spend","Frequent Buyer","Platinum Tier","High Probability"
14824,"High Spend","New Customer","Bronze Tier","Low Probability"
14825,"High Spend","Frequent Buyer","Platinum Tier","Low Probability"
14826,"High Spend","Frequent Buyer","Platinum Tier","High Probability"
14827,"High Spend","Occasional Buyer","Silver Tier","High Probability"
14828,"High Spend","Occasional Buyer","Bronze Tier","High Probability"
14829,"Medium Spend","Occasional Buyer","Bronze Tier","High Probability"
14830,"High Spend","Frequent Buyer","Platinum Tier","High Probability"
14831,"High Spend","Occasional Buyer","Bronze Tier","High Probability"
14832,"High Spend","Frequent Buyer","Gold Tier","High Probability"
14833,"Medium Spend","Frequent Buyer","Gold Tier","High Probability"
14834,"High Spend","Frequent Buyer","Platinum Tier","High Probability"
14835,"Medium Spend","Occasional Buyer","Bronze Tier","High Probability"
14836,"High Spend","Occasional Buyer","Gold Tier","High Probability"
14837,"High Spend","New Customer","Silver Tier","Low Probability"
14838,"High Spend","Frequent Buyer","Platinum Tier","High Probability"
14839,"High Spend","Occasional Buyer","Gold Tier","High Probability"
14840,"Medium Spend","Frequent Buyer","Platinum Tier","High Probability"
14841,"High Spend","Frequent Buyer","Silver Tier","High Probability"
14842,"High Spend","Occasional Buyer","Bronze Tier","High Probability"
14843,"High Spend","Frequent Buyer","Platinum Tier","High Probability"
14844,"High Spend","Frequent Buyer","Silver Tier","High Probability"
14845,"High Spend","Frequent Buyer","Gold Tier","High Probability"
14846,"High Spend","Frequent Buyer","Silver Tier","High Probability"
14847,"High Spend","Occasional Buyer","Platinum Tier","High Probability"
14848,"High Spend","New Customer","Bronze Tier","High Probability"
14849,"High Spend","Frequent Buyer","Silver Tier","High Probability"
14850,"Low Spend","Occasional Buyer","Platinum Tier","High Probability"
14851,"High Spend","Frequent Buyer","Gold Tier","High Probability"
14852,"Medium Spend","Frequent Buyer","Silver Tier","High Probability"
14853,"High Spend","Frequent Buyer","Gold Tier","High Probability"
14854,"High Spend","Occasional Buyer","Bronze Tier","High Probability"
14855,"High Spend","Occasional Buyer","Silver Tier","High Probability"
14856,"High Spend","New Customer","Platinum Tier","Low Probability"
14857,"Medium Spend","Frequent Buyer","Platinum Tier","High Probability"
14858,"Medium Spend","Frequent Buyer","Gold Tier","High Probability"
14859,"High Spend","Frequent Buyer","Silver Tier","High Probability"
14860,"High Spend","Frequent Buyer","Platinum Tier","High Probability"
14861,"High Spend","New Customer","Silver Tier","High Probability"
14862,"High Spend","Frequent Buyer","Gold Tier","High Probability"
14863,"High Spend","Frequent Buyer","Gold Tier","High Probability"
14864,"Medium Spend","Occasional Buyer","Silver Tier","High Probability"
14865,"High Spend","Frequent Buyer","Gold Tier","High Probability"
14866,"High Spend","Frequent Buyer","Platinum Tier","Low Probability"
14867,"High Spend","New Customer","Bronze Tier","Low Probability"
14868,"High Spend","Frequent Buyer","Platinum Tier","High Probability"
14869,"Medium Spend","New Customer","Silver Tier","High Probability"
14870,"Medium Spend","Frequent Buyer","Silver Tier","High Probability"
14871,"High Spend","Frequent Buyer","Gold Tier","High Probability"
14872,"High Spend","Frequent Buyer","Platinum Tier","High Probability"
14873,"High Spend","Frequent Buyer","Platinum Tier","High Probability"
14874,"High Spend","Frequent Buyer","Bronze Tier","Low Probability"
14875,"High Spend","Frequent Buyer","Silver Tier","High Probability"
14876,"Medium Spend","Frequent Buyer","Platinum Tier","High Probability"
14877,"High Spend","Frequent Buyer","Silver Tier","High Probability"
14878,"High Spend","Frequent Buyer","Platinum Tier","Low Probability"
14879,"High Spend","Frequent Buyer","Bronze Tier","High Probability"
14880,"High Spend","Frequent Buyer","Silver Tier","High Probability"
14881,"Medium Spend","Occasional Buyer","Silver Tier","High Probability"
14882,"High Spend","Frequent Buyer","Platinum Tier","High Probability"
14883,"High Spend","New Customer","Bronze Tier","High Probability"
14884,"High Spend","Frequent Buyer","Silver Tier","High Probability"
14885,"High Spend","Frequent Buyer","Gold Tier","High Probability"
14886,"Medium Spend","Occasional Buyer","Silver Tier","High Probability"
14887,"High Spend","Occasional Buyer","Bronze Tier","High Probability"
14888,"Medium Spend","Frequent Buyer","Bronze Tier","High Probability"
14889,"High Spend","Occasional Buyer","Bronze Tier","High Probability"
14890,"High Spend","Occasional Buyer","Bronze Tier","High Probability"
14891,"High Spend","Occasional Buyer","Gold Tier","High Probability"
14892,"High Spend","Occasional Buyer","Silver Tier","High Probability"
14893,"High Spend","Frequent Buyer","Silver Tier","High Probability"
14894,"Medium Spend","Occasional Buyer","Gold Tier","High Probability"
14895,"High Spend","Frequent Buyer","Platinum Tier","High Probability"
14896,"High Spend","Frequent Buyer","Gold Tier","High Probability"
14897,"High Spend","Occasional Buyer","Bronze Tier","High Probability"
14898,"High Spend","Frequent Buyer","Silver Tier","High Probability"
14899,"High Spend","Frequent Buyer","Platinum Tier","High Probability"
14900,"High Spend","Frequent Buyer","Platinum Tier","High Probability"
14901,"High Spend","Occasional Buyer","Gold Tier","High Probability"
14902,"Low Spend","Frequent Buyer","Platinum Tier","High Probability"
14903,"High Spend","New Customer","Gold Tier","High Probability"
14904,"High Spend","Occasional Buyer","Gold Tier","High Probability"
14905,"Medium Spend","New Customer","Gold Tier","High Probability"
14906,"Medium Spend","Occasional Buyer","Platinum Tier","High Probability"
14907,"High Spend","Frequent Buyer","Gold Tier","High Probability"
14908,"Medium Spend","Occasional Buyer","Silver Tier","High Probability"
14909,"High Spend","Occasional Buyer","Platinum Tier","High Probability"
14910,"Medium Spend","Frequent Buyer","Bronze Tier","Low Probability"
14911,"Low Spend","Frequent Buyer","Platinum Tier","High Probability"
14912,"High Spend","Occasional Buyer","Gold Tier","High Probability"
14913,"High Spend","Frequent Buyer","Silver Tier","High Probability"
14914,"High Spend","Occasional Buyer","Silver Tier","High Probability"
14915,"High Spend","Frequent Buyer","Platinum Tier","High Probability"
14916,"Low Spend","Occasional Buyer","Silver Tier","Low Probability"
14917,"High Spend","Frequent Buyer","Gold Tier","High Probability"
14918,"Medium Spend","Frequent Buyer","Silver Tier","High Probability"
14919,"High Spend","Frequent Buyer","Gold Tier","High Probability"
14920,"High Spend","Occasional Buyer","Bronze Tier","High Probability"
14921,"High Spend","Occasional Buyer","Silver Tier","High Probability"
14922,"Medium Spend","New Customer","Platinum Tier","Low Probability"
14923,"High Spend","Frequent Buyer","Gold Tier","High Probability"
14924,"High Spend","Occasional Buyer","Gold Tier","High Probability"
14925,"High Spend","Occasional Buyer","Gold Tier","High Probability"
14926,"High Spend","Occasional Buyer","Silver Tier","High Probability"
14927,"High Spend","Frequent Buyer","Platinum Tier","High Probability"
14928,"Medium Spend","Occasional Buyer","Platinum Tier","High Probability"
14929,"High Spend","Occasional Buyer","Bronze Tier","High Probability"
14930,"High Spend","Frequent Buyer","Silver Tier","High Probability"
14931,"High Spend","Frequent Buyer","Bronze Tier","High Probability"
14932,"High Spend","Frequent Buyer","Bronze Tier","High Probability"
14933,"High Spend","Frequent Buyer","Silver Tier","High Probability"
14934,"High Spend","Frequent Buyer","Gold Tier","High Probability"
14935,"High Spend","Occasional Buyer","Bronze Tier","High Probability"
14936,"High Spend","Frequent Buyer","Gold Tier","High Probability"
14937,"High Spend","Frequent Buyer","Gold Tier","High Probability"
14938,"High Spend","Occasional Buyer","Platinum Tier","High Probability"
14939,"High Spend","New Customer","Silver Tier","High Probability"
14940,"High Spend","Occasional Buyer","Silver Tier","High Probability"
14941,"High Spend","Frequent Buyer","Gold Tier","High Probability"
14942,"High Spend","Frequent Buyer","Bronze Tier","Low Probability"
14943,"Low Spend","Frequent Buyer","Bronze Tier","High Probability"
14944,"High Spend","New Customer","Silver Tier","High Probability"
14945,"High Spend","Occasional Buyer","Platinum Tier","High Probability"
14946,"High Spend","Occasional Buyer","Silver Tier","High Probability"
14947,"Medium Spend","Frequent Buyer","Bronze Tier","High Probability"
14948,"High Spend","Frequent Buyer","Gold Tier","High Probability"
14949,"Medium Spend","Frequent Buyer","Gold Tier","High Probability"
14950,"High Spend","Frequent Buyer","Gold Tier","High Probability"
14951,"Medium Spend","Frequent Buyer","Bronze Tier","High Probability"
14952,"High Spend","New Customer","Gold Tier","High Probability"
14953,"Low Spend","Frequent Buyer","Platinum Tier","High Probability"
14954,"High Spend","Occasional Buyer","Platinum Tier","High Probability"
14955,"High Spend","Frequent Buyer","Silver Tier","High Probability"
14956,"High Spend","Frequent Buyer","Gold Tier","High Probability"
14957,"Medium Spend","Occasional Buyer","Gold Tier","High Probability"
14958,"Medium Spend","Frequent Buyer","Gold Tier","High Probability"
14959,"High Spend","Occasional Buyer","Platinum Tier","High Probability"
14960,"High Spend","New Customer","Gold Tier","Low Probability"
14961,"High Spend","Frequent Buyer","Platinum Tier","High Probability"
14962,"Low Spend","Frequent Buyer","Silver Tier","High Probability"
14963,"High Spend","Frequent Buyer","Silver Tier","High Probability"
14964,"High Spend","Frequent Buyer","Gold Tier","High Probability"
14965,"High Spend","New Customer","Silver Tier","High Probability"
14966,"High Spend","Occasional Buyer","Silver Tier","High Probability"
14967,"High Spend","Occasional Buyer","Platinum Tier","High Probability"
14968,"High Spend","Frequent Buyer","Gold Tier","High Probability"
14969,"High Spend","Frequent Buyer","Silver Tier","High Probability"
14970,"High Spend","Frequent Buyer","Platinum Tier","High Probability"
14971,"High Spend","Occasional Buyer","Bronze Tier","High Probability"
14972,"Medium Spend","Frequent Buyer","Gold Tier","High Probability"
14973,"High Spend","Frequent Buyer","Bronze Tier","High Probability"
14974,"High Spend","Occasional Buyer","Silver Tier","High Probability"
14975,"High Spend","Frequent Buyer","Gold Tier","High Probability"
14976,"High Spend","Frequent Buyer","Gold Tier","High Probability"
14977,"Medium Spend","Frequent Buyer","Platinum Tier","High Probability"
14978,"High Spend","Frequent Buyer","Platinum Tier","High Probability"
14979,"High Spend","Occasional Buyer","Platinum Tier","High Probability"
14980,"High Spend","New Customer","Bronze Tier","High Probability"
14981,"Low Spend","Occasional Buyer","Bronze Tier","Low Probability"
14982,"High Spend","Occasional Buyer","Bronze Tier","High Probability"
14983,"High Spend","Frequent Buyer","Bronze Tier","Low Probability"
14984,"High Spend","Frequent Buyer","Platinum Tier","High Probability"
14985,"High Spend","Frequent Buyer","Platinum Tier","High Probability"
14986,"Medium Spend","Frequent Buyer","Gold Tier","Low Probability"
14987,"Medium Spend","Occasional Buyer","Silver Tier","High Probability"
14988,"High Spend","Occasional Buyer","Silver Tier","High Probability"
14989,"High Spend","Frequent Buyer","Silver Tier","High Probability"
14990,"Medium Spend","Occasional Buyer","Bronze Tier","Low Probability"
14991,"High Spend","Frequent Buyer","Silver Tier","High Probability"
14992,"High Spend","Frequent Buyer","Gold Tier","High Probability"
14993,"High Spend","New Customer","Gold Tier","High Probability"
14994,"Low Spend","New Customer","Bronze Tier","High Probability"
14995,"High Spend","Frequent Buyer","Platinum Tier","High Probability"
14996,"High Spend","Occasional Buyer","Gold Tier","High Probability"
14997,"High Spend","Frequent Buyer","Platinum Tier","High Probability"
14998,"High Spend","Frequent Buyer","Platinum Tier","High Probability"
14999,"High Spend","Frequent Buyer","Bronze Tier","High Probability"
15000,"High Spend","Frequent Buyer","Platinum Tier","High Probability"
15001,"Medium Spend","New Customer","Bronze Tier","Low Probability"
15002,"High Spend","New Customer","Gold Tier","High Probability"
15003,"Medium Spend","Frequent Buyer","Platinum Tier","High Probability"
15004,"High Spend","Occasional Buyer","Gold Tier","High Probability"
15005,"High Spend","Frequent Buyer","Gold Tier","High Probability"
15006,"High Spend","Frequent Buyer","Gold Tier","High Probability"
15007,"High Spend","Frequent Buyer","Bronze Tier","High Probability"
15008,"Medium Spend","Occasional Buyer","Silver Tier","High Probability"
15009,"High Spend","Frequent Buyer","Silver Tier","High Probability"
15010,"High Spend","Frequent Buyer","Gold Tier","High Probability"
15011,"High Spend","Frequent Buyer","Platinum Tier","High Probability"
15012,"High Spend","Frequent Buyer","Gold Tier","High Probability"
15013,"High Spend","New Customer","Bronze Tier","High Probability"
15014,"Medium Spend","Occasional Buyer","Platinum Tier","High Probability"
15015,"Low Spend","Frequent Buyer","Platinum Tier","High Probability"
15016,"High Spend","Frequent Buyer","Gold Tier","High Probability"
15017,"Medium Spend","Frequent Buyer","Platinum Tier","High Probability"
15018,"Low Spend","Frequent Buyer","Platinum Tier","High Probability"
15019,"Medium Spend","Frequent Buyer","Platinum Tier","High Probability"
15020,"High Spend","Frequent Buyer","Silver Tier","High Probability"
15021,"High Spend","Frequent Buyer","Gold Tier","High Probability"
15022,"Medium Spend","Frequent Buyer","Bronze Tier","High Probability"
15023,"High Spend","Frequent Buyer","Bronze Tier","High Probability"
15024,"High Spend","Frequent Buyer","Silver Tier","High Probability"
15025,"High Spend","Occasional Buyer","Silver Tier","Low Probability"
15026,"Medium Spend","Occasional Buyer","Gold Tier","High Probability"
15027,"High Spend","Frequent Buyer","Gold Tier","High Probability"
15028,"Medium Spend","New Customer","Bronze Tier","Low Probability"
15029,"High Spend","Frequent Buyer","Bronze Tier","High Probability"
15030,"High Spend","New Customer","Gold Tier","High Probability"
15031,"High Spend","Frequent Buyer","Gold Tier","High Probability"
15032,"High Spend","Frequent Buyer","Platinum Tier","High Probability"
15033,"Medium Spend","Frequent Buyer","Gold Tier","High Probability"
15034,"High Spend","Occasional Buyer","Platinum Tier","High Probability"
15035,"Medium Spend","Occasional Buyer","Bronze Tier","High Probability"
15036,"High Spend","Frequent Buyer","Gold Tier","High Probability"
15037,"High Spend","Occasional Buyer","Bronze Tier","Low Probability"
15038,"High Spend","Frequent Buyer","Bronze Tier","High Probability"
15039,"Low Spend","Frequent Buyer","Gold Tier","High Probability"
15040,"High Spend","Frequent Buyer","Silver Tier","Low Probability"
15041,"Low Spend","Occasional Buyer","Bronze Tier","High Probability"
15042,"Low Spend","Frequent Buyer","Gold Tier","High Probability"
15043,"Medium Spend","Occasional Buyer","Platinum Tier","High Probability"
15044,"High Spend","Frequent Buyer","Bronze Tier","High Probability"
15045,"High Spend","Frequent Buyer","Bronze Tier","Low Probability"
15046,"High Spend","Occasional Buyer","Gold Tier","High Probability"
15047,"High Spend","Frequent Buyer","Platinum Tier","High Probability"
15048,"High Spend","Occasional Buyer","Silver Tier","High Probability"
15049,"Medium Spend","Frequent Buyer","Gold Tier","Low Probability"
15050,"Medium Spend","New Customer","Platinum Tier","High Probability"
15051,"High Spend","Occasional Buyer","Silver Tier","High Probability"
15052,"High Spend","Frequent Buyer","Gold Tier","High Probability"
15053,"Medium Spend","Occasional Buyer","Silver Tier","High Probability"
15054,"High Spend","Frequent Buyer","Silver Tier","High Probability"
15055,"High Spend","Occasional Buyer","Platinum Tier","High Probability"
15056,"High Spend","Frequent Buyer","Silver Tier","High Probability"
15057,"High Spend","Frequent Buyer","Platinum Tier","High Probability"
15058,"High Spend","Occasional Buyer","Bronze Tier","Low Probability"
15059,"High Spend","New Customer","Bronze Tier","Low Probability"
15060,"High Spend","Frequent Buyer","Platinum Tier","High Probability"
15061,"High Spend","Occasional Buyer","Platinum Tier","Low Probability"
15062,"High Spend","Frequent Buyer","Platinum Tier","High Probability"
15063,"High Spend","Frequent Buyer","Gold Tier","Low Probability"
15064,"High Spend","Frequent Buyer","Silver Tier","High Probability"
15065,"High Spend","Occasional Buyer","Silver Tier","High Probability"
15066,"High Spend","Frequent Buyer","Platinum Tier","Low Probability"
15067,"Medium Spend","Occasional Buyer","Platinum Tier","Low Probability"
15068,"High Spend","Frequent Buyer","Gold Tier","High Probability"
15069,"High Spend","Frequent Buyer","Gold Tier","High Probability"
15070,"Low Spend","Occasional Buyer","Bronze Tier","Low Probability"
15071,"Medium Spend","Frequent Buyer","Platinum Tier","High Probability"
15072,"High Spend","Occasional Buyer","Platinum Tier","High Probability"
15073,"High Spend","Occasional Buyer","Silver Tier","High Probability"
15074,"High Spend","Occasional Buyer","Silver Tier","High Probability"
15075,"High Spend","Frequent Buyer","Gold Tier","High Probability"
15076,"High Spend","Frequent Buyer","Silver Tier","High Probability"
15077,"Medium Spend","Frequent Buyer","Silver Tier","High Probability"
15078,"High Spend","Frequent Buyer","Bronze Tier","Low Probability"
15079,"High Spend","Frequent Buyer","Silver Tier","High Probability"
15080,"High Spend","Frequent Buyer","Gold Tier","High Probability"
15081,"Low Spend","Occasional Buyer","Bronze Tier","High Probability"
15082,"High Spend","Frequent Buyer","Bronze Tier","High Probability"
15083,"High Spend","Frequent Buyer","Gold Tier","High Probability"
15084,"High Spend","Occasional Buyer","Gold Tier","High Probability"
15085,"High Spend","Frequent Buyer","Silver Tier","High Probability"
15086,"High Spend","Occasional Buyer","Bronze Tier","High Probability"
15087,"High Spend","Occasional Buyer","Gold Tier","High Probability"
15088,"High Spend","Occasional Buyer","Gold Tier","High Probability"
15089,"Medium Spend","Frequent Buyer","Platinum Tier","High Probability"
15090,"High Spend","Frequent Buyer","Gold Tier","High Probability"
15091,"High Spend","Frequent Buyer","Silver Tier","High Probability"
15092,"Medium Spend","Frequent Buyer","Gold Tier","High Probability"
15093,"High Spend","Frequent Buyer","Platinum Tier","High Probability"
15094,"Medium Spend","Frequent Buyer","Gold Tier","High Probability"
15095,"Low Spend","Frequent Buyer","Silver Tier","High Probability"
15096,"High Spend","New Customer","Platinum Tier","High Probability"
15097,"High Spend","Occasional Buyer","Platinum Tier","High Probability"
15098,"High Spend","Occasional Buyer","Gold Tier","High Probability"
15099,"High Spend","Frequent Buyer","Silver Tier","High Probability"
15100,"Medium Spend","Occasional Buyer","Silver Tier","High Probability"
15101,"Medium Spend","Frequent Buyer","Bronze Tier","High Probability"
15102,"High Spend","Occasional Buyer","Platinum Tier","High Probability"
15103,"High Spend","Occasional Buyer","Silver Tier","High Probability"
15104,"High Spend","Frequent Buyer","Bronze Tier","High Probability"
15105,"High Spend","Occasional Buyer","Gold Tier","High Probability"
15106,"High Spend","Occasional Buyer","Silver Tier","High Probability"
15107,"High Spend","Frequent Buyer","Silver Tier","High Probability"
15108,"High Spend","New Customer","Platinum Tier","High Probability"
15109,"High Spend","Occasional Buyer","Silver Tier","High Probability"
15110,"High Spend","Occasional Buyer","Bronze Tier","Low Probability"
15111,"High Spend","Occasional Buyer","Gold Tier","High Probability"
15112,"High Spend","Occasional Buyer","Gold Tier","High Probability"
15113,"Medium Spend","Occasional Buyer","Bronze Tier","High Probability"
15114,"High Spend","Occasional Buyer","Gold Tier","High Probability"
15115,"High Spend","Frequent Buyer","Bronze Tier","High Probability"
15116,"Medium Spend","Frequent Buyer","Bronze Tier","High Probability"
15117,"High Spend","Frequent Buyer","Platinum Tier","High Probability"
15118,"Medium Spend","Frequent Buyer","Bronze Tier","Low Probability"
15119,"High Spend","Occasional Buyer","Bronze Tier","Low Probability"
15120,"High Spend","Frequent Buyer","Platinum Tier","High Probability"
15121,"Medium Spend","Frequent Buyer","Silver Tier","High Probability"
15122,"Medium Spend","Frequent Buyer","Platinum Tier","High Probability"
15123,"High Spend","Occasional Buyer","Silver Tier","High Probability"
15124,"High Spend","Occasional Buyer","Bronze Tier","High Probability"
15125,"High Spend","Occasional Buyer","Silver Tier","High Probability"
15126,"Medium Spend","Frequent Buyer","Silver Tier","High Probability"
15127,"High Spend","Occasional Buyer","Platinum Tier","High Probability"
15128,"High Spend","Occasional Buyer","Bronze Tier","Low Probability"
15129,"Medium Spend","Occasional Buyer","Gold Tier","High Probability"
15130,"High Spend","Occasional Buyer","Platinum Tier","High Probability"
15131,"High Spend","Frequent Buyer","Bronze Tier","High Probability"
15132,"High Spend","Frequent Buyer","Platinum Tier","High Probability"
15133,"Medium Spend","Occasional Buyer","Platinum Tier","High Probability"
15134,"Medium Spend","Frequent Buyer","Gold Tier","High Probability"
15135,"High Spend","Occasional Buyer","Silver Tier","High Probability"
15136,"High Spend","Frequent Buyer","Platinum Tier","High Probability"
15137,"High Spend","Frequent Buyer","Platinum Tier","High Probability"
15138,"High Spend","New Customer","Platinum Tier","Low Probability"
15139,"High Spend","Frequent Buyer","Platinum Tier","High Probability"
15140,"Medium Spend","Frequent Buyer","Platinum Tier","High Probability"
15141,"High Spend","Frequent Buyer","Platinum Tier","Low Probability"
15142,"High Spend","Occasional Buyer","Platinum Tier","High Probability"
15143,"High Spend","Occasional Buyer","Gold Tier","High Probability"
15144,"High Spend","Frequent Buyer","Gold Tier","High Probability"
15145,"High Spend","Occasional Buyer","Platinum Tier","High Probability"
15146,"High Spend","Frequent Buyer","Gold Tier","High Probability"
15147,"High Spend","Frequent Buyer","Gold Tier","High Probability"
15148,"High Spend","Frequent Buyer","Silver Tier","High Probability"
15149,"High Spend","Frequent Buyer","Bronze Tier","High Probability"
15150,"High Spend","Occasional Buyer","Bronze Tier","High Probability"
15151,"Medium Spend","Frequent Buyer","Gold Tier","Low Probability"
15152,"High Spend","Frequent Buyer","Gold Tier","High Probability"
15153,"High Spend","Frequent Buyer","Silver Tier","High Probability"
15154,"High Spend","Frequent Buyer","Platinum Tier","Low Probability"
15155,"High Spend","Frequent Buyer","Platinum Tier","High Probability"
15156,"High Spend","Occasional Buyer","Gold Tier","High Probability"
15157,"High Spend","Occasional Buyer","Silver Tier","High Probability"
15158,"High Spend","Frequent Buyer","Platinum Tier","High Probability"
15159,"High Spend","Frequent Buyer","Bronze Tier","High Probability"
15160,"Low Spend","Occasional Buyer","Gold Tier","High Probability"
15161,"Medium Spend","Frequent Buyer","Silver Tier","High Probability"
15162,"High Spend","Frequent Buyer","Gold Tier","High Probability"
15163,"High Spend","Frequent Buyer","Platinum Tier","High Probability"
15164,"High Spend","Frequent Buyer","Bronze Tier","High Probability"
15165,"High Spend","Frequent Buyer","Gold Tier","High Probability"
15166,"High Spend","Occasional Buyer","Gold Tier","High Probability"
15167,"High Spend","Occasional Buyer","Platinum Tier","High Probability"
15168,"High Spend","Occasional Buyer","Bronze Tier","High Probability"
15169,"Medium Spend","Frequent Buyer","Gold Tier","High Probability"
15170,"High Spend","New Customer","Platinum Tier","High Probability"
15171,"High Spend","New Customer","Gold Tier","High Probability"
15172,"Medium Spend","Occasional Buyer","Gold Tier","High Probability"
15173,"Medium Spend","Frequent Buyer","Platinum Tier","High Probability"
15174,"High Spend","Frequent Buyer","Silver Tier","High Probability"
15175,"Medium Spend","Frequent Buyer","Platinum Tier","High Probability"
15176,"High Spend","Frequent Buyer","Gold Tier","High Probability"
15177,"Medium Spend","Frequent Buyer","Platinum Tier","Low Probability"
15178,"High Spend","Frequent Buyer","Platinum Tier","High Probability"
15179,"High Spend","Frequent Buyer","Silver Tier","High Probability"
15180,"High Spend","Frequent Buyer","Platinum Tier","High Probability"
15181,"High Spend","Frequent Buyer","Platinum Tier","High Probability"
15182,"High Spend","Occasional Buyer","Gold Tier","High Probability"
15183,"High Spend","New Customer","Bronze Tier","High Probability"
15184,"Medium Spend","Occasional Buyer","Platinum Tier","Low Probability"
15185,"High Spend","Occasional Buyer","Gold Tier","High Probability"
15186,"High Spend","Frequent Buyer","Gold Tier","High Probability"
15187,"High Spend","Occasional Buyer","Silver Tier","High Probability"
15188,"High Spend","Frequent Buyer","Platinum Tier","High Probability"
15189,"Low Spend","Occasional Buyer","Platinum Tier","Low Probability"
15190,"Low Spend","New Customer","Gold Tier","High Probability"
15191,"Low Spend","Frequent Buyer","Gold Tier","High Probability"
15192,"High Spend","Frequent Buyer","Silver Tier","High Probability"
15193,"High Spend","Frequent Buyer","Platinum Tier","High Probability"
15194,"High Spend","Frequent Buyer","Gold Tier","High Probability"
15195,"High Spend","Frequent Buyer","Platinum Tier","High Probability"
15196,"Medium Spend","Occasional Buyer","Platinum Tier","High Probability"
15197,"High Spend","Frequent Buyer","Platinum Tier","High Probability"
15198,"High Spend","Occasional Buyer","Platinum Tier","High Probability"
15199,"High Spend","Frequent Buyer","Gold Tier","High Probability"
15200,"High Spend","Frequent Buyer","Platinum Tier","High Probability"
15201,"High Spend","Occasional Buyer","Bronze Tier","High Probability"
15202,"High Spend","Frequent Buyer","Bronze Tier","High Probability"
15203,"High Spend","Frequent Buyer","Gold Tier","High Probability"
15204,"High Spend","New Customer","Platinum Tier","High Probability"
15205,"High Spend","Frequent Buyer","Gold Tier","High Probability"
15206,"High Spend","New Customer","Platinum Tier","High Probability"
15207,"High Spend","Frequent Buyer","Silver Tier","High Probability"
15208,"High Spend","Frequent Buyer","Silver Tier","High Probability"
15209,"High Spend","Frequent Buyer","Silver Tier","High Probability"
15210,"High Spend","New Customer","Platinum Tier","High Probability"
15211,"High Spend","Frequent Buyer","Platinum Tier","High Probability"
15212,"Low Spend","Occasional Buyer","Silver Tier","High Probability"
15213,"High Spend","Frequent Buyer","Platinum Tier","High Probability"
15214,"High Spend","Occasional Buyer","Platinum Tier","High Probability"
15215,"High Spend","Occasional Buyer","Platinum Tier","High Probability"
15216,"High Spend","Frequent Buyer","Silver Tier","High Probability"
15217,"High Spend","Occasional Buyer","Platinum Tier","High Probability"
15218,"Medium Spend","Occasional Buyer","Gold Tier","High Probability"
15219,"Medium Spend","Frequent Buyer","Platinum Tier","High Probability"
15220,"High Spend","Frequent Buyer","Bronze Tier","High Probability"
15221,"High Spend","Frequent Buyer","Platinum Tier","High Probability"
15222,"Medium Spend","Frequent Buyer","Bronze Tier","High Probability"
15223,"High Spend","Occasional Buyer","Gold Tier","High Probability"
15224,"High Spend","Frequent Buyer","Silver Tier","High Probability"
15225,"Medium Spend","New Customer","Platinum Tier","High Probability"
15226,"Medium Spend","Occasional Buyer","Platinum Tier","High Probability"
15227,"High Spend","Frequent Buyer","Platinum Tier","High Probability"
15228,"High Spend","Frequent Buyer","Silver Tier","High Probability"
15229,"Medium Spend","Frequent Buyer","Gold Tier","High Probability"
15230,"Medium Spend","Frequent Buyer","Gold Tier","High Probability"
15231,"Medium Spend","Frequent Buyer","Gold Tier","High Probability"
15232,"High Spend","Frequent Buyer","Bronze Tier","Low Probability"
15233,"High Spend","Occasional Buyer","Platinum Tier","High Probability"
15234,"High Spend","Frequent Buyer","Gold Tier","High Probability"
15235,"High Spend","Frequent Buyer","Gold Tier","High Probability"
15236,"High Spend","Frequent Buyer","Silver Tier","High Probability"
15237,"High Spend","Frequent Buyer","Gold Tier","High Probability"
15238,"High Spend","Frequent Buyer","Bronze Tier","High Probability"
15239,"High Spend","Frequent Buyer","Gold Tier","High Probability"
15240,"High Spend","Occasional Buyer","Bronze Tier","High Probability"
15241,"High Spend","Frequent Buyer","Platinum Tier","High Probability"
15242,"High Spend","Frequent Buyer","Gold Tier","High Probability"
15243,"Medium Spend","Occasional Buyer","Gold Tier","High Probability"
15244,"High Spend","Occasional Buyer","Platinum Tier","High Probability"
15245,"Medium Spend","Frequent Buyer","Platinum Tier","High Probability"
15246,"High Spend","New Customer","Gold Tier","Low Probability"
15247,"High Spend","Frequent Buyer","Platinum Tier","High Probability"
15248,"High Spend","Frequent Buyer","Bronze Tier","High Probability"
15249,"High Spend","Occasional Buyer","Gold Tier","High Probability"
15250,"High Spend","Frequent Buyer","Bronze Tier","High Probability"
15251,"High Spend","Frequent Buyer","Gold Tier","High Probability"
15252,"High Spend","Frequent Buyer","Bronze Tier","High Probability"
15253,"High Spend","Frequent Buyer","Silver Tier","High Probability"
15254,"High Spend","New Customer","Platinum Tier","High Probability"
15255,"High Spend","Occasional Buyer","Platinum Tier","High Probability"
15256,"High Spend","Occasional Buyer","Gold Tier","High Probability"
15257,"High Spend","Frequent Buyer","Gold Tier","High Probability"
15258,"High Spend","Occasional Buyer","Gold Tier","High Probability"
15259,"High Spend","Frequent Buyer","Gold Tier","High Probability"
15260,"High Spend","Frequent Buyer","Platinum Tier","High Probability"
15261,"High Spend","Occasional Buyer","Bronze Tier","High Probability"
15262,"High Spend","Frequent Buyer","Silver Tier","High Probability"
15263,"High Spend","Frequent Buyer","Platinum Tier","High Probability"
15264,"High Spend","Frequent Buyer","Gold Tier","High Probability"
15265,"High Spend","Frequent Buyer","Gold Tier","High Probability"
15266,"Medium Spend","Occasional Buyer","Bronze Tier","Low Probability"
15267,"High Spend","Frequent Buyer","Bronze Tier","Low Probability"
15268,"High Spend","Frequent Buyer","Gold Tier","High Probability"
15269,"High Spend","Frequent Buyer","Platinum Tier","High Probability"
15270,"Medium Spend","Frequent Buyer","Gold Tier","High Probability"
15271,"Low Spend","Frequent Buyer","Bronze Tier","High Probability"
15272,"High Spend","New Customer","Gold Tier","High Probability"
15273,"High Spend","Frequent Buyer","Silver Tier","High Probability"
15274,"High Spend","Occasional Buyer","Platinum Tier","High Probability"
15275,"High Spend","Frequent Buyer","Silver Tier","High Probability"
15276,"High Spend","Frequent Buyer","Silver Tier","High Probability"
15277,"High Spend","Frequent Buyer","Platinum Tier","High Probability"
15278,"High Spend","Frequent Buyer","Silver Tier","High Probability"
15279,"Medium Spend","Occasional Buyer","Platinum Tier","High Probability"
15280,"High Spend","Frequent Buyer","Platinum Tier","High Probability"
15281,"High Spend","Frequent Buyer","Platinum Tier","Low Probability"
15282,"High Spend","New Customer","Platinum Tier","High Probability"
15283,"High Spend","Frequent Buyer","Bronze Tier","Low Probability"
15284,"High Spend","Occasional Buyer","Gold Tier","High Probability"
15285,"High Spend","New Customer","Gold Tier","High Probability"
15286,"Medium Spend","Frequent Buyer","Gold Tier","Low Probability"
15287,"High Spend","Frequent Buyer","Gold Tier","Low Probability"
15288,"High Spend","Occasional Buyer","Bronze Tier","High Probability"
15289,"High Spend","Frequent Buyer","Gold Tier","High Probability"
15290,"Medium Spend","Frequent Buyer","Platinum Tier","High Probability"
15291,"Medium Spend","Occasional Buyer","Gold Tier","Low Probability"
15292,"High Spend","Occasional Buyer","Gold Tier","High Probability"
15293,"Medium Spend","Occasional Buyer","Gold Tier","High Probability"
15294,"Medium Spend","Frequent Buyer","Gold Tier","Low Probability"
15295,"High Spend","Occasional Buyer","Silver Tier","Low Probability"
15296,"High Spend","Frequent Buyer","Platinum Tier","Low Probability"
15297,"High Spend","Occasional Buyer","Silver Tier","Low Probability"
15298,"High Spend","Frequent Buyer","Platinum Tier","Low Probability"
15299,"High Spend","Occasional Buyer","Bronze Tier","Low Probability"
15300,"High Spend","Frequent Buyer","Gold Tier","Low Probability"
15301,"High Spend","Frequent Buyer","Silver Tier","High Probability"
15302,"Medium Spend","Frequent Buyer","Silver Tier","High Probability"
15303,"High Spend","Frequent Buyer","Bronze Tier","High Probability"
15304,"High Spend","New Customer","Gold Tier","High Probability"
15305,"Medium Spend","Frequent Buyer","Platinum Tier","High Probability"
15306,"High Spend","Frequent Buyer","Silver Tier","High Probability"
15307,"High Spend","Frequent Buyer","Bronze Tier","High Probability"
15308,"High Spend","Frequent Buyer","Silver Tier","High Probability"
15309,"High Spend","Frequent Buyer","Gold Tier","High Probability"
15310,"High Spend","Occasional Buyer","Gold Tier","Low Probability"
15311,"Medium Spend","Occasional Buyer","Gold Tier","High Probability"
15312,"Medium Spend","Frequent Buyer","Platinum Tier","High Probability"
15313,"High Spend","Frequent Buyer","Platinum Tier","Low Probability"
15314,"Low Spend","Frequent Buyer","Bronze Tier","High Probability"
15315,"High Spend","Frequent Buyer","Platinum Tier","Low Probability"
15316,"High Spend","Occasional Buyer","Platinum Tier","Low Probability"
15317,"High Spend","Frequent Buyer","Gold Tier","Low Probability"
15318,"High Spend","Occasional Buyer","Silver Tier","High Probability"
15319,"High Spend","New Customer","Gold Tier","Low Probability"
15320,"High Spend","Frequent Buyer","Gold Tier","Low Probability"
15321,"Low Spend","Frequent Buyer","Silver Tier","High Probability"
15322,"Medium Spend","Frequent Buyer","Platinum Tier","High Probability"
15323,"High Spend","Frequent Buyer","Gold Tier","Low Probability"
15324,"Medium Spend","Frequent Buyer","Platinum Tier","High Probability"
15325,"High Spend","Occasional Buyer","Silver Tier","Low Probability"
15326,"High Spend","Frequent Buyer","Platinum Tier","Low Probability"
15327,"Medium Spend","Frequent Buyer","Platinum Tier","Low Probability"
15328,"Medium Spend","Frequent Buyer","Silver Tier","High Probability"
15329,"High Spend","Frequent Buyer","Bronze Tier","High Probability"
15330,"Low Spend","Frequent Buyer","Bronze Tier","Low Probability"
15331,"Medium Spend","Occasional Buyer","Bronze Tier","High Probability"
15332,"High Spend","Occasional Buyer","Silver Tier","Low Probability"
15333,"High Spend","Frequent Buyer","Platinum Tier","Low Probability"
15334,"High Spend","Frequent Buyer","Bronze Tier","Low Probability"
15335,"High Spend","Frequent Buyer","Silver Tier","Low Probability"
15336,"Medium Spend","Occasional Buyer","Platinum Tier","Low Probability"
15337,"Medium Spend","Frequent Buyer","Gold Tier","High Probability"
15338,"High Spend","Frequent Buyer","Gold Tier","Low Probability"
15339,"High Spend","New Customer","Silver Tier","Low Probability"
15340,"High Spend","Frequent Buyer","Bronze Tier","Low Probability"
15341,"Low Spend","Occasional Buyer","Silver Tier","Low Probability"
15342,"High Spend","Frequent Buyer","Gold Tier","Low Probability"
15343,"High Spend","Frequent Buyer","Platinum Tier","High Probability"
15344,"High Spend","Frequent Buyer","Gold Tier","High Probability"
15345,"Medium Spend","Frequent Buyer","Gold Tier","High Probability"
15346,"High Spend","Frequent Buyer","Gold Tier","Low Probability"
15347,"High Spend","Occasional Buyer","Silver Tier","Low Probability"
15348,"Medium Spend","Frequent Buyer","Gold Tier","Low Probability"
15349,"High Spend","Occasional Buyer","Bronze Tier","Low Probability"
15350,"Medium Spend","New Customer","Gold Tier","High Probability"
15351,"High Spend","Occasional Buyer","Bronze Tier","Low Probability"
15352,"High Spend","Frequent Buyer","Silver Tier","Low Probability"
15353,"High Spend","Frequent Buyer","Bronze Tier","Low Probability"
15354,"High Spend","Occasional Buyer","Gold Tier","High Probability"
15355,"Low Spend","Frequent Buyer","Gold Tier","High Probability"
15356,"High Spend","Frequent Buyer","Bronze Tier","Low Probability"
15357,"High Spend","Frequent Buyer","Gold Tier","High Probability"
15358,"High Spend","Frequent Buyer","Bronze Tier","High Probability"
15359,"High Spend","New Customer","Silver Tier","Low Probability"
15360,"High Spend","Frequent Buyer","Bronze Tier","High Probability"
15361,"High Spend","Frequent Buyer","Silver Tier","High Probability"
15362,"Medium Spend","Occasional Buyer","Platinum Tier","Low Probability"
15363,"High Spend","Occasional Buyer","Silver Tier","High Probability"
15364,"High Spend","Frequent Buyer","Gold Tier","High Probability"
15365,"High Spend","Frequent Buyer","Gold Tier","High Probability"
15366,"High Spend","Occasional Buyer","Gold Tier","High Probability"
15367,"Medium Spend","Frequent Buyer","Gold Tier","Low Probability"
15368,"High Spend","Frequent Buyer","Silver Tier","High Probability"
15369,"High Spend","Frequent Buyer","Gold Tier","Low Probability"
15370,"Medium Spend","Frequent Buyer","Silver Tier","High Probability"
15371,"High Spend","Occasional Buyer","Gold Tier","Low Probability"
15372,"Medium Spend","New Customer","Platinum Tier","Low Probability"
15373,"High Spend","New Customer","Platinum Tier","High Probability"
15374,"High Spend","Frequent Buyer","Platinum Tier","High Probability"
15375,"High Spend","Frequent Buyer","Silver Tier","Low Probability"
15376,"High Spend","New Customer","Platinum Tier","High Probability"
15377,"Low Spend","Frequent Buyer","Gold Tier","High Probability"
15378,"Medium Spend","Frequent Buyer","Platinum Tier","Low Probability"
15379,"High Spend","Occasional Buyer","Bronze Tier","High Probability"
15380,"High Spend","Frequent Buyer","Silver Tier","Low Probability"
15381,"High Spend","Frequent Buyer","Silver Tier","Low Probability"
15382,"High Spend","Frequent Buyer","Bronze Tier","Low Probability"
15383,"High Spend","Occasional Buyer","Gold Tier","High Probability"
15384,"High Spend","Frequent Buyer","Silver Tier","Low Probability"
15385,"High Spend","Frequent Buyer","Gold Tier","High Probability"
15386,"High Spend","Frequent Buyer","Gold Tier","Low Probability"
15387,"High Spend","Frequent Buyer","Silver Tier","Low Probability"
15388,"High Spend","New Customer","Silver Tier","Low Probability"
15389,"High Spend","Frequent Buyer","Bronze Tier","Low Probability"
15390,"High Spend","Frequent Buyer","Gold Tier","Low Probability"
15391,"High Spend","Frequent Buyer","Bronze Tier","Low Probability"
15392,"High Spend","Frequent Buyer","Silver Tier","Low Probability"
15393,"Medium Spend","Frequent Buyer","Silver Tier","Low Probability"
15394,"High Spend","Occasional Buyer","Silver Tier","High Probability"
15395,"High Spend","Frequent Buyer","Platinum Tier","Low Probability"
15396,"High Spend","Occasional Buyer","Bronze Tier","Low Probability"
15397,"High Spend","Frequent Buyer","Gold Tier","High Probability"
15398,"High Spend","Occasional Buyer","Gold Tier","Low Probability"
15399,"High Spend","Frequent Buyer","Silver Tier","Low Probability"
15400,"High Spend","New Customer","Gold Tier","Low Probability"
15401,"High Spend","Occasional Buyer","Platinum Tier","High Probability"
15402,"High Spend","Frequent Buyer","Gold Tier","High Probability"
15403,"Medium Spend","Frequent Buyer","Platinum Tier","High Probability"
15404,"Low Spend","Frequent Buyer","Platinum Tier","Low Probability"
15405,"Medium Spend","Frequent Buyer","Gold Tier","High Probability"
15406,"High Spend","Frequent Buyer","Gold Tier","Low Probability"
15407,"Low Spend","Occasional Buyer","Platinum Tier","Low Probability"
15408,"High Spend","Frequent Buyer","Platinum Tier","High Probability"
15409,"High Spend","Occasional Buyer","Bronze Tier","Low Probability"
15410,"High Spend","Occasional Buyer","Gold Tier","Low Probability"
15411,"Medium Spend","New Customer","Gold Tier","High Probability"
15412,"Medium Spend","New Customer","Bronze Tier","Low Probability"
15413,"High Spend","Occasional Buyer","Bronze Tier","High Probability"
15414,"High Spend","Frequent Buyer","Bronze Tier","High Probability"
15415,"Medium Spend","New Customer","Silver Tier","High Probability"
15416,"High Spend","Occasional Buyer","Silver Tier","High Probability"
15417,"High Spend","Frequent Buyer","Bronze Tier","Low Probability"
15418,"High Spend","Frequent Buyer","Gold Tier","High Probability"
15419,"Medium Spend","Occasional Buyer","Bronze Tier","High Probability"
15420,"High Spend","Frequent Buyer","Gold Tier","Low Probability"
15421,"High Spend","Frequent Buyer","Silver Tier","Low Probability"
15422,"High Spend","Frequent Buyer","Bronze Tier","High Probability"
15423,"High Spend","Occasional Buyer","Silver Tier","High Probability"
15424,"Low Spend","Frequent Buyer","Silver Tier","Low Probability"
15425,"High Spend","Frequent Buyer","Silver Tier","High Probability"
15426,"High Spend","Occasional Buyer","Silver Tier","High Probability"
15427,"Medium Spend","Frequent Buyer","Gold Tier","Low Probability"
15428,"Medium Spend","Frequent Buyer","Silver Tier","Low Probability"
15429,"High Spend","Frequent Buyer","Platinum Tier","High Probability"
15430,"Low Spend","Frequent Buyer","Silver Tier","High Probability"
15431,"High Spend","Frequent Buyer","Bronze Tier","Low Probability"
15432,"High Spend","Occasional Buyer","Gold Tier","High Probability"
15433,"High Spend","Occasional Buyer","Gold Tier","Low Probability"
15434,"Low Spend","Occasional Buyer","Bronze Tier","Low Probability"
15435,"High Spend","Occasional Buyer","Platinum Tier","Low Probability"
15436,"Low Spend","Frequent Buyer","Silver Tier","Low Probability"
15437,"High Spend","Frequent Buyer","Platinum Tier","High Probability"
15438,"High Spend","New Customer","Bronze Tier","Low Probability"
15439,"High Spend","Frequent Buyer","Silver Tier","High Probability"
15440,"Medium Spend","Occasional Buyer","Platinum Tier","High Probability"
15441,"Medium Spend","Occasional Buyer","Silver Tier","Low Probability"
15442,"High Spend","Frequent Buyer","Platinum Tier","Low Probability"
15443,"High Spend","Frequent Buyer","Bronze Tier","Low Probability"
15444,"High Spend","Occasional Buyer","Gold Tier","High Probability"
15445,"High Spend","Frequent Buyer","Bronze Tier","High Probability"
15446,"High Spend","Frequent Buyer","Gold Tier","Low Probability"
15447,"High Spend","Occasional Buyer","Platinum Tier","Low Probability"
15448,"High Spend","Frequent Buyer","Silver Tier","Low Probability"
15449,"High Spend","Frequent Buyer","Bronze Tier","High Probability"
15450,"Medium Spend","Occasional Buyer","Gold Tier","High Probability"
15451,"High Spend","Frequent Buyer","Gold Tier","Low Probability"
15452,"High Spend","New Customer","Platinum Tier","Low Probability"
15453,"High Spend","New Customer","Gold Tier","High Probability"
15454,"High Spend","Frequent Buyer","Bronze Tier","Low Probability"
15455,"High Spend","New Customer","Bronze Tier","Low Probability"
15456,"High Spend","Frequent Buyer","Gold Tier","Low Probability"
15457,"High Spend","Frequent Buyer","Platinum Tier","High Probability"
15458,"High Spend","Frequent Buyer","Platinum Tier","Low Probability"
15459,"High Spend","Frequent Buyer","Silver Tier","Low Probability"
15460,"High Spend","Occasional Buyer","Bronze Tier","Low Probability"
15461,"Medium Spend","New Customer","Bronze Tier","High Probability"
15462,"High Spend","Occasional Buyer","Silver Tier","High Probability"
15463,"High Spend","Occasional Buyer","Silver Tier","High Probability"
15464,"High Spend","Frequent Buyer","Platinum Tier","High Probability"
15465,"Medium Spend","Frequent Buyer","Bronze Tier","Low Probability"
15466,"High Spend","Frequent Buyer","Silver Tier","High Probability"
15467,"High Spend","Occasional Buyer","Gold Tier","High Probability"
15468,"High Spend","Occasional Buyer","Platinum Tier","Low Probability"
15469,"High Spend","Occasional Buyer","Platinum Tier","High Probability"
15470,"High Spend","New Customer","Gold Tier","High Probability"
15471,"High Spend","Frequent Buyer","Silver Tier","High Probability"
15472,"High Spend","Occasional Buyer","Silver Tier","High Probability"
15473,"High Spend","New Customer","Gold Tier","Low Probability"
15474,"High Spend","Frequent Buyer","Platinum Tier","Low Probability"
15475,"Medium Spend","Occasional Buyer","Platinum Tier","High Probability"
15476,"High Spend","Occasional Buyer","Gold Tier","High Probability"
15477,"High Spend","Occasional Buyer","Platinum Tier","High Probability"
15478,"High Spend","Frequent Buyer","Silver Tier","High Probability"
15479,"High Spend","Occasional Buyer","Silver Tier","High Probability"
15480,"High Spend","Frequent Buyer","Platinum Tier","High Probability"
15481,"High Spend","Frequent Buyer","Bronze Tier","Low Probability"
15482,"High Spend","Occasional Buyer","Silver Tier","Low Probability"
15483,"High Spend","Frequent Buyer","Silver Tier","High Probability"
15484,"Medium Spend","Frequent Buyer","Gold Tier","High Probability"
15485,"High Spend","Frequent Buyer","Silver Tier","Low Probability"
15486,"High Spend","Frequent Buyer","Gold Tier","Low Probability"
15487,"High Spend","Frequent Buyer","Silver Tier","Low Probability"
15488,"High Spend","Occasional Buyer","Silver Tier","High Probability"
15489,"High Spend","Frequent Buyer","Platinum Tier","High Probability"
15490,"High Spend","Occasional Buyer","Silver Tier","High Probability"
15491,"Medium Spend","Frequent Buyer","Platinum Tier","High Probability"
15492,"High Spend","Frequent Buyer","Gold Tier","Low Probability"
15493,"High Spend","Occasional Buyer","Silver Tier","Low Probability"
15494,"High Spend","Frequent Buyer","Platinum Tier","High Probability"
15495,"Medium Spend","New Customer","Platinum Tier","Low Probability"
15496,"High Spend","Occasional Buyer","Bronze Tier","Low Probability"
15497,"High Spend","Occasional Buyer","Bronze Tier","High Probability"
15498,"High Spend","Occasional Buyer","Bronze Tier","High Probability"
15499,"High Spend","Frequent Buyer","Bronze Tier","High Probability"
15500,"High Spend","Frequent Buyer","Silver Tier","Low Probability"
15501,"High Spend","Occasional Buyer","Gold Tier","Low Probability"
15502,"High Spend","Frequent Buyer","Bronze Tier","High Probability"
15503,"High Spend","Occasional Buyer","Platinum Tier","Low Probability"
15504,"High Spend","Frequent Buyer","Bronze Tier","High Probability"
15505,"High Spend","Occasional Buyer","Silver Tier","High Probability"
15506,"Medium Spend","Frequent Buyer","Platinum Tier","High Probability"
15507,"High Spend","Frequent Buyer","Gold Tier","Low Probability"
15508,"Medium Spend","Frequent Buyer","Gold Tier","Low Probability"
15509,"Medium Spend","New Customer","Silver Tier","Low Probability"
15510,"High Spend","Occasional Buyer","Platinum Tier","High Probability"
15511,"High Spend","Frequent Buyer","Silver Tier","High Probability"
15512,"Medium Spend","Frequent Buyer","Platinum Tier","Low Probability"
15513,"High Spend","Frequent Buyer","Bronze Tier","Low Probability"
15514,"High Spend","Frequent Buyer","Bronze Tier","High Probability"
15515,"High Spend","Frequent Buyer","Gold Tier","High Probability"
15516,"High Spend","Frequent Buyer","Gold Tier","Low Probability"
15517,"Medium Spend","Frequent Buyer","Bronze Tier","Low Probability"
15518,"Medium Spend","Frequent Buyer","Bronze Tier","High Probability"
15519,"High Spend","Frequent Buyer","Gold Tier","Low Probability"
15520,"Medium Spend","Frequent Buyer","Bronze Tier","Low Probability"
15521,"High Spend","New Customer","Platinum Tier","Low Probability"
15522,"High Spend","Occasional Buyer","Gold Tier","Low Probability"
15523,"High Spend","Frequent Buyer","Bronze Tier","High Probability"
15524,"High Spend","Frequent Buyer","Bronze Tier","Low Probability"
15525,"High Spend","New Customer","Silver Tier","Low Probability"
15526,"High Spend","Frequent Buyer","Platinum Tier","Low Probability"
15527,"High Spend","New Customer","Bronze Tier","High Probability"
15528,"High Spend","New Customer","Gold Tier","High Probability"
15529,"Medium Spend","New Customer","Platinum Tier","High Probability"
15530,"Medium Spend","Frequent Buyer","Bronze Tier","Low Probability"
15531,"High Spend","Frequent Buyer","Platinum Tier","Low Probability"
15532,"High Spend","Frequent Buyer","Platinum Tier","Low Probability"
15533,"High Spend","Frequent Buyer","Gold Tier","Low Probability"
15534,"High Spend","Frequent Buyer","Gold Tier","Low Probability"
15535,"High Spend","Frequent Buyer","Silver Tier","High Probability"
15536,"Low Spend","Frequent Buyer","Gold Tier","High Probability"
15537,"High Spend","Frequent Buyer","Platinum Tier","High Probability"
15538,"High Spend","New Customer","Bronze Tier","Low Probability"
15539,"High Spend","Occasional Buyer","Gold Tier","High Probability"
15540,"High Spend","Occasional Buyer","Gold Tier","Low Probability"
15541,"High Spend","Frequent Buyer","Gold Tier","Low Probability"
15542,"High Spend","Frequent Buyer","Bronze Tier","High Probability"
15543,"High Spend","New Customer","Platinum Tier","High Probability"
15544,"High Spend","Frequent Buyer","Silver Tier","High Probability"
15545,"High Spend","Occasional Buyer","Platinum Tier","Low Probability"
15546,"Medium Spend","New Customer","Gold Tier","Low Probability"
15547,"High Spend","Frequent Buyer","Platinum Tier","Low Probability"
15548,"Medium Spend","Frequent Buyer","Gold Tier","High Probability"
15549,"High Spend","New Customer","Gold Tier","Low Probability"
15550,"Medium Spend","New Customer","Silver Tier","Low Probability"
15551,"High Spend","Frequent Buyer","Platinum Tier","High Probability"
15552,"High Spend","Occasional Buyer","Platinum Tier","Low Probability"
15553,"High Spend","Frequent Buyer","Bronze Tier","Low Probability"
15554,"High Spend","Frequent Buyer","Bronze Tier","High Probability"
15555,"High Spend","Occasional Buyer","Silver Tier","High Probability"
15556,"High Spend","Frequent Buyer","Gold Tier","High Probability"
15557,"High Spend","Occasional Buyer","Silver Tier","Low Probability"
15558,"High Spend","Frequent Buyer","Gold Tier","High Probability"
15559,"High Spend","Frequent Buyer","Silver Tier","High Probability"
15560,"High Spend","New Customer","Bronze Tier","High Probability"
15561,"High Spend","New Customer","Gold Tier","Low Probability"
15562,"High Spend","Frequent Buyer","Gold Tier","High Probability"
15563,"High Spend","Frequent Buyer","Gold Tier","High Probability"
15564,"Medium Spend","Frequent Buyer","Silver Tier","High Probability"
15565,"High Spend","Frequent Buyer","Gold Tier","High Probability"
15566,"High Spend","Frequent Buyer","Gold Tier","Low Probability"
15567,"Medium Spend","Frequent Buyer","Gold Tier","Low Probability"
15568,"High Spend","Frequent Buyer","Silver Tier","Low Probability"
15569,"High Spend","Frequent Buyer","Silver Tier","High Probability"
15570,"High Spend","Occasional Buyer","Silver Tier","Low Probability"
15571,"High Spend","Frequent Buyer","Gold Tier","High Probability"
15572,"High Spend","Frequent Buyer","Gold Tier","Low Probability"
15573,"High Spend","Frequent Buyer","Gold Tier","High Probability"
15574,"High Spend","Occasional Buyer","Silver Tier","Low Probability"
15575,"High Spend","Occasional Buyer","Platinum Tier","Low Probability"
15576,"High Spend","New Customer","Gold Tier","Low Probability"
15577,"High Spend","Frequent Buyer","Platinum Tier","High Probability"
15578,"High Spend","Frequent Buyer","Gold Tier","Low Probability"
15579,"High Spend","Frequent Buyer","Bronze Tier","Low Probability"
15580,"High Spend","Frequent Buyer","Bronze Tier","Low Probability"
15581,"High Spend","Occasional Buyer","Gold Tier","Low Probability"
15582,"High Spend","Frequent Buyer","Gold Tier","High Probability"
15583,"High Spend","Occasional Buyer","Platinum Tier","Low Probability"
15584,"High Spend","Frequent Buyer","Bronze Tier","High Probability"
15585,"High Spend","Frequent Buyer","Silver Tier","High Probability"
15586,"Medium Spend","Frequent Buyer","Silver Tier","High Probability"
15587,"High Spend","Frequent Buyer","Platinum Tier","High Probability"
15588,"High Spend","Frequent Buyer","Silver Tier","High Probability"
15589,"High Spend","Frequent Buyer","Platinum Tier","Low Probability"
15590,"High Spend","Frequent Buyer","Silver Tier","High Probability"
15591,"Medium Spend","Frequent Buyer","Gold Tier","High Probability"
15592,"High Spend","Frequent Buyer","Gold Tier","Low Probability"
15593,"High Spend","Frequent Buyer","Silver Tier","High Probability"
15594,"High Spend","Frequent Buyer","Platinum Tier","Low Probability"
15595,"High Spend","Occasional Buyer","Bronze Tier","High Probability"
15596,"High Spend","New Customer","Silver Tier","Low Probability"
15597,"Medium Spend","New Customer","Platinum Tier","High Probability"
15598,"High Spend","Frequent Buyer","Gold Tier","Low Probability"
15599,"High Spend","Frequent Buyer","Platinum Tier","High Probability"
15600,"High Spend","Frequent Buyer","Gold Tier","High Probability"
15601,"Medium Spend","Occasional Buyer","Platinum Tier","Low Probability"
15602,"High Spend","Frequent Buyer","Gold Tier","Low Probability"
15603,"High Spend","Frequent Buyer","Gold Tier","High Probability"
15604,"High Spend","Occasional Buyer","Gold Tier","Low Probability"
15605,"High Spend","Frequent Buyer","Platinum Tier","High Probability"
15606,"High Spend","Frequent Buyer","Gold Tier","Low Probability"
15607,"High Spend","Occasional Buyer","Platinum Tier","High Probability"
15608,"High Spend","Frequent Buyer","Bronze Tier","High Probability"
15609,"High Spend","Frequent Buyer","Gold Tier","Low Probability"
15610,"High Spend","Frequent Buyer","Gold Tier","Low Probability"
15611,"High Spend","Frequent Buyer","Silver Tier","High Probability"
15612,"High Spend","Frequent Buyer","Silver Tier","High Probability"
15613,"High Spend","Occasional Buyer","Gold Tier","Low Probability"
15614,"High Spend","Frequent Buyer","Gold Tier","Low Probability"
15615,"High Spend","Occasional Buyer","Bronze Tier","High Probability"
15616,"High Spend","Frequent Buyer","Silver Tier","High Probability"
15617,"High Spend","Frequent Buyer","Platinum Tier","Low Probability"
15618,"High Spend","Frequent Buyer","Silver Tier","Low Probability"
15619,"High Spend","Frequent Buyer","Silver Tier","Low Probability"
15620,"High Spend","Occasional Buyer","Platinum Tier","High Probability"
15621,"Medium Spend","Frequent Buyer","Silver Tier","High Probability"
15622,"Medium Spend","Frequent Buyer","Silver Tier","Low Probability"
15623,"High Spend","Frequent Buyer","Platinum Tier","High Probability"
15624,"Medium Spend","New Customer","Bronze Tier","Low Probability"
15625,"High Spend","Occasional Buyer","Gold Tier","High Probability"
15626,"High Spend","Frequent Buyer","Gold Tier","Low Probability"
15627,"Medium Spend","Frequent Buyer","Silver Tier","High Probability"
15628,"High Spend","Frequent Buyer","Platinum Tier","High Probability"
15629,"High Spend","Frequent Buyer","Platinum Tier","High Probability"
15630,"High Spend","Frequent Buyer","Gold Tier","Low Probability"
15631,"Medium Spend","Occasional Buyer","Gold Tier","High Probability"
15632,"High Spend","Frequent Buyer","Gold Tier","High Probability"
15633,"High Spend","Frequent Buyer","Gold Tier","Low Probability"
15634,"High Spend","Occasional Buyer","Gold Tier","High Probability"
15635,"High Spend","Frequent Buyer","Platinum Tier","Low Probability"
15636,"High Spend","New Customer","Silver Tier","Low Probability"
15637,"High Spend","Occasional Buyer","Gold Tier","High Probability"
15638,"High Spend","Occasional Buyer","Silver Tier","High Probability"
15639,"High Spend","Occasional Buyer","Gold Tier","High Probability"
15640,"High Spend","Frequent Buyer","Bronze Tier","Low Probability"
15641,"High Spend","New Customer","Silver Tier","Low Probability"
15642,"Low Spend","Frequent Buyer","Bronze Tier","High Probability"
15643,"High Spend","Frequent Buyer","Platinum Tier","High Probability"
15644,"Medium Spend","Occasional Buyer","Gold Tier","High Probability"
15645,"High Spend","New Customer","Silver Tier","High Probability"
15646,"High Spend","Frequent Buyer","Bronze Tier","High Probability"
15647,"High Spend","Frequent Buyer","Silver Tier","Low Probability"
15648,"High Spend","Frequent Buyer","Silver Tier","Low Probability"
15649,"High Spend","Frequent Buyer","Gold Tier","Low Probability"
15650,"High Spend","Frequent Buyer","Platinum Tier","High Probability"
15651,"High Spend","Occasional Buyer","Silver Tier","High Probability"
15652,"Medium Spend","Frequent Buyer","Platinum Tier","High Probability"
15653,"High Spend","Occasional Buyer","Bronze Tier","Low Probability"
15654,"High Spend","Occasional Buyer","Gold Tier","Low Probability"
15655,"Medium Spend","Occasional Buyer","Bronze Tier","High Probability"
15656,"High Spend","Frequent Buyer","Bronze Tier","High Probability"
15657,"Medium Spend","Frequent Buyer","Bronze Tier","Low Probability"
15658,"Medium Spend","Frequent Buyer","Silver Tier","High Probability"
15659,"High Spend","Frequent Buyer","Gold Tier","Low Probability"
15660,"High Spend","Occasional Buyer","Silver Tier","Low Probability"
15661,"High Spend","New Customer","Gold Tier","Low Probability"
15662,"High Spend","Frequent Buyer","Platinum Tier","Low Probability"
15663,"Medium Spend","Frequent Buyer","Gold Tier","Low Probability"
15664,"High Spend","New Customer","Gold Tier","High Probability"
15665,"High Spend","Frequent Buyer","Bronze Tier","Low Probability"
15666,"High Spend","Frequent Buyer","Platinum Tier","Low Probability"
15667,"Medium Spend","New Customer","Silver Tier","Low Probability"
15668,"High Spend","Occasional Buyer","Platinum Tier","Low Probability"
15669,"High Spend","Frequent Buyer","Gold Tier","High Probability"
15670,"High Spend","Occasional Buyer","Gold Tier","Low Probability"
15671,"High Spend","Frequent Buyer","Gold Tier","Low Probability"
15672,"Medium Spend","Occasional Buyer","Gold Tier","High Probability"
15673,"High Spend","Occasional Buyer","Platinum Tier","High Probability"
15674,"High Spend","Frequent Buyer","Platinum Tier","High Probability"
15675,"High Spend","Frequent Buyer","Gold Tier","High Probability"
15676,"Medium Spend","Occasional Buyer","Platinum Tier","High Probability"
15677,"Medium Spend","Frequent Buyer","Gold Tier","High Probability"
15678,"High Spend","Occasional Buyer","Gold Tier","High Probability"
15679,"Medium Spend","Frequent Buyer","Gold Tier","High Probability"
15680,"High Spend","Frequent Buyer","Gold Tier","High Probability"
15681,"High Spend","Occasional Buyer","Gold Tier","High Probability"
15682,"High Spend","Frequent Buyer","Bronze Tier","High Probability"
15683,"High Spend","Occasional Buyer","Silver Tier","High Probability"
15684,"High Spend","Frequent Buyer","Platinum Tier","High Probability"
15685,"Medium Spend","Occasional Buyer","Platinum Tier","High Probability"
15686,"High Spend","Occasional Buyer","Bronze Tier","High Probability"
15687,"High Spend","Frequent Buyer","Gold Tier","High Probability"
15688,"Medium Spend","New Customer","Gold Tier","High Probability"
15689,"Medium Spend","Frequent Buyer","Gold Tier","High Probability"
15690,"High Spend","Frequent Buyer","Platinum Tier","Low Probability"
15691,"High Spend","Frequent Buyer","Silver Tier","High Probability"
15692,"High Spend","Frequent Buyer","Gold Tier","Low Probability"
15693,"High Spend","Frequent Buyer","Platinum Tier","Low Probability"
15694,"Medium Spend","Frequent Buyer","Bronze Tier","High Probability"
15695,"Medium Spend","Frequent Buyer","Gold Tier","High Probability"
15696,"High Spend","Occasional Buyer","Platinum Tier","High Probability"
15697,"Medium Spend","Frequent Buyer","Bronze Tier","Low Probability"
15698,"Medium Spend","Frequent Buyer","Bronze Tier","High Probability"
15699,"High Spend","Frequent Buyer","Platinum Tier","High Probability"
15700,"High Spend","Frequent Buyer","Platinum Tier","High Probability"
15701,"High Spend","New Customer","Platinum Tier","High Probability"
15702,"High Spend","Occasional Buyer","Platinum Tier","High Probability"
15703,"High Spend","New Customer","Platinum Tier","Low Probability"
15704,"High Spend","Frequent Buyer","Bronze Tier","Low Probability"
15705,"Medium Spend","Occasional Buyer","Silver Tier","High Probability"
15706,"High Spend","Frequent Buyer","Gold Tier","High Probability"
15707,"High Spend","Frequent Buyer","Platinum Tier","High Probability"
15708,"High Spend","Frequent Buyer","Bronze Tier","Low Probability"
15709,"High Spend","Occasional Buyer","Bronze Tier","Low Probability"
15710,"High Spend","Occasional Buyer","Silver Tier","High Probability"
15711,"High Spend","Occasional Buyer","Platinum Tier","Low Probability"
15712,"High Spend","Occasional Buyer","Gold Tier","Low Probability"
15713,"High Spend","Frequent Buyer","Platinum Tier","Low Probability"
15714,"High Spend","Frequent Buyer","Silver Tier","Low Probability"
15715,"High Spend","Occasional Buyer","Gold Tier","Low Probability"
15716,"Medium Spend","New Customer","Gold Tier","Low Probability"
15717,"Medium Spend","Frequent Buyer","Gold Tier","High Probability"
15718,"High Spend","Frequent Buyer","Platinum Tier","Low Probability"
15719,"High Spend","Frequent Buyer","Bronze Tier","Low Probability"
15720,"High Spend","Frequent Buyer","Platinum Tier","High Probability"
15721,"High Spend","New Customer","Gold Tier","High Probability"
15722,"Medium Spend","Frequent Buyer","Platinum Tier","High Probability"
15723,"High Spend","Frequent Buyer","Silver Tier","High Probability"
15724,"High Spend","Frequent Buyer","Platinum Tier","High Probability"
15725,"Medium Spend","Frequent Buyer","Platinum Tier","High Probability"
15726,"High Spend","Frequent Buyer","Bronze Tier","High Probability"
15727,"High Spend","Occasional Buyer","Platinum Tier","Low Probability"
15728,"Medium Spend","Frequent Buyer","Gold Tier","High Probability"
15729,"High Spend","New Customer","Gold Tier","Low Probability"
15730,"High Spend","New Customer","Silver Tier","Low Probability"
15731,"High Spend","Frequent Buyer","Bronze Tier","High Probability"
15732,"Medium Spend","New Customer","Gold Tier","High Probability"
15733,"High Spend","Occasional Buyer","Silver Tier","Low Probability"
15734,"High Spend","Frequent Buyer","Platinum Tier","Low Probability"
15735,"High Spend","Frequent Buyer","Silver Tier","Low Probability"
15736,"High Spend","Frequent Buyer","Gold Tier","Low Probability"
15737,"High Spend","Frequent Buyer","Platinum Tier","Low Probability"
15738,"High Spend","Frequent Buyer","Platinum Tier","High Probability"
15739,"Medium Spend","Occasional Buyer","Gold Tier","High Probability"
15740,"Medium Spend","Occasional Buyer","Gold Tier","High Probability"
15741,"High Spend","Frequent Buyer","Bronze Tier","Low Probability"
15742,"Medium Spend","Occasional Buyer","Platinum Tier","Low Probability"
15743,"High Spend","New Customer","Gold Tier","High Probability"
15744,"High Spend","Frequent Buyer","Bronze Tier","Low Probability"
15745,"High Spend","New Customer","Gold Tier","High Probability"
15746,"High Spend","Occasional Buyer","Silver Tier","High Probability"
15747,"High Spend","Frequent Buyer","Gold Tier","High Probability"
15748,"High Spend","Occasional Buyer","Silver Tier","Low Probability"
15749,"High Spend","Occasional Buyer","Silver Tier","High Probability"
15750,"Medium Spend","Frequent Buyer","Gold Tier","High Probability"
15751,"High Spend","Occasional Buyer","Platinum Tier","High Probability"
15752,"Medium Spend","Occasional Buyer","Platinum Tier","High Probability"
15753,"High Spend","Frequent Buyer","Silver Tier","Low Probability"
15754,"High Spend","Occasional Buyer","Gold Tier","High Probability"
15755,"Medium Spend","Occasional Buyer","Silver Tier","Low Probability"
15756,"Medium Spend","Frequent Buyer","Gold Tier","High Probability"
15757,"High Spend","Occasional Buyer","Bronze Tier","Low Probability"
15758,"Medium Spend","Frequent Buyer","Silver Tier","High Probability"
15759,"High Spend","Occasional Buyer","Platinum Tier","High Probability"
15760,"Medium Spend","Frequent Buyer","Platinum Tier","Low Probability"
15761,"High Spend","Frequent Buyer","Platinum Tier","Low Probability"
15762,"High Spend","New Customer","Gold Tier","High Probability"
15763,"High Spend","Occasional Buyer","Silver Tier","High Probability"
15764,"High Spend","Occasional Buyer","Silver Tier","High Probability"
15765,"High Spend","Occasional Buyer","Platinum Tier","High Probability"
15766,"High Spend","Occasional Buyer","Silver Tier","High Probability"
15767,"High Spend","New Customer","Gold Tier","Low Probability"
15768,"High Spend","Occasional Buyer","Gold Tier","Low Probability"
15769,"High Spend","New Customer","Gold Tier","High Probability"
15770,"Medium Spend","Occasional Buyer","Platinum Tier","High Probability"
15771,"High Spend","Frequent Buyer","Gold Tier","Low Probability"
15772,"High Spend","Frequent Buyer","Silver Tier","Low Probability"
15773,"High Spend","New Customer","Platinum Tier","High Probability"
15774,"High Spend","Frequent Buyer","Gold Tier","High Probability"
15775,"Medium Spend","Occasional Buyer","Bronze Tier","Low Probability"
15776,"High Spend","Frequent Buyer","Gold Tier","Low Probability"
15777,"High Spend","Frequent Buyer","Silver Tier","High Probability"
15778,"High Spend","Frequent Buyer","Silver Tier","High Probability"
15779,"Low Spend","New Customer","Silver Tier","High Probability"
15780,"High Spend","Frequent Buyer","Silver Tier","High Probability"
15781,"Low Spend","Frequent Buyer","Platinum Tier","Low Probability"
15782,"High Spend","New Customer","Platinum Tier","Low Probability"
15783,"Medium Spend","Frequent Buyer","Bronze Tier","Low Probability"
15784,"High Spend","Occasional Buyer","Gold Tier","Low Probability"
15785,"High Spend","Frequent Buyer","Gold Tier","Low Probability"
15786,"Medium Spend","Occasional Buyer","Gold Tier","High Probability"
15787,"High Spend","Occasional Buyer","Platinum Tier","High Probability"
15788,"High Spend","Occasional Buyer","Gold Tier","High Probability"
15789,"High Spend","Occasional Buyer","Platinum Tier","Low Probability"
15790,"High Spend","Occasional Buyer","Silver Tier","Low Probability"
15791,"High Spend","Frequent Buyer","Silver Tier","Low Probability"
15792,"High Spend","Occasional Buyer","Platinum Tier","High Probability"
15793,"High Spend","New Customer","Bronze Tier","Low Probability"
15794,"High Spend","Frequent Buyer","Silver Tier","Low Probability"
15795,"Medium Spend","Frequent Buyer","Gold Tier","Low Probability"
15796,"High Spend","New Customer","Gold Tier","High Probability"
15797,"High Spend","Frequent Buyer","Gold Tier","Low Probability"
15798,"High Spend","New Customer","Gold Tier","High Probability"
15799,"High Spend","New Customer","Platinum Tier","High Probability"
15800,"High Spend","Frequent Buyer","Gold Tier","High Probability"
15801,"High Spend","Frequent Buyer","Gold Tier","High Probability"
15802,"High Spend","Frequent Buyer","Platinum Tier","High Probability"
15803,"High Spend","Occasional Buyer","Platinum Tier","High Probability"
15804,"High Spend","Occasional Buyer","Gold Tier","High Probability"
15805,"High Spend","Frequent Buyer","Gold Tier","Low Probability"
15806,"High Spend","New Customer","Platinum Tier","High Probability"
15807,"Medium Spend","Frequent Buyer","Platinum Tier","High Probability"
15808,"High Spend","Frequent Buyer","Bronze Tier","High Probability"
15809,"High Spend","Frequent Buyer","Gold Tier","Low Probability"
15810,"High Spend","Frequent Buyer","Gold Tier","Low Probability"
15811,"Low Spend","Frequent Buyer","Silver Tier","Low Probability"
15812,"Medium Spend","Frequent Buyer","Bronze Tier","Low Probability"
15813,"Medium Spend","Occasional Buyer","Bronze Tier","High Probability"
15814,"High Spend","New Customer","Platinum Tier","High Probability"
15815,"High Spend","Frequent Buyer","Bronze Tier","Low Probability"
15816,"High Spend","Occasional Buyer","Platinum Tier","Low Probability"
15817,"High Spend","Occasional Buyer","Bronze Tier","Low Probability"
15818,"High Spend","New Customer","Gold Tier","High Probability"
15819,"Medium Spend","Frequent Buyer","Bronze Tier","Low Probability"
15820,"High Spend","Frequent Buyer","Silver Tier","High Probability"
15821,"High Spend","Frequent Buyer","Gold Tier","Low Probability"
15822,"Medium Spend","Frequent Buyer","Bronze Tier","High Probability"
15823,"High Spend","Frequent Buyer","Silver Tier","High Probability"
15824,"High Spend","Frequent Buyer","Gold Tier","High Probability"
15825,"High Spend","Occasional Buyer","Platinum Tier","High Probability"
15826,"High Spend","Frequent Buyer","Platinum Tier","Low Probability"
15827,"Medium Spend","Occasional Buyer","Bronze Tier","High Probability"
15828,"High Spend","Occasional Buyer","Silver Tier","High Probability"
15829,"High Spend","Frequent Buyer","Bronze Tier","Low Probability"
15830,"High Spend","Frequent Buyer","Bronze Tier","Low Probability"
15831,"High Spend","New Customer","Platinum Tier","Low Probability"
15832,"High Spend","Frequent Buyer","Platinum Tier","High Probability"
15833,"Medium Spend","Frequent Buyer","Gold Tier","Low Probability"
15834,"Medium Spend","Frequent Buyer","Platinum Tier","High Probability"
15835,"Medium Spend","Occasional Buyer","Silver Tier","High Probability"
15836,"Medium Spend","Frequent Buyer","Platinum Tier","High Probability"
15837,"High Spend","New Customer","Bronze Tier","High Probability"
15838,"High Spend","Frequent Buyer","Gold Tier","Low Probability"
15839,"High Spend","Occasional Buyer","Platinum Tier","High Probability"
15840,"High Spend","Occasional Buyer","Gold Tier","Low Probability"
15841,"High Spend","Frequent Buyer","Bronze Tier","Low Probability"
15842,"High Spend","Frequent Buyer","Platinum Tier","High Probability"
15843,"Medium Spend","Frequent Buyer","Gold Tier","Low Probability"
15844,"High Spend","Occasional Buyer","Gold Tier","High Probability"
15845,"Medium Spend","Frequent Buyer","Platinum Tier","Low Probability"
15846,"Medium Spend","Occasional Buyer","Gold Tier","High Probability"
15847,"High Spend","New Customer","Platinum Tier","Low Probability"
15848,"High Spend","New Customer","Bronze Tier","Low Probability"
15849,"High Spend","Frequent Buyer","Gold Tier","High Probability"
15850,"High Spend","Frequent Buyer","Silver Tier","High Probability"
15851,"Medium Spend","Frequent Buyer","Silver Tier","High Probability"
15852,"High Spend","Occasional Buyer","Platinum Tier","Low Probability"
15853,"Medium Spend","Occasional Buyer","Platinum Tier","Low Probability"
15854,"Medium Spend","Frequent Buyer","Gold Tier","High Probability"
15855,"High Spend","Frequent Buyer","Silver Tier","Low Probability"
15856,"High Spend","New Customer","Silver Tier","High Probability"
15857,"High Spend","Occasional Buyer","Gold Tier","Low Probability"
15858,"High Spend","Frequent Buyer","Silver Tier","Low Probability"
15859,"High Spend","Frequent Buyer","Bronze Tier","Low Probability"
15860,"High Spend","Frequent Buyer","Silver Tier","Low Probability"
15861,"High Spend","Occasional Buyer","Bronze Tier","Low Probability"
15862,"High Spend","Frequent Buyer","Bronze Tier","High Probability"
15863,"High Spend","New Customer","Gold Tier","Low Probability"
15864,"High Spend","Occasional Buyer","Bronze Tier","High Probability"
15865,"High Spend","Occasional Buyer","Bronze Tier","High Probability"
15866,"High Spend","Frequent Buyer","Gold Tier","Low Probability"
15867,"High Spend","Occasional Buyer","Bronze Tier","High Probability"
15868,"High Spend","Occasional Buyer","Platinum Tier","Low Probability"
15869,"High Spend","Frequent Buyer","Platinum Tier","High Probability"
15870,"High Spend","Frequent Buyer","Silver Tier","High Probability"
15871,"High Spend","New Customer","Bronze Tier","High Probability"
15872,"Medium Spend","Occasional Buyer","Silver Tier","High Probability"
15873,"High Spend","New Customer","Platinum Tier","Low Probability"
15874,"High Spend","Occasional Buyer","Bronze Tier","High Probability"
15875,"Low Spend","Frequent Buyer","Silver Tier","High Probability"
15876,"High Spend","Frequent Buyer","Platinum Tier","High Probability"
15877,"High Spend","Frequent Buyer","Gold Tier","High Probability"
15878,"Medium Spend","Frequent Buyer","Bronze Tier","High Probability"
15879,"Medium Spend","Occasional Buyer","Platinum Tier","High Probability"
15880,"High Spend","Frequent Buyer","Gold Tier","High Probability"
15881,"High Spend","Frequent Buyer","Platinum Tier","High Probability"
15882,"Medium Spend","Frequent Buyer","Bronze Tier","Low Probability"
15883,"High Spend","Frequent Buyer","Gold Tier","High Probability"
15884,"High Spend","New Customer","Gold Tier","Low Probability"
15885,"High Spend","Occasional Buyer","Silver Tier","Low Probability"
15886,"High Spend","Frequent Buyer","Gold Tier","Low Probability"
15887,"Medium Spend","Frequent Buyer","Bronze Tier","High Probability"
15888,"High Spend","Frequent Buyer","Silver Tier","High Probability"
15889,"High Spend","Frequent Buyer","Bronze Tier","High Probability"
15890,"High Spend","Frequent Buyer","Silver Tier","Low Probability"
15891,"High Spend","Frequent Buyer","Platinum Tier","Low Probability"
15892,"Low Spend","Occasional Buyer","Gold Tier","High Probability"
15893,"Medium Spend","Frequent Buyer","Bronze Tier","Low Probability"
15894,"Medium Spend","Frequent Buyer","Bronze Tier","Low Probability"
15895,"Low Spend","New Customer","Bronze Tier","High Probability"
15896,"High Spend","Frequent Buyer","Gold Tier","Low Probability"
15897,"High Spend","Frequent Buyer","Platinum Tier","High Probability"
15898,"Medium Spend","Occasional Buyer","Platinum Tier","High Probability"
15899,"Medium Spend","Frequent Buyer","Gold Tier","Low Probability"
15900,"Medium Spend","Frequent Buyer","Gold Tier","High Probability"
15901,"High Spend","Frequent Buyer","Platinum Tier","Low Probability"
15902,"High Spend","Frequent Buyer","Silver Tier","High Probability"
15903,"High Spend","Frequent Buyer","Silver Tier","High Probability"
15904,"High Spend","Occasional Buyer","Platinum Tier","Low Probability"
15905,"High Spend","New Customer","Platinum Tier","Low Probability"
15906,"Medium Spend","Frequent Buyer","Bronze Tier","High Probability"
15907,"High Spend","Frequent Buyer","Bronze Tier","High Probability"
15908,"High Spend","Occasional Buyer","Gold Tier","High Probability"
15909,"High Spend","Frequent Buyer","Silver Tier","High Probability"
15910,"High Spend","Frequent Buyer","Bronze Tier","Low Probability"
15911,"High Spend","New Customer","Platinum Tier","Low Probability"
15912,"High Spend","Occasional Buyer","Bronze Tier","High Probability"
15913,"Medium Spend","Occasional Buyer","Platinum Tier","High Probability"
15914,"High Spend","Frequent Buyer","Platinum Tier","High Probability"
15915,"Medium Spend","Frequent Buyer","Gold Tier","Low Probability"
15916,"Medium Spend","Frequent Buyer","Gold Tier","Low Probability"
15917,"High Spend","Occasional Buyer","Bronze Tier","High Probability"
15918,"High Spend","New Customer","Gold Tier","High Probability"
15919,"High Spend","New Customer","Platinum Tier","Low Probability"
15920,"Low Spend","Occasional Buyer","Gold Tier","Low Probability"
15921,"Medium Spend","Frequent Buyer","Platinum Tier","Low Probability"
15922,"High Spend","Occasional Buyer","Gold Tier","High Probability"
15923,"High Spend","Frequent Buyer","Bronze Tier","High Probability"
15924,"High Spend","Frequent Buyer","Bronze Tier","High Probability"
15925,"High Spend","Occasional Buyer","Silver Tier","Low Probability"
15926,"High Spend","New Customer","Platinum Tier","Low Probability"
15927,"Medium Spend","Frequent Buyer","Platinum Tier","High Probability"
15928,"Medium Spend","Frequent Buyer","Gold Tier","High Probability"
15929,"Medium Spend","Frequent Buyer","Platinum Tier","Low Probability"
15930,"High Spend","Occasional Buyer","Silver Tier","Low Probability"
15931,"Low Spend","Frequent Buyer","Platinum Tier","High Probability"
15932,"High Spend","Frequent Buyer","Bronze Tier","High Probability"
15933,"High Spend","New Customer","Platinum Tier","High Probability"
15934,"Medium Spend","Frequent Buyer","Gold Tier","Low Probability"
15935,"High Spend","Occasional Buyer","Gold Tier","Low Probability"
15936,"High Spend","Frequent Buyer","Gold Tier","High Probability"
15937,"High Spend","Frequent Buyer","Bronze Tier","High Probability"
15938,"High Spend","Frequent Buyer","Platinum Tier","High Probability"
15939,"Medium Spend","Frequent Buyer","Platinum Tier","High Probability"
15940,"High Spend","Occasional Buyer","Silver Tier","Low Probability"
15941,"Medium Spend","Occasional Buyer","Silver Tier","High Probability"
15942,"High Spend","Frequent Buyer","Gold Tier","High Probability"
15943,"High Spend","Frequent Buyer","Silver Tier","High Probability"
15944,"High Spend","Occasional Buyer","Platinum Tier","High Probability"
15945,"Medium Spend","Occasional Buyer","Platinum Tier","Low Probability"
15946,"High Spend","Occasional Buyer","Bronze Tier","High Probability"
15947,"High Spend","Frequent Buyer","Gold Tier","Low Probability"
15948,"High Spend","Occasional Buyer","Silver Tier","High Probability"
15949,"Medium Spend","Occasional Buyer","Bronze Tier","Low Probability"
15950,"High Spend","Frequent Buyer","Gold Tier","Low Probability"
15951,"Medium Spend","Frequent Buyer","Silver Tier","Low Probability"
15952,"Low Spend","Frequent Buyer","Gold Tier","High Probability"
15953,"High Spend","Frequent Buyer","Gold Tier","Low Probability"
15954,"High Spend","Frequent Buyer","Platinum Tier","Low Probability"
15955,"High Spend","Frequent Buyer","Bronze Tier","High Probability"
15956,"High Spend","New Customer","Silver Tier","High Probability"
15957,"High Spend","Occasional Buyer","Gold Tier","Low Probability"
15958,"Low Spend","Frequent Buyer","Gold Tier","High Probability"
15959,"Low Spend","Frequent Buyer","Platinum Tier","High Probability"
15960,"Low Spend","Frequent Buyer","Silver Tier","Low Probability"
15961,"Medium Spend","Frequent Buyer","Gold Tier","Low Probability"
15962,"High Spend","Frequent Buyer","Platinum Tier","High Probability"
15963,"High Spend","Frequent Buyer","Gold Tier","High Probability"
15964,"High Spend","Occasional Buyer","Gold Tier","High Probability"
15965,"High Spend","Occasional Buyer","Silver Tier","Low Probability"
15966,"Medium Spend","New Customer","Silver Tier","High Probability"
15967,"Medium Spend","Frequent Buyer","Gold Tier","High Probability"
15968,"High Spend","New Customer","Platinum Tier","High Probability"
15969,"High Spend","Frequent Buyer","Gold Tier","High Probability"
15970,"High Spend","Frequent Buyer","Silver Tier","Low Probability"
15971,"Medium Spend","Frequent Buyer","Gold Tier","High Probability"
15972,"Medium Spend","New Customer","Gold Tier","Low Probability"
15973,"Medium Spend","Occasional Buyer","Silver Tier","High Probability"
15974,"High Spend","Occasional Buyer","Silver Tier","Low Probability"
15975,"Medium Spend","Frequent Buyer","Platinum Tier","High Probability"
15976,"High Spend","Occasional Buyer","Platinum Tier","Low Probability"
15977,"High Spend","Frequent Buyer","Gold Tier","Low Probability"
15978,"High Spend","Frequent Buyer","Gold Tier","High Probability"
15979,"Medium Spend","Frequent Buyer","Bronze Tier","Low Probability"
15980,"High Spend","Frequent Buyer","Silver Tier","High Probability"
15981,"Medium Spend","New Customer","Bronze Tier","High Probability"
15982,"High Spend","Frequent Buyer","Bronze Tier","Low Probability"
15983,"Low Spend","Occasional Buyer","Platinum Tier","High Probability"
15984,"Medium Spend","Frequent Buyer","Platinum Tier","High Probability"
15985,"High Spend","Frequent Buyer","Bronze Tier","High Probability"
15986,"High Spend","Occasional Buyer","Platinum Tier","Low Probability"
15987,"High Spend","Occasional Buyer","Bronze Tier","High Probability"
15988,"High Spend","Frequent Buyer","Silver Tier","Low Probability"
15989,"Low Spend","New Customer","Gold Tier","Low Probability"
15990,"Medium Spend","Occasional Buyer","Gold Tier","High Probability"
15991,"High Spend","Occasional Buyer","Gold Tier","High Probability"
15992,"Medium Spend","Frequent Buyer","Gold Tier","Low Probability"
15993,"High Spend","Frequent Buyer","Gold Tier","Low Probability"
15994,"High Spend","Frequent Buyer","Gold Tier","Low Probability"
15995,"High Spend","Frequent Buyer","Bronze Tier","Low Probability"
15996,"Medium Spend","Frequent Buyer","Silver Tier","Low Probability"
15997,"High Spend","Occasional Buyer","Bronze Tier","High Probability"
15998,"High Spend","Frequent Buyer","Gold Tier","High Probability"
15999,"High Spend","Frequent Buyer","Bronze Tier","Low Probability"
